ISO-10303-21;
HEADER;
FILE_DESCRIPTION (( 'STEP AP214' ),
    '1' );
FILE_NAME ('3dprint_ramp.STEP',
    '2026-05-15T07:58:16',
    ( '' ),
    ( '' ),
    'SwSTEP 2.0',
    'SolidWorks 2025',
    '' );
FILE_SCHEMA (( 'AUTOMOTIVE_DESIGN' ));
ENDSEC;

DATA;
#1 = DIRECTION ( 'NONE',  ( -0.000000000000000000, -0.000000000000000000, -1.000000000000000000 ) ) ;
#2 =( LENGTH_UNIT ( ) NAMED_UNIT ( * ) SI_UNIT ( $, .METRE. ) );
#3 = CARTESIAN_POINT ( 'NONE',  ( -0.2599999999999998423, 3.678155298302665077, 0.5000000000000000000 ) ) ;
#4 = CARTESIAN_POINT ( 'NONE',  ( -11.43192246859249650, 0.3599430073836603627, 7.625000000000000000 ) ) ;
#5 = ORIENTED_EDGE ( 'NONE', *, *, #576, .T. ) ;
#6 = EDGE_CURVE ( 'NONE', #1205, #677, #1573, .T. ) ;
#7 = ORIENTED_EDGE ( 'NONE', *, *, #225, .F. ) ;
#8 = ORIENTED_EDGE ( 'NONE', *, *, #44, .F. ) ;
#9 = ADVANCED_FACE ( 'NONE', ( #873 ), #370, .F. ) ;
#10 = DIRECTION ( 'NONE',  ( 0.000000000000000000, -0.000000000000000000, 1.000000000000000000 ) ) ;
#11 = CARTESIAN_POINT ( 'NONE',  ( -3.101566486851337956, 4.064962340826796527, 7.125000000000000000 ) ) ;
#12 = CARTESIAN_POINT ( 'NONE',  ( -6.904165687102089777, 2.859144471606787974, 0.1250000000000000000 ) ) ;
#13 = VERTEX_POINT ( 'NONE', #996 ) ;
#14 = DIRECTION ( 'NONE',  ( 0.000000000000000000, 0.000000000000000000, -1.000000000000000000 ) ) ;
#15 = VERTEX_POINT ( 'NONE', #125 ) ;
#16 = ORIENTED_EDGE ( 'NONE', *, *, #530, .F. ) ;
#17 = CARTESIAN_POINT ( 'NONE',  ( -2.999204282093366203, 4.064962340826796527, 7.625000000000000000 ) ) ;
#18 = CARTESIAN_POINT ( 'NONE',  ( -4.543044616522452728, 3.784774717906551178, 0.5000000000000017764 ) ) ;
#19 = CARTESIAN_POINT ( 'NONE',  ( -2.995699737476334779, 3.250009246173481969, 0.5000000000000000000 ) ) ;
#20 = LENGTH_MEASURE_WITH_UNIT ( LENGTH_MEASURE( 0.02539999999999999897 ), #1540 );
#21 = ORIENTED_EDGE ( 'NONE', *, *, #1091, .T. ) ;
#22 = DIRECTION ( 'NONE',  ( 6.033185646976182682E-12, 1.000000000000000000, 0.000000000000000000 ) ) ;
#23 = ORIENTED_EDGE ( 'NONE', *, *, #545, .T. ) ;
#24 = EDGE_LOOP ( 'NONE', ( #1041, #932, #1586, #332 ) ) ;
#25 = DIRECTION ( 'NONE',  ( 0.000000000000000000, 0.000000000000000000, 1.000000000000000000 ) ) ;
#26 = CARTESIAN_POINT ( 'NONE',  ( -8.632516927614535263, 2.395576069641946582, 7.625000000000000000 ) ) ;
#27 = CARTESIAN_POINT ( 'NONE',  ( -0.2599999999999998423, 3.171269088694142813, 0.1250000000000000278 ) ) ;
#28 = EDGE_CURVE ( 'NONE', #47, #1454, #1628, .T. ) ;
#29 = ORIENTED_EDGE ( 'NONE', *, *, #77, .F. ) ;
#30 = FACE_OUTER_BOUND ( 'NONE', #889, .T. ) ;
#31 = ORIENTED_EDGE ( 'NONE', *, *, #1007, .T. ) ;
#32 = AXIS2_PLACEMENT_3D ( 'NONE', #456, #1562, #1580 ) ;
#33 = ORIENTED_EDGE ( 'NONE', *, *, #112, .T. ) ;
#34 = CYLINDRICAL_SURFACE ( 'NONE', #877, 0.1289370078740146586 ) ;
#35 = AXIS2_PLACEMENT_3D ( 'NONE', #1011, #292, #791 ) ;
#36 = DIRECTION ( 'NONE',  ( 0.000000000000000000, 0.000000000000000000, 1.000000000000000000 ) ) ;
#37 = ORIENTED_EDGE ( 'NONE', *, *, #596, .T. ) ;
#38 = LINE ( 'NONE', #793, #1186 ) ;
#39 = ORIENTED_EDGE ( 'NONE', *, *, #866, .T. ) ;
#40 = VECTOR ( 'NONE', #543, 39.37007874015748143 ) ;
#41 = ORIENTED_EDGE ( 'NONE', *, *, #1150, .T. ) ;
#42 = VECTOR ( 'NONE', #1159, 39.37007874015748143 ) ;
#43 = DIRECTION ( 'NONE',  ( 1.000000000000000000, 3.672821539240315887E-13, -0.000000000000000000 ) ) ;
#44 = EDGE_CURVE ( 'NONE', #79, #1418, #223, .T. ) ;
#45 = PLANE ( 'NONE',  #1119 ) ;
#46 = CARTESIAN_POINT ( 'NONE',  ( -11.51890527819463728, -8.567075308131129680E-12, 7.625000000000000000 ) ) ;
#47 = VERTEX_POINT ( 'NONE', #97 ) ;
#48 = CARTESIAN_POINT ( 'NONE',  ( -10.39106299213344009, 0.3999999999978305909, 0.5000000000000000000 ) ) ;
#49 = ADVANCED_FACE ( 'NONE', ( #1634 ), #1612, .F. ) ;
#50 = CIRCLE ( 'NONE', #975, 0.1289370078740146586 ) ;
#51 = ORIENTED_EDGE ( 'NONE', *, *, #327, .T. ) ;
#52 = AXIS2_PLACEMENT_3D ( 'NONE', #1086, #1355, #328 ) ;
#53 = CARTESIAN_POINT ( 'NONE',  ( -0.2599999999999998423, 3.250009246174486499, 0.1250000000000000000 ) ) ;
#54 = CARTESIAN_POINT ( 'NONE',  ( -9.645000000002363905, 0.8435078740134838160, 0.2810000000000023590 ) ) ;
#55 = CYLINDRICAL_SURFACE ( 'NONE', #1491, 0.1968503937007874127 ) ;
#56 = ORIENTED_EDGE ( 'NONE', *, *, #958, .F. ) ;
#57 = DIRECTION ( 'NONE',  ( -1.000000000000000000, 6.037741648177812616E-12, -0.000000000000000000 ) ) ;
#58 = EDGE_CURVE ( 'NONE', #1381, #1106, #1345, .T. ) ;
#59 = ORIENTED_EDGE ( 'NONE', *, *, #868, .T. ) ;
#60 = CARTESIAN_POINT ( 'NONE',  ( 0.000000000000000000, 0.000000000000000000, 0.1250000000000000000 ) ) ;
#61 = DIRECTION ( 'NONE',  ( -0.000000000000000000, -0.000000000000000000, 1.000000000000000000 ) ) ;
#62 = FACE_BOUND ( 'NONE', #170, .T. ) ;
#63 = ORIENTED_EDGE ( 'NONE', *, *, #1397, .F. ) ;
#64 = LINE ( 'NONE', #1206, #1103 ) ;
#65 = EDGE_LOOP ( 'NONE', ( #1317, #385, #1190, #521 ) ) ;
#66 = CIRCLE ( 'NONE', #867, 0.07480314960629920462 ) ;
#67 = CARTESIAN_POINT ( 'NONE',  ( -0.01000000000000000021, 3.500000000000000000, 2.496062992125986035 ) ) ;
#68 = VECTOR ( 'NONE', #85, 39.37007874015748143 ) ;
#69 = FACE_OUTER_BOUND ( 'NONE', #1120, .T. ) ;
#70 = CARTESIAN_POINT ( 'NONE',  ( -12.00000000001836575, -1.314128158872257257E-11, 7.625000000000000000 ) ) ;
#71 = VERTEX_POINT ( 'NONE', #1372 ) ;
#72 = DIRECTION ( 'NONE',  ( -1.000000000000000000, -0.000000000000000000, -0.000000000000000000 ) ) ;
#73 = EDGE_CURVE ( 'NONE', #1013, #630, #1310, .T. ) ;
#74 = DIRECTION ( 'NONE',  ( -0.000000000000000000, -0.000000000000000000, 1.000000000000000000 ) ) ;
#75 = VECTOR ( 'NONE', #654, 39.37007874015748143 ) ;
#76 = CARTESIAN_POINT ( 'NONE',  ( -11.32956026386808723, 0.3599430073836603627, 7.625000000000000000 ) ) ;
#77 = EDGE_CURVE ( 'NONE', #942, #15, #233, .T. ) ;
#78 = FACE_OUTER_BOUND ( 'NONE', #258, .T. ) ;
#79 = VERTEX_POINT ( 'NONE', #659 ) ;
#80 = DIRECTION ( 'NONE',  ( 1.000000000000000000, 0.000000000000000000, 0.000000000000000000 ) ) ;
#81 = EDGE_CURVE ( 'NONE', #1192, #339, #622, .T. ) ;
#82 = B_SPLINE_CURVE_WITH_KNOTS ( 'NONE', 2,
 ( #995, #979, #1626 ),
 .UNSPECIFIED., .F., .F.,
 ( 3, 3 ),
 ( 0.000000000000000000, 1.000000000000000000 ),
 .UNSPECIFIED. ) ;
#83 = DIRECTION ( 'NONE',  ( -0.000000000000000000, -0.000000000000000000, 1.000000000000000000 ) ) ;
#84 = EDGE_LOOP ( 'NONE', ( #745, #8, #1198, #687 ) ) ;
#85 = DIRECTION ( 'NONE',  ( -0.000000000000000000, -0.000000000000000000, 1.000000000000000000 ) ) ;
#86 = CARTESIAN_POINT ( 'NONE',  ( -2.999204282093366203, 4.064962340826796527, 7.125000000000000000 ) ) ;
#87 = ORIENTED_EDGE ( 'NONE', *, *, #958, .T. ) ;
#88 = CARTESIAN_POINT ( 'NONE',  ( -2.131062992125984046, 3.550007540169554776, 0.000000000000000000 ) ) ;
#89 = VECTOR ( 'NONE', #1316, 39.37007874015748143 ) ;
#90 = DIRECTION ( 'NONE',  ( 1.000000000000000000, 0.000000000000000000, 0.000000000000000000 ) ) ;
#91 = ORIENTED_EDGE ( 'NONE', *, *, #1402, .F. ) ;
#92 = AXIS2_PLACEMENT_3D ( 'NONE', #54, #1550, #1584 ) ;
#93 = VECTOR ( 'NONE', #498, 39.37007874015748143 ) ;
#94 = DIRECTION ( 'NONE',  ( 1.000000000000000000, 0.000000000000000000, 0.000000000000000000 ) ) ;
#95 = CARTESIAN_POINT ( 'NONE',  ( -0.2599999999999998979, 3.875005692003541835, 7.625000000000000000 ) ) ;
#96 = VECTOR ( 'NONE', #911, 39.37007874015748143 ) ;
#97 = CARTESIAN_POINT ( 'NONE',  ( -0.2599999999999998423, 3.500000000000000000, 2.753937007874017517 ) ) ;
#98 = CARTESIAN_POINT ( 'NONE',  ( -9.941259842520825174, 1.046259842519685179, 0.1250000000000000278 ) ) ;
#99 = EDGE_CURVE ( 'NONE', #419, #295, #506, .T. ) ;
#100 = CARTESIAN_POINT ( 'NONE',  ( -12.00000000001721112, -1.251842024616711972E-11, 7.625000000000000000 ) ) ;
#101 = ORIENTED_EDGE ( 'NONE', *, *, #1163, .F. ) ;
#102 = ADVANCED_FACE ( 'NONE', ( #1521 ), #149, .T. ) ;
#103 = DIRECTION ( 'NONE',  ( -0.000000000000000000, -0.000000000000000000, -1.000000000000000000 ) ) ;
#104 = CIRCLE ( 'NONE', #1319, 0.1289370078740157688 ) ;
#105 = DIRECTION ( 'NONE',  ( 1.000000000000000000, 0.000000000000000000, 0.000000000000000000 ) ) ;
#106 = EDGE_CURVE ( 'NONE', #146, #1326, #253, .T. ) ;
#107 = CIRCLE ( 'NONE', #321, 0.07874015748031495954 ) ;
#108 = CARTESIAN_POINT ( 'NONE',  ( -12.00000000000898837, -2.070740779197511623E-12, 0.5000000000000000000 ) ) ;
#109 = CARTESIAN_POINT ( 'NONE',  ( -10.43304370641319068, 1.073189900032606614, 7.625000000000000000 ) ) ;
#110 = EDGE_CURVE ( 'NONE', #15, #1098, #263, .T. ) ;
#111 = CYLINDRICAL_SURFACE ( 'NONE', #1636, 0.1023622047242342681 ) ;
#112 = EDGE_CURVE ( 'NONE', #754, #830, #732, .T. ) ;
#113 = EDGE_LOOP ( 'NONE', ( #1271, #786, #462, #935 ) ) ;
#114 = CARTESIAN_POINT ( 'NONE',  ( -12.00000000000745537, -2.902315308468913218E-12, 0.5000000000000000000 ) ) ;
#115 = B_SPLINE_SURFACE_WITH_KNOTS ( 'NONE', 3, 1, ( 
 ( #1602, #627 ),
 ( #116, #881 ),
 ( #1610, #469 ),
 ( #854, #872 ),
 ( #222, #744 ),
 ( #972, #477 ),
 ( #1249, #861 ),
 ( #712, #728 ),
 ( #1633, #232 ),
 ( #1234, #609 ),
 ( #1108, #1364 ),
 ( #240, #18 ),
 ( #633, #281 ),
 ( #658, #402 ),
 ( #513, #1131 ),
 ( #1396, #778 ),
 ( #1267, #261 ) ),
 .UNSPECIFIED., .F., .F., .F.,
 ( 4, 1, 1, 1, 1, 1, 1, 1, 1, 1, 1, 1, 1, 1, 4 ),
 ( 2, 2 ),
 ( 0.4978318800781477704, 0.4979647820219713639, 0.4980976839657950128, 0.4983634878534423107, 0.4986292917410895531, 0.4988950956287367955, 0.4994267034040313358, 0.4999583111793258761, 0.5004899189546203608, 0.5010215267299149566, 0.5012873306175622545, 0.5015531345052095524, 0.5018189383928568503, 0.5019518403366804993, 0.5020847422805040372 ),
 ( 0.000000000000000000, 1.000000000000000000 ),
 .UNSPECIFIED. ) ;
#116 = CARTESIAN_POINT ( 'NONE',  ( -10.36712253821147556, 1.131238256234693429, 7.625000000000000000 ) ) ;
#117 = CARTESIAN_POINT ( 'NONE',  ( -2.999999999998323563, 4.250000000001405986, 0.1250000000000003053 ) ) ;
#118 = CARTESIAN_POINT ( 'NONE',  ( -0.6246889304544790411, 3.499999999999982236, 5.125000000000001776 ) ) ;
#119 = EDGE_CURVE ( 'NONE', #1143, #1232, #1002, .T. ) ;
#120 = CIRCLE ( 'NONE', #1332, 0.1968503937007874405 ) ;
#121 = ORIENTED_EDGE ( 'NONE', *, *, #446, .T. ) ;
#122 = LINE ( 'NONE', #650, #1204 ) ;
#123 = CARTESIAN_POINT ( 'NONE',  ( -10.02000000000651170, 0.1565000000000000002, 0.2809999999999999720 ) ) ;
#124 = AXIS2_PLACEMENT_3D ( 'NONE', #682, #818, #1567 ) ;
#125 = CARTESIAN_POINT ( 'NONE',  ( -0.01000000000000000021, 4.250000000000000000, 0.1250000000000000000 ) ) ;
#126 = CARTESIAN_POINT ( 'NONE',  ( -2.993591965431566138, 3.875005692002308155, 0.5000000000000000000 ) ) ;
#127 = CIRCLE ( 'NONE', #286, 0.1289370078740157688 ) ;
#128 = EDGE_LOOP ( 'NONE', ( #926, #1592, #496, #143 ) ) ;
#129 = DIRECTION ( 'NONE',  ( -1.000000000000000000, 0.000000000000000000, 0.000000000000000000 ) ) ;
#130 = EDGE_CURVE ( 'NONE', #564, #154, #1624, .T. ) ;
#131 = CIRCLE ( 'NONE', #757, 0.07480314960629920462 ) ;
#132 = DIRECTION ( 'NONE',  ( 6.037741648177811000E-12, 1.000000000000000000, 0.000000000000000000 ) ) ;
#133 = CARTESIAN_POINT ( 'NONE',  ( -0.2599999999999998423, 3.171269088694142813, 0.5000000000000000000 ) ) ;
#134 = ORIENTED_EDGE ( 'NONE', *, *, #327, .F. ) ;
#135 = EDGE_CURVE ( 'NONE', #1232, #161, #178, .T. ) ;
#136 = EDGE_CURVE ( 'NONE', #949, #858, #1151, .T. ) ;
#137 = ORIENTED_EDGE ( 'NONE', *, *, #28, .F. ) ;
#138 = ORIENTED_EDGE ( 'NONE', *, *, #1564, .F. ) ;
#139 = CARTESIAN_POINT ( 'NONE',  ( -0.1812598425196848828, 3.078740157480314821, 0.5000000000000000000 ) ) ;
#140 = LENGTH_MEASURE_WITH_UNIT ( LENGTH_MEASURE( 0.02539999999999999897 ), #2 );
#141 = CARTESIAN_POINT ( 'NONE',  ( -10.43304370641319068, 1.073189900032606614, 7.625000000000000000 ) ) ;
#142 = CARTESIAN_POINT ( 'NONE',  ( -9.941259842520825174, 1.125000000000000000, 0.1249999999999999029 ) ) ;
#143 = ORIENTED_EDGE ( 'NONE', *, *, #119, .F. ) ;
#144 = CARTESIAN_POINT ( 'NONE',  ( -0.009999999999999856226, 3.078740157480314821, 0.1250000000000000000 ) ) ;
#145 = ORIENTED_EDGE ( 'NONE', *, *, #1270, .T. ) ;
#146 = VERTEX_POINT ( 'NONE', #905 ) ;
#147 = AXIS2_PLACEMENT_3D ( 'NONE', #1340, #838, #580 ) ;
#148 = FACE_OUTER_BOUND ( 'NONE', #639, .T. ) ;
#149 = PLANE ( 'NONE',  #651 ) ;
#150 = SURFACE_STYLE_USAGE ( .BOTH. , #782 ) ;
#151 = AXIS2_PLACEMENT_3D ( 'NONE', #601, #1001, #105 ) ;
#152 = ORIENTED_EDGE ( 'NONE', *, *, #136, .T. ) ;
#153 = DIRECTION ( 'NONE',  ( 0.000000000000000000, 0.000000000000000000, -1.000000000000000000 ) ) ;
#154 = VERTEX_POINT ( 'NONE', #141 ) ;
#155 = ORIENTED_EDGE ( 'NONE', *, *, #1265, .T. ) ;
#156 = FACE_BOUND ( 'NONE', #1598, .T. ) ;
#157 = ADVANCED_FACE ( 'NONE', ( #1398 ), #272, .F. ) ;
#158 = PLANE ( 'NONE',  #1627 ) ;
#159 = DIRECTION ( 'NONE',  ( 1.000000000000000000, 0.000000000000000000, 0.000000000000000000 ) ) ;
#160 = B_SPLINE_CURVE_WITH_KNOTS ( 'NONE', 2,
 ( #1341, #212, #1480 ),
 .UNSPECIFIED., .F., .F.,
 ( 3, 3 ),
 ( 0.01239730995741197307, 1.000000000000000000 ),
 .UNSPECIFIED. ) ;
#161 = VERTEX_POINT ( 'NONE', #652 ) ;
#162 = LINE ( 'NONE', #266, #976 ) ;
#163 = ORIENTED_EDGE ( 'NONE', *, *, #119, .T. ) ;
#164 = EDGE_LOOP ( 'NONE', ( #1196, #503, #138, #152, #1101, #1156 ) ) ;
#165 = CARTESIAN_POINT ( 'NONE',  ( -0.01000000000000000021, 4.250000000000000000, 0.000000000000000000 ) ) ;
#166 = CARTESIAN_POINT ( 'NONE',  ( -11.01797974266213132, 0.6000607713293181211, 7.625000000000000000 ) ) ;
#167 = FILL_AREA_STYLE_COLOUR ( '', #1354 ) ;
#168 = ORIENTED_EDGE ( 'NONE', *, *, #508, .T. ) ;
#169 = DIRECTION ( 'NONE',  ( -0.000000000000000000, -0.000000000000000000, -1.000000000000000000 ) ) ;
#170 = EDGE_LOOP ( 'NONE', ( #1070, #423 ) ) ;
#171 = ADVANCED_FACE ( 'NONE', ( #1531 ), #158, .T. ) ;
#172 = ORIENTED_EDGE ( 'NONE', *, *, #876, .F. ) ;
#173 = CARTESIAN_POINT ( 'NONE',  ( -2.259999999999999787, 3.550007540169554776, 0.000000000000000000 ) ) ;
#174 = CARTESIAN_POINT ( 'NONE',  ( -2.388937007874015972, 3.550007540169554776, 0.1250000000000000000 ) ) ;
#175 = DIRECTION ( 'NONE',  ( 0.000000000000000000, 0.000000000000000000, -1.000000000000000000 ) ) ;
#176 = ORIENTED_EDGE ( 'NONE', *, *, #761, .T. ) ;
#177 = CARTESIAN_POINT ( 'NONE',  ( -9.645000000006511698, 0.1564999999977358391, 0.2809999999999999720 ) ) ;
#178 = CIRCLE ( 'NONE', #542, 0.07874015748031502893 ) ;
#179 = ORIENTED_EDGE ( 'NONE', *, *, #1091, .F. ) ;
#180 = CIRCLE ( 'NONE', #1230, 0.1023622047579720445 ) ;
#181 = DIRECTION ( 'NONE',  ( -0.000000000000000000, 0.000000000000000000, 1.000000000000000000 ) ) ;
#182 = DIRECTION ( 'NONE',  ( -0.000000000000000000, -0.000000000000000000, 1.000000000000000000 ) ) ;
#183 = EDGE_CURVE ( 'NONE', #154, #1015, #1543, .T. ) ;
#184 = ORIENTED_EDGE ( 'NONE', *, *, #449, .F. ) ;
#185 = LINE ( 'NONE', #1373, #409 ) ;
#186 = VECTOR ( 'NONE', #169, 39.37007874015748143 ) ;
#187 = VERTEX_POINT ( 'NONE', #11 ) ;
#188 = AXIS2_PLACEMENT_3D ( 'NONE', #536, #1154, #22 ) ;
#189 = CARTESIAN_POINT ( 'NONE',  ( -0.08874015748031495454, 3.078740157480314821, 0.000000000000000000 ) ) ;
#190 = CARTESIAN_POINT ( 'NONE',  ( -0.4568503937008760452, 3.875005692003452573, 7.625000000000000000 ) ) ;
#191 = FACE_OUTER_BOUND ( 'NONE', #511, .T. ) ;
#192 = VERTEX_POINT ( 'NONE', #197 ) ;
#193 = CARTESIAN_POINT ( 'NONE',  ( -0.01000000000000000021, 4.250000000000000000, 7.625000000000000000 ) ) ;
#194 = ORIENTED_EDGE ( 'NONE', *, *, #1595, .F. ) ;
#195 = AXIS2_PLACEMENT_3D ( 'NONE', #1322, #1585, #1075 ) ;
#196 = DIRECTION ( 'NONE',  ( 1.000000000000000000, 3.672821539240315887E-13, -0.000000000000000000 ) ) ;
#197 = CARTESIAN_POINT ( 'NONE',  ( -10.39106299213344009, 0.3999999999978305909, 0.1250000000000000000 ) ) ;
#198 = AXIS2_PLACEMENT_3D ( 'NONE', #739, #383, #422 ) ;
#199 = PLANE ( 'NONE',  #921 ) ;
#200 = EDGE_LOOP ( 'NONE', ( #1273, #993, #1438, #852 ) ) ;
#201 = LINE ( 'NONE', #193, #961 ) ;
#202 = VECTOR ( 'NONE', #1194, 39.37007874015748143 ) ;
#203 = AXIS2_PLACEMENT_3D ( 'NONE', #438, #1179, #1195 ) ;
#204 = DIRECTION ( 'NONE',  ( -0.000000000000000000, -1.000000000000000000, -0.000000000000000000 ) ) ;
#205 = AXIS2_PLACEMENT_3D ( 'NONE', #401, #1511, #1404 ) ;
#206 = EDGE_CURVE ( 'NONE', #13, #1374, #690, .T. ) ;
#207 = CARTESIAN_POINT ( 'NONE',  ( -9.645000000006511698, 0.1564999999977358391, 0.2809999999999999720 ) ) ;
#208 = DIRECTION ( 'NONE',  ( 0.000000000000000000, 0.000000000000000000, 1.000000000000000000 ) ) ;
#209 = PRODUCT_DEFINITION_SHAPE ( 'NONE', 'NONE',  #1212 ) ;
#210 = VERTEX_POINT ( 'NONE', #937 ) ;
#211 = DIRECTION ( 'NONE',  ( 1.000000000000000000, -0.000000000000000000, -0.000000000000000000 ) ) ;
#212 = CARTESIAN_POINT ( 'NONE',  ( -11.01797974266213132, 0.6000607713293181211, 0.5000000000000000000 ) ) ;
#213 = ORIENTED_EDGE ( 'NONE', *, *, #110, .F. ) ;
#214 = AXIS2_PLACEMENT_3D ( 'NONE', #474, #1231, #457 ) ;
#215 = DIRECTION ( 'NONE',  ( -0.000000000000000000, -0.000000000000000000, 1.000000000000000000 ) ) ;
#216 = CARTESIAN_POINT ( 'NONE',  ( -10.02000000000236390, 0.8435078740157480048, 0.2810000000000023590 ) ) ;
#217 = FACE_BOUND ( 'NONE', #546, .T. ) ;
#218 = PRODUCT ( '3dprint_ramp', '3dprint_ramp', '', ( #759 ) ) ;
#219 = DIRECTION ( 'NONE',  ( 0.000000000000000000, 0.000000000000000000, -1.000000000000000000 ) ) ;
#220 = ORIENTED_EDGE ( 'NONE', *, *, #112, .F. ) ;
#221 = CARTESIAN_POINT ( 'NONE',  ( -0.08874015748031495454, 3.078740157480314821, 0.1250000000000000000 ) ) ;
#222 = CARTESIAN_POINT ( 'NONE',  ( -9.622793897428570276, 1.733245998166847768, 7.625000000000000000 ) ) ;
#223 = LINE ( 'NONE', #1125, #673 ) ;
#224 = CARTESIAN_POINT ( 'NONE',  ( -0.2599999999999998423, 3.078740157480314821, 0.5000000000000000000 ) ) ;
#225 = EDGE_CURVE ( 'NONE', #1173, #815, #1328, .T. ) ;
#226 = AXIS2_PLACEMENT_3D ( 'NONE', #923, #798, #765 ) ;
#227 = EDGE_CURVE ( 'NONE', #161, #1339, #696, .T. ) ;
#228 = FACE_BOUND ( 'NONE', #1012, .T. ) ;
#229 = ORIENTED_EDGE ( 'NONE', *, *, #429, .T. ) ;
#230 = AXIS2_PLACEMENT_3D ( 'NONE', #1477, #737, #1123 ) ;
#231 = CARTESIAN_POINT ( 'NONE',  ( -3.101566486851337956, 4.064962340826796527, 7.625000000000000000 ) ) ;
#232 = CARTESIAN_POINT ( 'NONE',  ( -6.979675035052306242, 3.194973361266374656, 0.5000000000000017764 ) ) ;
#233 = LINE ( 'NONE', #729, #748 ) ;
#234 = DIRECTION ( 'NONE',  ( -0.000000000000000000, -0.000000000000000000, 1.000000000000000000 ) ) ;
#235 = EDGE_CURVE ( 'NONE', #755, #1541, #1043, .T. ) ;
#236 = FACE_BOUND ( 'NONE', #368, .T. ) ;
#237 = ADVANCED_FACE ( 'NONE', ( #299 ), #45, .T. ) ;
#238 = EDGE_LOOP ( 'NONE', ( #220, #386, #1431, #1134 ) ) ;
#239 = CARTESIAN_POINT ( 'NONE',  ( -6.904165687102089777, 2.859144471606787974, 0.000000000000000000 ) ) ;
#240 = CARTESIAN_POINT ( 'NONE',  ( -4.543044616522452728, 3.784774717906551178, 7.625000000000000000 ) ) ;
#241 = VERTEX_POINT ( 'NONE', #1068 ) ;
#242 = DIRECTION ( 'NONE',  ( 0.000000000000000000, 0.000000000000000000, -1.000000000000000000 ) ) ;
#243 = ORIENTED_EDGE ( 'NONE', *, *, #1382, .T. ) ;
#244 = DIRECTION ( 'NONE',  ( 0.000000000000000000, 0.000000000000000000, -1.000000000000000000 ) ) ;
#245 = FACE_OUTER_BOUND ( 'NONE', #966, .T. ) ;
#246 = ORIENTED_EDGE ( 'NONE', *, *, #353, .F. ) ;
#247 = DIRECTION ( 'NONE',  ( -1.000000000000000000, 0.000000000000000000, 0.000000000000000000 ) ) ;
#248 = MECHANICAL_DESIGN_GEOMETRIC_PRESENTATION_REPRESENTATION (  '', ( #1375 ), #1085 ) ;
#249 = ADVANCED_FACE ( 'NONE', ( #69 ), #1188, .T. ) ;
#250 = ORIENTED_EDGE ( 'NONE', *, *, #788, .T. ) ;
#251 = ADVANCED_FACE ( 'NONE', ( #1208 ), #362, .F. ) ;
#252 = CARTESIAN_POINT ( 'NONE',  ( -11.51890527819463728, 0.03937007874015602954, 0.5000000000000001110 ) ) ;
#253 = CIRCLE ( 'NONE', #1545, 0.07874015748031495954 ) ;
#254 = ADVANCED_FACE ( 'NONE', ( #560, #1303, #1061, #956 ), #1459, .F. ) ;
#255 = CARTESIAN_POINT ( 'NONE',  ( -3.256433681011904113, 3.874063665881263496, 7.625000000000000000 ) ) ;
#256 = CARTESIAN_POINT ( 'NONE',  ( -7.033102694976105518, 2.859144471606787974, 0.5000000000000000000 ) ) ;
#257 = AXIS2_PLACEMENT_3D ( 'NONE', #1483, #736, #1240 ) ;
#258 = EDGE_LOOP ( 'NONE', ( #1181, #364, #33, #1309, #551, #924, #145, #134, #756, #722, #5, #1055, #1407, #909 ) ) ;
#259 = VERTEX_POINT ( 'NONE', #174 ) ;
#260 = LINE ( 'NONE', #641, #1412 ) ;
#261 = CARTESIAN_POINT ( 'NONE',  ( -2.993591965431566138, 3.875005692002308155, 0.5000000000000017764 ) ) ;
#262 = VECTOR ( 'NONE', #294, 39.37007874015748143 ) ;
#263 = LINE ( 'NONE', #887, #1174 ) ;
#264 = CARTESIAN_POINT ( 'NONE',  ( -2.995699737476334779, 3.250009246173481969, 0.5000000000000000000 ) ) ;
#265 = ORIENTED_EDGE ( 'NONE', *, *, #1423, .F. ) ;
#266 = CARTESIAN_POINT ( 'NONE',  ( -10.39106299213344009, 0.3999999999978305909, 0.000000000000000000 ) ) ;
#267 = EDGE_LOOP ( 'NONE', ( #1227, #1222, #1492, #1059 ) ) ;
#268 = ORIENTED_EDGE ( 'NONE', *, *, #814, .F. ) ;
#269 = DIMENSIONAL_EXPONENTS ( 1.000000000000000000, 0.000000000000000000, 0.000000000000000000, 0.000000000000000000, 0.000000000000000000, 0.000000000000000000, 0.000000000000000000 ) ;
#270 = FACE_BOUND ( 'NONE', #973, .T. ) ;
#271 = DIRECTION ( 'NONE',  ( 1.000000000000000000, 0.000000000000000000, 0.000000000000000000 ) ) ;
#272 = CYLINDRICAL_SURFACE ( 'NONE', #1439, 0.1289370078740157688 ) ;
#273 = DIRECTION ( 'NONE',  ( -0.000000000000000000, -0.000000000000000000, 1.000000000000000000 ) ) ;
#274 = ADVANCED_FACE ( 'NONE', ( #675 ), #430, .T. ) ;
#275 = ORIENTED_EDGE ( 'NONE', *, *, #841, .T. ) ;
#276 = DIRECTION ( 'NONE',  ( 1.000000000000000000, 0.000000000000000000, 0.000000000000000000 ) ) ;
#277 = ORIENTED_EDGE ( 'NONE', *, *, #820, .F. ) ;
#278 = EDGE_CURVE ( 'NONE', #187, #71, #1334, .T. ) ;
#279 = ORIENTED_EDGE ( 'NONE', *, *, #1474, .T. ) ;
#280 = DIRECTION ( 'NONE',  ( -1.000000000000000000, -1.387778780781444571E-14, 0.000000000000000000 ) ) ;
#281 = CARTESIAN_POINT ( 'NONE',  ( -4.034044945969948337, 3.838191218570804697, 0.5000000000000017764 ) ) ;
#282 = CARTESIAN_POINT ( 'NONE',  ( -0.4568503937008761007, 3.875005692003452573, 7.625000000000000000 ) ) ;
#283 = CARTESIAN_POINT ( 'NONE',  ( -0.08874015748031495454, 2.999999999999999556, 0.1250000000000000000 ) ) ;
#284 = ORIENTED_EDGE ( 'NONE', *, *, #395, .T. ) ;
#285 = CARTESIAN_POINT ( 'NONE',  ( -12.00000000001721112, -1.251842024616711972E-11, 7.625000000000000000 ) ) ;
#286 = AXIS2_PLACEMENT_3D ( 'NONE', #374, #1148, #504 ) ;
#287 = ADVANCED_FACE ( 'NONE', ( #1433 ), #1074, .F. ) ;
#288 = ORIENTED_EDGE ( 'NONE', *, *, #523, .F. ) ;
#289 = EDGE_LOOP ( 'NONE', ( #56, #718 ) ) ;
#290 = DIRECTION ( 'NONE',  ( 1.000000000000000000, 0.000000000000000000, 0.000000000000000000 ) ) ;
#291 = CARTESIAN_POINT ( 'NONE',  ( -7.896781800422098208, 2.798939317240902724, 7.625000000000000000 ) ) ;
#292 = DIRECTION ( 'NONE',  ( 1.000000000000000000, -0.000000000000000000, -0.000000000000000000 ) ) ;
#293 = ORIENTED_EDGE ( 'NONE', *, *, #810, .F. ) ;
#294 = DIRECTION ( 'NONE',  ( -0.000000000000000000, -0.000000000000000000, 1.000000000000000000 ) ) ;
#295 = VERTEX_POINT ( 'NONE', #190 ) ;
#296 = VECTOR ( 'NONE', #204, 39.37007874015748143 ) ;
#297 = ORIENTED_EDGE ( 'NONE', *, *, #1300, .F. ) ;
#298 = PLANE ( 'NONE',  #893 ) ;
#299 = FACE_OUTER_BOUND ( 'NONE', #910, .T. ) ;
#300 = CYLINDRICAL_SURFACE ( 'NONE', #226, 0.07874015748031502893 ) ;
#301 = VERTEX_POINT ( 'NONE', #437 ) ;
#302 = CARTESIAN_POINT ( 'NONE',  ( -10.52000000000745494, 0.3999999999978305909, 0.1250000000000000000 ) ) ;
#303 = ORIENTED_EDGE ( 'NONE', *, *, #1474, .F. ) ;
#304 = FACE_OUTER_BOUND ( 'NONE', #1283, .T. ) ;
#305 = AXIS2_PLACEMENT_3D ( 'NONE', #1486, #863, #1258 ) ;
#306 = ADVANCED_FACE ( 'NONE', ( #945 ), #1443, .F. ) ;
#307 = CARTESIAN_POINT ( 'NONE',  ( -11.48821247496663034, 0.01471333665988965554, 0.4999999999999996114 ) ) ;
#308 = CYLINDRICAL_SURFACE ( 'NONE', #414, 0.1289370078740160186 ) ;
#309 = VERTEX_POINT ( 'NONE', #951 ) ;
#310 = LINE ( 'NONE', #812, #89 ) ;
#311 = AXIS2_PLACEMENT_3D ( 'NONE', #620, #500, #1478 ) ;
#312 = VECTOR ( 'NONE', #1329, 39.37007874015748143 ) ;
#313 = ORIENTED_EDGE ( 'NONE', *, *, #73, .T. ) ;
#314 = VECTOR ( 'NONE', #1256, 39.37007874015748143 ) ;
#315 = CARTESIAN_POINT ( 'NONE',  ( -0.3387401574803436954, 3.250009246174457633, 0.1250000000000000000 ) ) ;
#316 = CARTESIAN_POINT ( 'NONE',  ( -7.195250251041833245, 3.299861437360654737, 7.125000000000000000 ) ) ;
#317 = DIRECTION ( 'NONE',  ( -1.000000000000000000, -0.000000000000000000, -0.000000000000000000 ) ) ;
#318 = EDGE_LOOP ( 'NONE', ( #293, #663, #1323, #1153 ) ) ;
#319 = CARTESIAN_POINT ( 'NONE',  ( -11.43192246859249650, 0.3599430073836603627, 7.125000000000000000 ) ) ;
#320 = VERTEX_POINT ( 'NONE', #1451 ) ;
#321 = AXIS2_PLACEMENT_3D ( 'NONE', #1419, #14, #767 ) ;
#322 = DIRECTION ( 'NONE',  ( -1.000000000000000000, 0.000000000000000000, 0.000000000000000000 ) ) ;
#323 = LINE ( 'NONE', #459, #334 ) ;
#324 = CARTESIAN_POINT ( 'NONE',  ( -2.995699737476334779, 3.250009246173481969, 0.1250000000000000000 ) ) ;
#325 = ORIENTED_EDGE ( 'NONE', *, *, #1029, .T. ) ;
#326 = FACE_OUTER_BOUND ( 'NONE', #1050, .T. ) ;
#327 = EDGE_CURVE ( 'NONE', #954, #419, #323, .T. ) ;
#328 = DIRECTION ( 'NONE',  ( 1.000000000000000000, 0.000000000000000000, 0.000000000000000000 ) ) ;
#329 = CARTESIAN_POINT ( 'NONE',  ( -9.941259842520825174, 1.125000000000000000, 0.1249999999999999029 ) ) ;
#330 = CIRCLE ( 'NONE', #1594, 0.1289370078740157688 ) ;
#331 = CARTESIAN_POINT ( 'NONE',  ( -2.995699737476334779, 3.250009246173481969, 0.5000000000000000000 ) ) ;
#332 = ORIENTED_EDGE ( 'NONE', *, *, #387, .F. ) ;
#333 = PLANE ( 'NONE',  #1435 ) ;
#334 = VECTOR ( 'NONE', #1601, 39.37007874015748143 ) ;
#335 = CARTESIAN_POINT ( 'NONE',  ( -7.092888046317598949, 3.299861437360654737, 7.625000000000000000 ) ) ;
#336 = VECTOR ( 'NONE', #1, 39.37007874015748143 ) ;
#337 = LINE ( 'NONE', #710, #1253 ) ;
#338 = LINE ( 'NONE', #1304, #779 ) ;
#339 = VERTEX_POINT ( 'NONE', #1342 ) ;
#340 = DIRECTION ( 'NONE',  ( -1.000000000000000000, -0.000000000000000000, -0.000000000000000000 ) ) ;
#341 = EDGE_CURVE ( 'NONE', #858, #1326, #337, .T. ) ;
#342 = EDGE_CURVE ( 'NONE', #1418, #564, #1380, .T. ) ;
#343 = DIRECTION ( 'NONE',  ( 1.000000000000000000, 0.000000000000000000, 0.000000000000000000 ) ) ;
#344 = ORIENTED_EDGE ( 'NONE', *, *, #455, .F. ) ;
#345 = AXIS2_PLACEMENT_3D ( 'NONE', #1583, #943, #787 ) ;
#346 = FACE_OUTER_BOUND ( 'NONE', #694, .T. ) ;
#347 = DIRECTION ( 'NONE',  ( 1.000000000000000000, 0.000000000000000000, 0.000000000000000000 ) ) ;
#348 = VERTEX_POINT ( 'NONE', #76 ) ;
#349 = CARTESIAN_POINT ( 'NONE',  ( -10.43304370641319068, 1.073189900032606614, 0.5000000000000000000 ) ) ;
#350 = DIRECTION ( 'NONE',  ( -1.000000000000000000, 6.037741648177812616E-12, -0.000000000000000000 ) ) ;
#351 = EDGE_LOOP ( 'NONE', ( #432, #1274 ) ) ;
#352 = CARTESIAN_POINT ( 'NONE',  ( -12.00000000000000178, -1.469576158976823750E-15, 0.1250000000000000000 ) ) ;
#353 = EDGE_CURVE ( 'NONE', #309, #980, #890, .T. ) ;
#354 = LINE ( 'NONE', #492, #1226 ) ;
#355 = ORIENTED_EDGE ( 'NONE', *, *, #896, .T. ) ;
#356 = CARTESIAN_POINT ( 'NONE',  ( -9.203491305123582933, 2.029416434001686920, 0.5000000000000000000 ) ) ;
#357 = CARTESIAN_POINT ( 'NONE',  ( -0.2599999999999998423, 3.171269088694142813, 0.1250000000000000000 ) ) ;
#358 = VERTEX_POINT ( 'NONE', #880 ) ;
#359 = DIRECTION ( 'NONE',  ( 0.000000000000000000, 0.000000000000000000, 1.000000000000000000 ) ) ;
#360 = ORIENTED_EDGE ( 'NONE', *, *, #1124, .F. ) ;
#361 = CARTESIAN_POINT ( 'NONE',  ( -0.4568503937007872828, 3.678155298302665077, 0.5000000000000000000 ) ) ;
#362 = B_SPLINE_SURFACE_WITH_KNOTS ( 'NONE', 2, 1, ( 
 ( #828, #307 ),
 ( #1313, #452 ),
 ( #797, #834 ) ),
 .UNSPECIFIED., .F., .F., .F.,
 ( 3, 3 ),
 ( 2, 2 ),
 ( 0.01239730995741197307, 1.000000000000000000 ),
 ( 0.000000000000000000, 1.000000000000000000 ),
 .UNSPECIFIED. ) ;
#363 = CARTESIAN_POINT ( 'NONE',  ( -2.993591965431566138, 3.875005692002308155, 7.625000000000000000 ) ) ;
#364 = ORIENTED_EDGE ( 'NONE', *, *, #570, .T. ) ;
#365 = DIRECTION ( 'NONE',  ( 0.000000000000000000, -1.000000000000000000, 0.000000000000000000 ) ) ;
#366 = CARTESIAN_POINT ( 'NONE',  ( -11.48821247496662679, 0.01471333665988933982, 0.5000000000000000000 ) ) ;
#367 = AXIS2_PLACEMENT_3D ( 'NONE', #552, #1052, #322 ) ;
#368 = EDGE_LOOP ( 'NONE', ( #1264, #1579 ) ) ;
#369 = DIRECTION ( 'NONE',  ( -1.000000000000000000, 0.000000000000000000, 0.000000000000000000 ) ) ;
#370 = B_SPLINE_SURFACE_WITH_KNOTS ( 'NONE', 2, 1, ( 
 ( #1242, #117 ),
 ( #592, #1117 ),
 ( #108, #855 ) ),
 .UNSPECIFIED., .F., .F., .F.,
 ( 3, 3 ),
 ( 2, 2 ),
 ( 0.4975157446537221695, 0.5029051264033326252 ),
 ( 0.000000000000000000, 1.000000000000000000 ),
 .UNSPECIFIED. ) ;
#371 = EDGE_CURVE ( 'NONE', #1389, #1164, #417, .T. ) ;
#372 = VERTEX_POINT ( 'NONE', #352 ) ;
#373 = EDGE_CURVE ( 'NONE', #1146, #372, #743, .T. ) ;
#374 = CARTESIAN_POINT ( 'NONE',  ( -6.904165687102089777, 2.859144471606787974, 0.5000000000000000000 ) ) ;
#375 = CARTESIAN_POINT ( 'NONE',  ( -10.43304370641319068, 1.073189900032606614, 7.625000000000000000 ) ) ;
#376 = DIRECTION ( 'NONE',  ( -0.000000000000000000, -0.000000000000000000, 1.000000000000000000 ) ) ;
#377 = CIRCLE ( 'NONE', #590, 0.1968503937007874405 ) ;
#378 = ORIENTED_EDGE ( 'NONE', *, *, #1616, .F. ) ;
#379 = DIRECTION ( 'NONE',  ( 1.000000000000000000, -0.000000000000000000, -0.000000000000000000 ) ) ;
#380 = AXIS2_PLACEMENT_3D ( 'NONE', #216, #713, #1485 ) ;
#381 = VECTOR ( 'NONE', #1209, 39.37007874015748143 ) ;
#382 = DIRECTION ( 'NONE',  ( 0.000000000000000000, 0.000000000000000000, -1.000000000000000000 ) ) ;
#383 = DIRECTION ( 'NONE',  ( 0.000000000000000000, 0.000000000000000000, 1.000000000000000000 ) ) ;
#384 = AXIS2_PLACEMENT_3D ( 'NONE', #252, #632, #1395 ) ;
#385 = ORIENTED_EDGE ( 'NONE', *, *, #1158, .T. ) ;
#386 = ORIENTED_EDGE ( 'NONE', *, *, #486, .T. ) ;
#387 = EDGE_CURVE ( 'NONE', #1164, #348, #1217, .T. ) ;
#388 = EDGE_CURVE ( 'NONE', #615, #669, #518, .T. ) ;
#389 = ORIENTED_EDGE ( 'NONE', *, *, #1229, .T. ) ;
#390 = DIRECTION ( 'NONE',  ( 0.000000000000000000, 0.000000000000000000, 1.000000000000000000 ) ) ;
#391 = ADVANCED_FACE ( 'NONE', ( #859 ), #482, .F. ) ;
#392 = VECTOR ( 'NONE', #685, 39.37007874015748143 ) ;
#393 = CARTESIAN_POINT ( 'NONE',  ( -7.195250251041833245, 3.299861437360654737, 7.125000000000000000 ) ) ;
#394 = EDGE_CURVE ( 'NONE', #358, #1172, #727, .T. ) ;
#395 = EDGE_CURVE ( 'NONE', #1164, #1389, #490, .T. ) ;
#396 = AXIS2_PLACEMENT_3D ( 'NONE', #1333, #219, #343 ) ;
#397 = VERTEX_POINT ( 'NONE', #231 ) ;
#398 = DIRECTION ( 'NONE',  ( 1.000000000000000000, -6.037741648177811000E-12, 0.000000000000000000 ) ) ;
#399 = ORIENTED_EDGE ( 'NONE', *, *, #1037, .T. ) ;
#400 = ORIENTED_EDGE ( 'NONE', *, *, #1006, .T. ) ;
#401 = CARTESIAN_POINT ( 'NONE',  ( -10.52000000000745494, 0.3999999999978305909, 0.000000000000000000 ) ) ;
#402 = CARTESIAN_POINT ( 'NONE',  ( -3.603821597347668604, 3.864248105217955587, 0.5000000000000017764 ) ) ;
#403 = ADVANCED_FACE ( 'NONE', ( #1475 ), #984, .F. ) ;
#404 = DIRECTION ( 'NONE',  ( 1.000000000000000000, 0.000000000000000000, 0.000000000000000000 ) ) ;
#405 =( NAMED_UNIT ( * ) SI_UNIT ( $, .STERADIAN. ) SOLID_ANGLE_UNIT ( ) );
#406 = ORIENTED_EDGE ( 'NONE', *, *, #342, .T. ) ;
#407 = DIRECTION ( 'NONE',  ( 0.000000000000000000, 0.000000000000000000, -1.000000000000000000 ) ) ;
#408 = ORIENTED_EDGE ( 'NONE', *, *, #595, .T. ) ;
#409 = VECTOR ( 'NONE', #603, 39.37007874015748143 ) ;
#410 = VERTEX_POINT ( 'NONE', #589 ) ;
#411 = DIRECTION ( 'NONE',  ( 1.000000000000000000, -6.037741648177811000E-12, -0.000000000000000000 ) ) ;
#412 = CARTESIAN_POINT ( 'NONE',  ( -4.543044616522452728, 3.784774717906551178, 7.625000000000000000 ) ) ;
#413 = FACE_OUTER_BOUND ( 'NONE', #769, .T. ) ;
#414 = AXIS2_PLACEMENT_3D ( 'NONE', #1116, #215, #483 ) ;
#415 = ORIENTED_EDGE ( 'NONE', *, *, #6, .T. ) ;
#416 = LINE ( 'NONE', #285, #186 ) ;
#417 = CIRCLE ( 'NONE', #1177, 0.1023622047244091005 ) ;
#418 = ORIENTED_EDGE ( 'NONE', *, *, #735, .F. ) ;
#419 = VERTEX_POINT ( 'NONE', #1357 ) ;
#420 = CARTESIAN_POINT ( 'NONE',  ( -10.02000000000281510, 0.7687047244094488141, 0.2810000000000023590 ) ) ;
#421 = DIRECTION ( 'NONE',  ( 1.000000000000000000, 0.000000000000000000, -0.000000000000000000 ) ) ;
#422 = DIRECTION ( 'NONE',  ( 1.000000000000000000, 0.000000000000000000, -0.000000000000000000 ) ) ;
#423 = ORIENTED_EDGE ( 'NONE', *, *, #1566, .F. ) ;
#424 = CARTESIAN_POINT ( 'NONE',  ( -0.2599999999999998423, 3.499999999999982236, 4.996062992125986035 ) ) ;
#425 = CIRCLE ( 'NONE', #345, 0.07874015748031495954 ) ;
#426 = ADVANCED_FACE ( 'NONE', ( #346 ), #1233, .F. ) ;
#427 = ORIENTED_EDGE ( 'NONE', *, *, #99, .T. ) ;
#428 = DIRECTION ( 'NONE',  ( -0.000000000000000000, -0.000000000000000000, 1.000000000000000000 ) ) ;
#429 = EDGE_CURVE ( 'NONE', #942, #1290, #813, .T. ) ;
#430 = CYLINDRICAL_SURFACE ( 'NONE', #944, 0.07480314960629920462 ) ;
#431 = CARTESIAN_POINT ( 'NONE',  ( -10.43304370641319068, 1.073189900032606614, 0.5000000000000000000 ) ) ;
#432 = ORIENTED_EDGE ( 'NONE', *, *, #1546, .T. ) ;
#433 = DIRECTION ( 'NONE',  ( 0.000000000000000000, 0.000000000000000000, -1.000000000000000000 ) ) ;
#434 = VERTEX_POINT ( 'NONE', #1223 ) ;
#435 = DIRECTION ( 'NONE',  ( -0.000000000000000000, -0.000000000000000000, 1.000000000000000000 ) ) ;
#436 = AXIS2_PLACEMENT_3D ( 'NONE', #1605, #611, #1379 ) ;
#437 = CARTESIAN_POINT ( 'NONE',  ( -7.297612455766067541, 3.299861437360654737, 7.625000000000000000 ) ) ;
#438 = CARTESIAN_POINT ( 'NONE',  ( -0.1812598425196848828, 3.078740157480314821, 7.625000000000000000 ) ) ;
#439 = ORIENTED_EDGE ( 'NONE', *, *, #1078, .F. ) ;
#440 = CARTESIAN_POINT ( 'NONE',  ( -12.00000000000745537, -2.902315308468913218E-12, 0.5000000000000000000 ) ) ;
#441 = AXIS2_PLACEMENT_3D ( 'NONE', #1053, #1336, #1558 ) ;
#442 = ORIENTED_EDGE ( 'NONE', *, *, #523, .T. ) ;
#443 = DIRECTION ( 'NONE',  ( 1.821231995776175479E-16, -1.000000000000000000, 0.000000000000000000 ) ) ;
#444 = DIRECTION ( 'NONE',  ( 0.000000000000000000, 0.000000000000000000, 1.000000000000000000 ) ) ;
#445 = CARTESIAN_POINT ( 'NONE',  ( -0.009999999999999845818, 2.999999999999999556, 7.625000000000000000 ) ) ;
#446 = EDGE_CURVE ( 'NONE', #983, #1033, #598, .T. ) ;
#447 = ORIENTED_EDGE ( 'NONE', *, *, #183, .T. ) ;
#448 = DIRECTION ( 'NONE',  ( -0.000000000000000000, -0.000000000000000000, 1.000000000000000000 ) ) ;
#449 = EDGE_CURVE ( 'NONE', #1015, #295, #616, .T. ) ;
#450 = ORIENTED_EDGE ( 'NONE', *, *, #1057, .T. ) ;
#451 = CARTESIAN_POINT ( 'NONE',  ( -2.388937007874015972, 3.550007540169554776, 0.5000000000000000000 ) ) ;
#452 = CARTESIAN_POINT ( 'NONE',  ( -11.01797974266213132, 0.6000607713293181211, 0.4999999999999996114 ) ) ;
#453 = CARTESIAN_POINT ( 'NONE',  ( -9.364532608544719139, 1.141042981681043900, 0.5000000000000000000 ) ) ;
#454 = ORIENTED_EDGE ( 'NONE', *, *, #810, .T. ) ;
#455 = EDGE_CURVE ( 'NONE', #1541, #755, #1442, .T. ) ;
#456 = CARTESIAN_POINT ( 'NONE',  ( -9.645000000002363905, 0.8435078740134838160, 0.2810000000000023590 ) ) ;
#457 = DIRECTION ( 'NONE',  ( 1.000000000000000000, 0.000000000000000000, 0.000000000000000000 ) ) ;
#458 = ADVANCED_FACE ( 'NONE', ( #1276 ), #1248, .T. ) ;
#459 = CARTESIAN_POINT ( 'NONE',  ( -2.993591965431566138, 3.875005692002308155, 0.5000000000000000000 ) ) ;
#460 = VECTOR ( 'NONE', #1513, 39.37007874015748143 ) ;
#461 = DIRECTION ( 'NONE',  ( 0.000000000000000000, 0.000000000000000000, -1.000000000000000000 ) ) ;
#462 = ORIENTED_EDGE ( 'NONE', *, *, #666, .F. ) ;
#463 = CARTESIAN_POINT ( 'NONE',  ( -9.645000000001910934, 0.9183110236197830067, 0.2810000000000023590 ) ) ;
#464 = AXIS2_PLACEMENT_3D ( 'NONE', #316, #61, #1577 ) ;
#465 = DIRECTION ( 'NONE',  ( -1.000000000000000000, -0.000000000000000000, -0.000000000000000000 ) ) ;
#466 = VECTOR ( 'NONE', #1121, 39.37007874015748143 ) ;
#467 = ORIENTED_EDGE ( 'NONE', *, *, #1180, .F. ) ;
#468 = DIRECTION ( 'NONE',  ( -1.000000000000000000, 3.903127820947812807E-14, 0.000000000000000000 ) ) ;
#469 = CARTESIAN_POINT ( 'NONE',  ( -10.23376186337879545, 1.246249444251213978, 0.5000000000000017764 ) ) ;
#470 = ORIENTED_EDGE ( 'NONE', *, *, #58, .T. ) ;
#471 = LINE ( 'NONE', #501, #1306 ) ;
#472 = ADVANCED_FACE ( 'NONE', ( #270, #156, #148 ), #758, .F. ) ;
#473 = VECTOR ( 'NONE', #211, 39.37007874015748143 ) ;
#474 = CARTESIAN_POINT ( 'NONE',  ( -2.259999999999999787, 3.550007540169554776, 0.1250000000000000000 ) ) ;
#475 = ORIENTED_EDGE ( 'NONE', *, *, #1109, .T. ) ;
#476 = CARTESIAN_POINT ( 'NONE',  ( -2.999999999962236874, 4.249999999999366729, 7.625000000000000000 ) ) ;
#477 = CARTESIAN_POINT ( 'NONE',  ( -9.203491305123582933, 2.029416434001686920, 0.5000000000000017764 ) ) ;
#478 = CARTESIAN_POINT ( 'NONE',  ( -10.02000000000745494, 0.000000000000000000, 0.5000000000000000000 ) ) ;
#479 = CARTESIAN_POINT ( 'NONE',  ( -4.034044945969948337, 3.838191218570804697, 0.5000000000000000000 ) ) ;
#480 = FACE_OUTER_BOUND ( 'NONE', #1368, .T. ) ;
#481 = ORIENTED_EDGE ( 'NONE', *, *, #841, .F. ) ;
#482 = PLANE ( 'NONE',  #1016 ) ;
#483 = DIRECTION ( 'NONE',  ( 1.000000000000000000, 0.000000000000000000, 0.000000000000000000 ) ) ;
#484 = ORIENTED_EDGE ( 'NONE', *, *, #1453, .T. ) ;
#485 = CARTESIAN_POINT ( 'NONE',  ( -10.02000000000745494, 1.125000000000000000, 0.1249999999999999029 ) ) ;
#486 = EDGE_CURVE ( 'NONE', #754, #952, #1505, .T. ) ;
#487 = CARTESIAN_POINT ( 'NONE',  ( -12.00000000001721112, -1.251842024616711972E-11, 7.625000000000000000 ) ) ;
#488 = VERTEX_POINT ( 'NONE', #1034 ) ;
#489 = CIRCLE ( 'NONE', #230, 0.1023622047242342681 ) ;
#490 = CIRCLE ( 'NONE', #839, 0.1023622047244091005 ) ;
#491 = DIRECTION ( 'NONE',  ( 1.000000000000000000, 4.513118890968097721E-13, 0.000000000000000000 ) ) ;
#492 = CARTESIAN_POINT ( 'NONE',  ( -0.01000000000000000021, 3.078740157480314821, 0.000000000000000000 ) ) ;
#493 = DIRECTION ( 'NONE',  ( -0.000000000000000000, -0.000000000000000000, 1.000000000000000000 ) ) ;
#494 = CYLINDRICAL_SURFACE ( 'NONE', #1065, 0.1289370078740157688 ) ;
#495 = EDGE_CURVE ( 'NONE', #1563, #623, #1517, .T. ) ;
#496 = ORIENTED_EDGE ( 'NONE', *, *, #135, .F. ) ;
#497 = LINE ( 'NONE', #770, #314 ) ;
#498 = DIRECTION ( 'NONE',  ( 1.092745411552092233E-16, -1.000000000000000000, 0.000000000000000000 ) ) ;
#499 = VECTOR ( 'NONE', #43, 39.37007874015748143 ) ;
#500 = DIRECTION ( 'NONE',  ( -0.000000000000000000, -0.000000000000000000, 1.000000000000000000 ) ) ;
#501 = CARTESIAN_POINT ( 'NONE',  ( -0.1812598425196848828, 2.999999999999999556, 0.5000000000000000000 ) ) ;
#502 = EDGE_CURVE ( 'NONE', #1172, #1098, #1000, .T. ) ;
#503 = ORIENTED_EDGE ( 'NONE', *, *, #1180, .T. ) ;
#504 = DIRECTION ( 'NONE',  ( 1.000000000000000000, 0.000000000000000000, 0.000000000000000000 ) ) ;
#505 = APPLICATION_PROTOCOL_DEFINITION ( 'draft international standard', 'automotive_design', 1998, #762 ) ;
#506 = LINE ( 'NONE', #282, #514 ) ;
#507 = CYLINDRICAL_SURFACE ( 'NONE', #35, 0.1289370078740157688 ) ;
#508 = EDGE_CURVE ( 'NONE', #1251, #1290, #626, .T. ) ;
#509 = ORIENTED_EDGE ( 'NONE', *, *, #1109, .F. ) ;
#510 = CIRCLE ( 'NONE', #670, 0.1023622047244091005 ) ;
#511 = EDGE_LOOP ( 'NONE', ( #63, #749, #918, #1048 ) ) ;
#512 = CARTESIAN_POINT ( 'NONE',  ( -9.364532611071398449, 1.141042979761372811, 0.5000000000000000000 ) ) ;
#513 = CARTESIAN_POINT ( 'NONE',  ( -3.256433681011904113, 3.874063665881263496, 7.625000000000000000 ) ) ;
#514 = VECTOR ( 'NONE', #1018, 39.37007874015748143 ) ;
#515 = VECTOR ( 'NONE', #986, 39.37007874015748143 ) ;
#516 = DIRECTION ( 'NONE',  ( -0.000000000000000000, 0.000000000000000000, -1.000000000000000000 ) ) ;
#517 = FACE_OUTER_BOUND ( 'NONE', #585, .T. ) ;
#518 = CIRCLE ( 'NONE', #750, 0.1289370078740157688 ) ;
#519 = EDGE_LOOP ( 'NONE', ( #562, #399, #1468, #172 ) ) ;
#520 = FACE_OUTER_BOUND ( 'NONE', #1356, .T. ) ;
#521 = ORIENTED_EDGE ( 'NONE', *, *, #842, .F. ) ;
#522 = VERTEX_POINT ( 'NONE', #1520 ) ;
#523 = EDGE_CURVE ( 'NONE', #339, #1192, #127, .T. ) ;
#524 = DIRECTION ( 'NONE',  ( 6.037741648177811000E-12, 1.000000000000000000, 0.000000000000000000 ) ) ;
#525 = DIRECTION ( 'NONE',  ( 0.000000000000000000, 0.000000000000000000, 1.000000000000000000 ) ) ;
#526 =( CONVERSION_BASED_UNIT ( 'INCH', #20 ) LENGTH_UNIT ( ) NAMED_UNIT ( #1390 ) );
#527 = EDGE_LOOP ( 'NONE', ( #662, #509, #1391, #37 ) ) ;
#528 = CARTESIAN_POINT ( 'NONE',  ( -10.02000000000745494, 0.000000000000000000, 0.5000000000000000000 ) ) ;
#529 = ORIENTED_EDGE ( 'NONE', *, *, #394, .T. ) ;
#530 = EDGE_CURVE ( 'NONE', #301, #862, #1630, .T. ) ;
#531 = ORIENTED_EDGE ( 'NONE', *, *, #1397, .T. ) ;
#532 = DIRECTION ( 'NONE',  ( 0.000000000000000000, -0.000000000000000000, -1.000000000000000000 ) ) ;
#533 = CARTESIAN_POINT ( 'NONE',  ( -6.979675035052306242, 3.194973361266374656, 7.625000000000000000 ) ) ;
#534 = LINE ( 'NONE', #27, #460 ) ;
#535 = ORIENTED_EDGE ( 'NONE', *, *, #1546, .F. ) ;
#536 = CARTESIAN_POINT ( 'NONE',  ( -9.645000000002363905, 0.8435078740134838160, 0.2810000000000023590 ) ) ;
#537 = EDGE_LOOP ( 'NONE', ( #1436, #959, #599, #7 ) ) ;
#538 = PRESENTATION_LAYER_ASSIGNMENT (  '', '', ( #1375 ) ) ;
#539 = ORIENTED_EDGE ( 'NONE', *, *, #985, .F. ) ;
#540 = DIRECTION ( 'NONE',  ( -1.000000000000000000, -1.224646799147353207E-16, 0.000000000000000000 ) ) ;
#541 = EDGE_CURVE ( 'NONE', #766, #1418, #497, .T. ) ;
#542 = AXIS2_PLACEMENT_3D ( 'NONE', #1512, #1257, #1405 ) ;
#543 = DIRECTION ( 'NONE',  ( -1.000000000000000000, 6.037741648177812616E-12, -0.000000000000000000 ) ) ;
#544 = DIRECTION ( 'NONE',  ( 0.000000000000000000, 0.000000000000000000, 1.000000000000000000 ) ) ;
#545 = EDGE_CURVE ( 'NONE', #241, #397, #180, .T. ) ;
#546 = EDGE_LOOP ( 'NONE', ( #709, #246 ) ) ;
#547 = LINE ( 'NONE', #1571, #473 ) ;
#548 = CIRCLE ( 'NONE', #384, 0.03937007874015751446 ) ;
#549 = EDGE_LOOP ( 'NONE', ( #378, #16 ) ) ;
#550 = EDGE_CURVE ( 'NONE', #1106, #1143, #122, .T. ) ;
#551 = ORIENTED_EDGE ( 'NONE', *, *, #106, .T. ) ;
#552 = CARTESIAN_POINT ( 'NONE',  ( -11.51890527819463728, 0.03937007874015602954, 4.062500000000000000 ) ) ;
#553 = DIRECTION ( 'NONE',  ( -6.033185646976180259E-12, -1.000000000000000000, 0.000000000000000000 ) ) ;
#554 = CARTESIAN_POINT ( 'NONE',  ( -2.995699737476334779, 3.250009246173481969, 0.1250000000000003053 ) ) ;
#555 = EDGE_LOOP ( 'NONE', ( #137, #799, #1066, #389 ) ) ;
#556 = DIRECTION ( 'NONE',  ( -6.033185646976182682E-12, -1.000000000000000000, 0.000000000000000000 ) ) ;
#557 = AXIS2_PLACEMENT_3D ( 'NONE', #177, #1182, #1031 ) ;
#558 = ORIENTED_EDGE ( 'NONE', *, *, #81, .T. ) ;
#559 = CARTESIAN_POINT ( 'NONE',  ( -10.64893700788146980, 0.3999999999978305909, 0.1250000000000000000 ) ) ;
#560 = FACE_BOUND ( 'NONE', #803, .T. ) ;
#561 = LINE ( 'NONE', #445, #1600 ) ;
#562 = ORIENTED_EDGE ( 'NONE', *, *, #895, .T. ) ;
#563 = FACE_OUTER_BOUND ( 'NONE', #113, .T. ) ;
#564 = VERTEX_POINT ( 'NONE', #1024 ) ;
#565 = EDGE_CURVE ( 'NONE', #1032, #741, #260, .T. ) ;
#566 = FACE_BOUND ( 'NONE', #571, .T. ) ;
#567 = ADVANCED_FACE ( 'NONE', ( #777 ), #1530, .F. ) ;
#568 = CARTESIAN_POINT ( 'NONE',  ( -11.43192246859249650, 0.3599430073836603627, 7.125000000000000000 ) ) ;
#569 = FACE_BOUND ( 'NONE', #1581, .T. ) ;
#570 = EDGE_CURVE ( 'NONE', #1374, #754, #1467, .T. ) ;
#571 = EDGE_LOOP ( 'NONE', ( #705, #539 ) ) ;
#572 = CARTESIAN_POINT ( 'NONE',  ( -10.02000000000745494, 1.125000000000000000, 0.5000000000000000000 ) ) ;
#573 = AXIS2_PLACEMENT_3D ( 'NONE', #1499, #25, #290 ) ;
#574 = ORIENTED_EDGE ( 'NONE', *, *, #1350, .F. ) ;
#575 = DIRECTION ( 'NONE',  ( 1.000000000000000000, 0.000000000000000000, 0.000000000000000000 ) ) ;
#576 = EDGE_CURVE ( 'NONE', #1604, #79, #548, .T. ) ;
#577 = DIRECTION ( 'NONE',  ( 1.000000000000000000, 0.000000000000000000, 0.000000000000000000 ) ) ;
#578 = DIRECTION ( 'NONE',  ( 0.000000000000000000, -0.000000000000000000, 1.000000000000000000 ) ) ;
#579 = ORIENTED_EDGE ( 'NONE', *, *, #1325, .F. ) ;
#580 = DIRECTION ( 'NONE',  ( -1.000000000000000000, -3.672821539240316392E-13, 0.000000000000000000 ) ) ;
#581 = CIRCLE ( 'NONE', #707, 0.07480314960629920462 ) ;
#582 = LINE ( 'NONE', #992, #904 ) ;
#583 = DIRECTION ( 'NONE',  ( -1.000000000000000000, -0.000000000000000000, -0.000000000000000000 ) ) ;
#584 = CARTESIAN_POINT ( 'NONE',  ( -7.596699613499279025, 3.335423539006007410, 0.5000000000000000000 ) ) ;
#585 = EDGE_LOOP ( 'NONE', ( #484, #1515, #1359, #1129 ) ) ;
#586 = DIRECTION ( 'NONE',  ( -0.000000000000000000, -0.000000000000000000, 1.000000000000000000 ) ) ;
#587 = DIRECTION ( 'NONE',  ( 0.000000000000000000, -0.000000000000000000, 1.000000000000000000 ) ) ;
#588 = ORIENTED_EDGE ( 'NONE', *, *, #570, .F. ) ;
#589 = CARTESIAN_POINT ( 'NONE',  ( -0.009999999999999856226, 3.078740157480314821, 7.625000000000000000 ) ) ;
#590 = AXIS2_PLACEMENT_3D ( 'NONE', #1295, #175, #1203 ) ;
#591 = CARTESIAN_POINT ( 'NONE',  ( -2.131062992125984046, 3.550007540169554776, 0.5000000000000000000 ) ) ;
#592 = CARTESIAN_POINT ( 'NONE',  ( -8.401732179010013013, 4.226770918765287988, 0.5000000000000000000 ) ) ;
#593 = CARTESIAN_POINT ( 'NONE',  ( -12.00000000000745537, -2.902315308468913218E-12, 0.5000000000000000000 ) ) ;
#594 = PRODUCT_DEFINITION_FORMATION_WITH_SPECIFIED_SOURCE ( 'ANY', '', #218, .NOT_KNOWN. ) ;
#595 = EDGE_CURVE ( 'NONE', #1446, #837, #657, .T. ) ;
#596 = EDGE_CURVE ( 'NONE', #630, #1013, #969, .T. ) ;
#597 = DIRECTION ( 'NONE',  ( 1.000000000000000000, 0.000000000000000000, 0.000000000000000000 ) ) ;
#598 = CIRCLE ( 'NONE', #257, 0.1289370078740146586 ) ;
#599 = ORIENTED_EDGE ( 'NONE', *, *, #825, .T. ) ;
#600 = DIRECTION ( 'NONE',  ( 0.000000000000000000, 0.000000000000000000, -1.000000000000000000 ) ) ;
#601 = CARTESIAN_POINT ( 'NONE',  ( -10.52000000000745494, 0.3999999999978305909, 0.5000000000000000000 ) ) ;
#602 = ORIENTED_EDGE ( 'NONE', *, *, #73, .F. ) ;
#603 = DIRECTION ( 'NONE',  ( 1.000000000000000000, 1.465815812358036858E-12, 0.000000000000000000 ) ) ;
#604 = CIRCLE ( 'NONE', #1476, 0.1023622047244091005 ) ;
#605 = DIRECTION ( 'NONE',  ( 0.000000000000000000, -0.000000000000000000, 1.000000000000000000 ) ) ;
#606 = ORIENTED_EDGE ( 'NONE', *, *, #1445, .T. ) ;
#607 = CIRCLE ( 'NONE', #1528, 0.1289370078740146586 ) ;
#608 = CARTESIAN_POINT ( 'NONE',  ( -11.43192246859249650, 0.3599430073836603627, 7.125000000000000000 ) ) ;
#609 = CARTESIAN_POINT ( 'NONE',  ( -6.029737240085967009, 3.502209298156671480, 0.5000000000000017764 ) ) ;
#610 = EDGE_LOOP ( 'NONE', ( #168, #606, #1481, #927 ) ) ;
#611 = DIRECTION ( 'NONE',  ( 1.000000000000000000, 0.000000000000000000, 0.000000000000000000 ) ) ;
#612 = B_SPLINE_SURFACE_WITH_KNOTS ( 'NONE', 2, 1, ( 
 ( #453, #957 ),
 ( #1460, #946 ),
 ( #331, #554 ) ),
 .UNSPECIFIED., .F., .F., .F.,
 ( 3, 3 ),
 ( 2, 2 ),
 ( 0.1066649166894186318, 1.000000000000000000 ),
 ( 0.000000000000000000, 1.000000000000000000 ),
 .UNSPECIFIED. ) ;
#613 = ADVANCED_FACE ( 'NONE', ( #1044 ), #298, .F. ) ;
#614 = DIRECTION ( 'NONE',  ( -0.000000000000000000, -0.000000000000000000, -1.000000000000000000 ) ) ;
#615 = VERTEX_POINT ( 'NONE', #1549 ) ;
#616 = LINE ( 'NONE', #1625, #780 ) ;
#617 = CARTESIAN_POINT ( 'NONE',  ( -2.995699737476334779, 3.250009246173481969, 0.1250000000000000000 ) ) ;
#618 = ADVANCED_FACE ( 'NONE', ( #1301 ), #695, .T. ) ;
#619 = AXIS2_PLACEMENT_3D ( 'NONE', #1416, #1133, #1406 ) ;
#620 = CARTESIAN_POINT ( 'NONE',  ( -0.3387401574803147741, 3.171269088694142813, 0.1250000000000000278 ) ) ;
#621 = CARTESIAN_POINT ( 'NONE',  ( -9.645000000006962892, 0.08169685039143663452, 0.2809999999999999720 ) ) ;
#622 = CIRCLE ( 'NONE', #1225, 0.1289370078740157688 ) ;
#623 = VERTEX_POINT ( 'NONE', #1432 ) ;
#624 = VECTOR ( 'NONE', #846, 39.37007874015748143 ) ;
#625 = VECTOR ( 'NONE', #971, 39.37007874015748143 ) ;
#626 = LINE ( 'NONE', #886, #96 ) ;
#627 = CARTESIAN_POINT ( 'NONE',  ( -10.43304370641319068, 1.073189900032606614, 0.5000000000000017764 ) ) ;
#628 = DIRECTION ( 'NONE',  ( 1.000000000000000000, -0.000000000000000000, -0.000000000000000000 ) ) ;
#629 = LINE ( 'NONE', #224, #1510 ) ;
#630 = VERTEX_POINT ( 'NONE', #420 ) ;
#631 = ADVANCED_FACE ( 'NONE', ( #1441 ), #817, .T. ) ;
#632 = DIRECTION ( 'NONE',  ( -0.000000000000000000, 0.000000000000000000, -1.000000000000000000 ) ) ;
#633 = CARTESIAN_POINT ( 'NONE',  ( -4.034044945969948337, 3.838191218570804697, 7.625000000000000000 ) ) ;
#634 = AXIS2_PLACEMENT_3D ( 'NONE', #165, #1312, #181 ) ;
#635 = DIRECTION ( 'NONE',  ( 1.000000000000000000, 0.000000000000000000, -0.000000000000000000 ) ) ;
#636 = CARTESIAN_POINT ( 'NONE',  ( -7.195250251041833245, 3.299861437360654737, 7.125000000000000000 ) ) ;
#637 = B_SPLINE_CURVE_WITH_KNOTS ( 'NONE', 3,
 ( #349, #1102, #1613, #974, #883, #356, #1111, #1237, #1635, #1126, #1353, #1118, #479, #1508, #888, #1479, #126 ),
 .UNSPECIFIED., .F., .F.,
 ( 4, 1, 1, 1, 1, 1, 1, 1, 1, 1, 1, 1, 1, 1, 4 ),
 ( 0.4978318800781477704, 0.4979647820219713639, 0.4980976839657950128, 0.4983634878534423107, 0.4986292917410895531, 0.4988950956287367955, 0.4994267034040313358, 0.4999583111793258761, 0.5004899189546203608, 0.5010215267299149566, 0.5012873306175622545, 0.5015531345052095524, 0.5018189383928568503, 0.5019518403366804993, 0.5020847422805040372 ),
 .UNSPECIFIED. ) ;
#638 = ORIENTED_EDGE ( 'NONE', *, *, #1158, .F. ) ;
#639 = EDGE_LOOP ( 'NONE', ( #1535, #163, #1529, #470 ) ) ;
#640 = ORIENTED_EDGE ( 'NONE', *, *, #844, .T. ) ;
#641 = CARTESIAN_POINT ( 'NONE',  ( -0.6246889304544790411, 3.500000000000000000, 2.496062992125986035 ) ) ;
#642 = DIRECTION ( 'NONE',  ( 0.000000000000000000, 0.000000000000000000, -1.000000000000000000 ) ) ;
#643 = DIRECTION ( 'NONE',  ( -0.000000000000000000, -0.000000000000000000, -1.000000000000000000 ) ) ;
#644 = EDGE_LOOP ( 'NONE', ( #51, #427, #184, #250 ) ) ;
#645 = DIRECTION ( 'NONE',  ( 0.000000000000000000, 0.000000000000000000, 1.000000000000000000 ) ) ;
#646 = AXIS2_PLACEMENT_3D ( 'NONE', #636, #906, #1269 ) ;
#647 = ADVANCED_FACE ( 'NONE', ( #304 ), #1426, .F. ) ;
#648 = ORIENTED_EDGE ( 'NONE', *, *, #545, .F. ) ;
#649 = ORIENTED_EDGE ( 'NONE', *, *, #388, .T. ) ;
#650 = CARTESIAN_POINT ( 'NONE',  ( -10.02000000000745494, 0.000000000000000000, 0.1250000000000000000 ) ) ;
#651 = AXIS2_PLACEMENT_3D ( 'NONE', #393, #36, #635 ) ;
#652 = CARTESIAN_POINT ( 'NONE',  ( -9.941259842520825174, 1.125000000000000000, 0.5000000000000000000 ) ) ;
#653 = ORIENTED_EDGE ( 'NONE', *, *, #1275, .F. ) ;
#654 = DIRECTION ( 'NONE',  ( -0.000000000000000000, -0.000000000000000000, 1.000000000000000000 ) ) ;
#655 = ORIENTED_EDGE ( 'NONE', *, *, #394, .F. ) ;
#656 = VERTEX_POINT ( 'NONE', #1457 ) ;
#657 = LINE ( 'NONE', #1632, #42 ) ;
#658 = CARTESIAN_POINT ( 'NONE',  ( -3.603821597347668604, 3.864248105217955587, 7.625000000000000000 ) ) ;
#659 = CARTESIAN_POINT ( 'NONE',  ( -11.51890527819463728, -1.410659047862154311E-15, 0.5000000000000000000 ) ) ;
#660 = EDGE_LOOP ( 'NONE', ( #1030, #279, #1063, #101, #1555, #1039, #325 ) ) ;
#661 = CARTESIAN_POINT ( 'NONE',  ( -0.01000000000000000021, 3.500000000000000000, 2.625000000000001776 ) ) ;
#662 = ORIENTED_EDGE ( 'NONE', *, *, #1152, .F. ) ;
#663 = ORIENTED_EDGE ( 'NONE', *, *, #1596, .F. ) ;
#664 = FACE_OUTER_BOUND ( 'NONE', #519, .T. ) ;
#665 = CARTESIAN_POINT ( 'NONE',  ( -6.904165687102089777, 2.859144471606787974, 0.5000000000000000000 ) ) ;
#666 = EDGE_CURVE ( 'NONE', #830, #146, #1168, .T. ) ;
#667 = ORIENTED_EDGE ( 'NONE', *, *, #81, .F. ) ;
#668 = CARTESIAN_POINT ( 'NONE',  ( -9.645000000006511698, 0.1564999999977358391, 0.2809999999999999720 ) ) ;
#669 = VERTEX_POINT ( 'NONE', #950 ) ;
#670 = AXIS2_PLACEMENT_3D ( 'NONE', #4, #544, #1399 ) ;
#671 = ORIENTED_EDGE ( 'NONE', *, *, #106, .F. ) ;
#672 = CARTESIAN_POINT ( 'NONE',  ( -0.2599999999999998423, 3.250009246174486499, 0.5000000000000000000 ) ) ;
#673 = VECTOR ( 'NONE', #493, 39.37007874015748143 ) ;
#674 = CIRCLE ( 'NONE', #151, 0.1289370078740146586 ) ;
#675 = FACE_OUTER_BOUND ( 'NONE', #200, .T. ) ;
#676 = FACE_OUTER_BOUND ( 'NONE', #238, .T. ) ;
#677 = VERTEX_POINT ( 'NONE', #315 ) ;
#678 = CARTESIAN_POINT ( 'NONE',  ( -0.6246889304544790411, 3.499999999999982236, 5.125000000000001776 ) ) ;
#679 = AXIS2_PLACEMENT_3D ( 'NONE', #1537, #411, #1413 ) ;
#680 = ORIENTED_EDGE ( 'NONE', *, *, #1265, .F. ) ;
#681 = FACE_OUTER_BOUND ( 'NONE', #699, .T. ) ;
#682 = CARTESIAN_POINT ( 'NONE',  ( -9.941259842520825174, 1.046259842519685179, 0.5000000000000000000 ) ) ;
#683 = CARTESIAN_POINT ( 'NONE',  ( -8.401732179005676926, 4.226770918781314279, 0.4999999999999996114 ) ) ;
#684 = ORIENTED_EDGE ( 'NONE', *, *, #550, .F. ) ;
#685 = DIRECTION ( 'NONE',  ( -0.000000000000000000, -0.000000000000000000, 1.000000000000000000 ) ) ;
#686 = CIRCLE ( 'NONE', #1425, 0.1289370078740157688 ) ;
#687 = ORIENTED_EDGE ( 'NONE', *, *, #1582, .F. ) ;
#688 = EDGE_CURVE ( 'NONE', #837, #410, #425, .T. ) ;
#689 = LINE ( 'NONE', #1199, #1611 ) ;
#690 = LINE ( 'NONE', #1178, #919 ) ;
#691 = CARTESIAN_POINT ( 'NONE',  ( -0.4568503937007872828, 3.678155298302665077, 0.5000000000000000000 ) ) ;
#692 = ORIENTED_EDGE ( 'NONE', *, *, #864, .T. ) ;
#693 = CARTESIAN_POINT ( 'NONE',  ( -7.092888046317598949, 3.299861437360654737, 7.125000000000000000 ) ) ;
#694 = EDGE_LOOP ( 'NONE', ( #243, #21, #558, #194 ) ) ;
#695 = CYLINDRICAL_SURFACE ( 'NONE', #1556, 0.07480314960629917687 ) ;
#696 = LINE ( 'NONE', #329, #202 ) ;
#697 = CARTESIAN_POINT ( 'NONE',  ( -0.009999999999999845818, 2.999999999999999556, 0.5000000000000000000 ) ) ;
#698 = VECTOR ( 'NONE', #1028, 39.37007874015748143 ) ;
#699 = EDGE_LOOP ( 'NONE', ( #811, #1155, #1400, #655, #360 ) ) ;
#700 = LINE ( 'NONE', #88, #1114 ) ;
#701 = AXIS2_PLACEMENT_3D ( 'NONE', #239, #1349, #1088 ) ;
#702 = CARTESIAN_POINT ( 'NONE',  ( -9.645000000006060503, 0.2313031496040350299, 0.2809999999999999720 ) ) ;
#703 = DIRECTION ( 'NONE',  ( -1.000000000000000000, 6.037741648177812616E-12, -0.000000000000000000 ) ) ;
#704 = CARTESIAN_POINT ( 'NONE',  ( -0.01000000000000000021, 3.500000000000000000, 2.753937007874017517 ) ) ;
#705 = ORIENTED_EDGE ( 'NONE', *, *, #1229, .F. ) ;
#706 = CARTESIAN_POINT ( 'NONE',  ( -6.904165687102089777, 2.859144471606787974, 0.000000000000000000 ) ) ;
#707 = AXIS2_PLACEMENT_3D ( 'NONE', #1105, #1472, #1207 ) ;
#708 = CARTESIAN_POINT ( 'NONE',  ( -0.01000000000000000021, 4.250000000000000000, 0.000000000000000000 ) ) ;
#709 = ORIENTED_EDGE ( 'NONE', *, *, #1104, .F. ) ;
#710 = CARTESIAN_POINT ( 'NONE',  ( -0.2599999999999998423, 3.250009246174486499, 0.5000000000000000000 ) ) ;
#711 = ADVANCED_FACE ( 'NONE', ( #1176 ), #1318, .T. ) ;
#712 = CARTESIAN_POINT ( 'NONE',  ( -7.896781800422098208, 2.798939317240902724, 7.625000000000000000 ) ) ;
#713 = DIRECTION ( 'NONE',  ( 1.000000000000000000, -6.037741648177811000E-12, -0.000000000000000000 ) ) ;
#714 = CARTESIAN_POINT ( 'NONE',  ( -0.2599999999999998423, 2.999999999999999556, 0.5000000000000000000 ) ) ;
#715 = EDGE_CURVE ( 'NONE', #980, #669, #689, .T. ) ;
#716 = ADVANCED_FACE ( 'NONE', ( #805, #566, #1292 ), #1575, .F. ) ;
#717 = FACE_OUTER_BOUND ( 'NONE', #1561, .T. ) ;
#718 = ORIENTED_EDGE ( 'NONE', *, *, #388, .F. ) ;
#719 = DIRECTION ( 'NONE',  ( -1.000000000000000000, 0.000000000000000000, 0.000000000000000000 ) ) ;
#720 = CIRCLE ( 'NONE', #619, 0.07874015748031502893 ) ;
#721 = LINE ( 'NONE', #95, #93 ) ;
#722 = ORIENTED_EDGE ( 'NONE', *, *, #864, .F. ) ;
#723 = CARTESIAN_POINT ( 'NONE',  ( -0.2599999999999998423, 3.171269088694142813, 0.1250000000000000000 ) ) ;
#724 = AXIS2_PLACEMENT_3D ( 'NONE', #1501, #847, #1219 ) ;
#725 = CARTESIAN_POINT ( 'NONE',  ( -2.995699737476334779, 3.250009246173481969, 0.5000000000000000000 ) ) ;
#726 = ORIENTED_EDGE ( 'NONE', *, *, #892, .F. ) ;
#727 = LINE ( 'NONE', #476, #625 ) ;
#728 = CARTESIAN_POINT ( 'NONE',  ( -7.896781800422098208, 2.798939317240902724, 0.5000000000000017764 ) ) ;
#729 = CARTESIAN_POINT ( 'NONE',  ( -0.01000000000000000021, 4.250000000000000000, 0.1250000000000000000 ) ) ;
#730 = DIRECTION ( 'NONE',  ( -1.000000000000000000, -1.810530891876991949E-11, 0.000000000000000000 ) ) ;
#731 = ADVANCED_FACE ( 'NONE', ( #681 ), #826, .F. ) ;
#732 = B_SPLINE_CURVE_WITH_KNOTS ( 'NONE', 2,
 ( #1387, #897, #19 ),
 .UNSPECIFIED., .F., .F.,
 ( 3, 3 ),
 ( 0.1066649162851553562, 1.000000000000000000 ),
 .UNSPECIFIED. ) ;
#733 = CARTESIAN_POINT ( 'NONE',  ( -0.08874015748031495454, 2.999999999999999556, 7.625000000000000000 ) ) ;
#734 = ORIENTED_EDGE ( 'NONE', *, *, #1150, .F. ) ;
#735 = EDGE_CURVE ( 'NONE', #1411, #677, #1450, .T. ) ;
#736 = DIRECTION ( 'NONE',  ( 0.000000000000000000, 0.000000000000000000, 1.000000000000000000 ) ) ;
#737 = DIRECTION ( 'NONE',  ( 0.000000000000000000, 0.000000000000000000, 1.000000000000000000 ) ) ;
#738 = VERTEX_POINT ( 'NONE', #559 ) ;
#739 = CARTESIAN_POINT ( 'NONE',  ( -2.999204282093366203, 4.064962340826796527, 7.125000000000000000 ) ) ;
#740 = VECTOR ( 'NONE', #967, 39.37007874015748143 ) ;
#741 = VERTEX_POINT ( 'NONE', #67 ) ;
#742 = B_SPLINE_CURVE_WITH_KNOTS ( 'NONE', 2,
 ( #1606, #1112, #487 ),
 .UNSPECIFIED., .F., .F.,
 ( 3, 3 ),
 ( 0.4975157446537051831, 0.5029051264033409518 ),
 .UNSPECIFIED. ) ;
#743 = LINE ( 'NONE', #114, #1548 ) ;
#744 = CARTESIAN_POINT ( 'NONE',  ( -9.622793897428570276, 1.733245998166847768, 0.5000000000000017764 ) ) ;
#745 = ORIENTED_EDGE ( 'NONE', *, *, #342, .F. ) ;
#746 = FACE_OUTER_BOUND ( 'NONE', #1184, .T. ) ;
#747 = ADVANCED_FACE ( 'NONE', ( #664 ), #34, .F. ) ;
#748 = VECTOR ( 'NONE', #1236, 39.37007874015748143 ) ;
#749 = ORIENTED_EDGE ( 'NONE', *, *, #99, .F. ) ;
#750 = AXIS2_PLACEMENT_3D ( 'NONE', #1465, #1370, #244 ) ;
#751 = CARTESIAN_POINT ( 'NONE',  ( -6.904165687102089777, 2.859144471606787974, 0.1250000000000000000 ) ) ;
#752 = CARTESIAN_POINT ( 'NONE',  ( -11.48821247496662679, 0.01471333665988933982, 7.625000000000000000 ) ) ;
#753 = CARTESIAN_POINT ( 'NONE',  ( -10.02000000000113999, 1.046259842520160355, 0.5000000000000000000 ) ) ;
#754 = VERTEX_POINT ( 'NONE', #1073 ) ;
#755 = VERTEX_POINT ( 'NONE', #451 ) ;
#756 = ORIENTED_EDGE ( 'NONE', *, *, #1200, .F. ) ;
#757 = AXIS2_PLACEMENT_3D ( 'NONE', #668, #398, #1542 ) ;
#758 = PLANE ( 'NONE',  #991 ) ;
#759 = PRODUCT_CONTEXT ( 'NONE', #1417, 'mechanical' ) ;
#760 = CIRCLE ( 'NONE', #188, 0.07480314960629917687 ) ;
#761 = EDGE_CURVE ( 'NONE', #259, #1216, #929, .T. ) ;
#762 = APPLICATION_CONTEXT ( 'automotive_design' ) ;
#763 = ADVANCED_FACE ( 'NONE', ( #1614 ), #1597, .F. ) ;
#764 = CARTESIAN_POINT ( 'NONE',  ( -10.23376186337879545, 1.246249444251213978, 7.625000000000000000 ) ) ;
#765 = DIRECTION ( 'NONE',  ( -1.000000000000000000, 0.000000000000000000, 0.000000000000000000 ) ) ;
#766 = VERTEX_POINT ( 'NONE', #100 ) ;
#767 = DIRECTION ( 'NONE',  ( -1.000000000000000000, 0.000000000000000000, 0.000000000000000000 ) ) ;
#768 = ORIENTED_EDGE ( 'NONE', *, *, #1122, .F. ) ;
#769 = EDGE_LOOP ( 'NONE', ( #588, #1005, #579, #1023 ) ) ;
#770 = CARTESIAN_POINT ( 'NONE',  ( -12.00000000001133671, -8.567075308131129680E-12, 7.625000000000000000 ) ) ;
#771 = DIRECTION ( 'NONE',  ( 1.000000000000000000, -0.000000000000000000, -0.000000000000000000 ) ) ;
#772 = DIRECTION ( 'NONE',  ( 1.000000000000000000, 0.000000000000000000, 0.000000000000000000 ) ) ;
#773 = EDGE_LOOP ( 'NONE', ( #1429, #1348, #692, #785 ) ) ;
#774 = CYLINDRICAL_SURFACE ( 'NONE', #1128, 0.07480314960629917687 ) ;
#775 = ORIENTED_EDGE ( 'NONE', *, *, #1427, .F. ) ;
#776 = ORIENTED_EDGE ( 'NONE', *, *, #1596, .T. ) ;
#777 = FACE_OUTER_BOUND ( 'NONE', #1456, .T. ) ;
#778 = CARTESIAN_POINT ( 'NONE',  ( -3.081068283022196042, 3.875300701890609822, 0.5000000000000017764 ) ) ;
#779 = VECTOR ( 'NONE', #1054, 39.37007874015748143 ) ;
#780 = VECTOR ( 'NONE', #491, 39.37007874015748143 ) ;
#781 = CARTESIAN_POINT ( 'NONE',  ( -9.645000000006511698, 0.1564999999977358391, 0.2809999999999999720 ) ) ;
#782 = SURFACE_SIDE_STYLE ('',( #898 ) ) ;
#783 = ORIENTED_EDGE ( 'NONE', *, *, #1244, .F. ) ;
#784 = CARTESIAN_POINT ( 'NONE',  ( -0.2599999999999998423, 3.500000000000000000, 2.496062992125986035 ) ) ;
#785 = ORIENTED_EDGE ( 'NONE', *, *, #1214, .F. ) ;
#786 = ORIENTED_EDGE ( 'NONE', *, *, #1122, .T. ) ;
#787 = DIRECTION ( 'NONE',  ( -1.000000000000000000, 0.000000000000000000, 0.000000000000000000 ) ) ;
#788 = EDGE_CURVE ( 'NONE', #1015, #954, #1215, .T. ) ;
#789 = AXIS2_PLACEMENT_3D ( 'NONE', #1221, #587, #90 ) ;
#790 = CARTESIAN_POINT ( 'NONE',  ( -10.36712253821147556, 1.131238256234693429, 7.625000000000000000 ) ) ;
#791 = DIRECTION ( 'NONE',  ( 0.000000000000000000, 0.000000000000000000, -1.000000000000000000 ) ) ;
#792 = EDGE_LOOP ( 'NONE', ( #638, #535, #1020, #23 ) ) ;
#793 = CARTESIAN_POINT ( 'NONE',  ( -2.388937007874015972, 3.550007540169554776, 0.000000000000000000 ) ) ;
#794 = ORIENTED_EDGE ( 'NONE', *, *, #455, .T. ) ;
#795 = ORIENTED_EDGE ( 'NONE', *, *, #715, .F. ) ;
#796 = DIRECTION ( 'NONE',  ( -1.000000000000000000, 6.037741648177812616E-12, -0.000000000000000000 ) ) ;
#797 = CARTESIAN_POINT ( 'NONE',  ( -10.43304370641319068, 1.073189900032606614, 7.625000000000001776 ) ) ;
#798 = DIRECTION ( 'NONE',  ( -0.000000000000000000, -0.000000000000000000, -1.000000000000000000 ) ) ;
#799 = ORIENTED_EDGE ( 'NONE', *, *, #820, .T. ) ;
#800 = DIRECTION ( 'NONE',  ( 1.000000000000000000, 0.000000000000000000, 0.000000000000000000 ) ) ;
#801 = CIRCLE ( 'NONE', #195, 0.1023622047579720445 ) ;
#802 = ADVANCED_FACE ( 'NONE', ( #833, #480, #228, #236 ), #1097, .F. ) ;
#803 = EDGE_LOOP ( 'NONE', ( #1516, #297 ) ) ;
#804 = EDGE_CURVE ( 'NONE', #210, #1141, #1588, .T. ) ;
#805 = FACE_BOUND ( 'NONE', #289, .T. ) ;
#806 = VECTOR ( 'NONE', #882, 39.37007874015748143 ) ;
#807 = AXIS2_PLACEMENT_3D ( 'NONE', #1277, #1138, #271 ) ;
#808 = CARTESIAN_POINT ( 'NONE',  ( -2.999204282093366203, 4.064962340826796527, 7.125000000000000000 ) ) ;
#809 = CARTESIAN_POINT ( 'NONE',  ( -0.1812598425196848828, 2.999999999999999556, 7.625000000000000000 ) ) ;
#810 = EDGE_CURVE ( 'NONE', #1536, #301, #851, .T. ) ;
#811 = ORIENTED_EDGE ( 'NONE', *, *, #866, .F. ) ;
#812 = CARTESIAN_POINT ( 'NONE',  ( -3.101566486851337956, 4.064962340826796527, 7.125000000000000000 ) ) ;
#813 = CIRCLE ( 'NONE', #1494, 0.07874015748031495954 ) ;
#814 = EDGE_CURVE ( 'NONE', #1205, #522, #843, .T. ) ;
#815 = VERTEX_POINT ( 'NONE', #1238 ) ;
#816 = ADVANCED_BREP_SHAPE_REPRESENTATION ( '3dprint_ramp', ( #1394, #807 ), #1201 ) ;
#817 = CYLINDRICAL_SURFACE ( 'NONE', #1210, 0.07874015748031495954 ) ;
#818 = DIRECTION ( 'NONE',  ( 0.000000000000000000, 0.000000000000000000, -1.000000000000000000 ) ) ;
#819 = CARTESIAN_POINT ( 'NONE',  ( -2.999999999963041120, 4.250000000004347633, 0.4999999999999996114 ) ) ;
#820 = EDGE_CURVE ( 'NONE', #47, #1032, #686, .T. ) ;
#821 = ORIENTED_EDGE ( 'NONE', *, *, #1564, .T. ) ;
#822 = CARTESIAN_POINT ( 'NONE',  ( -3.000000000000000444, 4.250000000000000000, 0.1250000000000000000 ) ) ;
#823 = AXIS2_PLACEMENT_3D ( 'NONE', #173, #428, #1557 ) ;
#824 = ORIENTED_EDGE ( 'NONE', *, *, #183, .F. ) ;
#825 = EDGE_CURVE ( 'NONE', #1141, #815, #581, .T. ) ;
#826 = PLANE ( 'NONE',  #1344 ) ;
#827 = ADVANCED_FACE ( 'NONE', ( #717 ), #1622, .F. ) ;
#828 = CARTESIAN_POINT ( 'NONE',  ( -11.48821247496663034, 0.01471333665988965554, 7.625000000000001776 ) ) ;
#829 = DIRECTION ( 'NONE',  ( 1.000000000000000000, 0.000000000000000000, 0.000000000000000000 ) ) ;
#830 = VERTEX_POINT ( 'NONE', #725 ) ;
#831 = DIRECTION ( 'NONE',  ( 1.000000000000000000, 0.000000000000000000, 0.000000000000000000 ) ) ;
#832 = AXIS2_PLACEMENT_3D ( 'NONE', #1140, #273, #772 ) ;
#833 = FACE_BOUND ( 'NONE', #1315, .T. ) ;
#834 = CARTESIAN_POINT ( 'NONE',  ( -10.43304370641319068, 1.073189900032606614, 0.4999999999999996114 ) ) ;
#835 = DIRECTION ( 'NONE',  ( -1.229331597148918448E-16, 1.000000000000000000, 0.000000000000000000 ) ) ;
#836 = AXIS2_PLACEMENT_3D ( 'NONE', #1428, #444, #1202 ) ;
#837 = VERTEX_POINT ( 'NONE', #733 ) ;
#838 = DIRECTION ( 'NONE',  ( -3.672821539240316392E-13, 1.000000000000000000, 0.000000000000000000 ) ) ;
#839 = AXIS2_PLACEMENT_3D ( 'NONE', #608, #978, #94 ) ;
#840 = ADVANCED_FACE ( 'NONE', ( #963 ), #111, .F. ) ;
#841 = EDGE_CURVE ( 'NONE', #358, #766, #742, .T. ) ;
#842 = EDGE_CURVE ( 'NONE', #71, #241, #582, .T. ) ;
#843 = LINE ( 'NONE', #1361, #296 ) ;
#844 = EDGE_CURVE ( 'NONE', #1216, #259, #1263, .T. ) ;
#845 = CARTESIAN_POINT ( 'NONE',  ( -11.51890527819463728, 0.03937007874015602954, 7.625000000000000000 ) ) ;
#846 = DIRECTION ( 'NONE',  ( -0.000000000000000000, -0.000000000000000000, -1.000000000000000000 ) ) ;
#847 = DIRECTION ( 'NONE',  ( -4.513118890968097721E-13, 1.000000000000000000, 0.000000000000000000 ) ) ;
#848 = CARTESIAN_POINT ( 'NONE',  ( -0.2599999999999998423, 3.499999999999982236, 5.125000000000001776 ) ) ;
#849 = VECTOR ( 'NONE', #1281, 39.37007874015748143 ) ;
#850 = VECTOR ( 'NONE', #83, 39.37007874015748143 ) ;
#851 = LINE ( 'NONE', #970, #850 ) ;
#852 = ORIENTED_EDGE ( 'NONE', *, *, #1560, .T. ) ;
#853 = DIRECTION ( 'NONE',  ( 0.000000000000000000, 0.000000000000000000, 1.000000000000000000 ) ) ;
#854 = CARTESIAN_POINT ( 'NONE',  ( -9.964842672219567987, 1.468494887797080040, 7.625000000000000000 ) ) ;
#855 = CARTESIAN_POINT ( 'NONE',  ( -12.00000000000898837, -2.070740779197511623E-12, 0.1250000000000003053 ) ) ;
#856 = CARTESIAN_POINT ( 'NONE',  ( -2.131062992125984046, 3.550007540169554776, 0.1250000000000000000 ) ) ;
#857 = LINE ( 'NONE', #708, #75 ) ;
#858 = VERTEX_POINT ( 'NONE', #977 ) ;
#859 = FACE_OUTER_BOUND ( 'NONE', #1051, .T. ) ;
#860 = VECTOR ( 'NONE', #247, 39.37007874015748143 ) ;
#861 = CARTESIAN_POINT ( 'NONE',  ( -8.632516927614535263, 2.395576069641946582, 0.5000000000000017764 ) ) ;
#862 = VERTEX_POINT ( 'NONE', #335 ) ;
#863 = DIRECTION ( 'NONE',  ( -1.000000000000000000, 6.037741648177812616E-12, -0.000000000000000000 ) ) ;
#864 = EDGE_CURVE ( 'NONE', #1604, #1488, #160, .T. ) ;
#865 = CLOSED_SHELL ( 'NONE', ( #1495, #426, #747, #1250, #1386, #1235, #875, #1127, #840, #763, #802, #9, #647, #1090, #567, #287, #1302, #631, #458, #254, #827, #1471, #1145, #1147, #1448, #716, #391, #1414, #472, #933, #157, #1422, #274, #618, #613, #1420, #731, #711, #49, #1619, #251, #403, #306, #1369, #171, #249, #237, #102, #1282 ) ) ;
#866 = EDGE_CURVE ( 'NONE', #15, #434, #857, .T. ) ;
#867 = AXIS2_PLACEMENT_3D ( 'NONE', #123, #1241, #1484 ) ;
#868 = EDGE_CURVE ( 'NONE', #1173, #210, #1503, .T. ) ;
#869 = DIRECTION ( 'NONE',  ( 1.000000000000000000, 0.000000000000000000, 0.000000000000000000 ) ) ;
#870 = ORIENTED_EDGE ( 'NONE', *, *, #1029, .F. ) ;
#871 = CARTESIAN_POINT ( 'NONE',  ( -11.32956026386808723, 0.3599430073836603627, 7.125000000000000000 ) ) ;
#872 = CARTESIAN_POINT ( 'NONE',  ( -9.964842672219567987, 1.468494887797080040, 0.5000000000000017764 ) ) ;
#873 = FACE_OUTER_BOUND ( 'NONE', #1365, .T. ) ;
#874 = PLANE ( 'NONE',  #198 ) ;
#875 = ADVANCED_FACE ( 'NONE', ( #30 ), #774, .T. ) ;
#876 = EDGE_CURVE ( 'NONE', #192, #983, #162, .T. ) ;
#877 = AXIS2_PLACEMENT_3D ( 'NONE', #1565, #435, #575 ) ;
#878 = CARTESIAN_POINT ( 'NONE',  ( -10.52000000000745494, 0.3999999999978305909, 0.1250000000000000000 ) ) ;
#879 = ORIENTED_EDGE ( 'NONE', *, *, #1096, .T. ) ;
#880 = CARTESIAN_POINT ( 'NONE',  ( -2.999999999962236874, 4.249999999999366729, 7.625000000000000000 ) ) ;
#881 = CARTESIAN_POINT ( 'NONE',  ( -10.36712253821147556, 1.131238256234693429, 0.5000000000000017764 ) ) ;
#882 = DIRECTION ( 'NONE',  ( -0.000000000000000000, -0.000000000000000000, -1.000000000000000000 ) ) ;
#883 = CARTESIAN_POINT ( 'NONE',  ( -9.622793897428570276, 1.733245998166847768, 0.5000000000000000000 ) ) ;
#884 = CIRCLE ( 'NONE', #1458, 0.1289370078740157688 ) ;
#885 = ORIENTED_EDGE ( 'NONE', *, *, #373, .F. ) ;
#886 = CARTESIAN_POINT ( 'NONE',  ( -0.009999999999999845818, 2.999999999999999556, 0.1250000000000000000 ) ) ;
#887 = CARTESIAN_POINT ( 'NONE',  ( 0.000000000000000000, 4.250000000000000000, 0.1250000000000000000 ) ) ;
#888 = CARTESIAN_POINT ( 'NONE',  ( -3.256433681011904113, 3.874063665881263496, 0.5000000000000000000 ) ) ;
#889 = EDGE_LOOP ( 'NONE', ( #726, #1518, #313, #775 ) ) ;
#890 = CIRCLE ( 'NONE', #1514, 0.1289370078740157688 ) ;
#891 = ORIENTED_EDGE ( 'NONE', *, *, #130, .T. ) ;
#892 = EDGE_CURVE ( 'NONE', #488, #656, #760, .T. ) ;
#893 = AXIS2_PLACEMENT_3D ( 'NONE', #60, #1067, #540 ) ;
#894 = DIRECTION ( 'NONE',  ( -1.000000000000000000, 6.037741648177811000E-12, 0.000000000000000000 ) ) ;
#895 = EDGE_CURVE ( 'NONE', #192, #738, #607, .T. ) ;
#896 = EDGE_CURVE ( 'NONE', #1251, #522, #107, .T. ) ;
#897 = CARTESIAN_POINT ( 'NONE',  ( -6.572822994575618694, 3.262072931066555270, 0.5000000000000000000 ) ) ;
#898 = SURFACE_STYLE_FILL_AREA ( #1036 ) ;
#899 = ORIENTED_EDGE ( 'NONE', *, *, #1591, .F. ) ;
#900 = EDGE_LOOP ( 'NONE', ( #574, #454, #917, #1403 ) ) ;
#901 = ORIENTED_EDGE ( 'NONE', *, *, #77, .T. ) ;
#902 = AXIS2_PLACEMENT_3D ( 'NONE', #678, #1272, #1049 ) ;
#903 = CARTESIAN_POINT ( 'NONE',  ( -3.000000000000000444, 4.250000000000000000, 0.5000000000000000000 ) ) ;
#904 = VECTOR ( 'NONE', #1079, 39.37007874015748143 ) ;
#905 = CARTESIAN_POINT ( 'NONE',  ( -0.3387401574803436954, 3.250009246174457633, 0.5000000000000000000 ) ) ;
#906 = DIRECTION ( 'NONE',  ( 0.000000000000000000, 0.000000000000000000, 1.000000000000000000 ) ) ;
#907 = ORIENTED_EDGE ( 'NONE', *, *, #495, .T. ) ;
#908 = DIRECTION ( 'NONE',  ( 0.000000000000000000, 0.000000000000000000, -1.000000000000000000 ) ) ;
#909 = ORIENTED_EDGE ( 'NONE', *, *, #135, .T. ) ;
#910 = EDGE_LOOP ( 'NONE', ( #284, #999 ) ) ;
#911 = DIRECTION ( 'NONE',  ( 1.000000000000000000, -0.000000000000000000, -0.000000000000000000 ) ) ;
#912 = DIRECTION ( 'NONE',  ( -1.000000000000000000, 0.000000000000000000, 0.000000000000000000 ) ) ;
#913 = CARTESIAN_POINT ( 'NONE',  ( -0.2599999999999998423, 3.078740157480314821, 7.625000000000000000 ) ) ;
#914 = AXIS2_PLACEMENT_3D ( 'NONE', #319, #1191, #831 ) ;
#915 = ORIENTED_EDGE ( 'NONE', *, *, #1576, .T. ) ;
#916 = CARTESIAN_POINT ( 'NONE',  ( -10.02000000000191093, 0.9183110236220471956, 0.2810000000000023590 ) ) ;
#917 = ORIENTED_EDGE ( 'NONE', *, *, #530, .T. ) ;
#918 = ORIENTED_EDGE ( 'NONE', *, *, #1270, .F. ) ;
#919 = VECTOR ( 'NONE', #182, 39.37007874015748143 ) ;
#920 = DIRECTION ( 'NONE',  ( 0.000000000000000000, 0.000000000000000000, 1.000000000000000000 ) ) ;
#921 = AXIS2_PLACEMENT_3D ( 'NONE', #697, #1337, #208 ) ;
#922 = CARTESIAN_POINT ( 'NONE',  ( -3.603821597347668604, 3.864248105217955587, 7.625000000000000000 ) ) ;
#923 = CARTESIAN_POINT ( 'NONE',  ( -9.412167433482155232, 1.203740157480315265, 0.3125000000000000555 ) ) ;
#924 = ORIENTED_EDGE ( 'NONE', *, *, #341, .F. ) ;
#925 = CARTESIAN_POINT ( 'NONE',  ( -10.64893700788146980, 0.3999999999978305909, 0.000000000000000000 ) ) ;
#926 = ORIENTED_EDGE ( 'NONE', *, *, #1183, .F. ) ;
#927 = ORIENTED_EDGE ( 'NONE', *, *, #1275, .T. ) ;
#928 = DIRECTION ( 'NONE',  ( -1.000000000000000000, 0.000000000000000000, 0.000000000000000000 ) ) ;
#929 = CIRCLE ( 'NONE', #396, 0.1289370078740160186 ) ;
#930 = CARTESIAN_POINT ( 'NONE',  ( -9.645000000006962892, 0.08169685039143663452, 0.2809999999999999720 ) ) ;
#931 = LINE ( 'NONE', #264, #1038 ) ;
#932 = ORIENTED_EDGE ( 'NONE', *, *, #1078, .T. ) ;
#933 = ADVANCED_FACE ( 'NONE', ( #520 ), #1308, .F. ) ;
#934 = DIRECTION ( 'NONE',  ( 0.000000000000000000, 0.000000000000000000, -1.000000000000000000 ) ) ;
#935 = ORIENTED_EDGE ( 'NONE', *, *, #1305, .T. ) ;
#936 = DIRECTION ( 'NONE',  ( 0.000000000000000000, 0.000000000000000000, -1.000000000000000000 ) ) ;
#937 = CARTESIAN_POINT ( 'NONE',  ( -9.645000000006060503, 0.2313031496040350299, 0.2809999999999999720 ) ) ;
#938 = FACE_OUTER_BOUND ( 'NONE', #1296, .T. ) ;
#939 = ORIENTED_EDGE ( 'NONE', *, *, #1595, .T. ) ;
#940 = CARTESIAN_POINT ( 'NONE',  ( -11.53428467331690577, 0.3599430073836603627, 7.625000000000000000 ) ) ;
#941 = VECTOR ( 'NONE', #57, 39.37007874015748143 ) ;
#942 = VERTEX_POINT ( 'NONE', #144 ) ;
#943 = DIRECTION ( 'NONE',  ( -0.000000000000000000, -0.000000000000000000, 1.000000000000000000 ) ) ;
#944 = AXIS2_PLACEMENT_3D ( 'NONE', #207, #703, #553 ) ;
#945 = FACE_OUTER_BOUND ( 'NONE', #318, .T. ) ;
#946 = CARTESIAN_POINT ( 'NONE',  ( -6.572822992956853128, 3.262072931061096082, 0.1250000000000003053 ) ) ;
#947 = ORIENTED_EDGE ( 'NONE', *, *, #1519, .T. ) ;
#948 = DIRECTION ( 'NONE',  ( 1.000000000000000000, 0.000000000000000000, 0.000000000000000000 ) ) ;
#949 = VERTEX_POINT ( 'NONE', #1408 ) ;
#950 = CARTESIAN_POINT ( 'NONE',  ( -0.01000000000000000021, 3.499999999999982236, 4.996062992125986035 ) ) ;
#951 = CARTESIAN_POINT ( 'NONE',  ( -0.2599999999999998423, 3.499999999999982236, 5.253937007874017517 ) ) ;
#952 = VERTEX_POINT ( 'NONE', #1553 ) ;
#953 = CARTESIAN_POINT ( 'NONE',  ( -7.033102694976105518, 2.859144471606787974, 0.000000000000000000 ) ) ;
#954 = VERTEX_POINT ( 'NONE', #1534 ) ;
#955 = DIRECTION ( 'NONE',  ( -6.033185646976182682E-12, -1.000000000000000000, 0.000000000000000000 ) ) ;
#956 = FACE_OUTER_BOUND ( 'NONE', #1473, .T. ) ;
#957 = CARTESIAN_POINT ( 'NONE',  ( -9.364532608544719139, 1.141042981681043900, 0.1250000000000003053 ) ) ;
#958 = EDGE_CURVE ( 'NONE', #669, #615, #104, .T. ) ;
#959 = ORIENTED_EDGE ( 'NONE', *, *, #804, .T. ) ;
#960 = CYLINDRICAL_SURFACE ( 'NONE', #1262, 0.1289370078740157688 ) ;
#961 = VECTOR ( 'NONE', #1213, 39.37007874015748143 ) ;
#962 = VECTOR ( 'NONE', #1243, 39.37007874015748143 ) ;
#963 = FACE_OUTER_BOUND ( 'NONE', #900, .T. ) ;
#964 = DIRECTION ( 'NONE',  ( 1.000000000000000000, 0.000000000000000000, 0.000000000000000000 ) ) ;
#965 = LINE ( 'NONE', #1559, #381 ) ;
#966 = EDGE_LOOP ( 'NONE', ( #1498, #988, #824, #1461 ) ) ;
#967 = DIRECTION ( 'NONE',  ( -0.000000000000000000, -0.000000000000000000, 1.000000000000000000 ) ) ;
#968 = PRODUCT_DEFINITION_CONTEXT ( 'detailed design', #762, 'design' ) ;
#969 = CIRCLE ( 'NONE', #679, 0.07480314960629917687 ) ;
#970 = CARTESIAN_POINT ( 'NONE',  ( -7.297612455766067541, 3.299861437360654737, 7.125000000000000000 ) ) ;
#971 = DIRECTION ( 'NONE',  ( -0.000000000000000000, -0.000000000000000000, -1.000000000000000000 ) ) ;
#972 = CARTESIAN_POINT ( 'NONE',  ( -9.203491305123582933, 2.029416434001686920, 7.625000000000000000 ) ) ;
#973 = EDGE_LOOP ( 'NONE', ( #1042, #1533 ) ) ;
#974 = CARTESIAN_POINT ( 'NONE',  ( -9.964842672219567987, 1.468494887797080040, 0.5000000000000000000 ) ) ;
#975 = AXIS2_PLACEMENT_3D ( 'NONE', #878, #934, #276 ) ;
#976 = VECTOR ( 'NONE', #1430, 39.37007874015748143 ) ;
#977 = CARTESIAN_POINT ( 'NONE',  ( -0.2599999999999998423, 3.678155298302665077, 0.5000000000000000000 ) ) ;
#978 = DIRECTION ( 'NONE',  ( 0.000000000000000000, 0.000000000000000000, 1.000000000000000000 ) ) ;
#979 = CARTESIAN_POINT ( 'NONE',  ( -8.401732179004161694, 4.226770918760504259, 0.1250000000000000000 ) ) ;
#980 = VERTEX_POINT ( 'NONE', #424 ) ;
#981 = FACE_OUTER_BOUND ( 'NONE', #537, .T. ) ;
#982 = CARTESIAN_POINT ( 'NONE',  ( -7.195250251041833245, 3.299861437360654737, 7.125000000000000000 ) ) ;
#983 = VERTEX_POINT ( 'NONE', #48 ) ;
#984 = CYLINDRICAL_SURFACE ( 'NONE', #1045, 0.1023622047244091005 ) ;
#985 = EDGE_CURVE ( 'NONE', #1454, #741, #1609, .T. ) ;
#986 = DIRECTION ( 'NONE',  ( -0.000000000000000000, -0.000000000000000000, 1.000000000000000000 ) ) ;
#987 = B_SPLINE_CURVE_WITH_KNOTS ( 'NONE', 2,
 ( #1252, #1493, #593 ),
 .UNSPECIFIED., .F., .F.,
 ( 3, 3 ),
 ( 0.4975157446537230022, 0.5029051264033326252 ),
 .UNSPECIFIED. ) ;
#988 = ORIENTED_EDGE ( 'NONE', *, *, #788, .F. ) ;
#989 = CARTESIAN_POINT ( 'NONE',  ( -0.1812598425196848828, 2.999999999999999556, 0.1250000000000000000 ) ) ;
#990 = CIRCLE ( 'NONE', #203, 0.07874015748031495954 ) ;
#991 = AXIS2_PLACEMENT_3D ( 'NONE', #1286, #894, #1130 ) ;
#992 = CARTESIAN_POINT ( 'NONE',  ( -2.896842077335394006, 4.064962340826796527, 7.125000000000000000 ) ) ;
#993 = ORIENTED_EDGE ( 'NONE', *, *, #868, .F. ) ;
#994 = DIRECTION ( 'NONE',  ( 0.000000000000000000, -0.000000000000000000, 1.000000000000000000 ) ) ;
#995 = CARTESIAN_POINT ( 'NONE',  ( -3.000000000000000444, 4.250000000000000000, 0.1250000000000000000 ) ) ;
#996 = CARTESIAN_POINT ( 'NONE',  ( -9.412167433482155232, 1.125000000000000000, 0.1249999999999999029 ) ) ;
#997 = DIRECTION ( 'NONE',  ( 1.000000000000000000, -0.000000000000000000, -0.000000000000000000 ) ) ;
#998 = VECTOR ( 'NONE', #196, 39.37007874015748143 ) ;
#999 = ORIENTED_EDGE ( 'NONE', *, *, #371, .T. ) ;
#1000 = LINE ( 'NONE', #903, #466 ) ;
#1001 = DIRECTION ( 'NONE',  ( 0.000000000000000000, 0.000000000000000000, 1.000000000000000000 ) ) ;
#1002 = LINE ( 'NONE', #1294, #698 ) ;
#1003 = DIRECTION ( 'NONE',  ( 0.000000000000000000, -0.000000000000000000, -1.000000000000000000 ) ) ;
#1004 = EDGE_CURVE ( 'NONE', #1381, #1232, #1021, .T. ) ;
#1005 = ORIENTED_EDGE ( 'NONE', *, *, #206, .F. ) ;
#1006 = EDGE_CURVE ( 'NONE', #348, #1135, #604, .T. ) ;
#1007 = EDGE_CURVE ( 'NONE', #210, #1173, #131, .T. ) ;
#1008 = CARTESIAN_POINT ( 'NONE',  ( -7.195250251041833245, 3.299861437360654737, 7.625000000000000000 ) ) ;
#1009 = VECTOR ( 'NONE', #1197, 39.37007874015748143 ) ;
#1010 = CARTESIAN_POINT ( 'NONE',  ( -0.3387401574803147741, 3.171269088694142813, 0.5000000000000000000 ) ) ;
#1011 = CARTESIAN_POINT ( 'NONE',  ( -0.6246889304544790411, 3.500000000000000000, 2.625000000000001776 ) ) ;
#1012 = EDGE_LOOP ( 'NONE', ( #1572, #1261 ) ) ;
#1013 = VERTEX_POINT ( 'NONE', #916 ) ;
#1014 = AXIS2_PLACEMENT_3D ( 'NONE', #584, #461, #1466 ) ;
#1015 = VERTEX_POINT ( 'NONE', #363 ) ;
#1016 = AXIS2_PLACEMENT_3D ( 'NONE', #1080, #1608, #994 ) ;
#1017 = DIRECTION ( 'NONE',  ( 1.000000000000000000, 0.000000000000000000, 0.000000000000000000 ) ) ;
#1018 = DIRECTION ( 'NONE',  ( -0.000000000000000000, -0.000000000000000000, 1.000000000000000000 ) ) ;
#1019 = FACE_OUTER_BOUND ( 'NONE', #792, .T. ) ;
#1020 = ORIENTED_EDGE ( 'NONE', *, *, #842, .T. ) ;
#1021 = LINE ( 'NONE', #528, #849 ) ;
#1022 = ORIENTED_EDGE ( 'NONE', *, *, #495, .F. ) ;
#1023 = ORIENTED_EDGE ( 'NONE', *, *, #486, .F. ) ;
#1024 = CARTESIAN_POINT ( 'NONE',  ( -11.48821247496662679, 0.01471333665988933982, 7.625000000000000000 ) ) ;
#1025 = APPLICATION_PROTOCOL_DEFINITION ( 'draft international standard', 'automotive_design', 1998, #1417 ) ;
#1026 = AXIS2_PLACEMENT_3D ( 'NONE', #357, #605, #869 ) ;
#1027 = EDGE_CURVE ( 'NONE', #738, #192, #50, .T. ) ;
#1028 = DIRECTION ( 'NONE',  ( 0.000000000000000000, -0.000000000000000000, 1.000000000000000000 ) ) ;
#1029 = EDGE_CURVE ( 'NONE', #766, #1146, #416, .T. ) ;
#1030 = ORIENTED_EDGE ( 'NONE', *, *, #373, .T. ) ;
#1031 = DIRECTION ( 'NONE',  ( 6.033185646976180259E-12, 1.000000000000000000, 0.000000000000000000 ) ) ;
#1032 = VERTEX_POINT ( 'NONE', #784 ) ;
#1033 = VERTEX_POINT ( 'NONE', #1289 ) ;
#1034 = CARTESIAN_POINT ( 'NONE',  ( -9.645000000001910934, 0.9183110236197830067, 0.2810000000000023590 ) ) ;
#1035 = CARTESIAN_POINT ( 'NONE',  ( -9.964842672219567987, 1.468494887797080040, 7.625000000000000000 ) ) ;
#1036 = FILL_AREA_STYLE ('',( #167 ) ) ;
#1037 = EDGE_CURVE ( 'NONE', #738, #1033, #1171, .T. ) ;
#1038 = VECTOR ( 'NONE', #643, 39.37007874015748143 ) ;
#1039 = ORIENTED_EDGE ( 'NONE', *, *, #541, .F. ) ;
#1040 = CARTESIAN_POINT ( 'NONE',  ( -0.01000000000000000021, 3.499999999999982236, 5.125000000000001776 ) ) ;
#1041 = ORIENTED_EDGE ( 'NONE', *, *, #371, .F. ) ;
#1042 = ORIENTED_EDGE ( 'NONE', *, *, #1560, .F. ) ;
#1043 = CIRCLE ( 'NONE', #836, 0.1289370078740160186 ) ;
#1044 = FACE_OUTER_BOUND ( 'NONE', #660, .T. ) ;
#1045 = AXIS2_PLACEMENT_3D ( 'NONE', #1589, #1363, #964 ) ;
#1046 = DIRECTION ( 'NONE',  ( 0.000000000000000000, 0.000000000000000000, 1.000000000000000000 ) ) ;
#1047 = CARTESIAN_POINT ( 'NONE',  ( -9.412167433482155232, 1.125000000000000000, 0.5000000000000000000 ) ) ;
#1048 = ORIENTED_EDGE ( 'NONE', *, *, #136, .F. ) ;
#1049 = DIRECTION ( 'NONE',  ( 0.000000000000000000, 0.000000000000000000, -1.000000000000000000 ) ) ;
#1050 = EDGE_LOOP ( 'NONE', ( #179, #907, #939, #442 ) ) ;
#1051 = EDGE_LOOP ( 'NONE', ( #879, #1255, #783, #1330 ) ) ;
#1052 = DIRECTION ( 'NONE',  ( -0.000000000000000000, -0.000000000000000000, -1.000000000000000000 ) ) ;
#1053 = CARTESIAN_POINT ( 'NONE',  ( -10.99592212924266654, 0.5653582816520398291, 7.625000000000000000 ) ) ;
#1054 = DIRECTION ( 'NONE',  ( 1.000000000000000000, 1.224646799147353207E-16, 0.000000000000000000 ) ) ;
#1055 = ORIENTED_EDGE ( 'NONE', *, *, #1163, .T. ) ;
#1056 = LINE ( 'NONE', #953, #392 ) ;
#1057 = EDGE_CURVE ( 'NONE', #259, #755, #38, .T. ) ;
#1058 = EDGE_CURVE ( 'NONE', #309, #615, #547, .T. ) ;
#1059 = ORIENTED_EDGE ( 'NONE', *, *, #1576, .F. ) ;
#1060 = CARTESIAN_POINT ( 'NONE',  ( 0.000000000000000000, 4.250000000000000000, 0.1250000000000000000 ) ) ;
#1061 = FACE_BOUND ( 'NONE', #1552, .T. ) ;
#1062 = LINE ( 'NONE', #1081, #312 ) ;
#1063 = ORIENTED_EDGE ( 'NONE', *, *, #58, .F. ) ;
#1064 = CARTESIAN_POINT ( 'NONE',  ( -10.02000000000605873, 0.2313031496062991910, 0.2809999999999999720 ) ) ;
#1065 = AXIS2_PLACEMENT_3D ( 'NONE', #118, #997, #242 ) ;
#1066 = ORIENTED_EDGE ( 'NONE', *, *, #565, .T. ) ;
#1067 = DIRECTION ( 'NONE',  ( -1.224646799147353207E-16, 1.000000000000000000, 0.000000000000000000 ) ) ;
#1068 = CARTESIAN_POINT ( 'NONE',  ( -2.896842077335394006, 4.064962340826796527, 7.625000000000000000 ) ) ;
#1069 = FACE_BOUND ( 'NONE', #1384, .T. ) ;
#1070 = ORIENTED_EDGE ( 'NONE', *, *, #446, .F. ) ;
#1071 = PLANE ( 'NONE',  #147 ) ;
#1072 = ORIENTED_EDGE ( 'NONE', *, *, #541, .T. ) ;
#1073 = CARTESIAN_POINT ( 'NONE',  ( -9.364532611071398449, 1.141042979761373255, 0.5000000000000000000 ) ) ;
#1074 = CYLINDRICAL_SURFACE ( 'NONE', #124, 0.07874015748031502893 ) ;
#1075 = DIRECTION ( 'NONE',  ( 1.000000000000000000, 0.000000000000000000, 0.000000000000000000 ) ) ;
#1076 = ORIENTED_EDGE ( 'NONE', *, *, #449, .T. ) ;
#1077 = FACE_BOUND ( 'NONE', #1211, .T. ) ;
#1078 = EDGE_CURVE ( 'NONE', #1389, #1135, #64, .T. ) ;
#1079 = DIRECTION ( 'NONE',  ( -0.000000000000000000, -0.000000000000000000, 1.000000000000000000 ) ) ;
#1080 = CARTESIAN_POINT ( 'NONE',  ( -10.02000000000745494, 1.125000000000000000, -1.452344677647250171 ) ) ;
#1081 = CARTESIAN_POINT ( 'NONE',  ( -9.645000000002815099, 0.7687047244071847363, 0.2810000000000023590 ) ) ;
#1082 = ORIENTED_EDGE ( 'NONE', *, *, #502, .T. ) ;
#1083 = LINE ( 'NONE', #572, #1245 ) ;
#1084 = CIRCLE ( 'NONE', #32, 0.07480314960629917687 ) ;
#1085 =( GEOMETRIC_REPRESENTATION_CONTEXT ( 3 ) GLOBAL_UNCERTAINTY_ASSIGNED_CONTEXT ( ( #1259 ) ) GLOBAL_UNIT_ASSIGNED_CONTEXT ( ( #526, #1532, #405 ) ) REPRESENTATION_CONTEXT ( 'NONE', 'WORKASPACE' ) );
#1086 = CARTESIAN_POINT ( 'NONE',  ( -2.999204282093366203, 4.064962340826796527, 7.125000000000000000 ) ) ;
#1087 = ORIENTED_EDGE ( 'NONE', *, *, #235, .T. ) ;
#1088 = DIRECTION ( 'NONE',  ( 1.000000000000000000, 0.000000000000000000, 0.000000000000000000 ) ) ;
#1089 = DIRECTION ( 'NONE',  ( 1.000000000000000000, 0.000000000000000000, 0.000000000000000000 ) ) ;
#1090 = ADVANCED_FACE ( 'NONE', ( #326 ), #960, .F. ) ;
#1091 = EDGE_CURVE ( 'NONE', #1563, #1192, #1056, .T. ) ;
#1092 = VECTOR ( 'NONE', #628, 39.37007874015748143 ) ;
#1093 = AXIS2_PLACEMENT_3D ( 'NONE', #1568, #317, #1434 ) ;
#1094 = ORIENTED_EDGE ( 'NONE', *, *, #1124, .T. ) ;
#1095 = FACE_OUTER_BOUND ( 'NONE', #351, .T. ) ;
#1096 = EDGE_CURVE ( 'NONE', #1374, #161, #1083, .T. ) ;
#1097 = PLANE ( 'NONE',  #1026 ) ;
#1098 = VERTEX_POINT ( 'NONE', #822 ) ;
#1099 = CARTESIAN_POINT ( 'NONE',  ( -11.43192246859249650, 0.3599430073836603627, 7.125000000000000000 ) ) ;
#1100 = CARTESIAN_POINT ( 'NONE',  ( -9.364532611071398449, 1.141042979761373255, 0.1250000000000000000 ) ) ;
#1101 = ORIENTED_EDGE ( 'NONE', *, *, #341, .T. ) ;
#1102 = CARTESIAN_POINT ( 'NONE',  ( -10.36712253821147556, 1.131238256234693429, 0.5000000000000000000 ) ) ;
#1103 = VECTOR ( 'NONE', #448, 39.37007874015748143 ) ;
#1104 = EDGE_CURVE ( 'NONE', #980, #309, #884, .T. ) ;
#1105 = CARTESIAN_POINT ( 'NONE',  ( -10.02000000000651170, 0.1565000000000000002, 0.2809999999999999720 ) ) ;
#1106 = VERTEX_POINT ( 'NONE', #1324 ) ;
#1107 = CARTESIAN_POINT ( 'NONE',  ( -0.2599999999999998423, 3.499999999999982236, 5.125000000000001776 ) ) ;
#1108 = CARTESIAN_POINT ( 'NONE',  ( -5.212070169422351462, 3.683933013535355183, 7.625000000000000000 ) ) ;
#1109 = EDGE_CURVE ( 'NONE', #656, #488, #1084, .T. ) ;
#1110 = ORIENTED_EDGE ( 'NONE', *, *, #387, .T. ) ;
#1111 = CARTESIAN_POINT ( 'NONE',  ( -8.632516927614535263, 2.395576069641946582, 0.5000000000000000000 ) ) ;
#1112 = CARTESIAN_POINT ( 'NONE',  ( -8.401732179004390844, 4.226770918781447506, 7.625000000000000000 ) ) ;
#1113 = ORIENTED_EDGE ( 'NONE', *, *, #892, .T. ) ;
#1114 = VECTOR ( 'NONE', #586, 39.37007874015748143 ) ;
#1115 = DIRECTION ( 'NONE',  ( 1.000000000000000000, 0.000000000000000000, 0.000000000000000000 ) ) ;
#1116 = CARTESIAN_POINT ( 'NONE',  ( -2.259999999999999787, 3.550007540169554776, 0.000000000000000000 ) ) ;
#1117 = CARTESIAN_POINT ( 'NONE',  ( -8.401732179010013013, 4.226770918765287988, 0.1250000000000003053 ) ) ;
#1118 = CARTESIAN_POINT ( 'NONE',  ( -4.543044616522452728, 3.784774717906551178, 0.5000000000000000000 ) ) ;
#1119 = AXIS2_PLACEMENT_3D ( 'NONE', #568, #1046, #421 ) ;
#1120 = EDGE_LOOP ( 'NONE', ( #475, #1113 ) ) ;
#1121 = DIRECTION ( 'NONE',  ( -0.000000000000000000, -0.000000000000000000, -1.000000000000000000 ) ) ;
#1122 = EDGE_CURVE ( 'NONE', #677, #146, #1346, .T. ) ;
#1123 = DIRECTION ( 'NONE',  ( 1.000000000000000000, 0.000000000000000000, 0.000000000000000000 ) ) ;
#1124 = EDGE_CURVE ( 'NONE', #434, #358, #201, .T. ) ;
#1125 = CARTESIAN_POINT ( 'NONE',  ( -11.51890527819463728, -1.410659047862261399E-15, 0.1250000000000000000 ) ) ;
#1126 = CARTESIAN_POINT ( 'NONE',  ( -6.029737240085967009, 3.502209298156671480, 0.5000000000000000000 ) ) ;
#1127 = ADVANCED_FACE ( 'NONE', ( #1220 ), #1455, .F. ) ;
#1128 = AXIS2_PLACEMENT_3D ( 'NONE', #1367, #1401, #556 ) ;
#1129 = ORIENTED_EDGE ( 'NONE', *, *, #565, .F. ) ;
#1130 = DIRECTION ( 'NONE',  ( -6.037741648177811000E-12, -1.000000000000000000, 0.000000000000000000 ) ) ;
#1131 = CARTESIAN_POINT ( 'NONE',  ( -3.256433681011904113, 3.874063665881263496, 0.5000000000000017764 ) ) ;
#1132 = CARTESIAN_POINT ( 'NONE',  ( -2.993591965431566138, 3.875005692002308155, 7.625000000000000000 ) ) ;
#1133 = DIRECTION ( 'NONE',  ( 0.000000000000000000, 0.000000000000000000, -1.000000000000000000 ) ) ;
#1134 = ORIENTED_EDGE ( 'NONE', *, *, #1305, .F. ) ;
#1135 = VERTEX_POINT ( 'NONE', #940 ) ;
#1136 = ORIENTED_EDGE ( 'NONE', *, *, #1519, .F. ) ;
#1137 = CARTESIAN_POINT ( 'NONE',  ( -9.412167433482155232, 1.203740157480315265, 0.5000000000000000000 ) ) ;
#1138 = DIRECTION ( 'NONE',  ( 0.000000000000000000, 0.000000000000000000, 1.000000000000000000 ) ) ;
#1139 = CARTESIAN_POINT ( 'NONE',  ( -3.081068283022196042, 3.875300701890609822, 7.625000000000000000 ) ) ;
#1140 = CARTESIAN_POINT ( 'NONE',  ( -2.999204282093366203, 4.064962340826796527, 7.125000000000000000 ) ) ;
#1141 = VERTEX_POINT ( 'NONE', #1064 ) ;
#1142 = DIRECTION ( 'NONE',  ( 1.000000000000000000, 0.000000000000000000, 0.000000000000000000 ) ) ;
#1143 = VERTEX_POINT ( 'NONE', #1331 ) ;
#1144 = AXIS2_PLACEMENT_3D ( 'NONE', #808, #1321, #577 ) ;
#1145 = ADVANCED_FACE ( 'NONE', ( #563 ), #1071, .F. ) ;
#1146 = VERTEX_POINT ( 'NONE', #440 ) ;
#1147 = ADVANCED_FACE ( 'NONE', ( #217, #1077, #1462 ), #333, .F. ) ;
#1148 = DIRECTION ( 'NONE',  ( 0.000000000000000000, 0.000000000000000000, 1.000000000000000000 ) ) ;
#1149 =( NAMED_UNIT ( * ) PLANE_ANGLE_UNIT ( ) SI_UNIT ( $, .RADIAN. ) );
#1150 = EDGE_CURVE ( 'NONE', #1216, #1541, #700, .T. ) ;
#1151 = LINE ( 'NONE', #3, #1410 ) ;
#1152 = EDGE_CURVE ( 'NONE', #488, #1013, #1593, .T. ) ;
#1153 = ORIENTED_EDGE ( 'NONE', *, *, #1616, .T. ) ;
#1154 = DIRECTION ( 'NONE',  ( 1.000000000000000000, -6.037741648177811000E-12, 0.000000000000000000 ) ) ;
#1155 = ORIENTED_EDGE ( 'NONE', *, *, #110, .T. ) ;
#1156 = ORIENTED_EDGE ( 'NONE', *, *, #1392, .T. ) ;
#1157 = EDGE_CURVE ( 'NONE', #320, #862, #1469, .T. ) ;
#1158 = EDGE_CURVE ( 'NONE', #187, #397, #310, .T. ) ;
#1159 = DIRECTION ( 'NONE',  ( 1.000000000000000000, 0.000000000000000000, 0.000000000000000000 ) ) ;
#1160 = SHAPE_DEFINITION_REPRESENTATION ( #209, #816 ) ;
#1161 = CARTESIAN_POINT ( 'NONE',  ( -9.203491305123582933, 2.029416434001686920, 7.625000000000000000 ) ) ;
#1162 = CARTESIAN_POINT ( 'NONE',  ( -11.53428467331690577, 0.3599430073836603627, 7.125000000000000000 ) ) ;
#1163 = EDGE_CURVE ( 'NONE', #79, #1381, #185, .T. ) ;
#1164 = VERTEX_POINT ( 'NONE', #1366 ) ;
#1165 = DIRECTION ( 'NONE',  ( 1.000000000000000000, 0.000000000000000000, 0.000000000000000000 ) ) ;
#1166 = ORIENTED_EDGE ( 'NONE', *, *, #896, .F. ) ;
#1167 = ORIENTED_EDGE ( 'NONE', *, *, #1382, .F. ) ;
#1168 = LINE ( 'NONE', #672, #499 ) ;
#1169 = CARTESIAN_POINT ( 'NONE',  ( -10.43304370641319068, 1.073189900032606614, 7.625000000000000000 ) ) ;
#1170 = ORIENTED_EDGE ( 'NONE', *, *, #1453, .F. ) ;
#1171 = LINE ( 'NONE', #925, #262 ) ;
#1172 = VERTEX_POINT ( 'NONE', #1360 ) ;
#1173 = VERTEX_POINT ( 'NONE', #621 ) ;
#1174 = VECTOR ( 'NONE', #1278, 39.37007874015748143 ) ;
#1175 = AXIS2_PLACEMENT_3D ( 'NONE', #1218, #359, #347 ) ;
#1176 = FACE_OUTER_BOUND ( 'NONE', #84, .T. ) ;
#1177 = AXIS2_PLACEMENT_3D ( 'NONE', #1099, #853, #1115 ) ;
#1178 = CARTESIAN_POINT ( 'NONE',  ( -9.412167433482155232, 1.125000000000000000, -1.452344677647250171 ) ) ;
#1179 = DIRECTION ( 'NONE',  ( -0.000000000000000000, -0.000000000000000000, 1.000000000000000000 ) ) ;
#1180 = EDGE_CURVE ( 'NONE', #522, #1298, #629, .T. ) ;
#1181 = ORIENTED_EDGE ( 'NONE', *, *, #1096, .F. ) ;
#1182 = DIRECTION ( 'NONE',  ( 1.000000000000000000, -6.037741648177811000E-12, 0.000000000000000000 ) ) ;
#1183 = EDGE_CURVE ( 'NONE', #1339, #1143, #1538, .T. ) ;
#1184 = EDGE_LOOP ( 'NONE', ( #1615, #1504, #649, #795 ) ) ;
#1185 = DIRECTION ( 'NONE',  ( 1.000000000000000000, 1.821231995776175479E-16, 0.000000000000000000 ) ) ;
#1186 = VECTOR ( 'NONE', #1297, 39.37007874015748143 ) ;
#1187 = VECTOR ( 'NONE', #614, 39.37007874015748143 ) ;
#1188 = PLANE ( 'NONE',  #92 ) ;
#1189 = CARTESIAN_POINT ( 'NONE',  ( -12.00000000001836575, -1.314128158872257257E-11, 0.4999999999999996114 ) ) ;
#1190 = ORIENTED_EDGE ( 'NONE', *, *, #1402, .T. ) ;
#1191 = DIRECTION ( 'NONE',  ( -0.000000000000000000, -0.000000000000000000, 1.000000000000000000 ) ) ;
#1192 = VERTEX_POINT ( 'NONE', #256 ) ;
#1193 = DIRECTION ( 'NONE',  ( 1.000000000000000000, -0.000000000000000000, -0.000000000000000000 ) ) ;
#1194 = DIRECTION ( 'NONE',  ( -0.000000000000000000, 0.000000000000000000, -1.000000000000000000 ) ) ;
#1195 = DIRECTION ( 'NONE',  ( -1.000000000000000000, 0.000000000000000000, 0.000000000000000000 ) ) ;
#1196 = ORIENTED_EDGE ( 'NONE', *, *, #814, .T. ) ;
#1197 = DIRECTION ( 'NONE',  ( -0.000000000000000000, -0.000000000000000000, 1.000000000000000000 ) ) ;
#1198 = ORIENTED_EDGE ( 'NONE', *, *, #576, .F. ) ;
#1199 = CARTESIAN_POINT ( 'NONE',  ( -0.6246889304544790411, 3.499999999999982236, 4.996062992125986035 ) ) ;
#1200 = EDGE_CURVE ( 'NONE', #1488, #954, #637, .T. ) ;
#1201 =( GEOMETRIC_REPRESENTATION_CONTEXT ( 3 ) GLOBAL_UNCERTAINTY_ASSIGNED_CONTEXT ( ( #1523 ) ) GLOBAL_UNIT_ASSIGNED_CONTEXT ( ( #1293, #1149, #1377 ) ) REPRESENTATION_CONTEXT ( 'NONE', 'WORKASPACE' ) );
#1202 = DIRECTION ( 'NONE',  ( 1.000000000000000000, 0.000000000000000000, 0.000000000000000000 ) ) ;
#1203 = DIRECTION ( 'NONE',  ( -1.000000000000000000, 0.000000000000000000, 0.000000000000000000 ) ) ;
#1204 = VECTOR ( 'NONE', #524, 39.37007874015748143 ) ;
#1205 = VERTEX_POINT ( 'NONE', #723 ) ;
#1206 = CARTESIAN_POINT ( 'NONE',  ( -11.53428467331690577, 0.3599430073836603627, 7.125000000000000000 ) ) ;
#1207 = DIRECTION ( 'NONE',  ( -6.047793844668617209E-12, -1.000000000000000000, 0.000000000000000000 ) ) ;
#1208 = FACE_OUTER_BOUND ( 'NONE', #773, .T. ) ;
#1209 = DIRECTION ( 'NONE',  ( -0.000000000000000000, 0.000000000000000000, 1.000000000000000000 ) ) ;
#1210 = AXIS2_PLACEMENT_3D ( 'NONE', #189, #936, #928 ) ;
#1211 = EDGE_LOOP ( 'NONE', ( #1170, #277 ) ) ;
#1212 = PRODUCT_DEFINITION ( 'UNKNOWN', '', #594, #968 ) ;
#1213 = DIRECTION ( 'NONE',  ( -1.000000000000000000, -2.117867441268809735E-13, 0.000000000000000000 ) ) ;
#1214 = EDGE_CURVE ( 'NONE', #154, #1488, #1228, .T. ) ;
#1215 = LINE ( 'NONE', #1487, #1187 ) ;
#1216 = VERTEX_POINT ( 'NONE', #856 ) ;
#1217 = LINE ( 'NONE', #871, #68 ) ;
#1218 = CARTESIAN_POINT ( 'NONE',  ( -7.195250251041833245, 3.299861437360654737, 7.625000000000000000 ) ) ;
#1219 = DIRECTION ( 'NONE',  ( -1.000000000000000000, -4.513118890968097721E-13, 0.000000000000000000 ) ) ;
#1220 = FACE_OUTER_BOUND ( 'NONE', #24, .T. ) ;
#1221 = CARTESIAN_POINT ( 'NONE',  ( -0.3387401574803147741, 3.171269088694142813, 0.5000000000000000000 ) ) ;
#1222 = ORIENTED_EDGE ( 'NONE', *, *, #1445, .F. ) ;
#1223 = CARTESIAN_POINT ( 'NONE',  ( -0.01000000000000000021, 4.250000000000000000, 7.625000000000000000 ) ) ;
#1224 = LINE ( 'NONE', #1506, #624 ) ;
#1225 = AXIS2_PLACEMENT_3D ( 'NONE', #665, #525, #404 ) ;
#1226 = VECTOR ( 'NONE', #1371, 39.37007874015748143 ) ;
#1227 = ORIENTED_EDGE ( 'NONE', *, *, #688, .F. ) ;
#1228 = LINE ( 'NONE', #109, #962 ) ;
#1229 = EDGE_CURVE ( 'NONE', #741, #1454, #1463, .T. ) ;
#1230 = AXIS2_PLACEMENT_3D ( 'NONE', #17, #390, #1376 ) ;
#1231 = DIRECTION ( 'NONE',  ( 0.000000000000000000, 0.000000000000000000, -1.000000000000000000 ) ) ;
#1232 = VERTEX_POINT ( 'NONE', #753 ) ;
#1233 = CYLINDRICAL_SURFACE ( 'NONE', #701, 0.1289370078740157688 ) ;
#1234 = CARTESIAN_POINT ( 'NONE',  ( -6.029737240085967009, 3.502209298156671480, 7.625000000000000000 ) ) ;
#1235 = ADVANCED_FACE ( 'NONE', ( #981 ), #1621, .T. ) ;
#1236 = DIRECTION ( 'NONE',  ( -1.229331597148918448E-16, 1.000000000000000000, -0.000000000000000000 ) ) ;
#1237 = CARTESIAN_POINT ( 'NONE',  ( -7.896781800422098208, 2.798939317240902724, 0.5000000000000000000 ) ) ;
#1238 = CARTESIAN_POINT ( 'NONE',  ( -10.02000000000696289, 0.08169685039370078172, 0.2809999999999999720 ) ) ;
#1239 = ORIENTED_EDGE ( 'NONE', *, *, #596, .F. ) ;
#1240 = DIRECTION ( 'NONE',  ( 1.000000000000000000, 0.000000000000000000, 0.000000000000000000 ) ) ;
#1241 = DIRECTION ( 'NONE',  ( 1.000000000000000000, -6.037741648177811000E-12, -0.000000000000000000 ) ) ;
#1242 = CARTESIAN_POINT ( 'NONE',  ( -2.999999999998323563, 4.250000000001405986, 0.5000000000000000000 ) ) ;
#1243 = DIRECTION ( 'NONE',  ( -0.000000000000000000, -0.000000000000000000, -1.000000000000000000 ) ) ;
#1244 = EDGE_CURVE ( 'NONE', #13, #1339, #1629, .T. ) ;
#1245 = VECTOR ( 'NONE', #72, 39.37007874015748143 ) ;
#1246 = EDGE_LOOP ( 'NONE', ( #776, #1362 ) ) ;
#1247 = CIRCLE ( 'NONE', #646, 0.1023622047242342681 ) ;
#1248 = CYLINDRICAL_SURFACE ( 'NONE', #1254, 0.07874015748031495954 ) ;
#1249 = CARTESIAN_POINT ( 'NONE',  ( -8.632516927614535263, 2.395576069641946582, 7.625000000000000000 ) ) ;
#1250 = ADVANCED_FACE ( 'NONE', ( #746 ), #494, .F. ) ;
#1251 = VERTEX_POINT ( 'NONE', #989 ) ;
#1252 = CARTESIAN_POINT ( 'NONE',  ( -3.000000000000000444, 4.250000000000000000, 0.5000000000000000000 ) ) ;
#1253 = VECTOR ( 'NONE', #365, 39.37007874015748143 ) ;
#1254 = AXIS2_PLACEMENT_3D ( 'NONE', #139, #532, #129 ) ;
#1255 = ORIENTED_EDGE ( 'NONE', *, *, #227, .T. ) ;
#1256 = DIRECTION ( 'NONE',  ( 1.000000000000000000, 0.000000000000000000, 0.000000000000000000 ) ) ;
#1257 = DIRECTION ( 'NONE',  ( -0.000000000000000000, 0.000000000000000000, -1.000000000000000000 ) ) ;
#1258 = DIRECTION ( 'NONE',  ( -6.033185646976180259E-12, -1.000000000000000000, 0.000000000000000000 ) ) ;
#1259 = UNCERTAINTY_MEASURE_WITH_UNIT (LENGTH_MEASURE( 1.000000000000000082E-05 ), #526, 'distance_accuracy_value', 'NONE');
#1260 = ORIENTED_EDGE ( 'NONE', *, *, #1058, .F. ) ;
#1261 = ORIENTED_EDGE ( 'NONE', *, *, #1027, .F. ) ;
#1262 = AXIS2_PLACEMENT_3D ( 'NONE', #706, #1447, #948 ) ;
#1263 = CIRCLE ( 'NONE', #214, 0.1289370078740160186 ) ;
#1264 = ORIENTED_EDGE ( 'NONE', *, *, #844, .F. ) ;
#1265 = EDGE_CURVE ( 'NONE', #1172, #1146, #987, .T. ) ;
#1266 = DIRECTION ( 'NONE',  ( 1.000000000000000000, 0.000000000000000000, 0.000000000000000000 ) ) ;
#1267 = CARTESIAN_POINT ( 'NONE',  ( -2.993591965431566138, 3.875005692002308155, 7.625000000000000000 ) ) ;
#1268 = CARTESIAN_POINT ( 'NONE',  ( -6.029737240085967009, 3.502209298156671480, 7.625000000000000000 ) ) ;
#1269 = DIRECTION ( 'NONE',  ( 1.000000000000000000, 0.000000000000000000, 0.000000000000000000 ) ) ;
#1270 = EDGE_CURVE ( 'NONE', #858, #419, #120, .T. ) ;
#1271 = ORIENTED_EDGE ( 'NONE', *, *, #735, .T. ) ;
#1272 = DIRECTION ( 'NONE',  ( 1.000000000000000000, -0.000000000000000000, -0.000000000000000000 ) ) ;
#1273 = ORIENTED_EDGE ( 'NONE', *, *, #804, .F. ) ;
#1274 = ORIENTED_EDGE ( 'NONE', *, *, #278, .T. ) ;
#1275 = EDGE_CURVE ( 'NONE', #1446, #1251, #471, .T. ) ;
#1276 = FACE_OUTER_BOUND ( 'NONE', #1526, .T. ) ;
#1277 = CARTESIAN_POINT ( 'NONE',  ( 0.000000000000000000, 0.000000000000000000, 0.000000000000000000 ) ) ;
#1278 = DIRECTION ( 'NONE',  ( -1.000000000000000000, -1.821231995776175479E-16, -0.000000000000000000 ) ) ;
#1279 = DIRECTION ( 'NONE',  ( 0.000000000000000000, 0.000000000000000000, -1.000000000000000000 ) ) ;
#1280 = EDGE_LOOP ( 'NONE', ( #439, #1421, #1110, #400 ) ) ;
#1281 = DIRECTION ( 'NONE',  ( 6.037741648177811000E-12, 1.000000000000000000, 0.000000000000000000 ) ) ;
#1282 = ADVANCED_FACE ( 'NONE', ( #1095 ), #874, .T. ) ;
#1283 = EDGE_LOOP ( 'NONE', ( #1637, #176, #41, #794 ) ) ;
#1284 = ORIENTED_EDGE ( 'NONE', *, *, #235, .F. ) ;
#1285 = PRODUCT_RELATED_PRODUCT_CATEGORY ( 'part', '', ( #218 ) ) ;
#1286 = CARTESIAN_POINT ( 'NONE',  ( -10.02000000000745494, 0.000000000000000000, 0.5000000000000000000 ) ) ;
#1287 = CARTESIAN_POINT ( 'NONE',  ( -9.622793897428570276, 1.733245998166847768, 7.625000000000000000 ) ) ;
#1288 = ORIENTED_EDGE ( 'NONE', *, *, #715, .T. ) ;
#1289 = CARTESIAN_POINT ( 'NONE',  ( -10.64893700788146980, 0.3999999999978305909, 0.5000000000000000000 ) ) ;
#1290 = VERTEX_POINT ( 'NONE', #283 ) ;
#1291 = ORIENTED_EDGE ( 'NONE', *, *, #1244, .T. ) ;
#1292 = FACE_OUTER_BOUND ( 'NONE', #1393, .T. ) ;
#1293 =( CONVERSION_BASED_UNIT ( 'INCH', #140 ) LENGTH_UNIT ( ) NAMED_UNIT ( #269 ) );
#1294 = CARTESIAN_POINT ( 'NONE',  ( -10.02000000000113999, 1.046259842520160577, 0.5000000000000000000 ) ) ;
#1295 = CARTESIAN_POINT ( 'NONE',  ( -0.4568503937007872828, 3.678155298302665077, 7.625000000000000000 ) ) ;
#1296 = EDGE_LOOP ( 'NONE', ( #640, #450, #1087, #734 ) ) ;
#1297 = DIRECTION ( 'NONE',  ( -0.000000000000000000, -0.000000000000000000, 1.000000000000000000 ) ) ;
#1298 = VERTEX_POINT ( 'NONE', #913 ) ;
#1299 = ORIENTED_EDGE ( 'NONE', *, *, #1183, .T. ) ;
#1300 = EDGE_CURVE ( 'NONE', #1135, #348, #510, .T. ) ;
#1301 = FACE_OUTER_BOUND ( 'NONE', #527, .T. ) ;
#1302 = ADVANCED_FACE ( 'NONE', ( #413 ), #300, .T. ) ;
#1303 = FACE_BOUND ( 'NONE', #549, .T. ) ;
#1304 = CARTESIAN_POINT ( 'NONE',  ( 0.000000000000000000, 0.000000000000000000, 0.1250000000000000000 ) ) ;
#1305 = EDGE_CURVE ( 'NONE', #830, #1411, #931, .T. ) ;
#1306 = VECTOR ( 'NONE', #1003, 39.37007874015748143 ) ;
#1307 = ORIENTED_EDGE ( 'NONE', *, *, #688, .T. ) ;
#1308 = CYLINDRICAL_SURFACE ( 'NONE', #902, 0.1289370078740157688 ) ;
#1309 = ORIENTED_EDGE ( 'NONE', *, *, #666, .T. ) ;
#1310 = CIRCLE ( 'NONE', #380, 0.07480314960629917687 ) ;
#1311 = CIRCLE ( 'NONE', #1335, 0.1023622047579720445 ) ;
#1312 = DIRECTION ( 'NONE',  ( -1.000000000000000000, 0.000000000000000000, -0.000000000000000000 ) ) ;
#1313 = CARTESIAN_POINT ( 'NONE',  ( -11.01797974266213132, 0.6000607713293181211, 7.625000000000001776 ) ) ;
#1314 = CARTESIAN_POINT ( 'NONE',  ( -2.999999999963041120, 4.250000000004347633, 7.625000000000000000 ) ) ;
#1315 = EDGE_LOOP ( 'NONE', ( #1167, #1022 ) ) ;
#1316 = DIRECTION ( 'NONE',  ( -0.000000000000000000, -0.000000000000000000, 1.000000000000000000 ) ) ;
#1317 = ORIENTED_EDGE ( 'NONE', *, *, #278, .F. ) ;
#1318 = CYLINDRICAL_SURFACE ( 'NONE', #367, 0.03937007874015751446 ) ;
#1319 = AXIS2_PLACEMENT_3D ( 'NONE', #1040, #1497, #153 ) ;
#1320 = VECTOR ( 'NONE', #350, 39.37007874015748143 ) ;
#1321 = DIRECTION ( 'NONE',  ( 0.000000000000000000, 0.000000000000000000, 1.000000000000000000 ) ) ;
#1322 = CARTESIAN_POINT ( 'NONE',  ( -2.999204282093366203, 4.064962340826796527, 7.625000000000000000 ) ) ;
#1323 = ORIENTED_EDGE ( 'NONE', *, *, #1157, .T. ) ;
#1324 = CARTESIAN_POINT ( 'NONE',  ( -10.02000000000562885, 0.000000000000000000, 0.1250000000000000000 ) ) ;
#1325 = EDGE_CURVE ( 'NONE', #952, #13, #720, .T. ) ;
#1326 = VERTEX_POINT ( 'NONE', #133 ) ;
#1327 = CARTESIAN_POINT ( 'NONE',  ( -9.645000000002363905, 0.8435078740134838160, 0.2810000000000023590 ) ) ;
#1328 = LINE ( 'NONE', #930, #40 ) ;
#1329 = DIRECTION ( 'NONE',  ( -1.000000000000000000, 6.037741648177812616E-12, -0.000000000000000000 ) ) ;
#1330 = ORIENTED_EDGE ( 'NONE', *, *, #206, .T. ) ;
#1331 = CARTESIAN_POINT ( 'NONE',  ( -10.02000000000113999, 1.046259842520160355, 0.1250000000000000000 ) ) ;
#1332 = AXIS2_PLACEMENT_3D ( 'NONE', #361, #1502, #369 ) ;
#1333 = CARTESIAN_POINT ( 'NONE',  ( -2.259999999999999787, 3.550007540169554776, 0.1250000000000000000 ) ) ;
#1334 = CIRCLE ( 'NONE', #1144, 0.1023622047579720445 ) ;
#1335 = AXIS2_PLACEMENT_3D ( 'NONE', #86, #1618, #1089 ) ;
#1336 = DIRECTION ( 'NONE',  ( 0.000000000000000000, 0.000000000000000000, -1.000000000000000000 ) ) ;
#1337 = DIRECTION ( 'NONE',  ( 0.000000000000000000, 1.000000000000000000, -0.000000000000000000 ) ) ;
#1338 = AXIS2_PLACEMENT_3D ( 'NONE', #751, #1385, #1266 ) ;
#1339 = VERTEX_POINT ( 'NONE', #142 ) ;
#1340 = CARTESIAN_POINT ( 'NONE',  ( -0.2599999999999998423, 3.250009246174486499, 0.5000000000000000000 ) ) ;
#1341 = CARTESIAN_POINT ( 'NONE',  ( -11.48821247496662679, 0.01471333665988933982, 0.5000000000000000000 ) ) ;
#1342 = CARTESIAN_POINT ( 'NONE',  ( -6.775228679228074036, 2.859144471606787974, 0.5000000000000000000 ) ) ;
#1343 = CARTESIAN_POINT ( 'NONE',  ( -6.775228679228074036, 2.859144471606787974, 0.000000000000000000 ) ) ;
#1344 = AXIS2_PLACEMENT_3D ( 'NONE', #1060, #443, #1185 ) ;
#1345 = LINE ( 'NONE', #478, #806 ) ;
#1346 = LINE ( 'NONE', #1437, #740 ) ;
#1347 = DIRECTION ( 'NONE',  ( 0.000000000000000000, 0.000000000000000000, -1.000000000000000000 ) ) ;
#1348 = ORIENTED_EDGE ( 'NONE', *, *, #1582, .T. ) ;
#1349 = DIRECTION ( 'NONE',  ( -0.000000000000000000, -0.000000000000000000, 1.000000000000000000 ) ) ;
#1350 = EDGE_CURVE ( 'NONE', #1536, #320, #1247, .T. ) ;
#1351 = CARTESIAN_POINT ( 'NONE',  ( -7.297612455766067541, 3.299861437360654737, 7.125000000000000000 ) ) ;
#1352 = CARTESIAN_POINT ( 'NONE',  ( -0.6246889304544790411, 3.500000000000000000, 2.753937007874017517 ) ) ;
#1353 = CARTESIAN_POINT ( 'NONE',  ( -5.212070169422351462, 3.683933013535355183, 0.5000000000000000000 ) ) ;
#1354 = COLOUR_RGB ( '',0.7921568627450980005, 0.8196078431372548767, 0.9333333333333333481 ) ;
#1355 = DIRECTION ( 'NONE',  ( -0.000000000000000000, -0.000000000000000000, 1.000000000000000000 ) ) ;
#1356 = EDGE_LOOP ( 'NONE', ( #1260, #1547, #1288, #87 ) ) ;
#1357 = CARTESIAN_POINT ( 'NONE',  ( -0.4568503937008760452, 3.875005692003452573, 0.5000000000000000000 ) ) ;
#1358 = CARTESIAN_POINT ( 'NONE',  ( -7.033102694976105518, 2.859144471606787974, 0.1250000000000000000 ) ) ;
#1359 = ORIENTED_EDGE ( 'NONE', *, *, #985, .T. ) ;
#1360 = CARTESIAN_POINT ( 'NONE',  ( -3.000000000000000444, 4.250000000000000000, 0.5000000000000000000 ) ) ;
#1361 = CARTESIAN_POINT ( 'NONE',  ( -0.2599999999999998423, 2.999999999999999556, 0.1250000000000000000 ) ) ;
#1362 = ORIENTED_EDGE ( 'NONE', *, *, #1350, .T. ) ;
#1363 = DIRECTION ( 'NONE',  ( -0.000000000000000000, -0.000000000000000000, 1.000000000000000000 ) ) ;
#1364 = CARTESIAN_POINT ( 'NONE',  ( -5.212070169422351462, 3.683933013535355183, 0.5000000000000017764 ) ) ;
#1365 = EDGE_LOOP ( 'NONE', ( #947, #885, #680, #1082 ) ) ;
#1366 = CARTESIAN_POINT ( 'NONE',  ( -11.32956026386808723, 0.3599430073836603627, 7.125000000000000000 ) ) ;
#1367 = CARTESIAN_POINT ( 'NONE',  ( -9.645000000002363905, 0.8435078740134838160, 0.2810000000000023590 ) ) ;
#1368 = EDGE_LOOP ( 'NONE', ( #29, #229, #1509, #355, #268, #415, #418, #899, #1623, #1291, #1299, #684, #303, #1136, #213 ) ) ;
#1369 = ADVANCED_FACE ( 'NONE', ( #1019 ), #1388, .F. ) ;
#1370 = DIRECTION ( 'NONE',  ( 1.000000000000000000, 0.000000000000000000, 0.000000000000000000 ) ) ;
#1371 = DIRECTION ( 'NONE',  ( 0.000000000000000000, 0.000000000000000000, -1.000000000000000000 ) ) ;
#1372 = CARTESIAN_POINT ( 'NONE',  ( -2.896842077335394006, 4.064962340826796527, 7.125000000000000000 ) ) ;
#1373 = CARTESIAN_POINT ( 'NONE',  ( -12.00000000000745537, -2.902315308468913218E-12, 0.5000000000000000000 ) ) ;
#1374 = VERTEX_POINT ( 'NONE', #1047 ) ;
#1375 = STYLED_ITEM ( 'NONE', ( #1522 ), #1394 ) ;
#1376 = DIRECTION ( 'NONE',  ( 1.000000000000000000, 0.000000000000000000, 0.000000000000000000 ) ) ;
#1377 =( NAMED_UNIT ( * ) SI_UNIT ( $, .STERADIAN. ) SOLID_ANGLE_UNIT ( ) );
#1378 = CARTESIAN_POINT ( 'NONE',  ( -4.034044945969948337, 3.838191218570804697, 7.625000000000000000 ) ) ;
#1379 = DIRECTION ( 'NONE',  ( 0.000000000000000000, 0.000000000000000000, -1.000000000000000000 ) ) ;
#1380 = CIRCLE ( 'NONE', #1599, 0.03937007874015751446 ) ;
#1381 = VERTEX_POINT ( 'NONE', #1551 ) ;
#1382 = EDGE_CURVE ( 'NONE', #623, #1563, #330, .T. ) ;
#1383 = AXIS2_PLACEMENT_3D ( 'NONE', #1137, #10, #280 ) ;
#1384 = EDGE_LOOP ( 'NONE', ( #344, #1284 ) ) ;
#1385 = DIRECTION ( 'NONE',  ( 0.000000000000000000, 0.000000000000000000, -1.000000000000000000 ) ) ;
#1386 = ADVANCED_FACE ( 'NONE', ( #517 ), #507, .F. ) ;
#1387 = CARTESIAN_POINT ( 'NONE',  ( -9.364532611071398449, 1.141042979761373255, 0.5000000000000000000 ) ) ;
#1388 = CYLINDRICAL_SURFACE ( 'NONE', #832, 0.1023622047579720445 ) ;
#1389 = VERTEX_POINT ( 'NONE', #1162 ) ;
#1390 = DIMENSIONAL_EXPONENTS ( 1.000000000000000000, 0.000000000000000000, 0.000000000000000000, 0.000000000000000000, 0.000000000000000000, 0.000000000000000000, 0.000000000000000000 ) ;
#1391 = ORIENTED_EDGE ( 'NONE', *, *, #1427, .T. ) ;
#1392 = EDGE_CURVE ( 'NONE', #1326, #1205, #534, .T. ) ;
#1393 = EDGE_LOOP ( 'NONE', ( #901, #39, #265, #915 ) ) ;
#1394 = MANIFOLD_SOLID_BREP ( 'Stock-acrylic_panel_cfd_2-1', #865 ) ;
#1395 = DIRECTION ( 'NONE',  ( -1.000000000000000000, 0.000000000000000000, 0.000000000000000000 ) ) ;
#1396 = CARTESIAN_POINT ( 'NONE',  ( -3.081068283022196042, 3.875300701890609822, 7.625000000000000000 ) ) ;
#1397 = EDGE_CURVE ( 'NONE', #295, #949, #377, .T. ) ;
#1398 = FACE_OUTER_BOUND ( 'NONE', #555, .T. ) ;
#1399 = DIRECTION ( 'NONE',  ( 1.000000000000000000, 0.000000000000000000, 0.000000000000000000 ) ) ;
#1400 = ORIENTED_EDGE ( 'NONE', *, *, #502, .F. ) ;
#1401 = DIRECTION ( 'NONE',  ( -1.000000000000000000, 6.037741648177812616E-12, -0.000000000000000000 ) ) ;
#1402 = EDGE_CURVE ( 'NONE', #397, #241, #801, .T. ) ;
#1403 = ORIENTED_EDGE ( 'NONE', *, *, #1157, .F. ) ;
#1404 = DIRECTION ( 'NONE',  ( 1.000000000000000000, 0.000000000000000000, 0.000000000000000000 ) ) ;
#1405 = DIRECTION ( 'NONE',  ( -1.000000000000000000, 0.000000000000000000, 0.000000000000000000 ) ) ;
#1406 = DIRECTION ( 'NONE',  ( -1.000000000000000000, 0.000000000000000000, 0.000000000000000000 ) ) ;
#1407 = ORIENTED_EDGE ( 'NONE', *, *, #1004, .T. ) ;
#1408 = CARTESIAN_POINT ( 'NONE',  ( -0.2599999999999998979, 3.678155298302665077, 7.625000000000000000 ) ) ;
#1409 = ORIENTED_EDGE ( 'NONE', *, *, #876, .T. ) ;
#1410 = VECTOR ( 'NONE', #642, 39.37007874015748143 ) ;
#1411 = VERTEX_POINT ( 'NONE', #324 ) ;
#1412 = VECTOR ( 'NONE', #379, 39.37007874015748143 ) ;
#1413 = DIRECTION ( 'NONE',  ( -6.047793844668618825E-12, -1.000000000000000000, 0.000000000000000000 ) ) ;
#1414 = ADVANCED_FACE ( 'NONE', ( #676 ), #612, .F. ) ;
#1415 = CARTESIAN_POINT ( 'NONE',  ( -0.6246889304544790411, 3.500000000000000000, 2.625000000000001776 ) ) ;
#1416 = CARTESIAN_POINT ( 'NONE',  ( -9.412167433482155232, 1.203740157480315265, 0.1250000000000000000 ) ) ;
#1417 = APPLICATION_CONTEXT ( 'automotive_design' ) ;
#1418 = VERTEX_POINT ( 'NONE', #46 ) ;
#1419 = CARTESIAN_POINT ( 'NONE',  ( -0.1812598425196848828, 3.078740157480314821, 0.1250000000000000278 ) ) ;
#1420 = ADVANCED_FACE ( 'NONE', ( #1578 ), #1496, .F. ) ;
#1421 = ORIENTED_EDGE ( 'NONE', *, *, #395, .F. ) ;
#1422 = ADVANCED_FACE ( 'NONE', ( #191 ), #55, .F. ) ;
#1423 = EDGE_CURVE ( 'NONE', #410, #434, #561, .T. ) ;
#1424 = EDGE_LOOP ( 'NONE', ( #155, #870, #481, #529 ) ) ;
#1425 = AXIS2_PLACEMENT_3D ( 'NONE', #1464, #465, #1347 ) ;
#1426 = CYLINDRICAL_SURFACE ( 'NONE', #823, 0.1289370078740160186 ) ;
#1427 = EDGE_CURVE ( 'NONE', #656, #630, #1062, .T. ) ;
#1428 = CARTESIAN_POINT ( 'NONE',  ( -2.259999999999999787, 3.550007540169554776, 0.5000000000000000000 ) ) ;
#1429 = ORIENTED_EDGE ( 'NONE', *, *, #130, .F. ) ;
#1430 = DIRECTION ( 'NONE',  ( -0.000000000000000000, -0.000000000000000000, 1.000000000000000000 ) ) ;
#1431 = ORIENTED_EDGE ( 'NONE', *, *, #1591, .T. ) ;
#1432 = CARTESIAN_POINT ( 'NONE',  ( -6.775228679228074036, 2.859144471606787974, 0.1250000000000000000 ) ) ;
#1433 = FACE_OUTER_BOUND ( 'NONE', #128, .T. ) ;
#1434 = DIRECTION ( 'NONE',  ( 0.000000000000000000, 0.000000000000000000, -1.000000000000000000 ) ) ;
#1435 = AXIS2_PLACEMENT_3D ( 'NONE', #714, #80, #1587 ) ;
#1436 = ORIENTED_EDGE ( 'NONE', *, *, #1007, .F. ) ;
#1437 = CARTESIAN_POINT ( 'NONE',  ( -0.3387401574803436954, 3.250009246174457633, 0.5000000000000000000 ) ) ;
#1438 = ORIENTED_EDGE ( 'NONE', *, *, #225, .T. ) ;
#1439 = AXIS2_PLACEMENT_3D ( 'NONE', #1415, #771, #382 ) ;
#1440 = CIRCLE ( 'NONE', #1175, 0.1023622047242342681 ) ;
#1441 = FACE_OUTER_BOUND ( 'NONE', #267, .T. ) ;
#1442 = CIRCLE ( 'NONE', #573, 0.1289370078740160186 ) ;
#1443 = CYLINDRICAL_SURFACE ( 'NONE', #464, 0.1023622047242342681 ) ;
#1444 = FACE_OUTER_BOUND ( 'NONE', #610, .T. ) ;
#1445 = EDGE_CURVE ( 'NONE', #1290, #837, #965, .T. ) ;
#1446 = VERTEX_POINT ( 'NONE', #809 ) ;
#1447 = DIRECTION ( 'NONE',  ( -0.000000000000000000, -0.000000000000000000, 1.000000000000000000 ) ) ;
#1448 = ADVANCED_FACE ( 'NONE', ( #1444 ), #199, .F. ) ;
#1449 = ORIENTED_EDGE ( 'NONE', *, *, #1027, .T. ) ;
#1450 = LINE ( 'NONE', #53, #998 ) ;
#1451 = CARTESIAN_POINT ( 'NONE',  ( -7.092888046317598949, 3.299861437360654737, 7.125000000000000000 ) ) ;
#1452 = CARTESIAN_POINT ( 'NONE',  ( -8.401732179005676926, 4.226770918781314279, 7.625000000000000000 ) ) ;
#1453 = EDGE_CURVE ( 'NONE', #1032, #47, #1574, .T. ) ;
#1454 = VERTEX_POINT ( 'NONE', #704 ) ;
#1455 = CYLINDRICAL_SURFACE ( 'NONE', #914, 0.1023622047244091005 ) ;
#1456 = EDGE_LOOP ( 'NONE', ( #1631, #1449, #1409, #121 ) ) ;
#1457 = CARTESIAN_POINT ( 'NONE',  ( -9.645000000002815099, 0.7687047244071847363, 0.2810000000000023590 ) ) ;
#1458 = AXIS2_PLACEMENT_3D ( 'NONE', #848, #340, #433 ) ;
#1459 = PLANE ( 'NONE',  #441 ) ;
#1460 = CARTESIAN_POINT ( 'NONE',  ( -6.572822992956853128, 3.262072931061096082, 0.5000000000000000000 ) ) ;
#1461 = ORIENTED_EDGE ( 'NONE', *, *, #1214, .T. ) ;
#1462 = FACE_OUTER_BOUND ( 'NONE', #164, .T. ) ;
#1463 = CIRCLE ( 'NONE', #436, 0.1289370078740157688 ) ;
#1464 = CARTESIAN_POINT ( 'NONE',  ( -0.2599999999999998423, 3.500000000000000000, 2.625000000000001776 ) ) ;
#1465 = CARTESIAN_POINT ( 'NONE',  ( -0.01000000000000000021, 3.499999999999982236, 5.125000000000001776 ) ) ;
#1466 = DIRECTION ( 'NONE',  ( -1.000000000000000000, 0.000000000000000000, 0.000000000000000000 ) ) ;
#1467 = CIRCLE ( 'NONE', #1383, 0.07874015748031502893 ) ;
#1468 = ORIENTED_EDGE ( 'NONE', *, *, #1566, .T. ) ;
#1469 = LINE ( 'NONE', #693, #1009 ) ;
#1470 = EDGE_CURVE ( 'NONE', #1298, #1446, #990, .T. ) ;
#1471 = ADVANCED_FACE ( 'NONE', ( #62, #569, #1069, #78 ), #1590, .F. ) ;
#1472 = DIRECTION ( 'NONE',  ( 1.000000000000000000, -6.037741648177811000E-12, -0.000000000000000000 ) ) ;
#1473 = EDGE_LOOP ( 'NONE', ( #408, #1307, #1524, #1094, #275, #1072, #406, #891, #447, #1076, #531, #821, #1607 ) ) ;
#1474 = EDGE_CURVE ( 'NONE', #372, #1106, #338, .T. ) ;
#1475 = FACE_OUTER_BOUND ( 'NONE', #1280, .T. ) ;
#1476 = AXIS2_PLACEMENT_3D ( 'NONE', #1525, #645, #1165 ) ;
#1477 = CARTESIAN_POINT ( 'NONE',  ( -7.195250251041833245, 3.299861437360654737, 7.125000000000000000 ) ) ;
#1478 = DIRECTION ( 'NONE',  ( -1.000000000000000000, 0.000000000000000000, 0.000000000000000000 ) ) ;
#1479 = CARTESIAN_POINT ( 'NONE',  ( -3.081068283022196042, 3.875300701890609822, 0.5000000000000000000 ) ) ;
#1480 = CARTESIAN_POINT ( 'NONE',  ( -10.43304370641319068, 1.073189900032606614, 0.5000000000000000000 ) ) ;
#1481 = ORIENTED_EDGE ( 'NONE', *, *, #595, .F. ) ;
#1482 = B_SPLINE_CURVE_WITH_KNOTS ( 'NONE', 2,
 ( #1100, #1490, #617 ),
 .UNSPECIFIED., .F., .F.,
 ( 3, 3 ),
 ( 0.1066649162851553423, 1.000000000000000000 ),
 .UNSPECIFIED. ) ;
#1483 = CARTESIAN_POINT ( 'NONE',  ( -10.52000000000745494, 0.3999999999978305909, 0.5000000000000000000 ) ) ;
#1484 = DIRECTION ( 'NONE',  ( -6.047793844668617209E-12, -1.000000000000000000, 0.000000000000000000 ) ) ;
#1485 = DIRECTION ( 'NONE',  ( -6.047793844668618825E-12, -1.000000000000000000, 0.000000000000000000 ) ) ;
#1486 = CARTESIAN_POINT ( 'NONE',  ( -9.645000000006511698, 0.1564999999977358391, 0.2809999999999999720 ) ) ;
#1487 = CARTESIAN_POINT ( 'NONE',  ( -2.993591965431566138, 3.875005692002308155, 7.625000000000000000 ) ) ;
#1488 = VERTEX_POINT ( 'NONE', #431 ) ;
#1489 = DIRECTION ( 'NONE',  ( 0.000000000000000000, 0.000000000000000000, -1.000000000000000000 ) ) ;
#1490 = CARTESIAN_POINT ( 'NONE',  ( -6.572822994575618694, 3.262072931066555270, 0.1250000000000000000 ) ) ;
#1491 = AXIS2_PLACEMENT_3D ( 'NONE', #691, #578, #829 ) ;
#1492 = ORIENTED_EDGE ( 'NONE', *, *, #429, .F. ) ;
#1493 = CARTESIAN_POINT ( 'NONE',  ( -8.401732179010421575, 4.226770918764911400, 0.5000000000000000000 ) ) ;
#1494 = AXIS2_PLACEMENT_3D ( 'NONE', #221, #1489, #719 ) ;
#1495 = ADVANCED_FACE ( 'NONE', ( #938 ), #308, .F. ) ;
#1496 = B_SPLINE_SURFACE_WITH_KNOTS ( 'NONE', 2, 1, ( 
 ( #1314, #819 ),
 ( #1452, #683 ),
 ( #70, #1189 ) ),
 .UNSPECIFIED., .F., .F., .F.,
 ( 3, 3 ),
 ( 2, 2 ),
 ( 0.4975157446537055161, 0.5029051264033417290 ),
 ( 0.000000000000000000, 1.000000000000000000 ),
 .UNSPECIFIED. ) ;
#1497 = DIRECTION ( 'NONE',  ( 1.000000000000000000, 0.000000000000000000, 0.000000000000000000 ) ) ;
#1498 = ORIENTED_EDGE ( 'NONE', *, *, #1200, .T. ) ;
#1499 = CARTESIAN_POINT ( 'NONE',  ( -2.259999999999999787, 3.550007540169554776, 0.5000000000000000000 ) ) ;
#1500 = LINE ( 'NONE', #1343, #515 ) ;
#1501 = CARTESIAN_POINT ( 'NONE',  ( -2.993591965431566138, 3.875005692002308155, 7.625000000000000000 ) ) ;
#1502 = DIRECTION ( 'NONE',  ( 0.000000000000000000, -0.000000000000000000, 1.000000000000000000 ) ) ;
#1503 = CIRCLE ( 'NONE', #557, 0.07480314960629920462 ) ;
#1504 = ORIENTED_EDGE ( 'NONE', *, *, #1058, .T. ) ;
#1505 = LINE ( 'NONE', #512, #336 ) ;
#1506 = CARTESIAN_POINT ( 'NONE',  ( -11.48821247496662679, 0.01471333665989013779, 7.625000000000000000 ) ) ;
#1507 = DIRECTION ( 'NONE',  ( 1.000000000000000000, -6.037741648177811000E-12, 0.000000000000000000 ) ) ;
#1508 = CARTESIAN_POINT ( 'NONE',  ( -3.603821597347668604, 3.864248105217955587, 0.5000000000000000000 ) ) ;
#1509 = ORIENTED_EDGE ( 'NONE', *, *, #508, .F. ) ;
#1510 = VECTOR ( 'NONE', #376, 39.37007874015748143 ) ;
#1511 = DIRECTION ( 'NONE',  ( -0.000000000000000000, -0.000000000000000000, 1.000000000000000000 ) ) ;
#1512 = CARTESIAN_POINT ( 'NONE',  ( -9.941259842520825174, 1.046259842519685179, 0.5000000000000000000 ) ) ;
#1513 = DIRECTION ( 'NONE',  ( 0.000000000000000000, 0.000000000000000000, -1.000000000000000000 ) ) ;
#1514 = AXIS2_PLACEMENT_3D ( 'NONE', #1107, #583, #600 ) ;
#1515 = ORIENTED_EDGE ( 'NONE', *, *, #28, .T. ) ;
#1516 = ORIENTED_EDGE ( 'NONE', *, *, #1006, .F. ) ;
#1517 = CIRCLE ( 'NONE', #1338, 0.1289370078740157688 ) ;
#1518 = ORIENTED_EDGE ( 'NONE', *, *, #1152, .T. ) ;
#1519 = EDGE_CURVE ( 'NONE', #1098, #372, #82, .T. ) ;
#1520 = CARTESIAN_POINT ( 'NONE',  ( -0.2599999999999998423, 3.078740157480314821, 0.1250000000000000000 ) ) ;
#1521 = FACE_OUTER_BOUND ( 'NONE', #1246, .T. ) ;
#1522 = PRESENTATION_STYLE_ASSIGNMENT (( #150 ) ) ;
#1523 = UNCERTAINTY_MEASURE_WITH_UNIT (LENGTH_MEASURE( 1.000000000000000082E-05 ), #1293, 'distance_accuracy_value', 'NONE');
#1524 = ORIENTED_EDGE ( 'NONE', *, *, #1423, .T. ) ;
#1525 = CARTESIAN_POINT ( 'NONE',  ( -11.43192246859249650, 0.3599430073836603627, 7.625000000000000000 ) ) ;
#1526 = EDGE_LOOP ( 'NONE', ( #1570, #467, #1166, #653 ) ) ;
#1527 = AXIS2_PLACEMENT_3D ( 'NONE', #661, #1142, #407 ) ;
#1528 = AXIS2_PLACEMENT_3D ( 'NONE', #302, #908, #800 ) ;
#1529 = ORIENTED_EDGE ( 'NONE', *, *, #1004, .F. ) ;
#1530 = CYLINDRICAL_SURFACE ( 'NONE', #205, 0.1289370078740146586 ) ;
#1531 = FACE_OUTER_BOUND ( 'NONE', #1544, .T. ) ;
#1532 =( NAMED_UNIT ( * ) PLANE_ANGLE_UNIT ( ) SI_UNIT ( $, .RADIAN. ) );
#1533 = ORIENTED_EDGE ( 'NONE', *, *, #825, .F. ) ;
#1534 = CARTESIAN_POINT ( 'NONE',  ( -2.993591965431566138, 3.875005692002308155, 0.5000000000000000000 ) ) ;
#1535 = ORIENTED_EDGE ( 'NONE', *, *, #550, .T. ) ;
#1536 = VERTEX_POINT ( 'NONE', #1351 ) ;
#1537 = CARTESIAN_POINT ( 'NONE',  ( -10.02000000000236390, 0.8435078740157480048, 0.2810000000000023590 ) ) ;
#1538 = CIRCLE ( 'NONE', #1569, 0.07874015748031502893 ) ;
#1539 = CARTESIAN_POINT ( 'NONE',  ( -5.212070169422351462, 3.683933013535355183, 7.625000000000000000 ) ) ;
#1540 =( LENGTH_UNIT ( ) NAMED_UNIT ( * ) SI_UNIT ( $, .METRE. ) );
#1541 = VERTEX_POINT ( 'NONE', #591 ) ;
#1542 = DIRECTION ( 'NONE',  ( 6.033185646976180259E-12, 1.000000000000000000, 0.000000000000000000 ) ) ;
#1543 = B_SPLINE_CURVE_WITH_KNOTS ( 'NONE', 3,
 ( #375, #790, #764, #1035, #1287, #1161, #26, #291, #533, #1268, #1539, #412, #1378, #922, #255, #1139, #1132 ),
 .UNSPECIFIED., .F., .F.,
 ( 4, 1, 1, 1, 1, 1, 1, 1, 1, 1, 1, 1, 1, 1, 4 ),
 ( 0.4978318800781477704, 0.4979647820219713639, 0.4980976839657950128, 0.4983634878534423107, 0.4986292917410895531, 0.4988950956287367955, 0.4994267034040313358, 0.4999583111793258761, 0.5004899189546203608, 0.5010215267299149566, 0.5012873306175622545, 0.5015531345052095524, 0.5018189383928568503, 0.5019518403366804993, 0.5020847422805040372 ),
 .UNSPECIFIED. ) ;
#1544 = EDGE_LOOP ( 'NONE', ( #59, #31 ) ) ;
#1545 = AXIS2_PLACEMENT_3D ( 'NONE', #1010, #516, #912 ) ;
#1546 = EDGE_CURVE ( 'NONE', #71, #187, #1311, .T. ) ;
#1547 = ORIENTED_EDGE ( 'NONE', *, *, #353, .T. ) ;
#1548 = VECTOR ( 'NONE', #103, 39.37007874015748143 ) ;
#1549 = CARTESIAN_POINT ( 'NONE',  ( -0.01000000000000000021, 3.499999999999982236, 5.253937007874017517 ) ) ;
#1550 = DIRECTION ( 'NONE',  ( 1.000000000000000000, -6.037741648177811000E-12, 0.000000000000000000 ) ) ;
#1551 = CARTESIAN_POINT ( 'NONE',  ( -10.02000000000745494, 0.000000000000000000, 0.5000000000000000000 ) ) ;
#1552 = EDGE_LOOP ( 'NONE', ( #648, #91 ) ) ;
#1553 = CARTESIAN_POINT ( 'NONE',  ( -9.364532611071398449, 1.141042979761373255, 0.1250000000000000000 ) ) ;
#1554 = ORIENTED_EDGE ( 'NONE', *, *, #1392, .F. ) ;
#1555 = ORIENTED_EDGE ( 'NONE', *, *, #44, .T. ) ;
#1556 = AXIS2_PLACEMENT_3D ( 'NONE', #1327, #796, #955 ) ;
#1557 = DIRECTION ( 'NONE',  ( 1.000000000000000000, 0.000000000000000000, 0.000000000000000000 ) ) ;
#1558 = DIRECTION ( 'NONE',  ( -1.000000000000000000, 0.000000000000000000, -0.000000000000000000 ) ) ;
#1559 = CARTESIAN_POINT ( 'NONE',  ( -0.08874015748031495454, 2.999999999999999556, 0.5000000000000000000 ) ) ;
#1560 = EDGE_CURVE ( 'NONE', #815, #1141, #66, .T. ) ;
#1561 = EDGE_LOOP ( 'NONE', ( #671, #768, #1620, #1554 ) ) ;
#1562 = DIRECTION ( 'NONE',  ( 1.000000000000000000, -6.037741648177811000E-12, 0.000000000000000000 ) ) ;
#1563 = VERTEX_POINT ( 'NONE', #1358 ) ;
#1564 = EDGE_CURVE ( 'NONE', #949, #1298, #721, .T. ) ;
#1565 = CARTESIAN_POINT ( 'NONE',  ( -10.52000000000745494, 0.3999999999978305909, 0.000000000000000000 ) ) ;
#1566 = EDGE_CURVE ( 'NONE', #1033, #983, #674, .T. ) ;
#1567 = DIRECTION ( 'NONE',  ( -1.000000000000000000, 0.000000000000000000, 0.000000000000000000 ) ) ;
#1568 = CARTESIAN_POINT ( 'NONE',  ( -0.2599999999999998423, 3.500000000000000000, 2.625000000000001776 ) ) ;
#1569 = AXIS2_PLACEMENT_3D ( 'NONE', #98, #234, #730 ) ;
#1570 = ORIENTED_EDGE ( 'NONE', *, *, #1470, .F. ) ;
#1571 = CARTESIAN_POINT ( 'NONE',  ( -0.6246889304544790411, 3.499999999999982236, 5.253937007874017517 ) ) ;
#1572 = ORIENTED_EDGE ( 'NONE', *, *, #895, .F. ) ;
#1573 = CIRCLE ( 'NONE', #311, 0.07874015748031495954 ) ;
#1574 = CIRCLE ( 'NONE', #1093, 0.1289370078740157688 ) ;
#1575 = PLANE ( 'NONE',  #634 ) ;
#1576 = EDGE_CURVE ( 'NONE', #410, #942, #354, .T. ) ;
#1577 = DIRECTION ( 'NONE',  ( 1.000000000000000000, 0.000000000000000000, 0.000000000000000000 ) ) ;
#1578 = FACE_OUTER_BOUND ( 'NONE', #1424, .T. ) ;
#1579 = ORIENTED_EDGE ( 'NONE', *, *, #761, .F. ) ;
#1580 = DIRECTION ( 'NONE',  ( 6.033185646976182682E-12, 1.000000000000000000, 0.000000000000000000 ) ) ;
#1581 = EDGE_LOOP ( 'NONE', ( #288, #667 ) ) ;
#1582 = EDGE_CURVE ( 'NONE', #564, #1604, #1224, .T. ) ;
#1583 = CARTESIAN_POINT ( 'NONE',  ( -0.08874015748031495454, 3.078740157480314821, 7.625000000000000000 ) ) ;
#1584 = DIRECTION ( 'NONE',  ( 6.037741648177811000E-12, 1.000000000000000000, 0.000000000000000000 ) ) ;
#1585 = DIRECTION ( 'NONE',  ( 0.000000000000000000, 0.000000000000000000, 1.000000000000000000 ) ) ;
#1586 = ORIENTED_EDGE ( 'NONE', *, *, #1300, .T. ) ;
#1587 = DIRECTION ( 'NONE',  ( 0.000000000000000000, 0.000000000000000000, -1.000000000000000000 ) ) ;
#1588 = LINE ( 'NONE', #702, #1320 ) ;
#1589 = CARTESIAN_POINT ( 'NONE',  ( -11.43192246859249650, 0.3599430073836603627, 7.125000000000000000 ) ) ;
#1590 = PLANE ( 'NONE',  #1014 ) ;
#1591 = EDGE_CURVE ( 'NONE', #952, #1411, #1482, .T. ) ;
#1592 = ORIENTED_EDGE ( 'NONE', *, *, #227, .F. ) ;
#1593 = LINE ( 'NONE', #463, #941 ) ;
#1594 = AXIS2_PLACEMENT_3D ( 'NONE', #12, #1279, #159 ) ;
#1595 = EDGE_CURVE ( 'NONE', #623, #339, #1500, .T. ) ;
#1596 = EDGE_CURVE ( 'NONE', #320, #1536, #489, .T. ) ;
#1597 = CYLINDRICAL_SURFACE ( 'NONE', #52, 0.1023622047579720445 ) ;
#1598 = EDGE_LOOP ( 'NONE', ( #1239, #602 ) ) ;
#1599 = AXIS2_PLACEMENT_3D ( 'NONE', #845, #1617, #468 ) ;
#1600 = VECTOR ( 'NONE', #835, 39.37007874015748143 ) ;
#1601 = DIRECTION ( 'NONE',  ( 1.000000000000000000, 4.513118890968097721E-13, 0.000000000000000000 ) ) ;
#1602 = CARTESIAN_POINT ( 'NONE',  ( -10.43304370641319068, 1.073189900032606614, 7.625000000000000000 ) ) ;
#1603 = AXIS2_PLACEMENT_3D ( 'NONE', #1008, #920, #1017 ) ;
#1604 = VERTEX_POINT ( 'NONE', #366 ) ;
#1605 = CARTESIAN_POINT ( 'NONE',  ( -0.01000000000000000021, 3.500000000000000000, 2.625000000000001776 ) ) ;
#1606 = CARTESIAN_POINT ( 'NONE',  ( -2.999999999962236874, 4.249999999999366729, 7.625000000000000000 ) ) ;
#1607 = ORIENTED_EDGE ( 'NONE', *, *, #1470, .T. ) ;
#1608 = DIRECTION ( 'NONE',  ( -0.000000000000000000, 1.000000000000000000, 0.000000000000000000 ) ) ;
#1609 = CIRCLE ( 'NONE', #1527, 0.1289370078740157688 ) ;
#1610 = CARTESIAN_POINT ( 'NONE',  ( -10.23376186337879545, 1.246249444251213978, 7.625000000000000000 ) ) ;
#1611 = VECTOR ( 'NONE', #1193, 39.37007874015748143 ) ;
#1612 = PLANE ( 'NONE',  #724 ) ;
#1613 = CARTESIAN_POINT ( 'NONE',  ( -10.23376186337879545, 1.246249444251213978, 0.5000000000000000000 ) ) ;
#1614 = FACE_OUTER_BOUND ( 'NONE', #65, .T. ) ;
#1615 = ORIENTED_EDGE ( 'NONE', *, *, #1104, .T. ) ;
#1616 = EDGE_CURVE ( 'NONE', #862, #301, #1440, .T. ) ;
#1617 = DIRECTION ( 'NONE',  ( -0.000000000000000000, -0.000000000000000000, 1.000000000000000000 ) ) ;
#1618 = DIRECTION ( 'NONE',  ( 0.000000000000000000, 0.000000000000000000, 1.000000000000000000 ) ) ;
#1619 = ADVANCED_FACE ( 'NONE', ( #245 ), #115, .F. ) ;
#1620 = ORIENTED_EDGE ( 'NONE', *, *, #6, .F. ) ;
#1621 = CYLINDRICAL_SURFACE ( 'NONE', #305, 0.07480314960629920462 ) ;
#1622 = CYLINDRICAL_SURFACE ( 'NONE', #789, 0.07874015748031495954 ) ;
#1623 = ORIENTED_EDGE ( 'NONE', *, *, #1325, .T. ) ;
#1624 = B_SPLINE_CURVE_WITH_KNOTS ( 'NONE', 2,
 ( #752, #166, #1169 ),
 .UNSPECIFIED., .F., .F.,
 ( 3, 3 ),
 ( 0.01239730995741197307, 1.000000000000000000 ),
 .UNSPECIFIED. ) ;
#1625 = CARTESIAN_POINT ( 'NONE',  ( -2.993591965431566138, 3.875005692002308155, 7.625000000000000000 ) ) ;
#1626 = CARTESIAN_POINT ( 'NONE',  ( -12.00000000000000178, -1.469576158976823750E-15, 0.1250000000000000000 ) ) ;
#1627 = AXIS2_PLACEMENT_3D ( 'NONE', #781, #1507, #132 ) ;
#1628 = LINE ( 'NONE', #1352, #1092 ) ;
#1629 = LINE ( 'NONE', #485, #860 ) ;
#1630 = CIRCLE ( 'NONE', #1603, 0.1023622047242342681 ) ;
#1631 = ORIENTED_EDGE ( 'NONE', *, *, #1037, .F. ) ;
#1632 = CARTESIAN_POINT ( 'NONE',  ( -0.2599999999999998423, 2.999999999999999556, 7.625000000000000000 ) ) ;
#1633 = CARTESIAN_POINT ( 'NONE',  ( -6.979675035052306242, 3.194973361266374656, 7.625000000000000000 ) ) ;
#1634 = FACE_OUTER_BOUND ( 'NONE', #644, .T. ) ;
#1635 = CARTESIAN_POINT ( 'NONE',  ( -6.979675035052306242, 3.194973361266374656, 0.5000000000000000000 ) ) ;
#1636 = AXIS2_PLACEMENT_3D ( 'NONE', #982, #74, #597 ) ;
#1637 = ORIENTED_EDGE ( 'NONE', *, *, #1057, .F. ) ;
ENDSEC;
END-ISO-10303-21;
