ISO-10303-21;
HEADER;
FILE_DESCRIPTION (( 'STEP AP214' ),
    '1' );
FILE_NAME ('5508N11_T-Slotted Framing Fasteners.STEP',
    '2026-06-02T03:11:36',
    ( '' ),
    ( '' ),
    'SwSTEP 2.0',
    'SolidWorks 2025',
    '' );
FILE_SCHEMA (( 'AUTOMOTIVE_DESIGN' ));
ENDSEC;

DATA;
#1 = EDGE_CURVE ( 'NONE', #2424, #1473, #1189, .T. ) ;
#2 = DIRECTION ( 'NONE',  ( 1.000000000000000000, 0.000000000000000000, 0.000000000000000000 ) ) ;
#3 = EDGE_CURVE ( 'NONE', #2810, #2737, #173, .T. ) ;
#4 = CARTESIAN_POINT ( 'NONE',  ( 1.661779285267040995, -1.661779285267040773, 1.480000000000001092 ) ) ;
#5 = CARTESIAN_POINT ( 'NONE',  ( -2.075653001105366435, 3.000000000000000444, 1.766630599354602982 ) ) ;
#6 = EDGE_LOOP ( 'NONE', ( #3379, #328, #60, #153, #3195, #444 ) ) ;
#7 = VECTOR ( 'NONE', #1408, 999.9999999999998863 ) ;
#8 = CARTESIAN_POINT ( 'NONE',  ( 0.000000000000000000, 6.252642402625515001E-16, -1.762152550058653011 ) ) ;
#9 = CARTESIAN_POINT ( 'NONE',  ( -3.243740766425389666, -5.958655120299952691E-16, 0.4878124999999990941 ) ) ;
#10 = VECTOR ( 'NONE', #276, 1000.000000000000000 ) ;
#11 = ORIENTED_EDGE ( 'NONE', *, *, #3154, .T. ) ;
#12 = CARTESIAN_POINT ( 'NONE',  ( -2.350110802895320816, 0.9734477676387663925, -0.1868749999999982647 ) ) ;
#13 = CARTESIAN_POINT ( 'NONE',  ( 2.744711947609773883, 1.204907211822480617, -1.565913420284032354 ) ) ;
#14 = LINE ( 'NONE', #3035, #2386 ) ;
#15 = VECTOR ( 'NONE', #2248, 1000.000000000000000 ) ;
#16 = CARTESIAN_POINT ( 'NONE',  ( -1.972122646360303211, 1.397718766510643418, 0.8450690240853232504 ) ) ;
#17 = AXIS2_PLACEMENT_3D ( 'NONE', #3333, #2278, #620 ) ;
#18 = LINE ( 'NONE', #795, #2722 ) ;
#19 = EDGE_CURVE ( 'NONE', #159, #405, #513, .T. ) ;
#20 = B_SPLINE_CURVE_WITH_KNOTS ( 'NONE', 3,
 ( #2540, #1450, #2048, #3358, #3142, #1728, #3390, #944, #2027, #1201, #984, #1779, #132, #115, #3121, #1256, #2838, #1220 ),
 .UNSPECIFIED., .F., .F.,
 ( 4, 2, 2, 2, 2, 2, 2, 2, 4 ),
 ( 0.000000000000000000, 0.0006096507731014251009, 0.001219301546202849985, 0.001828952319304274869, 0.002438603092405699536, 0.003048253865507123770, 0.003657904638608548871, 0.004267555411709973538, 0.004877206184811399073 ),
 .UNSPECIFIED. ) ;
#21 = ORIENTED_EDGE ( 'NONE', *, *, #1112, .F. ) ;
#22 = VERTEX_POINT ( 'NONE', #495 ) ;
#23 = ADVANCED_FACE ( 'NONE', ( #2504 ), #2158, .T. ) ;
#24 = FACE_OUTER_BOUND ( 'NONE', #1423, .T. ) ;
#25 = AXIS2_PLACEMENT_3D ( 'NONE', #2882, #483, #2901 ) ;
#26 = DIRECTION ( 'NONE',  ( 0.000000000000000000, 0.000000000000000000, 1.000000000000000000 ) ) ;
#27 = CARTESIAN_POINT ( 'NONE',  ( 2.350110802895317708, 1.439027836203683837E-16, 0.3687500000000010214 ) ) ;
#28 = CARTESIAN_POINT ( 'NONE',  ( 3.174999999999998046, 1.315128060534578536, 1.241874999999998508 ) ) ;
#29 = ORIENTED_EDGE ( 'NONE', *, *, #2449, .F. ) ;
#30 = CARTESIAN_POINT ( 'NONE',  ( 7.875000000000000000, -0.5430925139406658220, -2.624999999999999556 ) ) ;
#31 = CARTESIAN_POINT ( 'NONE',  ( 2.293671092350642038, -2.293671092350641594, -0.3059375000000010836 ) ) ;
#32 = ORIENTED_EDGE ( 'NONE', *, *, #1838, .F. ) ;
#33 = AXIS2_PLACEMENT_3D ( 'NONE', #2507, #2238, #116 ) ;
#34 = FACE_OUTER_BOUND ( 'NONE', #2217, .T. ) ;
#35 = CARTESIAN_POINT ( 'NONE',  ( -2.179559071729190833, -2.765979867858429753, -2.084154663768096327 ) ) ;
#36 = CIRCLE ( 'NONE', #87, 0.1250000000000001110 ) ;
#37 = DIRECTION ( 'NONE',  ( 1.000000000000000000, 0.000000000000000000, 0.000000000000000000 ) ) ;
#38 = AXIS2_PLACEMENT_3D ( 'NONE', #3052, #1957, #1906 ) ;
#39 = VERTEX_POINT ( 'NONE', #1940 ) ;
#40 = ORIENTED_EDGE ( 'NONE', *, *, #1307, .T. ) ;
#41 = DIRECTION ( 'NONE',  ( -0.000000000000000000, -0.000000000000000000, 1.000000000000000000 ) ) ;
#42 = AXIS2_PLACEMENT_3D ( 'NONE', #3409, #1995, #384 ) ;
#43 = CARTESIAN_POINT ( 'NONE',  ( -8.000000000000000000, -3.000000000000000000, 1.749999999999999778 ) ) ;
#44 = CARTESIAN_POINT ( 'NONE',  ( 1.661779285267040995, -1.661779285267040773, 0.2100000000000009914 ) ) ;
#45 = CARTESIAN_POINT ( 'NONE',  ( -1.072999619834545726, 3.174999999999998490, 1.544761255865642058 ) ) ;
#46 = SHAPE_DEFINITION_REPRESENTATION ( #813, #2125 ) ;
#47 = ORIENTED_EDGE ( 'NONE', *, *, #3, .F. ) ;
#48 = CYLINDRICAL_SURFACE ( 'NONE', #1491, 0.1250000000000001110 ) ;
#49 = CARTESIAN_POINT ( 'NONE',  ( -8.000000000000000000, -2.875000000000000000, 1.875000000000000000 ) ) ;
#50 = EDGE_CURVE ( 'NONE', #1600, #120, #2437, .T. ) ;
#51 = ADVANCED_FACE ( 'NONE', ( #2111 ), #1642, .T. ) ;
#52 = CARTESIAN_POINT ( 'NONE',  ( -1.505340995329795151, 1.848334225011078358, 0.8115843930533291894 ) ) ;
#53 = CARTESIAN_POINT ( 'NONE',  ( -7.951846765234960479, -3.047862104571578357, 1.749999999999999778 ) ) ;
#54 = ORIENTED_EDGE ( 'NONE', *, *, #2970, .F. ) ;
#55 = ORIENTED_EDGE ( 'NONE', *, *, #1442, .T. ) ;
#56 = CARTESIAN_POINT ( 'NONE',  ( -2.350110802895317264, -0.9734477676387655043, 2.511875000000000746 ) ) ;
#57 = DIRECTION ( 'NONE',  ( 0.7931034482758632098, 0.6090869562984709829, 0.000000000000000000 ) ) ;
#58 = CARTESIAN_POINT ( 'NONE',  ( 2.350110802895317708, 0.9734477676387643941, -0.8218749999999993561 ) ) ;
#59 = CARTESIAN_POINT ( 'NONE',  ( 3.174999999999999822, -1.315128060534576759, -1.456875000000001474 ) ) ;
#60 = ORIENTED_EDGE ( 'NONE', *, *, #361, .T. ) ;
#61 = FACE_OUTER_BOUND ( 'NONE', #1910, .T. ) ;
#62 = ORIENTED_EDGE ( 'NONE', *, *, #1993, .T. ) ;
#63 = LINE ( 'NONE', #2719, #3321 ) ;
#64 = VECTOR ( 'NONE', #523, 1000.000000000000000 ) ;
#65 = DIRECTION ( 'NONE',  ( 0.000000000000000000, 0.000000000000000000, -1.000000000000000000 ) ) ;
#66 = AXIS2_PLACEMENT_3D ( 'NONE', #756, #1616, #258 ) ;
#67 = EDGE_CURVE ( 'NONE', #2333, #1164, #14, .T. ) ;
#68 = DIRECTION ( 'NONE',  ( 0.000000000000000000, -9.856383386231863758E-17, 1.000000000000000000 ) ) ;
#69 = CYLINDRICAL_SURFACE ( 'NONE', #970, 0.1250000000000001388 ) ;
#70 = ORIENTED_EDGE ( 'NONE', *, *, #1547, .T. ) ;
#71 = ORIENTED_EDGE ( 'NONE', *, *, #2939, .F. ) ;
#72 = CARTESIAN_POINT ( 'NONE',  ( -2.350110802895317264, -0.9734477676387655043, 1.241875000000000728 ) ) ;
#73 = CIRCLE ( 'NONE', #2671, 0.1250000000000001110 ) ;
#74 = CARTESIAN_POINT ( 'NONE',  ( 3.174999999999999822, 0.000000000000000000, -2.750000000000000444 ) ) ;
#75 = DIRECTION ( 'NONE',  ( 1.000000000000000000, 1.776356839400250465E-15, 0.000000000000000000 ) ) ;
#76 = TOROIDAL_SURFACE ( 'NONE', #3064, 3.625000000000000000, 0.1250000000000000000 ) ;
#77 = CARTESIAN_POINT ( 'NONE',  ( 0.9734477676387645051, 2.350110802895318152, -3.044375000000000497 ) ) ;
#78 = DIRECTION ( 'NONE',  ( 1.000000000000000000, 0.000000000000000000, 0.000000000000000000 ) ) ;
#79 = DIRECTION ( 'NONE',  ( 1.000000000000000000, 0.000000000000000000, 0.000000000000000000 ) ) ;
#80 = ORIENTED_EDGE ( 'NONE', *, *, #2593, .F. ) ;
#81 = CARTESIAN_POINT ( 'NONE',  ( 2.131804347044653269, 2.775862068965516904, 1.875000000000000000 ) ) ;
#82 = CARTESIAN_POINT ( 'NONE',  ( -8.000000000000000000, 3.125000000000000000, 1.625000000000000444 ) ) ;
#83 = FACE_OUTER_BOUND ( 'NONE', #2025, .T. ) ;
#84 = ORIENTED_EDGE ( 'NONE', *, *, #1696, .T. ) ;
#85 = AXIS2_PLACEMENT_3D ( 'NONE', #2240, #1188, #1169 ) ;
#86 = VERTEX_POINT ( 'NONE', #1147 ) ;
#87 = AXIS2_PLACEMENT_3D ( 'NONE', #683, #2296, #3382 ) ;
#88 = CARTESIAN_POINT ( 'NONE',  ( 1.866916094723852115, -2.623211965810724244, -1.727276945252894436 ) ) ;
#89 = ADVANCED_FACE ( 'NONE', ( #1081 ), #3244, .T. ) ;
#90 = ADVANCED_FACE ( 'NONE', ( #1378 ), #1304, .F. ) ;
#91 = CARTESIAN_POINT ( 'NONE',  ( 2.350110802895317708, 0.9734477676387643941, -3.361874999999999059 ) ) ;
#92 = CARTESIAN_POINT ( 'NONE',  ( -7.875000000000000000, -3.000000000000000000, 1.875000000000000000 ) ) ;
#93 = VECTOR ( 'NONE', #451, 1000.000000000000000 ) ;
#94 = DIRECTION ( 'NONE',  ( 0.000000000000000000, 0.000000000000000000, -1.000000000000000000 ) ) ;
#95 = CARTESIAN_POINT ( 'NONE',  ( -8.000000000000000000, -3.000000000000000000, 2.624999999999999112 ) ) ;
#96 = CARTESIAN_POINT ( 'NONE',  ( 2.302797709174662089, -2.534239286685277648, -2.939301048555087004 ) ) ;
#97 = EDGE_LOOP ( 'NONE', ( #775, #1440, #422, #2283, #1225, #2825, #62, #1367 ) ) ;
#98 = EDGE_CURVE ( 'NONE', #988, #312, #2962, .T. ) ;
#99 = CARTESIAN_POINT ( 'NONE',  ( 1.762415375823642494, 2.919869368956991895, -1.969898753749025788 ) ) ;
#100 = CYLINDRICAL_SURFACE ( 'NONE', #33, 0.1250000000000001110 ) ;
#101 = DIRECTION ( 'NONE',  ( 0.000000000000000000, -0.8191520442889914655, -0.5735764363510464925 ) ) ;
#102 = DIRECTION ( 'NONE',  ( 0.000000000000000000, 0.000000000000000000, -1.000000000000000000 ) ) ;
#103 = ORIENTED_EDGE ( 'NONE', *, *, #2777, .F. ) ;
#104 = VERTEX_POINT ( 'NONE', #1623 ) ;
#105 = DIRECTION ( 'NONE',  ( 0.000000000000000000, 0.000000000000000000, -1.000000000000000000 ) ) ;
#106 = CARTESIAN_POINT ( 'NONE',  ( 1.661779285267040995, 1.661779285267040995, -3.282499999999999307 ) ) ;
#107 = LINE ( 'NONE', #1174, #1980 ) ;
#108 = EDGE_CURVE ( 'NONE', #540, #1818, #73, .T. ) ;
#109 = EDGE_CURVE ( 'NONE', #1881, #768, #435, .T. ) ;
#110 = DIRECTION ( 'NONE',  ( 0.000000000000000000, 0.000000000000000000, -1.000000000000000000 ) ) ;
#111 = CARTESIAN_POINT ( 'NONE',  ( 1.991433865635851896, -3.000000000000000000, 1.749999999999999778 ) ) ;
#112 = CARTESIAN_POINT ( 'NONE',  ( -3.243740766425388777, 1.343601418275895076, -0.9409375000000009814 ) ) ;
#113 = ORIENTED_EDGE ( 'NONE', *, *, #2617, .T. ) ;
#114 =( BOUNDED_CURVE ( )  B_SPLINE_CURVE ( 2, ( #3181, #2325, #434, #1520, #2364, #2611, #931, #987, #3450 ),
 .UNSPECIFIED., .F., .T. ) 
 B_SPLINE_CURVE_WITH_KNOTS ( ( 3, 2, 2, 2, 3 ),
 ( 0.03157432029569780252, 0.03406142847731796763, 0.03654853665893812581, 0.03903564484055827705, 0.04152275302217844216 ),
 .UNSPECIFIED. ) 
 CURVE ( )  GEOMETRIC_REPRESENTATION_ITEM ( )  RATIONAL_B_SPLINE_CURVE ( ( 1.000000000000249134, 0.9238795325110377155, 1.000000000000000000, 0.9238795325112867385, 1.000000000000000000, 0.9238795325112867385, 1.000000000000000000, 0.9238795325112867385, 1.000000000000000000 ) ) 
 REPRESENTATION_ITEM ( '' )  );
#115 = CARTESIAN_POINT ( 'NONE',  ( -2.716079891480958519, 1.331873724912895796, 1.456058604829850500 ) ) ;
#116 = DIRECTION ( 'NONE',  ( 0.000000000000000000, 0.000000000000000000, 1.000000000000000000 ) ) ;
#117 = AXIS2_PLACEMENT_3D ( 'NONE', #1213, #757, #3495 ) ;
#118 = FACE_OUTER_BOUND ( 'NONE', #3024, .T. ) ;
#119 = FACE_OUTER_BOUND ( 'NONE', #176, .T. ) ;
#120 = VERTEX_POINT ( 'NONE', #2229 ) ;
#121 = ORIENTED_EDGE ( 'NONE', *, *, #3210, .T. ) ;
#122 = AXIS2_PLACEMENT_3D ( 'NONE', #1596, #518, #3205 ) ;
#123 = VECTOR ( 'NONE', #1972, 1000.000000000000000 ) ;
#124 = CARTESIAN_POINT ( 'NONE',  ( 0.7580239911843567047, 2.977649082442300088, 1.497103808149768955 ) ) ;
#125 = CARTESIAN_POINT ( 'NONE',  ( -1.871285459202391088, -1.792183816401525576, 1.022581364778547774 ) ) ;
#126 = DIRECTION ( 'NONE',  ( 0.000000000000000000, 0.000000000000000000, -1.000000000000000000 ) ) ;
#127 = CIRCLE ( 'NONE', #2094, 0.1250000000000001110 ) ;
#128 = AXIS2_PLACEMENT_3D ( 'NONE', #1391, #522, #3011 ) ;
#129 = DIRECTION ( 'NONE',  ( 0.000000000000000000, -9.856383386231863758E-17, 1.000000000000000000 ) ) ;
#130 = CARTESIAN_POINT ( 'NONE',  ( 3.243740766425390110, -0.8405345026866247737, -2.816218168149236867 ) ) ;
#131 = VERTEX_POINT ( 'NONE', #1672 ) ;
#132 = CARTESIAN_POINT ( 'NONE',  ( -2.462208468641443826, 1.643814175522003262, 1.391363851299371568 ) ) ;
#133 = CARTESIAN_POINT ( 'NONE',  ( 2.350110802895317708, 0.9734477676387643941, 2.988125000000001474 ) ) ;
#134 = CARTESIAN_POINT ( 'NONE',  ( -7.875000000000000000, 5.200000000000000178, 1.750000000000000222 ) ) ;
#135 = CARTESIAN_POINT ( 'NONE',  ( 2.139662337302715045, -1.019696612823318027, -0.9372633529539686759 ) ) ;
#136 = ORIENTED_EDGE ( 'NONE', *, *, #1250, .F. ) ;
#137 = VERTEX_POINT ( 'NONE', #1124 ) ;
#138 = CARTESIAN_POINT ( 'NONE',  ( 2.835557743164757838, -1.575267102731584323, -4.060236773459451776 ) ) ;
#139 = AXIS2_PLACEMENT_3D ( 'NONE', #810, #2721, #2950 ) ;
#140 = CARTESIAN_POINT ( 'NONE',  ( -3.175000000000001155, -2.203475885316854709E-11, 0.3687500000013301249 ) ) ;
#141 = CARTESIAN_POINT ( 'NONE',  ( -2.487125855403086394, -9.109971187891798948E-12, 0.9246443225523122145 ) ) ;
#142 = ORIENTED_EDGE ( 'NONE', *, *, #2246, .T. ) ;
#143 = LINE ( 'NONE', #940, #2791 ) ;
#144 = CIRCLE ( 'NONE', #2179, 0.1250000000000001110 ) ;
#145 = CARTESIAN_POINT ( 'NONE',  ( -2.245064030267292843, 2.245064030267291955, 0.2100000000000031564 ) ) ;
#146 = CARTESIAN_POINT ( 'NONE',  ( 3.243740766425389666, 1.986218373433317810E-16, -1.496562500000000462 ) ) ;
#147 = ORIENTED_EDGE ( 'NONE', *, *, #905, .F. ) ;
#148 = DIRECTION ( 'NONE',  ( -0.000000000000000000, -0.000000000000000000, 1.000000000000000000 ) ) ;
#149 = CARTESIAN_POINT ( 'NONE',  ( 2.350110802895317708, 1.439027836203683837E-16, -0.9012499999999988853 ) ) ;
#150 = CARTESIAN_POINT ( 'NONE',  ( 0.000000000000000000, 0.000000000000000000, 1.875000000000000000 ) ) ;
#151 = CYLINDRICAL_SURFACE ( 'NONE', #305, 0.1250000000000002498 ) ;
#152 = ORIENTED_EDGE ( 'NONE', *, *, #224, .T. ) ;
#153 = ORIENTED_EDGE ( 'NONE', *, *, #2758, .F. ) ;
#154 = DIRECTION ( 'NONE',  ( 1.000000000000000000, 0.000000000000000000, 0.000000000000000000 ) ) ;
#155 = DIRECTION ( 'NONE',  ( 8.881784197001252323E-16, -1.000000000000000000, -1.239088197126290817E-16 ) ) ;
#156 = CYLINDRICAL_SURFACE ( 'NONE', #180, 0.3000000000000003775 ) ;
#157 = DIRECTION ( 'NONE',  ( 1.000000000000000000, 0.000000000000000000, 0.000000000000000000 ) ) ;
#158 = CARTESIAN_POINT ( 'NONE',  ( 3.972436746866635620E-16, -3.243740766425389666, -0.5440625000000002265 ) ) ;
#159 = VERTEX_POINT ( 'NONE', #2482 ) ;
#160 = LINE ( 'NONE', #2009, #2465 ) ;
#161 = CARTESIAN_POINT ( 'NONE',  ( -2.350110802895317264, 0.9734477676387649492, -1.615624999999999201 ) ) ;
#162 = CARTESIAN_POINT ( 'NONE',  ( 2.207940216581962378, -2.875000000000000000, 1.875000000000000000 ) ) ;
#163 = CARTESIAN_POINT ( 'NONE',  ( 8.000000000000000000, -2.875000000000000000, 1.449999999999999289 ) ) ;
#164 = ORIENTED_EDGE ( 'NONE', *, *, #191, .F. ) ;
#165 = EDGE_CURVE ( 'NONE', #2358, #3218, #3016, .T. ) ;
#166 = CARTESIAN_POINT ( 'NONE',  ( 3.243740766425389221, -0.8405177194504538374, -4.006842176657748666 ) ) ;
#167 = CARTESIAN_POINT ( 'NONE',  ( 2.207940216581962378, 2.875000000000000000, 2.624999999999998668 ) ) ;
#168 = FACE_OUTER_BOUND ( 'NONE', #2199, .T. ) ;
#169 = AXIS2_PLACEMENT_3D ( 'NONE', #3353, #1263, #110 ) ;
#170 = CARTESIAN_POINT ( 'NONE',  ( 0.3159498260867528163, -2.968620239554526030, -1.555772789614804807 ) ) ;
#171 = DIRECTION ( 'NONE',  ( 0.000000000000000000, 0.000000000000000000, 1.000000000000000000 ) ) ;
#172 = CARTESIAN_POINT ( 'NONE',  ( 1.661779285267040995, 1.661779285267040995, -0.5837499999999996581 ) ) ;
#173 = CIRCLE ( 'NONE', #2268, 3.875000000000000000 ) ;
#174 = CARTESIAN_POINT ( 'NONE',  ( 2.350110802895318152, 1.439027836203684084E-16, -2.012500000000000178 ) ) ;
#175 = AXIS2_PLACEMENT_3D ( 'NONE', #334, #2736, #3336 ) ;
#176 = EDGE_LOOP ( 'NONE', ( #1663, #798, #3444, #1076, #300 ) ) ;
#177 = CLOSED_SHELL ( 'NONE', ( #974, #673, #2945, #2489, #2978, #627, #1460, #1959, #3468, #2857, #957, #935, #510, #1087, #89, #599, #2512, #2186, #2336, #3399, #2776, #51, #2891, #23, #90, #1095, #874, #2081, #271, #1203, #1545, #2992, #512, #2688, #3250, #1599, #1461, #362, #555, #490, #2157, #3504, #828, #3274, #1040, #1627, #398, #1990, #3258, #1261, #3256, #3115, #445, #438, #2343, #2043, #2663, #3447, #3372, #1374, #1072, #1802, #1419, #3139, #2969, #1141, #1888, #1291, #1097, #1915, #1759, #2188, #2923, #3102, #3051, #2878, #1152, #2743, #2471, #1517, #1914, #2711, #2037, #2187, #2600, #2202, #2813, #2258, #2119, #2257, #1926 ) ) ;
#178 = CARTESIAN_POINT ( 'NONE',  ( -8.000000000000000000, -3.000000000000000000, 2.624999999999999112 ) ) ;
#179 = CARTESIAN_POINT ( 'NONE',  ( -2.350110802895317264, -0.9734477676387655043, -0.1868749999999991251 ) ) ;
#180 = AXIS2_PLACEMENT_3D ( 'NONE', #1459, #922, #1230 ) ;
#181 = CARTESIAN_POINT ( 'NONE',  ( 7.875000000000000000, 3.000000000000000000, 2.624999999999999112 ) ) ;
#182 = CYLINDRICAL_SURFACE ( 'NONE', #1936, 3.174999999999999822 ) ;
#183 = CARTESIAN_POINT ( 'NONE',  ( 1.315128060534579424, -3.175000000000005596, 0.7656250000000029976 ) ) ;
#184 = CARTESIAN_POINT ( 'NONE',  ( -2.293671092350642482, 2.293671092350641150, -2.210937500000000888 ) ) ;
#185 = CARTESIAN_POINT ( 'NONE',  ( -2.634074751630469446, -0.01353387201522150349, -1.215654944845131258 ) ) ;
#186 = CARTESIAN_POINT ( 'NONE',  ( 2.147384119933571700, 3.000000000000000444, 1.814411957758514937 ) ) ;
#187 = B_SPLINE_CURVE_WITH_KNOTS ( 'NONE', 3,
 ( #1331, #2131, #3220, #1592, #2687, #2147, #3239, #2968, #535, #274, #1351, #13, #3342, #3070, #3310, #862, #1132, #1925, #1943, #895, #2775, #629 ),
 .UNSPECIFIED., .F., .F.,
 ( 4, 2, 2, 2, 2, 2, 2, 2, 2, 2, 4 ),
 ( 0.009683496154718064519, 0.01018762809289105661, 0.01069176003106404697, 0.01119589196923703907, 0.01170002390741003116, 0.01270828778375601362, 0.01371655166010199781, 0.01472481553644798200, 0.01573307941279396618, 0.01674134328913995037, 0.01774960716548593456 ),
 .UNSPECIFIED. ) ;
#188 = CARTESIAN_POINT ( 'NONE',  ( -2.350110802895317264, -0.9734477676387655043, -0.1868749999999990974 ) ) ;
#189 = ORIENTED_EDGE ( 'NONE', *, *, #3032, .T. ) ;
#190 = DIRECTION ( 'NONE',  ( -0.000000000000000000, -0.000000000000000000, 1.000000000000000000 ) ) ;
#191 = EDGE_CURVE ( 'NONE', #1555, #849, #1750, .T. ) ;
#192 = EDGE_CURVE ( 'NONE', #2154, #312, #2033, .T. ) ;
#193 = CARTESIAN_POINT ( 'NONE',  ( 0.000000000000000000, 0.000000000000000000, 2.624999999999998668 ) ) ;
#194 = CARTESIAN_POINT ( 'NONE',  ( -1.661779285267041439, 1.661779285267040551, -0.2662499999999999867 ) ) ;
#195 = CARTESIAN_POINT ( 'NONE',  ( 2.350110802895318152, -0.9734477676387642830, -0.8218750000000001332 ) ) ;
#196 = ORIENTED_EDGE ( 'NONE', *, *, #1702, .T. ) ;
#197 = AXIS2_PLACEMENT_3D ( 'NONE', #2473, #1434, #2271 ) ;
#198 = CARTESIAN_POINT ( 'NONE',  ( 7.875000000000000000, 3.125000000000000000, 1.750000000000000222 ) ) ;
#199 = CARTESIAN_POINT ( 'NONE',  ( 0.9734477676387645051, -2.350110802895317708, 1.400625000000001119 ) ) ;
#200 = CARTESIAN_POINT ( 'NONE',  ( 0.9734477676387657263, 2.350110802895321260, -0.5043749999999979083 ) ) ;
#201 = FACE_OUTER_BOUND ( 'NONE', #2746, .T. ) ;
#202 = VERTEX_POINT ( 'NONE', #1365 ) ;
#203 = CARTESIAN_POINT ( 'NONE',  ( 2.293671092350642038, 2.293671092350642038, -1.258437500000000764 ) ) ;
#204 = DIRECTION ( 'NONE',  ( 0.000000000000000000, -1.000000000000000000, 0.000000000000000000 ) ) ;
#205 = CARTESIAN_POINT ( 'NONE',  ( 2.207940216581962378, -2.875000000000000000, 2.624999999999998668 ) ) ;
#206 = CARTESIAN_POINT ( 'NONE',  ( 0.9734477676387645051, -2.350110802895317708, 0.1306250000000009626 ) ) ;
#207 = EDGE_CURVE ( 'NONE', #86, #2167, #3268, .T. ) ;
#208 = DIRECTION ( 'NONE',  ( 0.000000000000000000, 0.000000000000000000, -1.000000000000000000 ) ) ;
#209 = CARTESIAN_POINT ( 'NONE',  ( 7.875000000000000000, 3.000000000000000000, 1.875000000000000666 ) ) ;
#210 = CARTESIAN_POINT ( 'NONE',  ( 2.350110802895317708, 0.9734477676387643941, -1.933124999999999538 ) ) ;
#211 = CARTESIAN_POINT ( 'NONE',  ( 1.661779285267041439, 1.661779285267041439, -0.5837499999999996581 ) ) ;
#212 = VERTEX_POINT ( 'NONE', #2500 ) ;
#213 = EDGE_CURVE ( 'NONE', #260, #1384, #1866, .T. ) ;
#214 = CYLINDRICAL_SURFACE ( 'NONE', #367, 0.1250000000000001110 ) ;
#215 = CARTESIAN_POINT ( 'NONE',  ( -0.9734477676387658374, 2.350110802895317264, -3.044374999999999165 ) ) ;
#216 = ORIENTED_EDGE ( 'NONE', *, *, #461, .T. ) ;
#217 = FACE_OUTER_BOUND ( 'NONE', #250, .T. ) ;
#218 = CARTESIAN_POINT ( 'NONE',  ( 7.875000000000000000, -5.199999999999999289, 1.624999999999999556 ) ) ;
#219 = ORIENTED_EDGE ( 'NONE', *, *, #983, .F. ) ;
#220 = SPHERICAL_SURFACE ( 'NONE', #2605, 0.1250000000000000000 ) ;
#221 = CARTESIAN_POINT ( 'NONE',  ( 2.207940216581962378, 3.000000000000000000, 1.875000000000000000 ) ) ;
#222 = CARTESIAN_POINT ( 'NONE',  ( 2.350110802895317708, 1.439027836203683837E-16, 0.3687500000000010214 ) ) ;
#223 = ORIENTED_EDGE ( 'NONE', *, *, #2068, .T. ) ;
#224 = EDGE_CURVE ( 'NONE', #404, #3484, #2245, .T. ) ;
#225 = AXIS2_PLACEMENT_3D ( 'NONE', #193, #1283, #3500 ) ;
#226 = CARTESIAN_POINT ( 'NONE',  ( 3.175000000000000711, 1.944126793646423534E-16, -0.2662499999999996536 ) ) ;
#227 = CARTESIAN_POINT ( 'NONE',  ( -2.350110802895317264, -0.9734477676387655043, -2.568124999999999769 ) ) ;
#228 = CARTESIAN_POINT ( 'NONE',  ( -2.350110802895317708, -0.9734477676387658374, -0.02812499999999993824 ) ) ;
#229 = VERTEX_POINT ( 'NONE', #2568 ) ;
#230 = AXIS2_PLACEMENT_3D ( 'NONE', #774, #1062, #704 ) ;
#231 = CARTESIAN_POINT ( 'NONE',  ( -8.000000000000000000, 2.875000000000000000, 2.624999999999999112 ) ) ;
#232 = CARTESIAN_POINT ( 'NONE',  ( 2.293671092350642038, 2.293671092350642038, 0.01156249999999898678 ) ) ;
#233 = VECTOR ( 'NONE', #157, 1000.000000000000000 ) ;
#234 = ORIENTED_EDGE ( 'NONE', *, *, #2137, .F. ) ;
#235 = B_SPLINE_CURVE_WITH_KNOTS ( 'NONE', 3,
 ( #1422, #2509, #1681, #1136 ),
 .UNSPECIFIED., .F., .F.,
 ( 4, 4 ),
 ( -2.236067977946728148E-06, 0.0001590332656304004272 ),
 .UNSPECIFIED. ) ;
#236 = FACE_OUTER_BOUND ( 'NONE', #2866, .T. ) ;
#237 = DIRECTION ( 'NONE',  ( 1.000000000000000000, 0.000000000000000000, 0.000000000000000000 ) ) ;
#238 = EDGE_CURVE ( 'NONE', #3426, #1129, #143, .T. ) ;
#239 = CARTESIAN_POINT ( 'NONE',  ( 3.243740766425389666, 1.986218373433317810E-16, 2.313437499999999591 ) ) ;
#240 = CARTESIAN_POINT ( 'NONE',  ( -3.174999999999999822, -5.832380380939269122E-16, -0.7425000000000013811 ) ) ;
#241 = ORIENTED_EDGE ( 'NONE', *, *, #213, .F. ) ;
#242 = ORIENTED_EDGE ( 'NONE', *, *, #2557, .T. ) ;
#243 = LINE ( 'NONE', #1009, #792 ) ;
#244 = CARTESIAN_POINT ( 'NONE',  ( -8.000000000000000000, 3.000000000000000000, 2.624999999999999112 ) ) ;
#245 = CARTESIAN_POINT ( 'NONE',  ( -2.350110802895317264, -0.9734477676387655043, -2.726874999999998828 ) ) ;
#246 = CARTESIAN_POINT ( 'NONE',  ( -2.350110802895318152, -4.317083508611051018E-16, -0.1074999999999999567 ) ) ;
#247 = ORIENTED_EDGE ( 'NONE', *, *, #2747, .F. ) ;
#248 = CARTESIAN_POINT ( 'NONE',  ( 2.878055672407367674E-16, -2.350110802895317708, -2.488749999999999130 ) ) ;
#249 = TOROIDAL_SURFACE ( 'NONE', #3487, 3.625000000000000000, 0.1250000000000000000 ) ;
#250 = EDGE_LOOP ( 'NONE', ( #2327, #1922, #2708 ) ) ;
#251 = CIRCLE ( 'NONE', #2521, 0.1250000000000001943 ) ;
#252 = CARTESIAN_POINT ( 'NONE',  ( 1.238354473434262637, 2.085204097099824683, 0.7350772635764712959 ) ) ;
#253 = CARTESIAN_POINT ( 'NONE',  ( 8.000000000000000000, 2.875000000000000000, 1.449999999999999289 ) ) ;
#254 = DIRECTION ( 'NONE',  ( 0.000000000000000000, 0.000000000000000000, 1.000000000000000000 ) ) ;
#255 = AXIS2_PLACEMENT_3D ( 'NONE', #1942, #826, #323 ) ;
#256 = EDGE_CURVE ( 'NONE', #3357, #3125, #1161, .T. ) ;
#257 = EDGE_CURVE ( 'NONE', #2795, #849, #3334, .T. ) ;
#258 = DIRECTION ( 'NONE',  ( 0.000000000000000000, 0.000000000000000000, -1.000000000000000000 ) ) ;
#259 = CARTESIAN_POINT ( 'NONE',  ( 3.174999999999999822, 1.944126793646423287E-16, -0.1075000000000012057 ) ) ;
#260 = VERTEX_POINT ( 'NONE', #1687 ) ;
#261 = B_SPLINE_CURVE_WITH_KNOTS ( 'NONE', 3,
 ( #1541, #1524, #1297, #186, #2920, #221 ),
 .UNSPECIFIED., .F., .F.,
 ( 4, 2, 4 ),
 ( 0.0004001385786894855689, 0.0005288294216264305750, 0.0006575202645633755269 ),
 .UNSPECIFIED. ) ;
#262 = VERTEX_POINT ( 'NONE', #2517 ) ;
#263 = CARTESIAN_POINT ( 'NONE',  ( 2.350110802895317708, -0.9734477676387640610, 2.988125000000001030 ) ) ;
#264 = DIRECTION ( 'NONE',  ( 0.7931034482758613224, 0.6090869562984730923, 2.751630341204590251E-15 ) ) ;
#265 = CARTESIAN_POINT ( 'NONE',  ( 0.000000000000000000, 2.350110802895317708, -0.5837499999999987699 ) ) ;
#266 = CARTESIAN_POINT ( 'NONE',  ( -8.000000000000000000, 3.819700691096629797, -1.044305745404189523 ) ) ;
#267 = VERTEX_POINT ( 'NONE', #2787 ) ;
#268 = DIRECTION ( 'NONE',  ( 1.000000000000000000, 0.000000000000000000, 0.000000000000000000 ) ) ;
#269 = CARTESIAN_POINT ( 'NONE',  ( -2.350110802895317264, 0.9734477676387649492, -2.885624999999999218 ) ) ;
#270 = VERTEX_POINT ( 'NONE', #606 ) ;
#271 = ADVANCED_FACE ( 'NONE', ( #1215 ), #888, .T. ) ;
#272 = EDGE_CURVE ( 'NONE', #159, #2852, #2677, .T. ) ;
#273 = CARTESIAN_POINT ( 'NONE',  ( -8.000000000000000000, 3.000000000000000000, 2.624999999999999112 ) ) ;
#274 = CARTESIAN_POINT ( 'NONE',  ( 2.151498374647714762, 2.024579812597027573, -1.522380985717837198 ) ) ;
#275 = DIRECTION ( 'NONE',  ( -0.000000000000000000, 0.000000000000000000, 1.000000000000000000 ) ) ;
#276 = DIRECTION ( 'NONE',  ( 0.000000000000000000, -1.000000000000000000, -9.856383386231863758E-17 ) ) ;
#277 = VERTEX_POINT ( 'NONE', #348 ) ;
#278 = ORIENTED_EDGE ( 'NONE', *, *, #257, .F. ) ;
#279 = CARTESIAN_POINT ( 'NONE',  ( 1.661779285267040995, 1.661779285267040995, 1.956250000000000488 ) ) ;
#280 = DIRECTION ( 'NONE',  ( 0.000000000000000000, 1.000000000000000000, 0.000000000000000000 ) ) ;
#281 = CARTESIAN_POINT ( 'NONE',  ( 0.9734477676387645051, -2.350110802895317708, 0.1306250000000009626 ) ) ;
#282 = CARTESIAN_POINT ( 'NONE',  ( -2.207940216581962378, -2.874999999999999556, 2.624999999999998668 ) ) ;
#283 = VERTEX_POINT ( 'NONE', #2550 ) ;
#284 = AXIS2_PLACEMENT_3D ( 'NONE', #3383, #154, #3078 ) ;
#285 = CARTESIAN_POINT ( 'NONE',  ( -8.000000000000000000, -5.199999999999999289, 1.449999999999999289 ) ) ;
#286 = CARTESIAN_POINT ( 'NONE',  ( -1.661779285267041439, 1.661779285267040551, -2.964999999999999414 ) ) ;
#287 = CIRCLE ( 'NONE', #1635, 4.000000000000000000 ) ;
#288 = VERTEX_POINT ( 'NONE', #639 ) ;
#289 = AXIS2_PLACEMENT_3D ( 'NONE', #840, #1921, #320 ) ;
#290 = DIRECTION ( 'NONE',  ( 0.000000000000000000, 0.000000000000000000, -1.000000000000000000 ) ) ;
#291 = CARTESIAN_POINT ( 'NONE',  ( -8.000000000000000000, 0.5430925139406658220, 1.250000000000000222 ) ) ;
#292 = DIRECTION ( 'NONE',  ( -0.000000000000000000, -0.000000000000000000, 1.000000000000000000 ) ) ;
#293 = EDGE_LOOP ( 'NONE', ( #11, #360, #113, #1668 ) ) ;
#294 = ORIENTED_EDGE ( 'NONE', *, *, #1659, .T. ) ;
#295 = CARTESIAN_POINT ( 'NONE',  ( 1.661779285267040995, -1.661779285267040773, 1.638750000000000151 ) ) ;
#296 = AXIS2_PLACEMENT_3D ( 'NONE', #3478, #2389, #1824 ) ;
#297 = DIRECTION ( 'NONE',  ( 8.659560562354915602E-17, -0.7071067811865460184, -0.7071067811865489050 ) ) ;
#298 = CARTESIAN_POINT ( 'NONE',  ( -0.9734477676387638390, -2.350110802895318152, 1.241875000000001172 ) ) ;
#299 = CARTESIAN_POINT ( 'NONE',  ( 1.668391577165956985, -1.836072471143876728, -3.455238548555085831 ) ) ;
#300 = ORIENTED_EDGE ( 'NONE', *, *, #852, .T. ) ;
#301 = EDGE_CURVE ( 'NONE', #2604, #1765, #1723, .T. ) ;
#302 = EDGE_CURVE ( 'NONE', #1600, #2957, #2740, .T. ) ;
#303 = CARTESIAN_POINT ( 'NONE',  ( -3.174999999999999822, 3.888253587292846081E-16, -2.750000000000000444 ) ) ;
#304 = ORIENTED_EDGE ( 'NONE', *, *, #2634, .F. ) ;
#305 = AXIS2_PLACEMENT_3D ( 'NONE', #2631, #948, #3146 ) ;
#306 = CARTESIAN_POINT ( 'NONE',  ( -7.875000000000000000, 5.200000000000000178, 1.449999999999999956 ) ) ;
#307 = DIRECTION ( 'NONE',  ( -0.7931034482758626547, -0.6090869562984715380, 0.000000000000000000 ) ) ;
#308 = CIRCLE ( 'NONE', #1435, 3.375000000000000000 ) ;
#309 = CARTESIAN_POINT ( 'NONE',  ( -0.5547747772590032600, 2.304263050921552036, 0.7876292700445446382 ) ) ;
#310 = FACE_OUTER_BOUND ( 'NONE', #1911, .T. ) ;
#311 = AXIS2_PLACEMENT_3D ( 'NONE', #306, #3003, #566 ) ;
#312 = VERTEX_POINT ( 'NONE', #622 ) ;
#313 = ORIENTED_EDGE ( 'NONE', *, *, #1774, .T. ) ;
#314 = CARTESIAN_POINT ( 'NONE',  ( -7.875000000000000000, -3.819700691096631129, -1.044305745404187302 ) ) ;
#315 = B_SPLINE_CURVE_WITH_KNOTS ( 'NONE', 3,
 ( #865, #3329, #881, #1961, #3090, #1453 ),
 .UNSPECIFIED., .F., .F.,
 ( 4, 2, 4 ),
 ( 0.000000000000000000, 0.0007197928207057128309, 0.001439585641411425662 ),
 .UNSPECIFIED. ) ;
#316 = CARTESIAN_POINT ( 'NONE',  ( 8.000000000000000000, 2.875000000000000000, 1.875000000000000666 ) ) ;
#317 = CARTESIAN_POINT ( 'NONE',  ( -2.350110802895317708, -4.317083508611050525E-16, 1.003750000000001252 ) ) ;
#318 = DIRECTION ( 'NONE',  ( 0.7931034482758613224, -0.6090869562984732033, -2.113194884004432528E-15 ) ) ;
#319 = EDGE_LOOP ( 'NONE', ( #2790, #1929, #587, #2580, #2441, #2581, #682, #216, #2013, #80, #1587, #2398 ) ) ;
#320 = DIRECTION ( 'NONE',  ( 1.000000000000000000, 0.000000000000000000, 0.000000000000000000 ) ) ;
#321 = ORIENTED_EDGE ( 'NONE', *, *, #1226, .T. ) ;
#322 = EDGE_CURVE ( 'NONE', #1881, #1137, #732, .T. ) ;
#323 = DIRECTION ( 'NONE',  ( 1.000000000000000000, 0.000000000000000000, 0.000000000000000000 ) ) ;
#324 = DIRECTION ( 'NONE',  ( -0.000000000000000000, -0.000000000000000000, 1.000000000000000000 ) ) ;
#325 = CARTESIAN_POINT ( 'NONE',  ( 8.000000000000000000, -5.199999999999999289, 1.624999999999999778 ) ) ;
#326 = CARTESIAN_POINT ( 'NONE',  ( -7.875000000000000000, -3.125000000000000000, 1.875000000000000000 ) ) ;
#327 = VERTEX_POINT ( 'NONE', #1705 ) ;
#328 = ORIENTED_EDGE ( 'NONE', *, *, #1182, .T. ) ;
#329 = CARTESIAN_POINT ( 'NONE',  ( 2.207940216581962378, 2.875000000000000000, 1.875000000000000000 ) ) ;
#330 = CARTESIAN_POINT ( 'NONE',  ( 7.875000000000000000, -5.199999999999999289, 1.624999999999999778 ) ) ;
#331 = CARTESIAN_POINT ( 'NONE',  ( -0.7090010218048462542, -2.563830154961305396, 1.091793735165407897 ) ) ;
#332 = CARTESIAN_POINT ( 'NONE',  ( -0.5347819390190413635, -3.175000000000000711, -1.727276945252300244 ) ) ;
#333 =( NAMED_UNIT ( * ) SI_UNIT ( $, .STERADIAN. ) SOLID_ANGLE_UNIT ( ) );
#334 = CARTESIAN_POINT ( 'NONE',  ( 0.000000000000000000, 9.757819552369543850E-16, -2.750000000000001332 ) ) ;
#335 = CARTESIAN_POINT ( 'NONE',  ( 7.875000000000000000, 2.875000000000000000, 2.624999999999999112 ) ) ;
#336 = ORIENTED_EDGE ( 'NONE', *, *, #108, .T. ) ;
#337 = DIRECTION ( 'NONE',  ( -0.000000000000000000, 1.000000000000000000, 0.000000000000000000 ) ) ;
#338 = VECTOR ( 'NONE', #1917, 1000.000000000000000 ) ;
#339 = LINE ( 'NONE', #2760, #3313 ) ;
#340 = EDGE_CURVE ( 'NONE', #3385, #2153, #1495, .T. ) ;
#341 = CARTESIAN_POINT ( 'NONE',  ( -7.875000000000000000, 2.875000000000000000, 2.624999999999999112 ) ) ;
#342 = FACE_OUTER_BOUND ( 'NONE', #2546, .T. ) ;
#343 = TOROIDAL_SURFACE ( 'NONE', #1130, 0.2500000000000000000, 0.1250000000000000000 ) ;
#344 = EDGE_LOOP ( 'NONE', ( #1610, #2725, #548, #2065, #2442, #3050 ) ) ;
#345 = EDGE_CURVE ( 'NONE', #3125, #2224, #2959, .T. ) ;
#346 = CARTESIAN_POINT ( 'NONE',  ( -2.131804347044653269, -2.775862068965516904, 1.875000000000000000 ) ) ;
#347 = DIRECTION ( 'NONE',  ( 1.000000000000000000, 0.000000000000000000, 0.000000000000000000 ) ) ;
#348 = CARTESIAN_POINT ( 'NONE',  ( 8.000000000000000000, 0.5430925139406658220, -2.624999999999999556 ) ) ;
#349 = CARTESIAN_POINT ( 'NONE',  ( -7.951846765234960479, 3.000000000000000000, 1.797862104571579245 ) ) ;
#350 = DIRECTION ( 'NONE',  ( -0.000000000000000000, -0.000000000000000000, 1.000000000000000000 ) ) ;
#351 = CARTESIAN_POINT ( 'NONE',  ( -2.293671092350642482, 2.293671092350641150, -2.290312500000000639 ) ) ;
#352 = ORIENTED_EDGE ( 'NONE', *, *, #1025, .T. ) ;
#353 = DIRECTION ( 'NONE',  ( 1.000000000000000000, 0.000000000000000000, 0.000000000000000000 ) ) ;
#354 = CARTESIAN_POINT ( 'NONE',  ( 7.875000000000000000, 2.875000000000000000, 2.624999999999999112 ) ) ;
#355 = EDGE_CURVE ( 'NONE', #1676, #2103, #1421, .T. ) ;
#356 = DIRECTION ( 'NONE',  ( 0.000000000000000000, -0.5735764363510466035, 0.8191520442889914655 ) ) ;
#357 = CARTESIAN_POINT ( 'NONE',  ( -8.000000000000000000, -2.875000000000000000, 2.624999999999999112 ) ) ;
#358 = ORIENTED_EDGE ( 'NONE', *, *, #1231, .F. ) ;
#359 = CIRCLE ( 'NONE', #85, 0.1250000000000001110 ) ;
#360 = ORIENTED_EDGE ( 'NONE', *, *, #982, .F. ) ;
#361 = EDGE_CURVE ( 'NONE', #2852, #1192, #107, .T. ) ;
#362 = ADVANCED_FACE ( 'NONE', ( #904 ), #156, .T. ) ;
#363 = TOROIDAL_SURFACE ( 'NONE', #1939, 0.2500000000000000000, 0.1250000000000000000 ) ;
#364 = CARTESIAN_POINT ( 'NONE',  ( 2.619257194728648486, 1.368099538251957847, 1.389208012963821570 ) ) ;
#365 = CARTESIAN_POINT ( 'NONE',  ( -2.350110802895317708, -4.317083508611050525E-16, -2.806249999999999467 ) ) ;
#366 = DIRECTION ( 'NONE',  ( -0.000000000000000000, -0.000000000000000000, 1.000000000000000000 ) ) ;
#367 = AXIS2_PLACEMENT_3D ( 'NONE', #231, #507, #785 ) ;
#368 = CARTESIAN_POINT ( 'NONE',  ( -2.118517526256545658, -1.462258887608264946, -1.138304989684261415 ) ) ;
#369 = DIRECTION ( 'NONE',  ( 1.000000000000000000, 0.000000000000000000, 0.000000000000000000 ) ) ;
#370 = CARTESIAN_POINT ( 'NONE',  ( 2.293671092350642038, 2.293671092350642038, -2.607812500000000533 ) ) ;
#371 = ORIENTED_EDGE ( 'NONE', *, *, #1181, .T. ) ;
#372 = CARTESIAN_POINT ( 'NONE',  ( -7.976308181546796661, 3.000000000000000000, 1.749999999999999778 ) ) ;
#373 = DIRECTION ( 'NONE',  ( -0.000000000000000000, 1.000000000000000000, -0.000000000000000000 ) ) ;
#374 = LINE ( 'NONE', #2543, #1994 ) ;
#375 = DIRECTION ( 'NONE',  ( 0.000000000000000000, 1.000000000000000000, 0.000000000000000000 ) ) ;
#376 = VERTEX_POINT ( 'NONE', #2005 ) ;
#377 = ORIENTED_EDGE ( 'NONE', *, *, #714, .F. ) ;
#378 = DIRECTION ( 'NONE',  ( -0.000000000000000000, 1.000000000000000000, 0.000000000000000000 ) ) ;
#379 = CARTESIAN_POINT ( 'NONE',  ( 2.882264721143027675, -0.1768489871436558780, 1.319783188291033804 ) ) ;
#380 = DIRECTION ( 'NONE',  ( -0.000000000000000000, -0.000000000000000000, -1.000000000000000000 ) ) ;
#381 = DIRECTION ( 'NONE',  ( -0.000000000000000000, -0.000000000000000000, 1.000000000000000000 ) ) ;
#382 = CARTESIAN_POINT ( 'NONE',  ( 1.343601418275894632, -3.243740766425389221, -1.734687499999999938 ) ) ;
#383 = EDGE_LOOP ( 'NONE', ( #1733, #3503, #1505, #602 ) ) ;
#384 = DIRECTION ( 'NONE',  ( 0.000000000000000000, 1.000000000000000000, 3.414809992080329023E-16 ) ) ;
#385 = CARTESIAN_POINT ( 'NONE',  ( -2.350110802895317264, 0.9734477676387649492, 2.194375000000000853 ) ) ;
#386 = VECTOR ( 'NONE', #3044, 1000.000000000000000 ) ;
#387 = CYLINDRICAL_SURFACE ( 'NONE', #411, 0.1250000000000001388 ) ;
#388 = CARTESIAN_POINT ( 'NONE',  ( -7.913010786225547655, -3.086987693312872594, 1.749999999999999778 ) ) ;
#389 = ORIENTED_EDGE ( 'NONE', *, *, #2293, .F. ) ;
#390 = ORIENTED_EDGE ( 'NONE', *, *, #2359, .T. ) ;
#391 = CARTESIAN_POINT ( 'NONE',  ( 0.000000000000000000, 3.243740766425389666, -3.639687500000001297 ) ) ;
#392 = CARTESIAN_POINT ( 'NONE',  ( -1.926024194606478890, 2.524095046108697282, 1.612518467149223422 ) ) ;
#393 = CARTESIAN_POINT ( 'NONE',  ( -2.207940216581962378, 2.875000000000000000, 2.624999999999999112 ) ) ;
#394 = DIRECTION ( 'NONE',  ( 1.000000000000000000, 0.000000000000000000, 0.000000000000000000 ) ) ;
#395 = CARTESIAN_POINT ( 'NONE',  ( -3.175000000009133405, 1.315128060525450282, 0.2893750000007823120 ) ) ;
#396 = CARTESIAN_POINT ( 'NONE',  ( 2.293671092350642038, -2.293671092350641594, 0.8846874999999996270 ) ) ;
#397 = VERTEX_POINT ( 'NONE', #1737 ) ;
#398 = ADVANCED_FACE ( 'NONE', ( #2279 ), #2314, .T. ) ;
#399 = EDGE_CURVE ( 'NONE', #1137, #2424, #802, .T. ) ;
#400 = DIRECTION ( 'NONE',  ( -0.000000000000000000, 0.5735764363510472696, 0.8191520442889909104 ) ) ;
#401 = CARTESIAN_POINT ( 'NONE',  ( -2.350110802895317264, 0.9734477676387649492, -0.3456249999999991274 ) ) ;
#402 = LINE ( 'NONE', #1486, #3028 ) ;
#403 = FACE_OUTER_BOUND ( 'NONE', #3346, .T. ) ;
#404 = VERTEX_POINT ( 'NONE', #2334 ) ;
#405 = VERTEX_POINT ( 'NONE', #2098 ) ;
#406 = CARTESIAN_POINT ( 'NONE',  ( 3.243740766425389221, -1.343601418275894188, -1.496562500000001794 ) ) ;
#407 = VECTOR ( 'NONE', #3433, 1000.000000000000000 ) ;
#408 = CARTESIAN_POINT ( 'NONE',  ( 2.872715209745975162, 0.5634013352337965408, 1.351473473838970207 ) ) ;
#409 = CARTESIAN_POINT ( 'NONE',  ( -1.315128060534579424, 3.174999999999998934, -0.9806250000000014122 ) ) ;
#410 = DIRECTION ( 'NONE',  ( -1.000000000000000000, 0.000000000000000000, -0.000000000000000000 ) ) ;
#411 = AXIS2_PLACEMENT_3D ( 'NONE', #2070, #2841, #2578 ) ;
#412 = DIRECTION ( 'NONE',  ( 0.000000000000000000, 0.000000000000000000, -1.000000000000000000 ) ) ;
#413 = AXIS2_PLACEMENT_3D ( 'NONE', #2472, #1115, #353 ) ;
#414 = CARTESIAN_POINT ( 'NONE',  ( -3.243740766425389666, -5.958655120299952691E-16, 0.4084374999999995093 ) ) ;
#415 = ORIENTED_EDGE ( 'NONE', *, *, #2203, .F. ) ;
#416 = FACE_OUTER_BOUND ( 'NONE', #1842, .T. ) ;
#417 = CARTESIAN_POINT ( 'NONE',  ( -0.9734477676387638390, -2.350110802895318152, -0.02812499999999907088 ) ) ;
#418 = EDGE_CURVE ( 'NONE', #541, #1861, #3473, .T. ) ;
#419 = ORIENTED_EDGE ( 'NONE', *, *, #1501, .F. ) ;
#420 = DIRECTION ( 'NONE',  ( 0.000000000000000000, -9.856383386231863758E-17, 1.000000000000000000 ) ) ;
#421 = DIRECTION ( 'NONE',  ( 0.000000000000000000, 0.000000000000000000, -1.000000000000000000 ) ) ;
#422 = ORIENTED_EDGE ( 'NONE', *, *, #2729, .T. ) ;
#423 = CARTESIAN_POINT ( 'NONE',  ( -3.243740766425388777, 1.343601418275895076, -3.401562500000001155 ) ) ;
#424 = LINE ( 'NONE', #3417, #1519 ) ;
#425 = DIRECTION ( 'NONE',  ( -0.000000000000000000, 1.000000000000000000, 0.000000000000000000 ) ) ;
#426 = CARTESIAN_POINT ( 'NONE',  ( 2.350110802895317708, -0.9734477676387640610, 0.2893750000000009925 ) ) ;
#427 = CARTESIAN_POINT ( 'NONE',  ( -7.875000000000000000, -2.875000000000000000, 2.749999999999999556 ) ) ;
#428 = CARTESIAN_POINT ( 'NONE',  ( 2.350110802895317708, 1.439027836203683837E-16, -2.012500000000000178 ) ) ;
#429 = CARTESIAN_POINT ( 'NONE',  ( 2.350110802895318152, 0.9734477676387646161, -1.933124999999999538 ) ) ;
#430 = ORIENTED_EDGE ( 'NONE', *, *, #2925, .T. ) ;
#431 = DIRECTION ( 'NONE',  ( -0.000000000000000000, -0.5735764363510472696, -0.8191520442889909104 ) ) ;
#432 = CARTESIAN_POINT ( 'NONE',  ( -0.9734477676387638390, -2.350110802895318152, 2.511875000000000746 ) ) ;
#433 = DIRECTION ( 'NONE',  ( 0.000000000000000000, -1.000000000000000000, -1.239088197126290817E-16 ) ) ;
#434 = CARTESIAN_POINT ( 'NONE',  ( 2.245064030267297728, -2.245064030267297728, -0.4249999999999923284 ) ) ;
#435 =( BOUNDED_CURVE ( )  B_SPLINE_CURVE ( 2, ( #2699, #45, #1410, #1110, #2196, #28, #837 ),
 .UNSPECIFIED., .F., .T. ) 
 B_SPLINE_CURVE_WITH_KNOTS ( ( 3, 2, 2, 3 ),
 ( 0.1494273605697729324, 0.1666666666666666574, 0.1875000000000000000, 0.2083333333333333148 ),
 .UNSPECIFIED. ) 
 CURVE ( )  GEOMETRIC_REPRESENTATION_ITEM ( )  RATIONAL_B_SPLINE_CURVE ( ( 0.9782672310850342168, 0.9370113261147243744, 1.000000000000000000, 0.9238795325112867385, 1.000000000000000000, 0.9238795325112868495, 0.9999999999999998890 ) ) 
 REPRESENTATION_ITEM ( '' )  );
#436 = CIRCLE ( 'NONE', #2728, 3.500000000000000000 ) ;
#437 = EDGE_CURVE ( 'NONE', #3183, #1311, #2733, .T. ) ;
#438 = ADVANCED_FACE ( 'NONE', ( #1808 ), #2328, .T. ) ;
#439 = CARTESIAN_POINT ( 'NONE',  ( 2.293671092350642038, 2.293671092350642038, -2.528437500000001226 ) ) ;
#440 = CARTESIAN_POINT ( 'NONE',  ( -1.329125891576469876, -2.124471215091423559, -1.087252734270635512 ) ) ;
#441 = LINE ( 'NONE', #3477, #1466 ) ;
#442 = AXIS2_PLACEMENT_3D ( 'NONE', #3008, #2404, #1839 ) ;
#443 = DIRECTION ( 'NONE',  ( 0.000000000000000000, 1.000000000000000000, 3.125367005704081617E-16 ) ) ;
#444 = ORIENTED_EDGE ( 'NONE', *, *, #1628, .T. ) ;
#445 = ADVANCED_FACE ( 'NONE', ( #1582 ), #1923, .T. ) ;
#446 = DIRECTION ( 'NONE',  ( 0.000000000000000000, 0.000000000000000000, -1.000000000000000000 ) ) ;
#447 = CARTESIAN_POINT ( 'NONE',  ( 2.350110802895317708, -0.9734477676387640610, 0.4481250000000001621 ) ) ;
#448 = CARTESIAN_POINT ( 'NONE',  ( 2.350110802895318152, 1.439027836203684084E-16, 1.797500000000000320 ) ) ;
#449 = VECTOR ( 'NONE', #1674, 1000.000000000000000 ) ;
#450 = ORIENTED_EDGE ( 'NONE', *, *, #735, .T. ) ;
#451 = DIRECTION ( 'NONE',  ( 1.000000000000000000, 0.000000000000000000, 0.000000000000000000 ) ) ;
#452 = CARTESIAN_POINT ( 'NONE',  ( 0.000000000000000000, 2.350110802895317708, 0.6862500000000011369 ) ) ;
#453 = CONICAL_SURFACE ( 'NONE', #3068, 4.162847449941344813, 0.7853981633974465026 ) ;
#454 = EDGE_CURVE ( 'NONE', #3420, #2510, #243, .T. ) ;
#455 = CARTESIAN_POINT ( 'NONE',  ( 8.000000000000000000, -3.717306685560506807, -0.9726086908603063241 ) ) ;
#456 = DIRECTION ( 'NONE',  ( 1.000000000000000000, 0.000000000000000000, 0.000000000000000000 ) ) ;
#457 = ORIENTED_EDGE ( 'NONE', *, *, #1758, .F. ) ;
#458 = CARTESIAN_POINT ( 'NONE',  ( 0.000000000000000000, 3.243740766425389666, -1.099687500000000817 ) ) ;
#459 = CARTESIAN_POINT ( 'NONE',  ( -0.8532929074263598812, -2.327385832474963223, -1.059990313698380371 ) ) ;
#460 = DIRECTION ( 'NONE',  ( 0.000000000000000000, -1.000000000000000000, -3.125367005704081617E-16 ) ) ;
#461 = EDGE_CURVE ( 'NONE', #962, #2213, #3211, .T. ) ;
#462 = CARTESIAN_POINT ( 'NONE',  ( -0.5988131115380721514, 2.350110802895317264, 0.7350772635763788143 ) ) ;
#463 = ORIENTED_EDGE ( 'NONE', *, *, #1456, .F. ) ;
#464 = CARTESIAN_POINT ( 'NONE',  ( -3.174999999999999822, -5.832380380939268136E-16, -0.9012499999999999956 ) ) ;
#465 = AXIS2_PLACEMENT_3D ( 'NONE', #1116, #307, #3038 ) ;
#466 = CARTESIAN_POINT ( 'NONE',  ( 7.875000000000000000, 5.200000000000000178, 1.750000000000000222 ) ) ;
#467 = CARTESIAN_POINT ( 'NONE',  ( -2.350110802895317264, -0.9734477676387655043, -0.02812499999999993824 ) ) ;
#468 = CARTESIAN_POINT ( 'NONE',  ( -0.9734477676387660594, 2.350110802895317708, -0.3456250000000000155 ) ) ;
#469 = VERTEX_POINT ( 'NONE', #3209 ) ;
#470 = AXIS2_PLACEMENT_3D ( 'NONE', #3362, #420, #2344 ) ;
#471 = APPLICATION_CONTEXT ( 'automotive_design' ) ;
#472 = AXIS2_PLACEMENT_3D ( 'NONE', #2589, #2066, #910 ) ;
#473 = DIRECTION ( 'NONE',  ( 0.000000000000000000, 0.000000000000000000, -1.000000000000000000 ) ) ;
#474 = CARTESIAN_POINT ( 'NONE',  ( -3.243740766425389666, -5.958655120299952691E-16, 1.757812499999999112 ) ) ;
#475 = ORIENTED_EDGE ( 'NONE', *, *, #2712, .T. ) ;
#476 =( GEOMETRIC_REPRESENTATION_CONTEXT ( 3 ) GLOBAL_UNCERTAINTY_ASSIGNED_CONTEXT ( ( #3335 ) ) GLOBAL_UNIT_ASSIGNED_CONTEXT ( ( #3000, #1145, #333 ) ) REPRESENTATION_CONTEXT ( 'NONE', 'WORKASPACE' ) );
#477 = FACE_OUTER_BOUND ( 'NONE', #2664, .T. ) ;
#478 = CARTESIAN_POINT ( 'NONE',  ( 2.311257289259086800, -0.4255708269278045686, -0.9372633529539686759 ) ) ;
#479 = ORIENTED_EDGE ( 'NONE', *, *, #1838, .T. ) ;
#480 = EDGE_CURVE ( 'NONE', #3112, #202, #760, .T. ) ;
#481 = FACE_OUTER_BOUND ( 'NONE', #2523, .T. ) ;
#482 = DIRECTION ( 'NONE',  ( 0.000000000000000000, -9.856383386231863758E-17, 1.000000000000000000 ) ) ;
#483 = DIRECTION ( 'NONE',  ( 0.000000000000000000, -0.5735764363510460484, 0.8191520442889920206 ) ) ;
#484 = ORIENTED_EDGE ( 'NONE', *, *, #1504, .F. ) ;
#485 = CARTESIAN_POINT ( 'NONE',  ( -2.245064030267288846, 2.245064030267287514, 1.479999999999999982 ) ) ;
#486 = DIRECTION ( 'NONE',  ( -1.000000000000000000, 0.000000000000000000, 0.000000000000000000 ) ) ;
#487 = CARTESIAN_POINT ( 'NONE',  ( 0.000000000000000000, 2.350110802895317708, -0.4249999999999996003 ) ) ;
#488 = CARTESIAN_POINT ( 'NONE',  ( -1.661779285267041661, 1.661779285267040773, -1.536249999999999893 ) ) ;
#489 = ORIENTED_EDGE ( 'NONE', *, *, #3140, .T. ) ;
#490 = ADVANCED_FACE ( 'NONE', ( #2042 ), #992, .T. ) ;
#491 = DIRECTION ( 'NONE',  ( 1.000000000000000000, 1.387778780781444413E-14, 0.000000000000000000 ) ) ;
#492 = CARTESIAN_POINT ( 'NONE',  ( -3.243740766425388777, 1.343601418275895076, 0.4084374999999990652 ) ) ;
#493 = VERTEX_POINT ( 'NONE', #1670 ) ;
#494 = FACE_OUTER_BOUND ( 'NONE', #2313, .T. ) ;
#495 = CARTESIAN_POINT ( 'NONE',  ( 2.207940216581962378, -3.000000000000000000, 1.875000000000000000 ) ) ;
#496 = DIRECTION ( 'NONE',  ( 1.000000000000000000, 3.469446951953611033E-15, 0.000000000000000000 ) ) ;
#497 = DIRECTION ( 'NONE',  ( 0.000000000000000000, 0.000000000000000000, -1.000000000000000000 ) ) ;
#498 = ORIENTED_EDGE ( 'NONE', *, *, #1628, .F. ) ;
#499 = ORIENTED_EDGE ( 'NONE', *, *, #1738, .T. ) ;
#500 = CARTESIAN_POINT ( 'NONE',  ( -2.245064030267298172, 2.245064030267297284, -1.059999999999992504 ) ) ;
#501 = AXIS2_PLACEMENT_3D ( 'NONE', #2828, #3418, #2040 ) ;
#502 = DIRECTION ( 'NONE',  ( 0.000000000000000000, 0.000000000000000000, 1.000000000000000000 ) ) ;
#503 = CARTESIAN_POINT ( 'NONE',  ( 2.350110802895317264, -0.6089604301764623973, -3.332154676657693937 ) ) ;
#504 = CARTESIAN_POINT ( 'NONE',  ( -2.350110802895318152, -4.317083508611051018E-16, 2.432500000000000551 ) ) ;
#505 = ORIENTED_EDGE ( 'NONE', *, *, #656, .T. ) ;
#506 = AXIS2_PLACEMENT_3D ( 'NONE', #1334, #2421, #3243 ) ;
#507 = DIRECTION ( 'NONE',  ( 1.000000000000000000, 0.000000000000000000, -0.000000000000000000 ) ) ;
#508 = CARTESIAN_POINT ( 'NONE',  ( 0.9734477676387645051, -2.350110802895317708, -2.409374999999998490 ) ) ;
#509 = AXIS2_PLACEMENT_3D ( 'NONE', #2552, #2044, #1232 ) ;
#510 = ADVANCED_FACE ( 'NONE', ( #3227 ), #1338, .F. ) ;
#511 = ORIENTED_EDGE ( 'NONE', *, *, #1970, .F. ) ;
#512 = ADVANCED_FACE ( 'NONE', ( #24 ), #1375, .T. ) ;
#513 = CIRCLE ( 'NONE', #3467, 0.1250000000000001110 ) ;
#514 = DIRECTION ( 'NONE',  ( 1.000000000000000000, 0.000000000000000000, 0.000000000000000000 ) ) ;
#515 = DIRECTION ( 'NONE',  ( 0.000000000000000000, -0.000000000000000000, 1.000000000000000000 ) ) ;
#516 = CARTESIAN_POINT ( 'NONE',  ( -3.243740766425389666, -5.958655120299952691E-16, 1.678437499999999805 ) ) ;
#517 = CARTESIAN_POINT ( 'NONE',  ( -4.127269001747373878, 0.5430925139406658220, -2.750000000000001332 ) ) ;
#518 = DIRECTION ( 'NONE',  ( 0.000000000000000000, 1.000000000000000000, -0.000000000000000000 ) ) ;
#519 = CARTESIAN_POINT ( 'NONE',  ( 8.000000000000000000, -3.125000000000000000, 1.624999999999999778 ) ) ;
#520 = ORIENTED_EDGE ( 'NONE', *, *, #2105, .F. ) ;
#521 = VERTEX_POINT ( 'NONE', #314 ) ;
#522 = DIRECTION ( 'NONE',  ( 0.000000000000000000, 0.8191520442889910214, -0.5735764363510473807 ) ) ;
#523 = DIRECTION ( 'NONE',  ( 1.000000000000000000, 0.000000000000000000, -0.000000000000000000 ) ) ;
#524 = CARTESIAN_POINT ( 'NONE',  ( 0.9734477676387642830, 2.350110802895317708, 1.876875000000000959 ) ) ;
#525 = CARTESIAN_POINT ( 'NONE',  ( 0.9734477676387648382, -2.350110802895318152, -2.250624999999999876 ) ) ;
#526 = ORIENTED_EDGE ( 'NONE', *, *, #2354, .T. ) ;
#527 = EDGE_CURVE ( 'NONE', #3112, #3163, #1251, .T. ) ;
#528 = EDGE_CURVE ( 'NONE', #277, #1807, #3249, .T. ) ;
#529 = CARTESIAN_POINT ( 'NONE',  ( -7.875000000000000000, 2.875000000000000000, 2.624999999999999112 ) ) ;
#530 = CARTESIAN_POINT ( 'NONE',  ( -2.293671092350641594, -2.293671092350642482, 1.916562499999999059 ) ) ;
#531 = CIRCLE ( 'NONE', #744, 0.1250000000000001110 ) ;
#532 = EDGE_LOOP ( 'NONE', ( #1329, #635, #3246, #3308, #430, #2811, #2183 ) ) ;
#533 = CIRCLE ( 'NONE', #1821, 0.1250000000000001110 ) ;
#534 = DIRECTION ( 'NONE',  ( 0.000000000000000000, 1.000000000000000000, 0.000000000000000000 ) ) ;
#535 = CARTESIAN_POINT ( 'NONE',  ( 1.753792603778886683, 2.332761343765597406, -1.500825199480716243 ) ) ;
#536 = CARTESIAN_POINT ( 'NONE',  ( -3.243740766425388777, 1.343601418275895076, 1.599062499999999831 ) ) ;
#537 = CIRCLE ( 'NONE', #3431, 0.1250000000000001110 ) ;
#538 = CARTESIAN_POINT ( 'NONE',  ( 8.000000000000000000, 5.200000000000000178, 1.625000000000000222 ) ) ;
#539 = CARTESIAN_POINT ( 'NONE',  ( -7.875000000000000000, -3.000000000000000000, 2.749999999999999556 ) ) ;
#540 = VERTEX_POINT ( 'NONE', #818 ) ;
#541 = VERTEX_POINT ( 'NONE', #777 ) ;
#542 = CARTESIAN_POINT ( 'NONE',  ( -0.9734477676387658374, 2.350110802895317264, 2.194374999999999964 ) ) ;
#543 = CYLINDRICAL_SURFACE ( 'NONE', #2208, 0.1250000000000001110 ) ;
#544 = CARTESIAN_POINT ( 'NONE',  ( -1.661779285267041439, 1.661779285267040551, 2.115000000000001545 ) ) ;
#545 = CARTESIAN_POINT ( 'NONE',  ( 1.861380059038878265, -1.488691710442109351, -3.420394910092847240 ) ) ;
#546 = DIRECTION ( 'NONE',  ( -0.000000000000000000, -0.000000000000000000, 1.000000000000000000 ) ) ;
#547 = CARTESIAN_POINT ( 'NONE',  ( -1.343601418275896853, 3.243740766425388333, 0.2496874999999990352 ) ) ;
#548 = ORIENTED_EDGE ( 'NONE', *, *, #3352, .T. ) ;
#549 = CARTESIAN_POINT ( 'NONE',  ( -0.9734477676387672807, 2.350110802895320816, -0.3456249999999982947 ) ) ;
#550 = DIRECTION ( 'NONE',  ( 1.000000000000000000, 0.000000000000000000, 0.000000000000000000 ) ) ;
#551 = DIRECTION ( 'NONE',  ( 0.000000000000000000, -1.000000000000000000, 0.000000000000000000 ) ) ;
#552 = EDGE_LOOP ( 'NONE', ( #759, #1395, #3019, #2002 ) ) ;
#553 = VERTEX_POINT ( 'NONE', #2136 ) ;
#554 = CARTESIAN_POINT ( 'NONE',  ( 2.350110802895317708, 1.439027836203683837E-16, 1.797500000000000320 ) ) ;
#555 = ADVANCED_FACE ( 'NONE', ( #1653 ), #1863, .T. ) ;
#556 = EDGE_CURVE ( 'NONE', #1861, #86, #3248, .T. ) ;
#557 = LINE ( 'NONE', #605, #1358 ) ;
#558 = CARTESIAN_POINT ( 'NONE',  ( 2.350110802895317708, -0.9734477676387640610, 1.559375000000001066 ) ) ;
#559 =( BOUNDED_CURVE ( )  B_SPLINE_CURVE ( 2, ( #2515, #1425, #1899, #88, #851 ),
 .UNSPECIFIED., .F., .T. ) 
 B_SPLINE_CURVE_WITH_KNOTS ( ( 3, 2, 3 ),
 ( 0.05146855898387824035, 0.05395385984826102377, 0.05501228514500462047 ),
 .UNSPECIFIED. ) 
 CURVE ( )  GEOMETRIC_REPRESENTATION_ITEM ( )  RATIONAL_B_SPLINE_CURVE ( ( 0.9999999999999890088, 0.9238795325112977297, 1.000000000000000000, 0.9675822635622786105, 0.9627762765111829157 ) ) 
 REPRESENTATION_ITEM ( '' )  );
#560 = CARTESIAN_POINT ( 'NONE',  ( -1.661779285267041661, 1.661779285267040773, -2.806250000000000355 ) ) ;
#561 = CIRCLE ( 'NONE', #284, 0.2500000000000000000 ) ;
#562 = DIRECTION ( 'NONE',  ( 1.000000000000000000, 0.000000000000000000, 0.000000000000000000 ) ) ;
#563 = CARTESIAN_POINT ( 'NONE',  ( 0.000000000000000000, 0.000000000000000000, 2.749999999999999556 ) ) ;
#564 = AXIS2_PLACEMENT_3D ( 'NONE', #2779, #601, #1403 ) ;
#565 = EDGE_LOOP ( 'NONE', ( #2241, #2234, #1619, #658 ) ) ;
#566 = DIRECTION ( 'NONE',  ( 0.000000000000000000, 0.000000000000000000, -1.000000000000000000 ) ) ;
#567 = CARTESIAN_POINT ( 'NONE',  ( -2.131804347044653269, 2.775862068965516904, 2.624999999999998668 ) ) ;
#568 = FACE_OUTER_BOUND ( 'NONE', #782, .T. ) ;
#569 = VECTOR ( 'NONE', #3061, 1000.000000000000000 ) ;
#570 = CARTESIAN_POINT ( 'NONE',  ( -2.131804347044653269, 2.775862068965516904, -8.149494936611667129 ) ) ;
#571 = ORIENTED_EDGE ( 'NONE', *, *, #3210, .F. ) ;
#572 = ORIENTED_EDGE ( 'NONE', *, *, #653, .T. ) ;
#573 = CARTESIAN_POINT ( 'NONE',  ( -8.000000000000000000, -5.199999999999999289, 1.449999999999999289 ) ) ;
#574 = B_SPLINE_CURVE_WITH_KNOTS ( 'NONE', 3,
 ( #959, #941, #1989, #907, #2601, #111 ),
 .UNSPECIFIED., .F., .F.,
 ( 4, 2, 4 ),
 ( -2.236067977946881884E-06, 0.0001259603152047353801, 0.0002541566983874176777 ),
 .UNSPECIFIED. ) ;
#575 = CARTESIAN_POINT ( 'NONE',  ( 2.207940216581962378, 2.875000000000000000, 1.750000000000000444 ) ) ;
#576 = EDGE_CURVE ( 'NONE', #1164, #1405, #1698, .T. ) ;
#577 = CARTESIAN_POINT ( 'NONE',  ( 2.878055672407367674E-16, -2.350110802895317708, -1.218749999999998890 ) ) ;
#578 = CARTESIAN_POINT ( 'NONE',  ( -2.350110802895317708, 0.9734477676387650602, -2.726874999999999716 ) ) ;
#579 = ORIENTED_EDGE ( 'NONE', *, *, #2526, .T. ) ;
#580 = CARTESIAN_POINT ( 'NONE',  ( 2.311257289259086800, -0.4255708269278045686, -0.9372633529539686759 ) ) ;
#581 = ORIENTED_EDGE ( 'NONE', *, *, #2069, .F. ) ;
#582 = FACE_OUTER_BOUND ( 'NONE', #2979, .T. ) ;
#583 = DIRECTION ( 'NONE',  ( 0.000000000000000000, 0.7071067811865464625, -0.7071067811865486830 ) ) ;
#584 = MECHANICAL_DESIGN_GEOMETRIC_PRESENTATION_REPRESENTATION (  '', ( #863 ), #2633 ) ;
#585 = FACE_BOUND ( 'NONE', #2530, .T. ) ;
#586 = CIRCLE ( 'NONE', #1270, 0.1250000000000001110 ) ;
#587 = ORIENTED_EDGE ( 'NONE', *, *, #2139, .T. ) ;
#588 = VERTEX_POINT ( 'NONE', #1913 ) ;
#589 = DIRECTION ( 'NONE',  ( -1.000000000000000000, 0.000000000000000000, -0.000000000000000000 ) ) ;
#590 = CARTESIAN_POINT ( 'NONE',  ( 8.000000000000000000, 5.200000000000000178, 1.449999999999999956 ) ) ;
#591 = CARTESIAN_POINT ( 'NONE',  ( -0.9734477676387638390, -2.350110802895318152, -2.568124999999999769 ) ) ;
#592 = CARTESIAN_POINT ( 'NONE',  ( 3.888253587292846575E-16, -3.174999999999999822, -1.695000000000001172 ) ) ;
#593 = ORIENTED_EDGE ( 'NONE', *, *, #1219, .F. ) ;
#594 = DIRECTION ( 'NONE',  ( -0.000000000000000000, 1.000000000000000000, 0.000000000000000000 ) ) ;
#595 = DIRECTION ( 'NONE',  ( -0.000000000000000000, -0.5735764363510472696, 0.8191520442889910214 ) ) ;
#596 = ORIENTED_EDGE ( 'NONE', *, *, #3273, .T. ) ;
#597 = EDGE_CURVE ( 'NONE', #262, #1555, #674, .T. ) ;
#598 = CARTESIAN_POINT ( 'NONE',  ( -3.433122659521843377E-24, 3.174999999999999378, -1.762152550058651013 ) ) ;
#599 = ADVANCED_FACE ( 'NONE', ( #3266 ), #2534, .T. ) ;
#600 = SPHERICAL_SURFACE ( 'NONE', #2749, 0.1250000000000000000 ) ;
#601 = DIRECTION ( 'NONE',  ( -0.000000000000000000, 9.856383386231863758E-17, -1.000000000000000000 ) ) ;
#602 = ORIENTED_EDGE ( 'NONE', *, *, #3360, .F. ) ;
#603 = ORIENTED_EDGE ( 'NONE', *, *, #852, .F. ) ;
#604 = CARTESIAN_POINT ( 'NONE',  ( -2.350110802895317708, -4.317083508611050525E-16, 1.162500000000000311 ) ) ;
#605 = CARTESIAN_POINT ( 'NONE',  ( 5.098017804909389028E-16, -4.162847449941343925, -2.750000000000002665 ) ) ;
#606 = CARTESIAN_POINT ( 'NONE',  ( 7.976308181546796661, 3.000000000000000000, 1.749999999999999778 ) ) ;
#607 = CARTESIAN_POINT ( 'NONE',  ( -1.124611815403480986, 2.063557377574019469, 0.7876292700445455264 ) ) ;
#608 = DIRECTION ( 'NONE',  ( 0.000000000000000000, 0.000000000000000000, -1.000000000000000000 ) ) ;
#609 = CARTESIAN_POINT ( 'NONE',  ( 2.293671092350642038, 2.293671092350642038, 2.472187499999999538 ) ) ;
#610 = ORIENTED_EDGE ( 'NONE', *, *, #2107, .F. ) ;
#611 = AXIS2_PLACEMENT_3D ( 'NONE', #2692, #741, #2652 ) ;
#612 = EDGE_CURVE ( 'NONE', #981, #2604, #2218, .T. ) ;
#613 = EDGE_CURVE ( 'NONE', #3183, #540, #2612, .T. ) ;
#614 = CARTESIAN_POINT ( 'NONE',  ( 3.175000000000000266, -1.315128060534574983, 1.083124999999998783 ) ) ;
#615 = DIRECTION ( 'NONE',  ( 0.000000000000000000, 0.000000000000000000, -1.000000000000000000 ) ) ;
#616 = ORIENTED_EDGE ( 'NONE', *, *, #213, .T. ) ;
#617 = ORIENTED_EDGE ( 'NONE', *, *, #1346, .T. ) ;
#618 = AXIS2_PLACEMENT_3D ( 'NONE', #393, #2815, #1986 ) ;
#619 = DIRECTION ( 'NONE',  ( 0.000000000000000000, 0.000000000000000000, 1.000000000000000000 ) ) ;
#620 = DIRECTION ( 'NONE',  ( 0.000000000000000000, -0.8191520442889917986, 0.5735764363510459374 ) ) ;
#621 = VECTOR ( 'NONE', #2299, 1000.000000000000000 ) ;
#622 = CARTESIAN_POINT ( 'NONE',  ( -2.207940216581962378, -2.875000000000000000, 2.749999999999999556 ) ) ;
#623 = CYLINDRICAL_SURFACE ( 'NONE', #2149, 0.1250000000000001110 ) ;
#624 = DIRECTION ( 'NONE',  ( 0.000000000000000000, 0.000000000000000000, -1.000000000000000000 ) ) ;
#625 = CARTESIAN_POINT ( 'NONE',  ( 3.243740766425389221, -1.343601418275894188, 0.9640624999999998224 ) ) ;
#626 = ORIENTED_EDGE ( 'NONE', *, *, #3415, .T. ) ;
#627 = ADVANCED_FACE ( 'NONE', ( #1173 ), #76, .T. ) ;
#628 = CARTESIAN_POINT ( 'NONE',  ( 1.333381684706258508, -1.935229719897659573, -0.9372633529540107533 ) ) ;
#629 = CARTESIAN_POINT ( 'NONE',  ( 1.385760097120510403, -2.856622823060221528, -1.762152550058654121 ) ) ;
#630 = B_SPLINE_CURVE_WITH_KNOTS ( 'NONE', 3,
 ( #1937, #2770, #349, #2502 ),
 .UNSPECIFIED., .F., .F.,
 ( 4, 4 ),
 ( -2.236067977946728571E-06, 0.0001590332656302898386 ),
 .UNSPECIFIED. ) ;
#631 = CARTESIAN_POINT ( 'NONE',  ( 0.3682200121146403382, 2.341466811370296774, 0.7876292700445429729 ) ) ;
#632 = CARTESIAN_POINT ( 'NONE',  ( 7.875000000000000000, -5.199999999999999289, 1.449999999999999289 ) ) ;
#633 = ORIENTED_EDGE ( 'NONE', *, *, #2729, .F. ) ;
#634 = CONICAL_SURFACE ( 'NONE', #3198, 3.312481532850776844, 0.7853981633974500554 ) ;
#635 = ORIENTED_EDGE ( 'NONE', *, *, #2293, .T. ) ;
#636 = TOROIDAL_SURFACE ( 'NONE', #2461, 3.875000000000000000, 0.1250000000000000000 ) ;
#637 = CYLINDRICAL_SURFACE ( 'NONE', #501, 0.1250000000000001110 ) ;
#638 = CARTESIAN_POINT ( 'NONE',  ( -1.486247290631076190, -2.153258826628077216, 1.047979066653809133 ) ) ;
#639 = CARTESIAN_POINT ( 'NONE',  ( -2.207940216581962378, -3.000000000000000000, 2.624999999999998668 ) ) ;
#640 = AXIS2_PLACEMENT_3D ( 'NONE', #1092, #546, #2986 ) ;
#641 = DIRECTION ( 'NONE',  ( 0.000000000000000000, -0.8191520442889917986, -0.5735764363510459374 ) ) ;
#642 = CARTESIAN_POINT ( 'NONE',  ( -8.000000000000000000, -3.125000000000000000, 1.624999999999999778 ) ) ;
#643 = CARTESIAN_POINT ( 'NONE',  ( 3.243740766425389221, 1.343601418275894410, 1.122812499999999769 ) ) ;
#644 = ORIENTED_EDGE ( 'NONE', *, *, #1569, .F. ) ;
#645 = CARTESIAN_POINT ( 'NONE',  ( 7.875000000000000000, 1.921856353044036236, -3.536777504448162635 ) ) ;
#646 = CARTESIAN_POINT ( 'NONE',  ( 2.350110802895317708, -0.9734477676387640610, 2.829375000000001528 ) ) ;
#647 = DIRECTION ( 'NONE',  ( 0.000000000000000000, -1.000000000000000000, 0.000000000000000000 ) ) ;
#648 = DIRECTION ( 'NONE',  ( -1.000000000000000000, -0.000000000000000000, -0.000000000000000000 ) ) ;
#649 = EDGE_LOOP ( 'NONE', ( #1778, #2008, #2172 ) ) ;
#650 = ORIENTED_EDGE ( 'NONE', *, *, #3381, .F. ) ;
#651 = CARTESIAN_POINT ( 'NONE',  ( -1.343601418275896853, 3.243740766425388333, -3.560312500000000657 ) ) ;
#652 = PLANE ( 'NONE',  #778 ) ;
#653 = EDGE_CURVE ( 'NONE', #739, #3420, #3422, .T. ) ;
#654 = CARTESIAN_POINT ( 'NONE',  ( -1.034294149604853441, -2.431889507135966966, 1.074395530801983023 ) ) ;
#655 = CARTESIAN_POINT ( 'NONE',  ( -8.000000000000000000, -0.5430925139406658220, -2.624999999999999556 ) ) ;
#656 = EDGE_CURVE ( 'NONE', #2477, #2493, #1528, .T. ) ;
#657 = CARTESIAN_POINT ( 'NONE',  ( 0.9734477676387648382, -2.350110802895318152, 2.829375000000000195 ) ) ;
#658 = ORIENTED_EDGE ( 'NONE', *, *, #905, .T. ) ;
#659 = DIRECTION ( 'NONE',  ( 0.000000000000000000, -0.000000000000000000, -1.000000000000000000 ) ) ;
#660 = CARTESIAN_POINT ( 'NONE',  ( 1.661779285267040995, -1.661779285267040773, 0.2100000000000009914 ) ) ;
#661 = CIRCLE ( 'NONE', #225, 3.500000000000000000 ) ;
#662 = DIRECTION ( 'NONE',  ( -0.000000000000000000, 9.856383386231863758E-17, -1.000000000000000000 ) ) ;
#663 = CARTESIAN_POINT ( 'NONE',  ( -2.131804347044653269, -2.775862068965516904, 2.624999999999998668 ) ) ;
#664 = ORIENTED_EDGE ( 'NONE', *, *, #2462, .F. ) ;
#665 = ORIENTED_EDGE ( 'NONE', *, *, #915, .T. ) ;
#666 = AXIS2_PLACEMENT_3D ( 'NONE', #2881, #991, #1045 ) ;
#667 = EDGE_CURVE ( 'NONE', #39, #1818, #1704, .T. ) ;
#668 = FILL_AREA_STYLE ('',( #968 ) ) ;
#669 = AXIS2_PLACEMENT_3D ( 'NONE', #2503, #3307, #856 ) ;
#670 = LINE ( 'NONE', #1735, #946 ) ;
#671 = CARTESIAN_POINT ( 'NONE',  ( 0.9734477676387642830, 2.350110802895317708, -3.203124999999999112 ) ) ;
#672 = CARTESIAN_POINT ( 'NONE',  ( -8.000000000000000000, 0.5430925139406658220, -2.750000000000000000 ) ) ;
#673 = ADVANCED_FACE ( 'NONE', ( #3207 ), #453, .F. ) ;
#674 = CIRCLE ( 'NONE', #3304, 0.1250000000000001110 ) ;
#675 = CARTESIAN_POINT ( 'NONE',  ( 3.243740766425389666, 1.986218373433317810E-16, 1.043437499999999574 ) ) ;
#676 = ORIENTED_EDGE ( 'NONE', *, *, #915, .F. ) ;
#677 = DIRECTION ( 'NONE',  ( 0.000000000000000000, -0.8191520442889905773, 0.5735764363510480468 ) ) ;
#678 = CARTESIAN_POINT ( 'NONE',  ( -1.661779285267041439, 1.661779285267040551, 0.8450000000000010836 ) ) ;
#679 = DIRECTION ( 'NONE',  ( 0.000000000000000000, 0.000000000000000000, -1.000000000000000000 ) ) ;
#680 = DIRECTION ( 'NONE',  ( 0.000000000000000000, -1.000000000000000000, 0.000000000000000000 ) ) ;
#681 =( BOUNDED_CURVE ( )  B_SPLINE_CURVE ( 2, ( #2586, #395, #145, #1739, #1529, #1216, #2315, #2300, #1511 ),
 .UNSPECIFIED., .F., .T. ) 
 B_SPLINE_CURVE_WITH_KNOTS ( ( 3, 2, 2, 2, 3 ),
 ( 0.02162590648416401473, 0.02411300993704746515, 0.02660011338993091209, 0.02908721684281436251, 0.03157432029569780252 ),
 .UNSPECIFIED. ) 
 CURVE ( )  GEOMETRIC_REPRESENTATION_ITEM ( )  RATIONAL_B_SPLINE_CURVE ( ( 1.000000000000690337, 0.9238795325105964018, 1.000000000000000000, 0.9238795325112868495, 1.000000000000000000, 0.9238795325112868495, 1.000000000000000000, 0.9238795325115358725, 0.9999999999997509770 ) ) 
 REPRESENTATION_ITEM ( '' )  );
#682 = ORIENTED_EDGE ( 'NONE', *, *, #1773, .T. ) ;
#683 = CARTESIAN_POINT ( 'NONE',  ( -7.875000000000000000, 2.875000000000000000, 1.875000000000000666 ) ) ;
#684 = CARTESIAN_POINT ( 'NONE',  ( -7.875000000000000000, -2.875000000000000000, 2.624999999999999112 ) ) ;
#685 = CARTESIAN_POINT ( 'NONE',  ( 1.661779285267040995, 1.661779285267040995, -0.7424999999999988276 ) ) ;
#686 = CARTESIAN_POINT ( 'NONE',  ( 1.034495120610412267, -2.647873924361379583, -1.425663742091509700 ) ) ;
#687 = VECTOR ( 'NONE', #2610, 1000.000000000000000 ) ;
#688 = CARTESIAN_POINT ( 'NONE',  ( -8.000000000000000000, -5.199999999999999289, 1.749999999999999556 ) ) ;
#689 = CARTESIAN_POINT ( 'NONE',  ( 2.350110802895317708, 0.9734477676387643941, 2.988125000000001474 ) ) ;
#690 = VECTOR ( 'NONE', #861, 1000.000000000000000 ) ;
#691 = CARTESIAN_POINT ( 'NONE',  ( -2.293671092350642482, 2.293671092350641150, 0.2496874999999994793 ) ) ;
#692 = ORIENTED_EDGE ( 'NONE', *, *, #238, .T. ) ;
#693 = CARTESIAN_POINT ( 'NONE',  ( 7.875000000000000000, 2.875000000000000000, 1.875000000000000666 ) ) ;
#694 = CARTESIAN_POINT ( 'NONE',  ( -1.661779285267040773, -1.661779285267041439, -0.1074999999999990963 ) ) ;
#695 = EDGE_CURVE ( 'NONE', #1164, #2224, #900, .T. ) ;
#696 = EDGE_CURVE ( 'NONE', #2117, #2957, #742, .T. ) ;
#697 = ORIENTED_EDGE ( 'NONE', *, *, #1781, .F. ) ;
#698 = B_SPLINE_CURVE_WITH_KNOTS ( 'NONE', 3,
 ( #2454, #1131, #2200, #2219, #2184, #1678, #2525, #1976, #3069, #3278, #99, #1165, #3326, #1398, #2486, #598 ),
 .UNSPECIFIED., .F., .F.,
 ( 4, 2, 2, 2, 2, 2, 2, 4 ),
 ( 0.0003271298171288079815, 0.001002932485420376637, 0.001678735153711945292, 0.002354537822003513730, 0.003030340490295082602, 0.004381945826878218611, 0.005057748495169786182, 0.005733551163461354620 ),
 .UNSPECIFIED. ) ;
#699 = CARTESIAN_POINT ( 'NONE',  ( -1.315128060534579424, 3.174999999999998934, 0.2893749999999988831 ) ) ;
#700 = VERTEX_POINT ( 'NONE', #1028 ) ;
#701 = EDGE_CURVE ( 'NONE', #39, #1431, #903, .T. ) ;
#702 = CARTESIAN_POINT ( 'NONE',  ( -2.293671092350641594, -2.293671092350642482, -0.6234375000000011990 ) ) ;
#703 = DIRECTION ( 'NONE',  ( -0.000000000000000000, -0.000000000000000000, 1.000000000000000000 ) ) ;
#704 = DIRECTION ( 'NONE',  ( 1.000000000000000000, 0.000000000000000000, -0.000000000000000000 ) ) ;
#705 = CARTESIAN_POINT ( 'NONE',  ( 0.000000000000000000, 2.350110802895317708, -0.5837499999999987699 ) ) ;
#706 = ORIENTED_EDGE ( 'NONE', *, *, #1442, .F. ) ;
#707 = CARTESIAN_POINT ( 'NONE',  ( 2.314332251033250465, -0.5844823881819700695, -0.9690640460336222839 ) ) ;
#708 = FACE_OUTER_BOUND ( 'NONE', #3395, .T. ) ;
#709 = CARTESIAN_POINT ( 'NONE',  ( 2.350110802895317708, 0.9734477676387643941, -3.203124999999999556 ) ) ;
#710 = CARTESIAN_POINT ( 'NONE',  ( -0.9734477676387640610, -2.350110802895318596, 1.400625000000000453 ) ) ;
#711 = ORIENTED_EDGE ( 'NONE', *, *, #2556, .F. ) ;
#712 = LINE ( 'NONE', #1287, #1036 ) ;
#713 = CARTESIAN_POINT ( 'NONE',  ( 0.000000000000000000, 2.350110802895317708, -0.5837499999999987699 ) ) ;
#714 = EDGE_CURVE ( 'NONE', #1807, #3218, #1981, .T. ) ;
#715 = CARTESIAN_POINT ( 'NONE',  ( -7.875000000000000000, -5.199999999999999289, 1.449999999999999289 ) ) ;
#716 = CARTESIAN_POINT ( 'NONE',  ( 3.174999999999999822, 1.944126793646423287E-16, -0.1075000000000012057 ) ) ;
#717 = CARTESIAN_POINT ( 'NONE',  ( 2.245064030267292399, -2.245064030267291955, 0.8450000000000030820 ) ) ;
#718 = AXIS2_PLACEMENT_3D ( 'NONE', #684, #2311, #105 ) ;
#719 = CARTESIAN_POINT ( 'NONE',  ( -2.293671092350642482, 2.293671092350641150, -0.9409375000000012035 ) ) ;
#720 = CARTESIAN_POINT ( 'NONE',  ( -2.610389793044789464, 0.5044608364985633253, -1.240298960745158219 ) ) ;
#721 = CARTESIAN_POINT ( 'NONE',  ( -1.315128060534576537, -3.175000000000000711, -0.5043750000000012390 ) ) ;
#722 = CIRCLE ( 'NONE', #3006, 0.1249999999999998890 ) ;
#723 = CARTESIAN_POINT ( 'NONE',  ( 0.000000000000000000, 9.757819552369543850E-16, -2.750000000000001332 ) ) ;
#724 = ORIENTED_EDGE ( 'NONE', *, *, #1204, .T. ) ;
#725 = CARTESIAN_POINT ( 'NONE',  ( 0.6154327458571463572, -2.869674487928786100, -1.505492212436393196 ) ) ;
#726 = AXIS2_PLACEMENT_3D ( 'NONE', #3034, #2771, #608 ) ;
#727 = LINE ( 'NONE', #1809, #3110 ) ;
#728 = CARTESIAN_POINT ( 'NONE',  ( 2.350110802895317708, 1.439027836203683837E-16, -3.282500000000000195 ) ) ;
#729 = CARTESIAN_POINT ( 'NONE',  ( -1.661779285267041661, 1.661779285267040773, 1.003750000000000364 ) ) ;
#730 = AXIS2_PLACEMENT_3D ( 'NONE', #761, #3228, #2622 ) ;
#731 = EDGE_LOOP ( 'NONE', ( #3306, #484, #3076, #1390 ) ) ;
#732 = CIRCLE ( 'NONE', #1368, 3.174999999999999822 ) ;
#733 = CARTESIAN_POINT ( 'NONE',  ( -2.207940216581962378, -3.000000000000000000, 1.875000000000000000 ) ) ;
#734 = CARTESIAN_POINT ( 'NONE',  ( 2.350110802895318152, -0.6089604301771144312, -3.490904676657745842 ) ) ;
#735 = EDGE_CURVE ( 'NONE', #1526, #2493, #2273, .T. ) ;
#736 = ORIENTED_EDGE ( 'NONE', *, *, #2747, .T. ) ;
#737 = DIRECTION ( 'NONE',  ( 0.000000000000000000, 0.000000000000000000, -1.000000000000000000 ) ) ;
#738 = DIRECTION ( 'NONE',  ( 0.000000000000000000, 0.000000000000000000, 1.000000000000000000 ) ) ;
#739 = VERTEX_POINT ( 'NONE', #1281 ) ;
#740 = CARTESIAN_POINT ( 'NONE',  ( -1.753343327588827272, -1.826460264316087212, -1.113154375714467514 ) ) ;
#741 = DIRECTION ( 'NONE',  ( -1.000000000000000000, 0.000000000000000000, 0.000000000000000000 ) ) ;
#742 = LINE ( 'NONE', #1806, #1195 ) ;
#743 = CARTESIAN_POINT ( 'NONE',  ( 1.169429931490963970, -2.560959607644099911, -1.398204937785255897 ) ) ;
#744 = AXIS2_PLACEMENT_3D ( 'NONE', #2915, #680, #421 ) ;
#745 = DIRECTION ( 'NONE',  ( -0.6090869562984730923, 0.7931034482758614335, 0.000000000000000000 ) ) ;
#746 = CARTESIAN_POINT ( 'NONE',  ( 1.661779285267040995, -1.661779285267040773, -0.9012499999999996625 ) ) ;
#747 = CARTESIAN_POINT ( 'NONE',  ( -2.350110802895318152, -4.317083508611051018E-16, -1.377499999999999725 ) ) ;
#748 = ORIENTED_EDGE ( 'NONE', *, *, #3093, .T. ) ;
#749 = AXIS2_PLACEMENT_3D ( 'NONE', #1452, #68, #1649 ) ;
#750 = AXIS2_PLACEMENT_3D ( 'NONE', #2251, #3037, #1416 ) ;
#751 = DIRECTION ( 'NONE',  ( -0.000000000000000000, -3.548298019043469326E-16, 1.000000000000000000 ) ) ;
#752 = CARTESIAN_POINT ( 'NONE',  ( 2.350110802895317708, -0.9734477676387640610, -2.250624999999998543 ) ) ;
#753 = EDGE_LOOP ( 'NONE', ( #2108, #2134, #3507, #2197, #3137, #2124 ) ) ;
#754 = CARTESIAN_POINT ( 'NONE',  ( 7.875000000000000000, -5.199999999999999289, 2.624999999999999112 ) ) ;
#755 = CARTESIAN_POINT ( 'NONE',  ( 7.875000000000000000, 5.445745613286696596, 1.277927069094684676 ) ) ;
#756 = CARTESIAN_POINT ( 'NONE',  ( -8.000000000000000000, 2.875000000000000000, 2.624999999999999112 ) ) ;
#757 = DIRECTION ( 'NONE',  ( 0.000000000000000000, 0.000000000000000000, 1.000000000000000000 ) ) ;
#758 = ORIENTED_EDGE ( 'NONE', *, *, #667, .T. ) ;
#759 = ORIENTED_EDGE ( 'NONE', *, *, #811, .T. ) ;
#760 = LINE ( 'NONE', #1843, #3015 ) ;
#761 = CARTESIAN_POINT ( 'NONE',  ( -7.875000000000000000, 5.200000000000000178, 1.625000000000000222 ) ) ;
#762 = EDGE_CURVE ( 'NONE', #2267, #86, #2126, .T. ) ;
#763 = CARTESIAN_POINT ( 'NONE',  ( -2.350110802895317708, -4.317083508611050525E-16, -0.1074999999999999567 ) ) ;
#764 = CARTESIAN_POINT ( 'NONE',  ( 0.9734477676387648382, -2.350110802895318152, 0.2893750000000001599 ) ) ;
#765 = ORIENTED_EDGE ( 'NONE', *, *, #2309, .F. ) ;
#766 = FACE_OUTER_BOUND ( 'NONE', #552, .T. ) ;
#767 = CARTESIAN_POINT ( 'NONE',  ( -2.350110802895317264, -0.9734477676387655043, -2.726874999999998828 ) ) ;
#768 = VERTEX_POINT ( 'NONE', #3438 ) ;
#769 = CARTESIAN_POINT ( 'NONE',  ( -2.131804347044653269, 2.775862068965516904, 1.875000000000000000 ) ) ;
#770 = CARTESIAN_POINT ( 'NONE',  ( -2.929390072014656621, -2.336677438665437201, -2.328442394715605435 ) ) ;
#771 = CARTESIAN_POINT ( 'NONE',  ( -3.243740766425389666, -5.958655120299952691E-16, 2.948437499999999822 ) ) ;
#772 = CARTESIAN_POINT ( 'NONE',  ( -3.270656390072109065, 2.067678170332984955, -2.450994162835895995 ) ) ;
#773 = DIRECTION ( 'NONE',  ( 1.000000000000000000, 0.000000000000000000, 0.000000000000000000 ) ) ;
#774 = CARTESIAN_POINT ( 'NONE',  ( -8.000000000000000000, -3.000000000000000000, 2.749999999999999556 ) ) ;
#775 = ORIENTED_EDGE ( 'NONE', *, *, #454, .F. ) ;
#776 = EDGE_LOOP ( 'NONE', ( #415, #2370, #1064 ) ) ;
#777 = CARTESIAN_POINT ( 'NONE',  ( -3.174999999999999822, -5.832380380939268136E-16, -0.9012499999999999956 ) ) ;
#778 = AXIS2_PLACEMENT_3D ( 'NONE', #2058, #619, #2566 ) ;
#779 = CARTESIAN_POINT ( 'NONE',  ( 2.055668477507344161, -2.676724137931034253, 1.874999999999999778 ) ) ;
#780 = CARTESIAN_POINT ( 'NONE',  ( -2.350110802895317264, -0.9734477676387655043, 1.083125000000001226 ) ) ;
#781 = CARTESIAN_POINT ( 'NONE',  ( -0.9734477676387660594, 2.350110802895317708, -1.615625000000000311 ) ) ;
#782 = EDGE_LOOP ( 'NONE', ( #2001, #2874, #949, #1718 ) ) ;
#783 = CIRCLE ( 'NONE', #2496, 0.1250000000000001110 ) ;
#784 = EDGE_CURVE ( 'NONE', #2483, #1171, #2501, .T. ) ;
#785 = DIRECTION ( 'NONE',  ( 0.000000000000000000, 0.000000000000000000, -1.000000000000000000 ) ) ;
#786 = CARTESIAN_POINT ( 'NONE',  ( -2.293671092350642482, 2.293671092350641150, 1.599062499999999165 ) ) ;
#787 = CIRCLE ( 'NONE', #1010, 3.500000000000000000 ) ;
#788 = ORIENTED_EDGE ( 'NONE', *, *, #1443, .T. ) ;
#789 = VECTOR ( 'NONE', #2816, 1000.000000000000000 ) ;
#790 = CARTESIAN_POINT ( 'NONE',  ( -7.875000000000000000, -0.5430925139406658220, 1.250000000000000222 ) ) ;
#791 = CARTESIAN_POINT ( 'NONE',  ( -0.4525815188350522655, -3.162051443751601632, -1.773605672603819849 ) ) ;
#792 = VECTOR ( 'NONE', #1282, 1000.000000000000000 ) ;
#793 = CARTESIAN_POINT ( 'NONE',  ( 0.000000000000000000, 3.243740766425389666, 1.360937499999999689 ) ) ;
#794 = CARTESIAN_POINT ( 'NONE',  ( -2.476595023862668832, 0.2155902660381458502, 0.9141134910111233802 ) ) ;
#795 = CARTESIAN_POINT ( 'NONE',  ( 7.875000000000000000, -3.000000000000000000, 2.749999999999999556 ) ) ;
#796 = LINE ( 'NONE', #539, #1184 ) ;
#797 = ORIENTED_EDGE ( 'NONE', *, *, #1289, .F. ) ;
#798 = ORIENTED_EDGE ( 'NONE', *, *, #2105, .T. ) ;
#799 = CARTESIAN_POINT ( 'NONE',  ( -0.9734477676387638390, -2.350110802895318152, 2.670624999999999805 ) ) ;
#800 = CARTESIAN_POINT ( 'NONE',  ( 2.207940216581962378, -2.875000000000000000, 2.624999999999999112 ) ) ;
#801 = CARTESIAN_POINT ( 'NONE',  ( 2.350110802895317708, -0.9734477676387640610, -0.9806249999999993028 ) ) ;
#802 =( BOUNDED_CURVE ( )  B_SPLINE_CURVE ( 2, ( #2391, #2883, #485, #3133, #1249, #1301, #2599, #1030, #2077 ),
 .UNSPECIFIED., .F., .T. ) 
 B_SPLINE_CURVE_WITH_KNOTS ( ( 3, 2, 2, 2, 3 ),
 ( 0.002154839471751348028, 0.004214165388375993443, 0.006702816788982877624, 0.009191468189589768745, 0.01168011959019665466 ),
 .UNSPECIFIED. ) 
 CURVE ( )  GEOMETRIC_REPRESENTATION_ITEM ( )  RATIONAL_B_SPLINE_CURVE ( ( 0.9782672310840495600, 0.9370113261154759954, 1.000000000000000000, 0.9238795325112867385, 1.000000000000000000, 0.9238795325112867385, 1.000000000000000000, 0.9238795325104316447, 1.000000000000855094 ) ) 
 REPRESENTATION_ITEM ( '' )  );
#803 = CARTESIAN_POINT ( 'NONE',  ( 2.350110802895318596, -0.6089725897383967412, -3.332155668149236583 ) ) ;
#804 = VERTEX_POINT ( 'NONE', #1562 ) ;
#805 = CARTESIAN_POINT ( 'NONE',  ( 1.343601418275894632, -3.243740766425389221, 0.8846874999999991829 ) ) ;
#806 = AXIS2_PLACEMENT_3D ( 'NONE', #357, #1118, #1437 ) ;
#807 = ORIENTED_EDGE ( 'NONE', *, *, #207, .F. ) ;
#808 = CIRCLE ( 'NONE', #2803, 0.1250000000000001110 ) ;
#809 = CARTESIAN_POINT ( 'NONE',  ( 7.875000000000000000, -0.5430925139406658220, 1.250000000000000222 ) ) ;
#810 = CARTESIAN_POINT ( 'NONE',  ( 7.875000000000000000, 5.200000000000000178, 1.625000000000000222 ) ) ;
#811 = EDGE_CURVE ( 'NONE', #267, #2145, #1523, .T. ) ;
#812 = EDGE_CURVE ( 'NONE', #3496, #2213, #3120, .T. ) ;
#813 = PRODUCT_DEFINITION_SHAPE ( 'NONE', 'NONE',  #2542 ) ;
#814 = B_SPLINE_CURVE_WITH_KNOTS ( 'NONE', 3,
 ( #2171, #2475, #3263, #2456 ),
 .UNSPECIFIED., .F., .F.,
 ( 4, 4 ),
 ( 0.0001000796935901405912, 0.0002612287277863753411 ),
 .UNSPECIFIED. ) ;
#815 = CARTESIAN_POINT ( 'NONE',  ( 8.000000000000000000, -5.199999999999999289, 2.624999999999999112 ) ) ;
#816 = ORIENTED_EDGE ( 'NONE', *, *, #399, .T. ) ;
#817 = ORIENTED_EDGE ( 'NONE', *, *, #3415, .F. ) ;
#818 = CARTESIAN_POINT ( 'NONE',  ( 3.625000000000000000, 0.000000000000000000, 2.749999999999999112 ) ) ;
#819 = CARTESIAN_POINT ( 'NONE',  ( 2.131804347044653269, -2.775862068965516904, 1.875000000000000000 ) ) ;
#820 = CARTESIAN_POINT ( 'NONE',  ( 1.661779285267040995, 1.661779285267040995, -2.012499999999999289 ) ) ;
#821 = CARTESIAN_POINT ( 'NONE',  ( -2.207940216581962378, 2.875000000000000000, 1.875000000000000000 ) ) ;
#822 = ORIENTED_EDGE ( 'NONE', *, *, #859, .T. ) ;
#823 = CARTESIAN_POINT ( 'NONE',  ( 8.000000000000000000, -5.199999999999999289, 1.449999999999999289 ) ) ;
#824 = ORIENTED_EDGE ( 'NONE', *, *, #2335, .F. ) ;
#825 = EDGE_CURVE ( 'NONE', #997, #2928, #1162, .T. ) ;
#826 = DIRECTION ( 'NONE',  ( 0.000000000000000000, 0.000000000000000000, 1.000000000000000000 ) ) ;
#827 = LINE ( 'NONE', #253, #2402 ) ;
#828 = ADVANCED_FACE ( 'NONE', ( #2802 ), #3001, .T. ) ;
#829 = EDGE_CURVE ( 'NONE', #3479, #2358, #2030, .T. ) ;
#830 = CARTESIAN_POINT ( 'NONE',  ( -7.875000000000000000, -3.717306685560506807, -0.9726086908603063241 ) ) ;
#831 = DIRECTION ( 'NONE',  ( 0.000000000000000000, -1.000000000000000000, 0.000000000000000000 ) ) ;
#832 = ORIENTED_EDGE ( 'NONE', *, *, #1978, .T. ) ;
#833 = ORIENTED_EDGE ( 'NONE', *, *, #2526, .F. ) ;
#834 = CARTESIAN_POINT ( 'NONE',  ( 0.000000000000000000, 0.000000000000000000, -2.750000000000000444 ) ) ;
#835 = DIRECTION ( 'NONE',  ( 0.000000000000000000, 1.000000000000000000, 0.000000000000000000 ) ) ;
#836 = CARTESIAN_POINT ( 'NONE',  ( -2.350110802895317708, -4.317083508611050525E-16, -1.536249999999999005 ) ) ;
#837 = CARTESIAN_POINT ( 'NONE',  ( 3.174999999999999822, 1.944126793646423287E-16, 1.162499999999998757 ) ) ;
#838 = ORIENTED_EDGE ( 'NONE', *, *, #885, .F. ) ;
#839 = UNCERTAINTY_MEASURE_WITH_UNIT (LENGTH_MEASURE( 1.000000000000000082E-05 ), #2310, 'distance_accuracy_value', 'NONE');
#840 = CARTESIAN_POINT ( 'NONE',  ( 0.000000000000000000, 0.000000000000000000, -2.750000000000000444 ) ) ;
#841 = AXIS2_PLACEMENT_3D ( 'NONE', #1988, #1820, #641 ) ;
#842 = EDGE_LOOP ( 'NONE', ( #1891, #2718, #950, #1905 ) ) ;
#843 = CARTESIAN_POINT ( 'NONE',  ( -7.875000000000000000, -5.199999999999999289, 1.749999999999999556 ) ) ;
#844 = DIRECTION ( 'NONE',  ( 0.000000000000000000, 0.000000000000000000, 1.000000000000000000 ) ) ;
#845 = LINE ( 'NONE', #2762, #2975 ) ;
#846 = AXIS2_PLACEMENT_3D ( 'NONE', #1754, #3351, #1987 ) ;
#847 = CARTESIAN_POINT ( 'NONE',  ( 0.000000000000000000, 0.000000000000000000, 1.750000000000000000 ) ) ;
#848 = VERTEX_POINT ( 'NONE', #1396 ) ;
#849 = VERTEX_POINT ( 'NONE', #1093 ) ;
#850 = CARTESIAN_POINT ( 'NONE',  ( 2.878055672407367674E-16, -2.350110802895317708, 1.480000000000000426 ) ) ;
#851 = CARTESIAN_POINT ( 'NONE',  ( 1.385760097120510403, -2.856622823060221528, -1.762152550058653899 ) ) ;
#852 = EDGE_CURVE ( 'NONE', #2459, #1111, #3241, .T. ) ;
#853 = CARTESIAN_POINT ( 'NONE',  ( -0.9734477676387658374, 2.350110802895317264, -0.5043749999999992406 ) ) ;
#854 = CARTESIAN_POINT ( 'NONE',  ( -2.207940216581962378, 3.000000000000000000, 1.875000000000000000 ) ) ;
#855 = ORIENTED_EDGE ( 'NONE', *, *, #812, .T. ) ;
#856 = DIRECTION ( 'NONE',  ( 0.000000000000000000, 1.000000000000000000, 3.125367005704081617E-16 ) ) ;
#857 = DIRECTION ( 'NONE',  ( 0.000000000000000000, 0.000000000000000000, -1.000000000000000000 ) ) ;
#858 = VERTEX_POINT ( 'NONE', #2468 ) ;
#859 = EDGE_CURVE ( 'NONE', #493, #1757, #2554, .T. ) ;
#860 = CIRCLE ( 'NONE', #465, 0.1250000000000002498 ) ;
#861 = DIRECTION ( 'NONE',  ( 1.000000000000000000, -0.000000000000000000, -0.000000000000000000 ) ) ;
#862 = CARTESIAN_POINT ( 'NONE',  ( 2.982990665607818226, -0.7757376785969364308, -1.651088153227630473 ) ) ;
#863 = STYLED_ITEM ( 'NONE', ( #2582 ), #2539 ) ;
#864 = DIRECTION ( 'NONE',  ( 0.000000000000000000, 0.000000000000000000, -1.000000000000000000 ) ) ;
#865 = CARTESIAN_POINT ( 'NONE',  ( 1.333381684706258508, -1.935229719897659573, -0.9372633529540107533 ) ) ;
#866 = AXIS2_PLACEMENT_3D ( 'NONE', #1482, #2821, #659 ) ;
#867 = ORIENTED_EDGE ( 'NONE', *, *, #480, .F. ) ;
#868 = ORIENTED_EDGE ( 'NONE', *, *, #2875, .T. ) ;
#869 = CARTESIAN_POINT ( 'NONE',  ( 1.661779285267040995, 1.661779285267040995, 0.6862500000000002487 ) ) ;
#870 = FACE_OUTER_BOUND ( 'NONE', #2019, .T. ) ;
#871 = CARTESIAN_POINT ( 'NONE',  ( 2.581105865658939180, -1.184529985447884792, 1.271973717325786568 ) ) ;
#872 = CARTESIAN_POINT ( 'NONE',  ( 2.207940216581962378, -2.875000000000000000, -8.149494936611667129 ) ) ;
#873 = EDGE_CURVE ( 'NONE', #2737, #277, #1707, .T. ) ;
#874 = ADVANCED_FACE ( 'NONE', ( #889 ), #343, .T. ) ;
#875 = DIRECTION ( 'NONE',  ( -0.000000000000000000, -0.000000000000000000, -1.000000000000000000 ) ) ;
#876 = CARTESIAN_POINT ( 'NONE',  ( -3.243740766425388777, 1.343601418275895076, 2.869062500000000515 ) ) ;
#877 = EDGE_LOOP ( 'NONE', ( #1345, #3414, #2944, #2308 ) ) ;
#878 = CARTESIAN_POINT ( 'NONE',  ( 2.350110802895321260, 0.9734477676387658374, -0.6631249999999982991 ) ) ;
#879 = DIRECTION ( 'NONE',  ( 1.000000000000000000, 0.000000000000000000, 0.000000000000000000 ) ) ;
#880 = CARTESIAN_POINT ( 'NONE',  ( -2.207940216581962378, -2.875000000000000000, 2.624999999999998668 ) ) ;
#881 = CARTESIAN_POINT ( 'NONE',  ( 0.9314290399509512763, -2.199802986716748343, -0.9637924698976579885 ) ) ;
#882 = ORIENTED_EDGE ( 'NONE', *, *, #3045, .T. ) ;
#883 = ORIENTED_EDGE ( 'NONE', *, *, #3360, .T. ) ;
#884 = EDGE_CURVE ( 'NONE', #1962, #2416, #1661, .T. ) ;
#885 = EDGE_CURVE ( 'NONE', #540, #3385, #1186, .T. ) ;
#886 = DIRECTION ( 'NONE',  ( -0.000000000000000000, 1.000000000000000000, 9.856383386231863758E-17 ) ) ;
#887 = CARTESIAN_POINT ( 'NONE',  ( -1.661779285267041439, 1.661779285267040551, -2.964999999999999414 ) ) ;
#888 = PLANE ( 'NONE',  #3411 ) ;
#889 = FACE_OUTER_BOUND ( 'NONE', #2564, .T. ) ;
#890 = CARTESIAN_POINT ( 'NONE',  ( -2.293671092350641594, -2.293671092350642482, 0.5671874999999995115 ) ) ;
#891 = EDGE_LOOP ( 'NONE', ( #1255, #1651, #1379, #2837, #1563 ) ) ;
#892 = AXIS2_PLACEMENT_3D ( 'NONE', #1088, #835, #2210 ) ;
#893 = DIRECTION ( 'NONE',  ( -0.000000000000000000, -1.000000000000000000, -0.000000000000000000 ) ) ;
#894 = CIRCLE ( 'NONE', #3235, 0.1250000000000001110 ) ;
#895 = CARTESIAN_POINT ( 'NONE',  ( 1.956433307473037120, -2.487690881112524011, -1.734208675157879576 ) ) ;
#896 = DIRECTION ( 'NONE',  ( 0.000000000000000000, 1.000000000000000000, 0.000000000000000000 ) ) ;
#897 = CARTESIAN_POINT ( 'NONE',  ( 8.000000000000000000, -2.875000000000000000, 1.875000000000000000 ) ) ;
#898 = ORIENTED_EDGE ( 'NONE', *, *, #2069, .T. ) ;
#899 = ORIENTED_EDGE ( 'NONE', *, *, #2731, .T. ) ;
#900 = CIRCLE ( 'NONE', #25, 0.1250000000000001388 ) ;
#901 = CARTESIAN_POINT ( 'NONE',  ( -0.9126488635884416611, 2.995780214441384093, 1.566091550209585570 ) ) ;
#902 = CARTESIAN_POINT ( 'NONE',  ( 2.350110802895317708, 1.439027836203683837E-16, -3.441249999999999254 ) ) ;
#903 = CIRCLE ( 'NONE', #2897, 3.500000000000000000 ) ;
#904 = FACE_OUTER_BOUND ( 'NONE', #1170, .T. ) ;
#905 = EDGE_CURVE ( 'NONE', #397, #2928, #1447, .T. ) ;
#906 = DIRECTION ( 'NONE',  ( 0.000000000000000000, 1.000000000000000000, 0.000000000000000000 ) ) ;
#907 = CARTESIAN_POINT ( 'NONE',  ( 2.075653001105365991, -3.000000000000000444, 1.766630599354602982 ) ) ;
#908 = CARTESIAN_POINT ( 'NONE',  ( -3.243740766425388333, -1.343601418275896409, -2.052187500000000053 ) ) ;
#909 = EDGE_LOOP ( 'NONE', ( #2871, #1229, #3236, #2938 ) ) ;
#910 = DIRECTION ( 'NONE',  ( 1.000000000000000000, 0.000000000000000000, 0.000000000000000000 ) ) ;
#911 = DIRECTION ( 'NONE',  ( -1.000000000000000000, -0.000000000000000000, -0.000000000000000000 ) ) ;
#912 = AXIS2_PLACEMENT_3D ( 'NONE', #1945, #3055, #1699 ) ;
#913 = LINE ( 'NONE', #3126, #687 ) ;
#914 = CARTESIAN_POINT ( 'NONE',  ( -7.875000000000000000, 5.200000000000000178, 1.449999999999999956 ) ) ;
#915 = EDGE_CURVE ( 'NONE', #541, #2267, #1412, .T. ) ;
#916 = ORIENTED_EDGE ( 'NONE', *, *, #873, .F. ) ;
#917 = AXIS2_PLACEMENT_3D ( 'NONE', #1506, #2015, #2594 ) ;
#918 = ORIENTED_EDGE ( 'NONE', *, *, #2834, .F. ) ;
#919 = AXIS2_PLACEMENT_3D ( 'NONE', #1054, #2701, #2082 ) ;
#920 = CARTESIAN_POINT ( 'NONE',  ( -1.697212381352868338, 2.684626953181782127, 1.601337586219240050 ) ) ;
#921 = CARTESIAN_POINT ( 'NONE',  ( 1.861394442943712368, -1.488673753885663142, -3.579142960097528636 ) ) ;
#922 = DIRECTION ( 'NONE',  ( 1.000000000000000000, 0.000000000000000000, 0.000000000000000000 ) ) ;
#923 = AXIS2_PLACEMENT_3D ( 'NONE', #3288, #3322, #562 ) ;
#924 = B_SPLINE_CURVE_WITH_KNOTS ( 'NONE', 3,
 ( #392, #920, #3349, #3397, #901, #1457, #2548, #1768, #937, #124, #2797, #2016, #1752, #2864, #1193, #2596, #1703, #2846, #364, #2277, #1493, #408, #3366, #2003 ),
 .UNSPECIFIED., .F., .F.,
 ( 4, 2, 2, 2, 2, 2, 2, 2, 2, 2, 2, 4 ),
 ( 0.001727683629255861216, 0.002567044890239855021, 0.002986725520731852140, 0.003406406151223849259, 0.004245767412207843497, 0.005085128673191838602, 0.005504809303683836155, 0.005924489934175833708, 0.006763851195159827079, 0.007183531825651826366, 0.007603212456143823919, 0.008442573717127819025 ),
 .UNSPECIFIED. ) ;
#925 = DIRECTION ( 'NONE',  ( 0.000000000000000000, -0.8191520442889863585, 0.5735764363510539310 ) ) ;
#926 = CARTESIAN_POINT ( 'NONE',  ( 1.661779285267041439, 1.661779285267041439, 3.226250000000000284 ) ) ;
#927 = ORIENTED_EDGE ( 'NONE', *, *, #2403, .F. ) ;
#928 = CARTESIAN_POINT ( 'NONE',  ( -7.912982431949836304, 3.087016048723850492, 1.750000000000000222 ) ) ;
#929 = CARTESIAN_POINT ( 'NONE',  ( 2.878055672407367674E-16, -2.350110802895317708, 1.321250000000001146 ) ) ;
#930 = FACE_OUTER_BOUND ( 'NONE', #3466, .T. ) ;
#931 = CARTESIAN_POINT ( 'NONE',  ( -2.245064030267297728, -2.245064030267298172, -0.7424999999999924993 ) ) ;
#932 = EDGE_LOOP ( 'NONE', ( #3225, #152, #499, #1947, #2726, #3075, #603, #2757, #2470, #899, #1070, #724, #450, #475 ) ) ;
#933 = EDGE_LOOP ( 'NONE', ( #1105, #898, #2163 ) ) ;
#934 = EDGE_CURVE ( 'NONE', #3163, #39, #787, .T. ) ;
#935 = ADVANCED_FACE ( 'NONE', ( #2536 ), #2756, .F. ) ;
#936 = CARTESIAN_POINT ( 'NONE',  ( 1.343601418275894410, 3.243740766425389221, -1.179062500000000790 ) ) ;
#937 = CARTESIAN_POINT ( 'NONE',  ( 0.2032291450307078251, 3.089384078682583468, 1.520644170148086838 ) ) ;
#938 = CARTESIAN_POINT ( 'NONE',  ( -2.383900327735105851, -0.8712638325264425720, 0.9694247628513786852 ) ) ;
#939 = VERTEX_POINT ( 'NONE', #1113 ) ;
#940 = CARTESIAN_POINT ( 'NONE',  ( 7.875000000000000000, -3.000000000000000000, 1.749999999999999778 ) ) ;
#941 = CARTESIAN_POINT ( 'NONE',  ( 2.177723434973864336, -2.999999999999999556, 1.844784427038808960 ) ) ;
#942 = CARTESIAN_POINT ( 'NONE',  ( 3.972436746866635620E-16, -3.243740766425389666, 0.7259374999999995692 ) ) ;
#943 = ORIENTED_EDGE ( 'NONE', *, *, #2235, .T. ) ;
#944 = CARTESIAN_POINT ( 'NONE',  ( -1.288700853389963763, 2.406539314499133830, 1.160253967663863461 ) ) ;
#945 = CARTESIAN_POINT ( 'NONE',  ( -1.661779285267040773, -1.661779285267041439, -1.377499999999999059 ) ) ;
#946 = VECTOR ( 'NONE', #378, 1000.000000000000000 ) ;
#947 = CARTESIAN_POINT ( 'NONE',  ( 2.131804347044653269, -2.775862068965516904, 2.624999999999998668 ) ) ;
#948 = DIRECTION ( 'NONE',  ( 0.000000000000000000, -0.5735764363510472696, -0.8191520442889909104 ) ) ;
#949 = ORIENTED_EDGE ( 'NONE', *, *, #1071, .F. ) ;
#950 = ORIENTED_EDGE ( 'NONE', *, *, #1197, .F. ) ;
#951 = CONICAL_SURFACE ( 'NONE', #442, 4.162847449941344813, 0.7853981633974465026 ) ;
#952 = CARTESIAN_POINT ( 'NONE',  ( 2.293671092350642038, 2.293671092350642038, -3.798437500000001243 ) ) ;
#953 = PLANE ( 'NONE',  #2829 ) ;
#954 = CARTESIAN_POINT ( 'NONE',  ( -1.661779285267041439, 1.661779285267040551, -0.4249999999999991562 ) ) ;
#955 = ORIENTED_EDGE ( 'NONE', *, *, #1955, .F. ) ;
#956 = DIRECTION ( 'NONE',  ( -0.000000000000000000, -0.000000000000000000, 1.000000000000000000 ) ) ;
#957 = ADVANCED_FACE ( 'NONE', ( #61 ), #2198, .F. ) ;
#958 = VECTOR ( 'NONE', #1196, 1000.000000000000000 ) ;
#959 = CARTESIAN_POINT ( 'NONE',  ( 2.207940216581962378, -3.000000000000000000, 1.875000000000000000 ) ) ;
#960 = CARTESIAN_POINT ( 'NONE',  ( 0.9734477676387642830, 2.350110802895317708, 3.146875000000001421 ) ) ;
#961 = CARTESIAN_POINT ( 'NONE',  ( -3.243740766425389666, -5.958655120299952691E-16, -0.8615625000000003419 ) ) ;
#962 = VERTEX_POINT ( 'NONE', #2216 ) ;
#963 = DIRECTION ( 'NONE',  ( 1.000000000000000000, 0.000000000000000000, 0.000000000000000000 ) ) ;
#964 = CARTESIAN_POINT ( 'NONE',  ( -1.661779285267041439, 1.661779285267040551, -1.694999999999998952 ) ) ;
#965 = CYLINDRICAL_SURFACE ( 'NONE', #2054, 3.174999999999999822 ) ;
#966 = CARTESIAN_POINT ( 'NONE',  ( -2.245064030267288846, 2.245064030267287958, 0.3687499999999989120 ) ) ;
#967 = ORIENTED_EDGE ( 'NONE', *, *, #1826, .F. ) ;
#968 = FILL_AREA_STYLE_COLOUR ( '', #3141 ) ;
#969 = CARTESIAN_POINT ( 'NONE',  ( -2.287239842081312702, 1.482489447843897912, -1.290832853082012566 ) ) ;
#970 = AXIS2_PLACEMENT_3D ( 'NONE', #2794, #1667, #2274 ) ;
#971 = CARTESIAN_POINT ( 'NONE',  ( 3.174999999999999822, 1.944126793646423287E-16, -0.1075000000000012057 ) ) ;
#972 = DIRECTION ( 'NONE',  ( 0.000000000000000000, 0.000000000000000000, -1.000000000000000000 ) ) ;
#973 = ORIENTED_EDGE ( 'NONE', *, *, #1140, .T. ) ;
#974 = ADVANCED_FACE ( 'NONE', ( #1938 ), #1468, .F. ) ;
#975 = CARTESIAN_POINT ( 'NONE',  ( 3.174999999999999822, -3.494516299941245763E-13, -1.536250000000021432 ) ) ;
#976 = AXIS2_PLACEMENT_3D ( 'NONE', #1168, #2239, #1944 ) ;
#977 = CYLINDRICAL_SURFACE ( 'NONE', #1465, 0.1250000000000001110 ) ;
#978 = CARTESIAN_POINT ( 'NONE',  ( -2.350110802895317264, 0.9734477676387649492, -0.1868749999999999578 ) ) ;
#979 = CIRCLE ( 'NONE', #3031, 0.1250000000000001110 ) ;
#980 = CARTESIAN_POINT ( 'NONE',  ( -1.661779285267041217, -1.661779285267041661, 0.05125000000000008021 ) ) ;
#981 = VERTEX_POINT ( 'NONE', #1429 ) ;
#982 = EDGE_CURVE ( 'NONE', #288, #2117, #2520, .T. ) ;
#983 = EDGE_CURVE ( 'NONE', #1818, #1311, #3118, .T. ) ;
#984 = CARTESIAN_POINT ( 'NONE',  ( -2.006985510940796580, 2.043389847898958500, 1.294802252313516089 ) ) ;
#985 = CARTESIAN_POINT ( 'NONE',  ( 2.350110802895317708, -0.9734477676387640610, 0.2893750000000010481 ) ) ;
#986 = CARTESIAN_POINT ( 'NONE',  ( -2.207940216581962378, -2.875000000000000000, 1.749999999999999778 ) ) ;
#987 = CARTESIAN_POINT ( 'NONE',  ( -3.175000000000011813, -1.315128060534584309, -0.8218749999999928058 ) ) ;
#988 = VERTEX_POINT ( 'NONE', #427 ) ;
#989 = CARTESIAN_POINT ( 'NONE',  ( -1.343601418275894188, -3.243740766425390554, -1.814062500000001688 ) ) ;
#990 = CARTESIAN_POINT ( 'NONE',  ( -7.875000000000000000, 0.5430925139406658220, -2.624999999999999556 ) ) ;
#991 = DIRECTION ( 'NONE',  ( -5.689907371880551783E-16, 0.5735764363510481578, 0.8191520442889903553 ) ) ;
#992 = PLANE ( 'NONE',  #1308 ) ;
#993 = EDGE_CURVE ( 'NONE', #376, #3374, #1176, .T. ) ;
#994 = CARTESIAN_POINT ( 'NONE',  ( -8.000000000000000000, 5.199999999999999289, 1.625000000000000666 ) ) ;
#995 = CARTESIAN_POINT ( 'NONE',  ( 2.350110802895317708, -0.9734477676387640610, -2.091874999999999485 ) ) ;
#996 = CARTESIAN_POINT ( 'NONE',  ( 1.661779285267041439, -1.661779285267041217, 1.638750000000000151 ) ) ;
#997 = VERTEX_POINT ( 'NONE', #3134 ) ;
#998 = CARTESIAN_POINT ( 'NONE',  ( 4.030874493717349516, -0.9858874140349265236, -2.730808476586067179 ) ) ;
#999 = CARTESIAN_POINT ( 'NONE',  ( -0.9734477676387658374, 2.350110802895317264, -0.5043749999999992406 ) ) ;
#1000 = CARTESIAN_POINT ( 'NONE',  ( -2.055668477507344605, 2.676724137931034253, 1.750000000000000444 ) ) ;
#1001 = ORIENTED_EDGE ( 'NONE', *, *, #784, .T. ) ;
#1002 = CIRCLE ( 'NONE', #3012, 0.1250000000000001110 ) ;
#1003 = CARTESIAN_POINT ( 'NONE',  ( 3.972436746866635620E-16, -3.243740766425389666, -3.004687500000001066 ) ) ;
#1004 = CARTESIAN_POINT ( 'NONE',  ( -0.3468386777574995472, -2.426910303581273354, -1.032722322622253941 ) ) ;
#1005 = DIRECTION ( 'NONE',  ( 1.000000000000000000, 0.000000000000000000, 0.000000000000000000 ) ) ;
#1006 = CIRCLE ( 'NONE', #1968, 0.1250000000000001110 ) ;
#1007 = DIRECTION ( 'NONE',  ( 0.000000000000000000, 0.000000000000000000, -1.000000000000000000 ) ) ;
#1008 = ORIENTED_EDGE ( 'NONE', *, *, #1246, .T. ) ;
#1009 = CARTESIAN_POINT ( 'NONE',  ( -3.312481532850776844, 4.056619906440422200E-16, 1.750000000000000000 ) ) ;
#1010 = AXIS2_PLACEMENT_3D ( 'NONE', #1127, #1643, #1382 ) ;
#1011 = CARTESIAN_POINT ( 'NONE',  ( 7.875000000000000000, 0.5430925139406658220, 1.250000000000000222 ) ) ;
#1012 = CARTESIAN_POINT ( 'NONE',  ( 1.661779285267040995, -1.661779285267040773, -2.171250000000000124 ) ) ;
#1013 = AXIS2_PLACEMENT_3D ( 'NONE', #1414, #79, #857 ) ;
#1014 = CARTESIAN_POINT ( 'NONE',  ( 0.9734477676387648382, -2.350110802895318152, -0.9806250000000000799 ) ) ;
#1015 = AXIS2_PLACEMENT_3D ( 'NONE', #3370, #1479, #925 ) ;
#1016 = ORIENTED_EDGE ( 'NONE', *, *, #3032, .F. ) ;
#1017 = AXIS2_PLACEMENT_3D ( 'NONE', #2061, #1789, #2118 ) ;
#1018 = CARTESIAN_POINT ( 'NONE',  ( 1.764081967731757405, -2.919639953872255500, -1.970103930189926800 ) ) ;
#1019 = CARTESIAN_POINT ( 'NONE',  ( -1.661779285267040773, -1.661779285267041439, -2.647499999999999076 ) ) ;
#1020 = ORIENTED_EDGE ( 'NONE', *, *, #1484, .F. ) ;
#1021 = CARTESIAN_POINT ( 'NONE',  ( 0.6639347741757970489, 2.254376055924434130, 0.7876292700445429729 ) ) ;
#1022 = DIRECTION ( 'NONE',  ( 0.000000000000000000, 0.000000000000000000, -1.000000000000000000 ) ) ;
#1023 = CARTESIAN_POINT ( 'NONE',  ( -3.243740766425388333, -1.343601418275896409, 3.027812500000000018 ) ) ;
#1024 = EDGE_CURVE ( 'NONE', #2358, #2477, #1462, .T. ) ;
#1025 = EDGE_CURVE ( 'NONE', #3125, #376, #3116, .T. ) ;
#1026 = LINE ( 'NONE', #1371, #1066 ) ;
#1027 = DIRECTION ( 'NONE',  ( 0.000000000000000000, -1.000000000000000000, -1.284980352575412699E-16 ) ) ;
#1028 = CARTESIAN_POINT ( 'NONE',  ( 7.875000000000000000, -3.000000000000000000, 2.624999999999999112 ) ) ;
#1029 = ORIENTED_EDGE ( 'NONE', *, *, #322, .T. ) ;
#1030 = CARTESIAN_POINT ( 'NONE',  ( 3.175000000011307222, 1.315128060523269582, 1.083124999999034888 ) ) ;
#1031 = AXIS2_PLACEMENT_3D ( 'NONE', #3293, #3021, #3053 ) ;
#1032 = DIRECTION ( 'NONE',  ( -0.000000000000000000, 1.000000000000000000, 9.856383386231863758E-17 ) ) ;
#1033 = CARTESIAN_POINT ( 'NONE',  ( 2.878055672407367674E-16, -2.350110802895317708, 0.2100000000000001310 ) ) ;
#1034 = CARTESIAN_POINT ( 'NONE',  ( 0.000000000000000000, 2.350110802895318152, 0.8450000000000003064 ) ) ;
#1035 = EDGE_LOOP ( 'NONE', ( #3042, #2843, #2709 ) ) ;
#1036 = VECTOR ( 'NONE', #1794, 999.9999999999998863 ) ;
#1037 = CARTESIAN_POINT ( 'NONE',  ( -8.000000000000000000, 0.5430925139406658220, -2.750000000000000000 ) ) ;
#1038 = CARTESIAN_POINT ( 'NONE',  ( -3.243740766425388333, -1.343601418275896409, 0.5671874999999990674 ) ) ;
#1039 = EDGE_LOOP ( 'NONE', ( #390, #358, #1847, #1683 ) ) ;
#1040 = ADVANCED_FACE ( 'NONE', ( #708 ), #2818, .F. ) ;
#1041 = FACE_OUTER_BOUND ( 'NONE', #2861, .T. ) ;
#1042 = DIRECTION ( 'NONE',  ( 0.000000000000000000, -1.000000000000000000, -9.856383386231863758E-17 ) ) ;
#1043 = CARTESIAN_POINT ( 'NONE',  ( -1.343601418275894188, -3.243740766425390554, 1.916562499999999947 ) ) ;
#1044 = CARTESIAN_POINT ( 'NONE',  ( 2.131804347044653269, 2.775862068965516904, -8.149494936611667129 ) ) ;
#1045 = DIRECTION ( 'NONE',  ( 0.000000000000000000, -0.8191520442889900222, 0.5735764363510488240 ) ) ;
#1046 = EDGE_LOOP ( 'NONE', ( #3231, #2931, #377, #1481 ) ) ;
#1047 = ORIENTED_EDGE ( 'NONE', *, *, #3, .T. ) ;
#1048 = DIRECTION ( 'NONE',  ( -0.000000000000000000, -0.000000000000000000, 1.000000000000000000 ) ) ;
#1049 = EDGE_CURVE ( 'NONE', #1473, #1191, #681, .T. ) ;
#1050 = CARTESIAN_POINT ( 'NONE',  ( 0.000000000000000000, 0.000000000000000000, 2.749999999999999556 ) ) ;
#1051 = CARTESIAN_POINT ( 'NONE',  ( 2.350110802895317708, -0.9734477676387640610, 0.2893750000000010481 ) ) ;
#1052 = CARTESIAN_POINT ( 'NONE',  ( 1.661779285267041439, -1.661779285267041217, 0.3687500000000001332 ) ) ;
#1053 = ORIENTED_EDGE ( 'NONE', *, *, #3300, .F. ) ;
#1054 = CARTESIAN_POINT ( 'NONE',  ( -2.207940216581962378, -2.875000000000000000, 1.875000000000000000 ) ) ;
#1055 = CARTESIAN_POINT ( 'NONE',  ( 2.293671092350642038, 2.293671092350642038, 1.281562499999999050 ) ) ;
#1056 = ORIENTED_EDGE ( 'NONE', *, *, #50, .F. ) ;
#1057 = CARTESIAN_POINT ( 'NONE',  ( 2.350110802895321260, 1.439027836203685563E-16, 0.5275000000000019673 ) ) ;
#1058 = FACE_OUTER_BOUND ( 'NONE', #1318, .T. ) ;
#1059 = CARTESIAN_POINT ( 'NONE',  ( 0.000000000000000000, 3.243740766425389666, 2.630937499999999485 ) ) ;
#1060 = CARTESIAN_POINT ( 'NONE',  ( -3.837157225938482963, 1.394691205888630936, -2.663781145521238347 ) ) ;
#1061 = FACE_OUTER_BOUND ( 'NONE', #3190, .T. ) ;
#1062 = DIRECTION ( 'NONE',  ( 0.000000000000000000, 0.000000000000000000, 1.000000000000000000 ) ) ;
#1063 = EDGE_LOOP ( 'NONE', ( #2080, #2492, #2379, #2090 ) ) ;
#1064 = ORIENTED_EDGE ( 'NONE', *, *, #192, .T. ) ;
#1065 = CARTESIAN_POINT ( 'NONE',  ( 1.661779285267040995, -1.661779285267040773, 2.908750000000000391 ) ) ;
#1066 = VECTOR ( 'NONE', #275, 1000.000000000000000 ) ;
#1067 = DIRECTION ( 'NONE',  ( 0.000000000000000000, 0.000000000000000000, -1.000000000000000000 ) ) ;
#1068 = CARTESIAN_POINT ( 'NONE',  ( 2.350110802895317708, 1.439027836203683837E-16, -0.9012499999999988853 ) ) ;
#1069 = CARTESIAN_POINT ( 'NONE',  ( -1.991433865635852785, 3.000000000000000000, 1.749999999999999778 ) ) ;
#1070 = ORIENTED_EDGE ( 'NONE', *, *, #784, .F. ) ;
#1071 = EDGE_CURVE ( 'NONE', #1405, #3125, #1800, .T. ) ;
#1072 = ADVANCED_FACE ( 'NONE', ( #3404 ), #3387, .T. ) ;
#1073 = DIRECTION ( 'NONE',  ( 0.000000000000000000, 1.000000000000000000, 3.414809992080329023E-16 ) ) ;
#1074 = CARTESIAN_POINT ( 'NONE',  ( 0.000000000000000000, 3.243740766425389666, 2.710312499999999236 ) ) ;
#1075 = AXIS2_PLACEMENT_3D ( 'NONE', #1494, #1247, #2639 ) ;
#1076 = ORIENTED_EDGE ( 'NONE', *, *, #1611, .F. ) ;
#1077 = AXIS2_PLACEMENT_3D ( 'NONE', #3113, #2533, #2831 ) ;
#1078 = EDGE_CURVE ( 'NONE', #22, #1114, #574, .T. ) ;
#1079 = CARTESIAN_POINT ( 'NONE',  ( -2.207940216581962378, 2.875000000000000000, 2.624999999999998668 ) ) ;
#1080 = CARTESIAN_POINT ( 'NONE',  ( -3.174999999999999822, -5.832380380939269122E-16, -0.7425000000000013811 ) ) ;
#1081 = FACE_OUTER_BOUND ( 'NONE', #3067, .T. ) ;
#1082 = CARTESIAN_POINT ( 'NONE',  ( 7.951846765234960479, -3.000000000000000000, 1.797862104571579023 ) ) ;
#1083 = LINE ( 'NONE', #815, #1797 ) ;
#1084 = ORIENTED_EDGE ( 'NONE', *, *, #418, .T. ) ;
#1085 = ORIENTED_EDGE ( 'NONE', *, *, #2761, .F. ) ;
#1086 = DIRECTION ( 'NONE',  ( 0.000000000000000000, -1.000000000000000000, 0.000000000000000000 ) ) ;
#1087 = ADVANCED_FACE ( 'NONE', ( #2023 ), #3355, .F. ) ;
#1088 = CARTESIAN_POINT ( 'NONE',  ( 7.875000000000000000, 2.875000000000000000, 2.624999999999999112 ) ) ;
#1089 = CARTESIAN_POINT ( 'NONE',  ( 0.9734477676387642830, 2.350110802895317708, -1.933124999999999094 ) ) ;
#1090 = ORIENTED_EDGE ( 'NONE', *, *, #1307, .F. ) ;
#1091 = AXIS2_PLACEMENT_3D ( 'NONE', #1154, #375, #2491 ) ;
#1092 = CARTESIAN_POINT ( 'NONE',  ( 0.000000000000000000, 0.000000000000000000, -8.149494936611667129 ) ) ;
#1093 = CARTESIAN_POINT ( 'NONE',  ( -1.991433865635852785, 3.000000000000000000, 1.749999999999999778 ) ) ;
#1094 = AXIS2_PLACEMENT_3D ( 'NONE', #632, #1470, #102 ) ;
#1095 = ADVANCED_FACE ( 'NONE', ( #2835 ), #3296, .F. ) ;
#1096 = ORIENTED_EDGE ( 'NONE', *, *, #2777, .T. ) ;
#1097 = ADVANCED_FACE ( 'NONE', ( #1198 ), #977, .T. ) ;
#1098 = CONICAL_SURFACE ( 'NONE', #1540, 3.312481532850776844, 0.7853981633974500554 ) ;
#1099 = DIRECTION ( 'NONE',  ( -0.000000000000000000, -0.000000000000000000, 1.000000000000000000 ) ) ;
#1100 = CARTESIAN_POINT ( 'NONE',  ( -0.8986068456431065554, -3.110702571423437313, -1.817330391749764518 ) ) ;
#1101 = AXIS2_PLACEMENT_3D ( 'NONE', #754, #1556, #1573 ) ;
#1102 = CARTESIAN_POINT ( 'NONE',  ( -0.8918331493002643606, 3.111698136212313948, -1.816491781141278850 ) ) ;
#1103 = CYLINDRICAL_SURFACE ( 'NONE', #66, 0.1250000000000001110 ) ;
#1104 = B_SPLINE_CURVE_WITH_KNOTS ( 'NONE', 3,
 ( #372, #2303, #928, #3429 ),
 .UNSPECIFIED., .F., .F.,
 ( 4, 4 ),
 ( 0.0001000796935876693556, 0.0002612287277838302849 ),
 .UNSPECIFIED. ) ;
#1105 = ORIENTED_EDGE ( 'NONE', *, *, #2290, .T. ) ;
#1106 = ORIENTED_EDGE ( 'NONE', *, *, #3123, .T. ) ;
#1107 = CARTESIAN_POINT ( 'NONE',  ( 0.9734477676387645051, -2.350110802895317708, 2.829375000000000195 ) ) ;
#1108 = SPHERICAL_SURFACE ( 'NONE', #892, 0.1250000000000000000 ) ;
#1109 = CARTESIAN_POINT ( 'NONE',  ( 0.9734477676387642830, 2.350110802895317708, 0.6068750000000010525 ) ) ;
#1110 = CARTESIAN_POINT ( 'NONE',  ( 1.315128060534576981, 3.174999999999999822, 1.400624999999998899 ) ) ;
#1111 = VERTEX_POINT ( 'NONE', #642 ) ;
#1112 = EDGE_CURVE ( 'NONE', #229, #2353, #2319, .T. ) ;
#1113 = CARTESIAN_POINT ( 'NONE',  ( 1.991433865635852785, 3.000000000000000000, 1.749999999999999778 ) ) ;
#1114 = VERTEX_POINT ( 'NONE', #2006 ) ;
#1115 = DIRECTION ( 'NONE',  ( 0.000000000000000000, 0.000000000000000000, -1.000000000000000000 ) ) ;
#1116 = CARTESIAN_POINT ( 'NONE',  ( -2.207940216581962378, 2.875000000000000000, 2.624999999999998668 ) ) ;
#1117 = EDGE_CURVE ( 'NONE', #2995, #2505, #2720, .T. ) ;
#1118 = DIRECTION ( 'NONE',  ( 1.000000000000000000, 0.000000000000000000, -0.000000000000000000 ) ) ;
#1119 = ORIENTED_EDGE ( 'NONE', *, *, #859, .F. ) ;
#1120 = ORIENTED_EDGE ( 'NONE', *, *, #1956, .F. ) ;
#1121 = CARTESIAN_POINT ( 'NONE',  ( 0.000000000000000000, 2.350110802895317708, 2.115000000000000657 ) ) ;
#1122 = CARTESIAN_POINT ( 'NONE',  ( -2.034553926986926609, -2.999999999999999556, 1.749999999999999334 ) ) ;
#1123 = CARTESIAN_POINT ( 'NONE',  ( 0.9734477676387645051, -2.350110802895317708, -2.409374999999998490 ) ) ;
#1124 = CARTESIAN_POINT ( 'NONE',  ( -7.875000000000000000, 3.000000000000000000, 1.875000000000000666 ) ) ;
#1125 = ORIENTED_EDGE ( 'NONE', *, *, #1117, .T. ) ;
#1126 = VECTOR ( 'NONE', #2982, 1000.000000000000000 ) ;
#1127 = CARTESIAN_POINT ( 'NONE',  ( 0.000000000000000000, 0.000000000000000000, 1.875000000000000000 ) ) ;
#1128 = AXIS2_PLACEMENT_3D ( 'NONE', #2488, #3245, #65 ) ;
#1129 = VERTEX_POINT ( 'NONE', #466 ) ;
#1130 = AXIS2_PLACEMENT_3D ( 'NONE', #2484, #3323, #1690 ) ;
#1131 = CARTESIAN_POINT ( 'NONE',  ( 4.097879986274897135, 0.7664363631705626290, -2.750000000000006661 ) ) ;
#1132 = CARTESIAN_POINT ( 'NONE',  ( 2.891861166662372362, -1.107746936221906786, -1.665767642700160422 ) ) ;
#1133 = VECTOR ( 'NONE', #1344, 1000.000000000000000 ) ;
#1134 = CARTESIAN_POINT ( 'NONE',  ( -3.174999999999996270, -1.315128060534581200, 0.6068749999999992761 ) ) ;
#1135 = AXIS2_PLACEMENT_3D ( 'NONE', #1543, #1527, #208 ) ;
#1136 = CARTESIAN_POINT ( 'NONE',  ( 7.976308181546796661, 3.000000000000000000, 1.749999999999999778 ) ) ;
#1137 = VERTEX_POINT ( 'NONE', #2924 ) ;
#1138 = ORIENTED_EDGE ( 'NONE', *, *, #701, .F. ) ;
#1139 = CARTESIAN_POINT ( 'NONE',  ( -1.661779285267041439, 1.661779285267040551, 1.003750000000000364 ) ) ;
#1140 = EDGE_CURVE ( 'NONE', #2773, #1818, #436, .T. ) ;
#1141 = ADVANCED_FACE ( 'NONE', ( #3171 ), #2411, .T. ) ;
#1142 = DIRECTION ( 'NONE',  ( 1.000000000000000000, 0.000000000000000000, 0.000000000000000000 ) ) ;
#1143 = CARTESIAN_POINT ( 'NONE',  ( 2.182982282182107436, -1.765498773867722804, 1.239575990768460478 ) ) ;
#1144 = CARTESIAN_POINT ( 'NONE',  ( -8.000000000000000000, -2.875000000000000000, 2.749999999999999556 ) ) ;
#1145 =( NAMED_UNIT ( * ) PLANE_ANGLE_UNIT ( ) SI_UNIT ( $, .RADIAN. ) );
#1146 = DIRECTION ( 'NONE',  ( 1.000000000000000000, 0.000000000000000000, 0.000000000000000000 ) ) ;
#1147 = CARTESIAN_POINT ( 'NONE',  ( 3.174999999999999822, 1.944126793646423287E-16, -1.377500000000001057 ) ) ;
#1148 = ORIENTED_EDGE ( 'NONE', *, *, #1547, .F. ) ;
#1149 = CIRCLE ( 'NONE', #1602, 3.875000000000000000 ) ;
#1150 = CARTESIAN_POINT ( 'NONE',  ( 7.875000000000000000, -5.199999999999999289, -2.624999999999999556 ) ) ;
#1151 = CIRCLE ( 'NONE', #2347, 4.000000000000000000 ) ;
#1152 = ADVANCED_FACE ( 'NONE', ( #1584 ), #543, .T. ) ;
#1153 = CARTESIAN_POINT ( 'NONE',  ( -1.321902792719701125, 1.969854453358931501, 0.7997624867264527815 ) ) ;
#1154 = CARTESIAN_POINT ( 'NONE',  ( -2.207940216581962378, 2.875000000000000000, 2.624999999999998668 ) ) ;
#1155 = CIRCLE ( 'NONE', #3492, 3.174999999999999822 ) ;
#1156 = ORIENTED_EDGE ( 'NONE', *, *, #2021, .T. ) ;
#1157 = VERTEX_POINT ( 'NONE', #1864 ) ;
#1158 = LINE ( 'NONE', #1685, #1742 ) ;
#1159 = EDGE_CURVE ( 'NONE', #3385, #2773, #2435, .T. ) ;
#1160 = CARTESIAN_POINT ( 'NONE',  ( -1.621963281199756191, -2.042081676704234461, 1.039398660970094035 ) ) ;
#1161 = LINE ( 'NONE', #1951, #569 ) ;
#1162 = LINE ( 'NONE', #1952, #15 ) ;
#1163 = CARTESIAN_POINT ( 'NONE',  ( 0.000000000000000000, 2.350110802895318152, 3.385000000000000231 ) ) ;
#1164 = VERTEX_POINT ( 'NONE', #1828 ) ;
#1165 = CARTESIAN_POINT ( 'NONE',  ( 1.117467210907748365, 3.072542293820216486, -1.849368945737381864 ) ) ;
#1166 = CARTESIAN_POINT ( 'NONE',  ( 0.000000000000000000, 4.162847449941345701, -2.750000000000000000 ) ) ;
#1167 =( BOUNDED_CURVE ( )  B_SPLINE_CURVE ( 2, ( #259, #3188, #2422, #3454, #2616, #721, #3224, #2638, #240 ),
 .UNSPECIFIED., .F., .T. ) 
 B_SPLINE_CURVE_WITH_KNOTS ( ( 3, 2, 2, 2, 3 ),
 ( 0.3750000000000000000, 0.3958333333333333148, 0.4166666666666666852, 0.4375000000000000000, 0.4583333333333333148 ),
 .UNSPECIFIED. ) 
 CURVE ( )  GEOMETRIC_REPRESENTATION_ITEM ( )  RATIONAL_B_SPLINE_CURVE ( ( 1.000000000000000000, 0.9238795325112867385, 1.000000000000000000, 0.9238795325112867385, 1.000000000000000000, 0.9238795325112867385, 1.000000000000000000, 0.9238795325112867385, 1.000000000000000000 ) ) 
 REPRESENTATION_ITEM ( '' )  );
#1168 = CARTESIAN_POINT ( 'NONE',  ( -7.875000000000000000, -3.000000000000000000, 2.624999999999999112 ) ) ;
#1169 = DIRECTION ( 'NONE',  ( 0.000000000000000000, 0.000000000000000000, -1.000000000000000000 ) ) ;
#1170 = EDGE_LOOP ( 'NONE', ( #479, #3026, #1472, #2844 ) ) ;
#1171 = VERTEX_POINT ( 'NONE', #1885 ) ;
#1172 = DIRECTION ( 'NONE',  ( 0.000000000000000000, 0.000000000000000000, -1.000000000000000000 ) ) ;
#1173 = FACE_OUTER_BOUND ( 'NONE', #1941, .T. ) ;
#1174 = CARTESIAN_POINT ( 'NONE',  ( 7.875000000000000000, 3.000000000000000000, 2.749999999999999556 ) ) ;
#1175 = CARTESIAN_POINT ( 'NONE',  ( -0.3473745100347251369, -3.068334393691413364, -1.655486943748283535 ) ) ;
#1176 = LINE ( 'NONE', #1790, #1920 ) ;
#1177 = CARTESIAN_POINT ( 'NONE',  ( 2.350110802895318152, 0.9734477676387646161, 3.146875000000000533 ) ) ;
#1178 = ORIENTED_EDGE ( 'NONE', *, *, #1593, .F. ) ;
#1179 = B_SPLINE_CURVE_WITH_KNOTS ( 'NONE', 3,
 ( #1786, #2330, #1175, #2367 ),
 .UNSPECIFIED., .F., .F.,
 ( 4, 4 ),
 ( 3.516487360013697145E-16, 0.001052232635849020522 ),
 .UNSPECIFIED. ) ;
#1180 = AXIS2_PLACEMENT_3D ( 'NONE', #1546, #2392, #1603 ) ;
#1181 = EDGE_CURVE ( 'NONE', #1473, #3330, #3212, .T. ) ;
#1182 = EDGE_CURVE ( 'NONE', #202, #2852, #2656, .T. ) ;
#1183 = CARTESIAN_POINT ( 'NONE',  ( 0.8918333476974148466, -3.111698098658663536, -1.816491812503792325 ) ) ;
#1184 = VECTOR ( 'NONE', #1617, 1000.000000000000000 ) ;
#1185 = CARTESIAN_POINT ( 'NONE',  ( 7.875000000000000000, -3.000000000000000000, 2.749999999999999556 ) ) ;
#1186 = CIRCLE ( 'NONE', #1640, 3.625000000000000000 ) ;
#1187 = FACE_OUTER_BOUND ( 'NONE', #3264, .T. ) ;
#1188 = DIRECTION ( 'NONE',  ( 0.000000000000000000, -1.000000000000000000, 0.000000000000000000 ) ) ;
#1189 =( BOUNDED_CURVE ( )  B_SPLINE_CURVE ( 2, ( #1521, #2613, #717, #183, #1260, #3434, #1332, #1856, #2789 ),
 .UNSPECIFIED., .F., .T. ) 
 B_SPLINE_CURVE_WITH_KNOTS ( ( 3, 2, 2, 2, 3 ),
 ( 0.01168011959019665466, 0.01416656631368849381, 0.01665301303718033643, 0.01913945976067217558, 0.02162590648416401473 ),
 .UNSPECIFIED. ) 
 CURVE ( )  GEOMETRIC_REPRESENTATION_ITEM ( )  RATIONAL_B_SPLINE_CURVE ( ( 0.9999999999991449062, 0.9238795325121418323, 1.000000000000000000, 0.9238795325112867385, 1.000000000000000000, 0.9238795325112867385, 1.000000000000000000, 0.9238795325119771862, 0.9999999999993095523 ) ) 
 REPRESENTATION_ITEM ( '' )  );
#1190 = CIRCLE ( 'NONE', #2662, 3.625000000000000000 ) ;
#1191 = VERTEX_POINT ( 'NONE', #226 ) ;
#1192 = VERTEX_POINT ( 'NONE', #209 ) ;
#1193 = CARTESIAN_POINT ( 'NONE',  ( 1.858012896787866186, 2.366107921107530210, 1.442703154488051753 ) ) ;
#1194 = CARTESIAN_POINT ( 'NONE',  ( -2.175326857396203017, -1.359531555312597062, 0.9967599381659423274 ) ) ;
#1195 = VECTOR ( 'NONE', #972, 1000.000000000000000 ) ;
#1196 = DIRECTION ( 'NONE',  ( 1.000000000000000000, 0.000000000000000000, -0.000000000000000000 ) ) ;
#1197 = EDGE_CURVE ( 'NONE', #3374, #1676, #1002, .T. ) ;
#1198 = FACE_OUTER_BOUND ( 'NONE', #3041, .T. ) ;
#1199 = CARTESIAN_POINT ( 'NONE',  ( -1.343601418275896853, 3.243740766425388333, 0.1703124999999994227 ) ) ;
#1200 = ORIENTED_EDGE ( 'NONE', *, *, #696, .T. ) ;
#1201 = CARTESIAN_POINT ( 'NONE',  ( -1.838217134285966337, 2.155389560030355423, 1.263278356744214292 ) ) ;
#1202 = CARTESIAN_POINT ( 'NONE',  ( 2.350110802895317708, 1.439027836203683837E-16, 1.638750000000001039 ) ) ;
#1203 = ADVANCED_FACE ( 'NONE', ( #2941 ), #3192, .T. ) ;
#1204 = EDGE_CURVE ( 'NONE', #2483, #1526, #3441, .T. ) ;
#1205 = AXIS2_PLACEMENT_3D ( 'NONE', #3279, #1893, #1574 ) ;
#1206 = DIRECTION ( 'NONE',  ( 0.000000000000000000, -9.856383386231863758E-17, 1.000000000000000000 ) ) ;
#1207 = CARTESIAN_POINT ( 'NONE',  ( 1.804529465924510134, -1.536752910029866248, -0.9372633529539684538 ) ) ;
#1208 = ORIENTED_EDGE ( 'NONE', *, *, #2462, .T. ) ;
#1209 = AXIS2_PLACEMENT_3D ( 'NONE', #2291, #1206, #3377 ) ;
#1210 = ORIENTED_EDGE ( 'NONE', *, *, #3273, .F. ) ;
#1211 = CIRCLE ( 'NONE', #42, 3.174999999999999822 ) ;
#1212 = CARTESIAN_POINT ( 'NONE',  ( 1.343601418275894632, -3.243740766425389221, -1.655312500000001519 ) ) ;
#1213 = CARTESIAN_POINT ( 'NONE',  ( -7.875000000000000000, -2.875000000000000000, 2.624999999999999112 ) ) ;
#1214 = CARTESIAN_POINT ( 'NONE',  ( 0.8583844742786643778, -2.596620157313543675, 1.166611779656480996 ) ) ;
#1215 = FACE_OUTER_BOUND ( 'NONE', #565, .T. ) ;
#1216 = CARTESIAN_POINT ( 'NONE',  ( 1.315128060534578980, 3.175000000000004707, -0.02812499999999647921 ) ) ;
#1217 = CARTESIAN_POINT ( 'NONE',  ( 3.243740766425389221, 1.343601418275894410, -0.1471875000000006095 ) ) ;
#1218 = ORIENTED_EDGE ( 'NONE', *, *, #98, .T. ) ;
#1219 = EDGE_CURVE ( 'NONE', #2764, #1526, #1796, .T. ) ;
#1220 = CARTESIAN_POINT ( 'NONE',  ( -3.146709492191741564, 0.4228999547503348166, 1.612518467145671819 ) ) ;
#1221 = CARTESIAN_POINT ( 'NONE',  ( 0.9734477676387645051, -2.350110802895317708, -1.139374999999999361 ) ) ;
#1222 = SPHERICAL_SURFACE ( 'NONE', #1544, 0.1250000000000000000 ) ;
#1223 = CARTESIAN_POINT ( 'NONE',  ( -3.174999999999999822, -5.832380380939269122E-16, 0.5274999999999989697 ) ) ;
#1224 = ORIENTED_EDGE ( 'NONE', *, *, #3499, .T. ) ;
#1225 = ORIENTED_EDGE ( 'NONE', *, *, #322, .F. ) ;
#1226 = EDGE_CURVE ( 'NONE', #2505, #2154, #661, .T. ) ;
#1227 = LINE ( 'NONE', #2297, #1411 ) ;
#1228 = CARTESIAN_POINT ( 'NONE',  ( -0.9734477676387638390, -2.350110802895318152, -0.02812499999999907088 ) ) ;
#1229 = ORIENTED_EDGE ( 'NONE', *, *, #1340, .F. ) ;
#1230 = DIRECTION ( 'NONE',  ( 0.000000000000000000, 0.000000000000000000, -1.000000000000000000 ) ) ;
#1231 = EDGE_CURVE ( 'NONE', #312, #2604, #1190, .T. ) ;
#1232 = DIRECTION ( 'NONE',  ( 0.000000000000000000, 0.000000000000000000, 1.000000000000000000 ) ) ;
#1233 = CARTESIAN_POINT ( 'NONE',  ( 1.661779285267040995, 1.661779285267040995, -3.123750000000000249 ) ) ;
#1234 = CARTESIAN_POINT ( 'NONE',  ( 1.343601418275894632, -3.243740766425389221, -0.4646875000000006972 ) ) ;
#1235 = ORIENTED_EDGE ( 'NONE', *, *, #1250, .T. ) ;
#1236 = CARTESIAN_POINT ( 'NONE',  ( 2.207940216581962378, 2.875000000000000000, 2.749999999999999556 ) ) ;
#1237 = CARTESIAN_POINT ( 'NONE',  ( 1.661779285267040995, -1.661779285267040773, 2.750000000000001332 ) ) ;
#1238 = AXIS2_PLACEMENT_3D ( 'NONE', #2190, #1354, #773 ) ;
#1239 = DIRECTION ( 'NONE',  ( 0.000000000000000000, -9.856383386231863758E-17, 1.000000000000000000 ) ) ;
#1240 = CARTESIAN_POINT ( 'NONE',  ( 2.245064030267288846, 2.245064030267288846, 0.05124999999999883121 ) ) ;
#1241 = ORIENTED_EDGE ( 'NONE', *, *, #454, .T. ) ;
#1242 = CARTESIAN_POINT ( 'NONE',  ( 1.343601418275894410, 3.243740766425389221, -3.719062500000001048 ) ) ;
#1243 = CARTESIAN_POINT ( 'NONE',  ( -2.507260391637313290, -0.6912950788788152501, -1.182325158511247087 ) ) ;
#1244 = AXIS2_PLACEMENT_3D ( 'NONE', #3276, #1146, #2788 ) ;
#1245 = CYLINDRICAL_SURFACE ( 'NONE', #2269, 0.1250000000000001110 ) ;
#1246 = EDGE_CURVE ( 'NONE', #1431, #327, #1576, .T. ) ;
#1247 = DIRECTION ( 'NONE',  ( -1.000000000000000000, -0.000000000000000000, -0.000000000000000000 ) ) ;
#1248 = ORIENTED_EDGE ( 'NONE', *, *, #2469, .T. ) ;
#1249 = CARTESIAN_POINT ( 'NONE',  ( 0.000000000000000000, 3.174999999999999822, 1.321250000000000036 ) ) ;
#1250 = EDGE_CURVE ( 'NONE', #2224, #267, #2905, .T. ) ;
#1251 = CIRCLE ( 'NONE', #2038, 0.1250000000000001110 ) ;
#1252 = CARTESIAN_POINT ( 'NONE',  ( 0.000000000000000000, 0.000000000000000000, -2.750000000000000444 ) ) ;
#1253 = CARTESIAN_POINT ( 'NONE',  ( -0.9734477676387658374, 2.350110802895317264, -2.885624999999999662 ) ) ;
#1254 = CARTESIAN_POINT ( 'NONE',  ( 2.350110802895318152, -0.9734477676387642830, -2.091874999999999485 ) ) ;
#1255 = ORIENTED_EDGE ( 'NONE', *, *, #340, .T. ) ;
#1256 = CARTESIAN_POINT ( 'NONE',  ( -3.014278876677793040, 0.8065721604511424392, 1.551456290745854227 ) ) ;
#1257 = CARTESIAN_POINT ( 'NONE',  ( 0.000000000000000000, 2.350110802895317708, -1.853749999999999121 ) ) ;
#1258 = DIRECTION ( 'NONE',  ( 0.000000000000000000, -1.000000000000000000, 0.000000000000000000 ) ) ;
#1259 = CARTESIAN_POINT ( 'NONE',  ( -1.040057007688269808, -2.999817731256104736, -1.762152550058653899 ) ) ;
#1260 = CARTESIAN_POINT ( 'NONE',  ( 3.888253587292852984E-16, -3.175000000000005151, 0.6862500000000030242 ) ) ;
#1261 = ADVANCED_FACE ( 'NONE', ( #1342 ), #2494, .T. ) ;
#1262 = CARTESIAN_POINT ( 'NONE',  ( -3.243740766425388333, -1.343601418275896409, -3.242812500000001208 ) ) ;
#1263 = DIRECTION ( 'NONE',  ( -0.000000000000000000, -1.000000000000000000, 0.000000000000000000 ) ) ;
#1264 = CARTESIAN_POINT ( 'NONE',  ( -3.433122659521843377E-24, 3.174999999999999378, -1.762152550058651013 ) ) ;
#1265 = CARTESIAN_POINT ( 'NONE',  ( 3.174999999999999822, 1.944126793646423287E-16, -1.377500000000001057 ) ) ;
#1266 = CARTESIAN_POINT ( 'NONE',  ( -8.000000000000000000, 0.5430925139406658220, -2.750000000000000000 ) ) ;
#1267 = PRESENTATION_LAYER_ASSIGNMENT (  '', '', ( #863 ) ) ;
#1268 = CARTESIAN_POINT ( 'NONE',  ( 0.000000000000000000, 0.000000000000000000, 2.624999999999998668 ) ) ;
#1269 = CARTESIAN_POINT ( 'NONE',  ( -1.661779285267041439, 1.661779285267040551, -2.806250000000000355 ) ) ;
#1270 = AXIS2_PLACEMENT_3D ( 'NONE', #529, #3485, #268 ) ;
#1271 = CARTESIAN_POINT ( 'NONE',  ( 2.350110802895318152, 0.9734477676387646161, 0.6068750000000001643 ) ) ;
#1272 = ORIENTED_EDGE ( 'NONE', *, *, #2235, .F. ) ;
#1273 = CARTESIAN_POINT ( 'NONE',  ( 2.207940216581962378, -2.875000000000000000, 2.749999999999999556 ) ) ;
#1274 = CARTESIAN_POINT ( 'NONE',  ( 2.350110802895317708, 1.439027836203683837E-16, 0.3687500000000010214 ) ) ;
#1275 = CARTESIAN_POINT ( 'NONE',  ( 1.661779285267043438, 1.661779285267043438, -0.5837499999999978817 ) ) ;
#1276 = DIRECTION ( 'NONE',  ( 1.000000000000000000, 0.000000000000000000, 0.000000000000000000 ) ) ;
#1277 = ORIENTED_EDGE ( 'NONE', *, *, #1363, .T. ) ;
#1278 = CARTESIAN_POINT ( 'NONE',  ( 3.243740766425389666, 1.986218373433317810E-16, -1.417187500000000933 ) ) ;
#1279 = CARTESIAN_POINT ( 'NONE',  ( -7.875000000000000000, 2.875000000000000000, 2.749999999999999556 ) ) ;
#1280 = DIRECTION ( 'NONE',  ( 1.000000000000000000, 0.000000000000000000, -0.000000000000000000 ) ) ;
#1281 = CARTESIAN_POINT ( 'NONE',  ( 2.889699724000361236, 1.991885648099448479E-11, 1.327218191149585502 ) ) ;
#1282 = DIRECTION ( 'NONE',  ( -0.7071067811865487940, 8.659560562354948882E-17, 0.7071067811865463515 ) ) ;
#1283 = DIRECTION ( 'NONE',  ( 0.000000000000000000, 0.000000000000000000, 1.000000000000000000 ) ) ;
#1284 = CARTESIAN_POINT ( 'NONE',  ( -2.350110802895317264, -0.9734477676387655043, 2.353125000000000799 ) ) ;
#1285 = CARTESIAN_POINT ( 'NONE',  ( 2.350110802895318152, 1.439027836203684084E-16, -0.7424999999999997158 ) ) ;
#1286 = ORIENTED_EDGE ( 'NONE', *, *, #340, .F. ) ;
#1287 = CARTESIAN_POINT ( 'NONE',  ( 7.875000000000000000, -5.445745613286696596, 1.277927069094684898 ) ) ;
#1288 = CARTESIAN_POINT ( 'NONE',  ( 1.343601418275894632, -3.243740766425389221, 2.154687499999999645 ) ) ;
#1289 = EDGE_CURVE ( 'NONE', #3479, #493, #727, .T. ) ;
#1290 = ORIENTED_EDGE ( 'NONE', *, *, #2335, .T. ) ;
#1291 = ADVANCED_FACE ( 'NONE', ( #2194 ), #1654, .T. ) ;
#1292 = DIRECTION ( 'NONE',  ( -1.000000000000000000, 0.000000000000000000, 0.000000000000000000 ) ) ;
#1293 = DIRECTION ( 'NONE',  ( 1.000000000000000000, 0.000000000000000000, 0.000000000000000000 ) ) ;
#1294 = CARTESIAN_POINT ( 'NONE',  ( 1.343601418275894632, -3.243740766425389221, 2.075312499999999893 ) ) ;
#1295 = AXIS2_PLACEMENT_3D ( 'NONE', #2730, #57, #2176 ) ;
#1296 = CARTESIAN_POINT ( 'NONE',  ( 3.990835003287123846E-14, -2.427922719147173947, -1.015075269205826691 ) ) ;
#1297 = CARTESIAN_POINT ( 'NONE',  ( 2.075650191816899248, 3.000000000000000444, 1.766629424309847263 ) ) ;
#1298 = CIRCLE ( 'NONE', #3175, 0.1250000000000001110 ) ;
#1299 = CARTESIAN_POINT ( 'NONE',  ( -2.350110802895317264, 0.9734477676387649492, -0.3456249999999991274 ) ) ;
#1300 = ORIENTED_EDGE ( 'NONE', *, *, #399, .F. ) ;
#1301 = CARTESIAN_POINT ( 'NONE',  ( 1.315128060534576981, 3.174999999999999822, 1.241874999999999618 ) ) ;
#1302 = DIRECTION ( 'NONE',  ( 0.000000000000000000, 0.000000000000000000, -1.000000000000000000 ) ) ;
#1303 = CARTESIAN_POINT ( 'NONE',  ( 1.661779285267040995, -1.661779285267040773, 0.3687500000000001332 ) ) ;
#1304 = TOROIDAL_SURFACE ( 'NONE', #2215, 0.2500000000000000000, 0.1250000000000000000 ) ;
#1305 = CARTESIAN_POINT ( 'NONE',  ( 1.661779285267041439, 1.661779285267041439, -1.853750000000000009 ) ) ;
#1306 = ORIENTED_EDGE ( 'NONE', *, *, #527, .T. ) ;
#1307 = EDGE_CURVE ( 'NONE', #229, #1962, #3179, .T. ) ;
#1308 = AXIS2_PLACEMENT_3D ( 'NONE', #1266, #2355, #589 ) ;
#1309 = DIRECTION ( 'NONE',  ( -0.000000000000000000, 9.856383386231863758E-17, -1.000000000000000000 ) ) ;
#1310 = CARTESIAN_POINT ( 'NONE',  ( -2.293671092350641594, -2.293671092350642482, 0.6465624999999991518 ) ) ;
#1311 = VERTEX_POINT ( 'NONE', #1392 ) ;
#1312 = CARTESIAN_POINT ( 'NONE',  ( 7.875000000000000000, 5.200000000000000178, 1.449999999999999956 ) ) ;
#1313 = DIRECTION ( 'NONE',  ( 1.000000000000000000, 0.000000000000000000, 0.000000000000000000 ) ) ;
#1314 = EDGE_CURVE ( 'NONE', #1861, #1974, #559, .T. ) ;
#1315 = CARTESIAN_POINT ( 'NONE',  ( 3.243740766425389221, -1.343601418275894188, 2.234062499999999840 ) ) ;
#1316 = CARTESIAN_POINT ( 'NONE',  ( -0.4481039999959610665, 3.162345639124851893, -1.773345787829340603 ) ) ;
#1317 = FACE_OUTER_BOUND ( 'NONE', #3056, .T. ) ;
#1318 = EDGE_LOOP ( 'NONE', ( #1290, #2191, #2288, #2476 ) ) ;
#1319 = ORIENTED_EDGE ( 'NONE', *, *, #1361, .F. ) ;
#1320 = CARTESIAN_POINT ( 'NONE',  ( 2.016595075127550540, -1.637840603393885264, -1.180455326381034897 ) ) ;
#1321 = CARTESIAN_POINT ( 'NONE',  ( 7.875000000000000000, -3.125000000000000000, 1.624999999999999778 ) ) ;
#1322 = CARTESIAN_POINT ( 'NONE',  ( -2.350110802895317264, 0.9734477676387649492, 0.9243750000000011680 ) ) ;
#1323 = CARTESIAN_POINT ( 'NONE',  ( -2.350110802895317708, 0.9734477676387650602, -0.1868749999999999578 ) ) ;
#1324 = VERTEX_POINT ( 'NONE', #316 ) ;
#1325 = VECTOR ( 'NONE', #2130, 1000.000000000000000 ) ;
#1326 = TOROIDAL_SURFACE ( 'NONE', #255, 3.625000000000000000, 0.1250000000000000000 ) ;
#1327 = CARTESIAN_POINT ( 'NONE',  ( 2.748092975108774372, -2.454547574155283129, -2.265838764696260110 ) ) ;
#1328 = CARTESIAN_POINT ( 'NONE',  ( -2.350110802895317708, -4.317083508611050525E-16, -2.806249999999999467 ) ) ;
#1329 = ORIENTED_EDGE ( 'NONE', *, *, #2450, .T. ) ;
#1330 = CARTESIAN_POINT ( 'NONE',  ( 7.875000000000000000, -0.5430925139406658220, -2.750000000000000000 ) ) ;
#1331 = CARTESIAN_POINT ( 'NONE',  ( 0.000000000000000000, 2.830496587744060211, -1.417649137802710291 ) ) ;
#1332 = CARTESIAN_POINT ( 'NONE',  ( -2.245064030267291955, -2.245064030267292843, 0.5275000000000029665 ) ) ;
#1333 = CARTESIAN_POINT ( 'NONE',  ( -0.2247961240328888999, 3.174999999999999378, -1.762152550058651013 ) ) ;
#1334 = CARTESIAN_POINT ( 'NONE',  ( -7.875000000000000000, 0.5430925139406658220, 1.250000000000000222 ) ) ;
#1335 = DIRECTION ( 'NONE',  ( -0.000000000000000000, -0.000000000000000000, 1.000000000000000000 ) ) ;
#1336 = ORIENTED_EDGE ( 'NONE', *, *, #1872, .T. ) ;
#1337 = ORIENTED_EDGE ( 'NONE', *, *, #3154, .F. ) ;
#1338 = CYLINDRICAL_SURFACE ( 'NONE', #2099, 3.174999999999999822 ) ;
#1339 = EDGE_CURVE ( 'NONE', #2681, #962, #557, .T. ) ;
#1340 = EDGE_CURVE ( 'NONE', #2224, #521, #2480, .T. ) ;
#1341 = ORIENTED_EDGE ( 'NONE', *, *, #1738, .F. ) ;
#1342 = FACE_OUTER_BOUND ( 'NONE', #1046, .T. ) ;
#1343 = CARTESIAN_POINT ( 'NONE',  ( 1.661779285267040995, 1.661779285267040995, -0.7424999999999988276 ) ) ;
#1344 = DIRECTION ( 'NONE',  ( 1.000000000000000000, 0.000000000000000000, 0.000000000000000000 ) ) ;
#1345 = ORIENTED_EDGE ( 'NONE', *, *, #3339, .T. ) ;
#1346 = EDGE_CURVE ( 'NONE', #2994, #2963, #1965, .T. ) ;
#1347 = CARTESIAN_POINT ( 'NONE',  ( 2.930277974051421985, -2.335890721179743501, -2.328769875636970799 ) ) ;
#1348 = CARTESIAN_POINT ( 'NONE',  ( 0.000000000000000000, 3.243740766425389666, 0.1703124999999990341 ) ) ;
#1349 = ORIENTED_EDGE ( 'NONE', *, *, #613, .F. ) ;
#1350 = CARTESIAN_POINT ( 'NONE',  ( -1.661779285267043216, -1.661779285267043660, 0.05125000000000180106 ) ) ;
#1351 = CARTESIAN_POINT ( 'NONE',  ( 2.383028481933196385, 1.769679787881627941, -1.536451204802487869 ) ) ;
#1352 = CARTESIAN_POINT ( 'NONE',  ( 8.000000000000000000, -0.5430925139406658220, 1.250000000000000222 ) ) ;
#1353 = CARTESIAN_POINT ( 'NONE',  ( -1.113748531220338123, 3.073339493681930712, -1.848727475617233162 ) ) ;
#1354 = DIRECTION ( 'NONE',  ( 0.000000000000000000, 1.000000000000000000, 0.000000000000000000 ) ) ;
#1355 = LINE ( 'NONE', #2707, #1860 ) ;
#1356 = ORIENTED_EDGE ( 'NONE', *, *, #1204, .F. ) ;
#1357 = EDGE_LOOP ( 'NONE', ( #1799, #1882, #2207, #765 ) ) ;
#1358 = VECTOR ( 'NONE', #297, 1000.000000000000114 ) ;
#1359 = CARTESIAN_POINT ( 'NONE',  ( 2.350110802895317708, 0.9734477676387643941, 1.876875000000000071 ) ) ;
#1360 = VECTOR ( 'NONE', #1982, 1000.000000000000000 ) ;
#1361 = EDGE_CURVE ( 'NONE', #1405, #1111, #1158, .T. ) ;
#1362 = CARTESIAN_POINT ( 'NONE',  ( -8.000000000000000000, -5.199999999999999289, 1.624999999999999778 ) ) ;
#1363 = EDGE_CURVE ( 'NONE', #120, #3365, #2438, .T. ) ;
#1364 = CARTESIAN_POINT ( 'NONE',  ( -1.661779285267041439, 1.661779285267040551, -1.694999999999998952 ) ) ;
#1365 = CARTESIAN_POINT ( 'NONE',  ( 2.207940216581962378, 3.000000000000000000, 2.624999999999998668 ) ) ;
#1366 = CARTESIAN_POINT ( 'NONE',  ( 1.661779285267040995, 1.661779285267040995, -3.282499999999999307 ) ) ;
#1367 = ORIENTED_EDGE ( 'NONE', *, *, #2449, .T. ) ;
#1368 = AXIS2_PLACEMENT_3D ( 'NONE', #2020, #366, #1478 ) ;
#1369 = CARTESIAN_POINT ( 'NONE',  ( -2.082940216581961934, -2.875000000000000000, 1.875000000000000000 ) ) ;
#1370 = CARTESIAN_POINT ( 'NONE',  ( -1.762415407738823436, -2.919869372408043340, -1.969898752631733307 ) ) ;
#1371 = CARTESIAN_POINT ( 'NONE',  ( -8.000000000000000000, -2.875000000000000000, 2.749999999999999556 ) ) ;
#1372 = ORIENTED_EDGE ( 'NONE', *, *, #3072, .F. ) ;
#1373 = ORIENTED_EDGE ( 'NONE', *, *, #50, .T. ) ;
#1374 = ADVANCED_FACE ( 'NONE', ( #2444 ), #2785, .T. ) ;
#1375 = CYLINDRICAL_SURFACE ( 'NONE', #2840, 0.3000000000000005440 ) ;
#1376 = CARTESIAN_POINT ( 'NONE',  ( -1.991433865635852785, -3.000000000000000000, 1.749999999999999778 ) ) ;
#1377 = CARTESIAN_POINT ( 'NONE',  ( -1.661779285267040773, -1.661779285267041439, -1.377499999999999059 ) ) ;
#1378 = FACE_OUTER_BOUND ( 'NONE', #2608, .T. ) ;
#1379 = ORIENTED_EDGE ( 'NONE', *, *, #1484, .T. ) ;
#1380 = AXIS2_PLACEMENT_3D ( 'NONE', #847, #2528, #3023 ) ;
#1381 = PRODUCT_CONTEXT ( 'NONE', #2903, 'mechanical' ) ;
#1382 = DIRECTION ( 'NONE',  ( 0.000000000000000000, -1.000000000000000000, -1.239088197126290817E-16 ) ) ;
#1383 = AXIS2_PLACEMENT_3D ( 'NONE', #715, #2305, #679 ) ;
#1384 = VERTEX_POINT ( 'NONE', #346 ) ;
#1385 = CARTESIAN_POINT ( 'NONE',  ( 2.350110802895321260, 1.439027836203685563E-16, -0.7424999999999979394 ) ) ;
#1386 = DIRECTION ( 'NONE',  ( 0.000000000000000000, 0.000000000000000000, -1.000000000000000000 ) ) ;
#1387 = DIRECTION ( 'NONE',  ( 0.000000000000000000, -1.000000000000000000, 0.000000000000000000 ) ) ;
#1388 = DIRECTION ( 'NONE',  ( 0.000000000000000000, 0.000000000000000000, -1.000000000000000000 ) ) ;
#1389 = ORIENTED_EDGE ( 'NONE', *, *, #1025, .F. ) ;
#1390 = ORIENTED_EDGE ( 'NONE', *, *, #224, .F. ) ;
#1391 = CARTESIAN_POINT ( 'NONE',  ( -8.000000000000000000, 5.445745613286696596, 1.277927069094684676 ) ) ;
#1392 = CARTESIAN_POINT ( 'NONE',  ( 2.131804347044653269, 2.775862068965516904, 2.624999999999998668 ) ) ;
#1393 = CARTESIAN_POINT ( 'NONE',  ( -2.350110802895317708, -4.317083508611050525E-16, 2.273750000000001492 ) ) ;
#1394 = DIRECTION ( 'NONE',  ( 0.6090869562984730923, 0.7931034482758614335, 0.000000000000000000 ) ) ;
#1395 = ORIENTED_EDGE ( 'NONE', *, *, #2426, .F. ) ;
#1396 = CARTESIAN_POINT ( 'NONE',  ( 0.000000000000000000, 2.830496587744060211, -1.417649137802710291 ) ) ;
#1397 = ORIENTED_EDGE ( 'NONE', *, *, #1611, .T. ) ;
#1398 = CARTESIAN_POINT ( 'NONE',  ( 0.4525806062766876137, 3.162051531693641060, -1.773605596985436961 ) ) ;
#1399 = FACE_OUTER_BOUND ( 'NONE', #319, .T. ) ;
#1400 = EDGE_CURVE ( 'NONE', #1114, #1558, #2713, .T. ) ;
#1401 = EDGE_CURVE ( 'NONE', #376, #2715, #127, .T. ) ;
#1402 = CARTESIAN_POINT ( 'NONE',  ( 3.990835003287123846E-14, -2.427922719147173947, -1.015075269205826691 ) ) ;
#1403 = DIRECTION ( 'NONE',  ( 1.734723475976805517E-15, -1.000000000000000000, 0.000000000000000000 ) ) ;
#1404 = ORIENTED_EDGE ( 'NONE', *, *, #2833, .F. ) ;
#1405 = VERTEX_POINT ( 'NONE', #1362 ) ;
#1406 = CARTESIAN_POINT ( 'NONE',  ( -2.350110802895317264, 0.9734477676387649492, 1.083125000000000338 ) ) ;
#1407 = B_SPLINE_CURVE_WITH_KNOTS ( 'NONE', 3,
 ( #478, #2562, #135, #1207, #2292, #2418 ),
 .UNSPECIFIED., .F., .F.,
 ( 4, 2, 4 ),
 ( 0.000000000000000000, 0.0009228925758149209447, 0.001845785151629841889 ),
 .UNSPECIFIED. ) ;
#1408 = DIRECTION ( 'NONE',  ( 0.000000000000000000, 0.5735764363510472696, -0.8191520442889910214 ) ) ;
#1409 = CARTESIAN_POINT ( 'NONE',  ( 2.350110802895317264, -0.6089604301764623973, -3.490904676657693884 ) ) ;
#1410 = CARTESIAN_POINT ( 'NONE',  ( 0.000000000000000000, 3.174999999999999822, 1.479999999999999094 ) ) ;
#1411 = VECTOR ( 'NONE', #1172, 1000.000000000000000 ) ;
#1412 = LINE ( 'NONE', #303, #123 ) ;
#1413 = AXIS2_PLACEMENT_3D ( 'NONE', #2672, #1858, #37 ) ;
#1414 = CARTESIAN_POINT ( 'NONE',  ( 7.875000000000000000, 3.125000000000000000, 1.875000000000000666 ) ) ;
#1415 = VERTEX_POINT ( 'NONE', #2767 ) ;
#1416 = DIRECTION ( 'NONE',  ( 0.000000000000000000, 0.000000000000000000, 1.000000000000000000 ) ) ;
#1417 = DIRECTION ( 'NONE',  ( 1.000000000000000000, 0.000000000000000000, 0.000000000000000000 ) ) ;
#1418 =( BOUNDED_SURFACE ( )  B_SPLINE_SURFACE ( 1, 2, ( 
 ( #2220, #3143, #2067, #133, #3160, #646, #1237, #1729, #2575, #432, #2627, #2287, #1761, #385, #2873, #3122, #1467, #2560, #1780, #2362, #1202, #2822, #2049, #199, #929, #2323, #3376, #1795, #3101, #2010, #678, #2856, #452, #3430, #3410, #2839, #1274, #985, #660, #2892, #1745, #417, #694, #179, #3446, #401, #1500, #999, #713, #3088, #1483, #3391, #149, #1534, #2342, #1221, #2304, #1516, #945, #2029, #2590, #161, #964, #2607, #1257, #2432, #3217, #2377, #2947, #752, #1609, #508, #248, #2702, #1019, #767, #1328, #269, #286, #215, #3486, #2166, #1366, #1871, #2415, #734, #2397 ),
 ( #1074, #3177, #3506, #1814, #1571, #2965, #1625, #1288, #1850, #2910, #530, #2128, #474, #1554, #786, #2452, #2646, #3464, #1055, #2717, #2106, #2144, #3197, #805, #1833, #2930, #1310, #1038, #9, #492, #3234, #547, #1348, #2661, #232, #3255, #1890, #1590, #31, #2684, #2987, #2083, #702, #1522, #2565, #3396, #719, #2636, #458, #936, #203, #3416, #1278, #406, #3130, #1212, #3435, #989, #3108, #2614, #1785, #3164, #184, #2039, #1767, #2898, #439, #2827, #3148, #2349, #2366, #3452, #1003, #1803, #2092, #1262, #2863, #423, #2056, #651, #391, #1242, #952, #1734, #1474, #166, #138 ) ),
 .UNSPECIFIED., .F., .F., .T. ) 
 B_SPLINE_SURFACE_WITH_KNOTS ( ( 2, 2 ),
 ( 3, 2, 2, 2, 2, 2, 2, 2, 2, 2, 2, 2, 2, 2, 2, 2, 2, 2, 2, 2, 2, 2, 2, 2, 2, 2, 2, 2, 2, 2, 2, 2, 2, 2, 2, 2, 2, 2, 2, 2, 2, 2, 2, 3 ),
 ( 0.000000000000000000, 1.000000000000000000 ),
 ( 0.000000000000000000, 0.02083333333333333218, 0.04166666666666666435, 0.06250000000000000000, 0.08333333333333332871, 0.1041666666666666713, 0.1250000000000000000, 0.1458333333333333426, 0.1666666666666666574, 0.1875000000000000000, 0.2083333333333333426, 0.2291666666666666574, 0.2500000000000000000, 0.2708333333333333148, 0.2916666666666666852, 0.3125000000000000000, 0.3333333333333333148, 0.3541666666666666852, 0.3750000000000000000, 0.3958333333333333148, 0.4166666666666666852, 0.4375000000000000000, 0.4583333333333333148, 0.4791666666666666852, 0.5000000000000000000, 0.5208333333333333703, 0.5416666666666666297, 0.5625000000000000000, 0.5833333333333333703, 0.6041666666666666297, 0.6250000000000000000, 0.6458333333333333703, 0.6666666666666666297, 0.6875000000000000000, 0.7083333333333333703, 0.7291666666666666297, 0.7500000000000000000, 0.7708333333333333703, 0.7916666666666666297, 0.8125000000000000000, 0.8333333333333333703, 0.8541666666666666297, 0.8750000000000000000, 0.8884150764335237982 ),
 .UNSPECIFIED. ) 
 GEOMETRIC_REPRESENTATION_ITEM ( )  RATIONAL_B_SPLINE_SURFACE ( (
 ( 1.000000000000000000, 0.9238795325112867385, 1.000000000000000000, 0.9238795325112867385, 1.000000000000000000, 0.9238795325112867385, 1.000000000000000000, 0.9238795325112867385, 1.000000000000000000, 0.9238795325112867385, 1.000000000000000000, 0.9238795325112867385, 1.000000000000000000, 0.9238795325112867385, 1.000000000000000000, 0.9238795325112867385, 1.000000000000000000, 0.9238795325112867385, 1.000000000000000000, 0.9238795325112867385, 1.000000000000000000, 0.9238795325112867385, 1.000000000000000000, 0.9238795325112867385, 1.000000000000000000, 0.9238795325112867385, 1.000000000000000000, 0.9238795325112867385, 1.000000000000000000, 0.9238795325112867385, 1.000000000000000000, 0.9238795325112867385, 1.000000000000000000, 0.9238795325112867385, 1.000000000000000000, 0.9238795325112867385, 1.000000000000000000, 0.9238795325112867385, 1.000000000000000000, 0.9238795325112867385, 1.000000000000000000, 0.9238795325112867385, 1.000000000000000000, 0.9238795325112867385, 1.000000000000000000, 0.9238795325112867385, 1.000000000000000000, 0.9238795325112867385, 1.000000000000000000, 0.9238795325112867385, 1.000000000000000000, 0.9238795325112867385, 1.000000000000000000, 0.9238795325112867385, 1.000000000000000000, 0.9238795325112867385, 1.000000000000000000, 0.9238795325112867385, 1.000000000000000000, 0.9238795325112867385, 1.000000000000000000, 0.9238795325112867385, 1.000000000000000000, 0.9238795325112867385, 1.000000000000000000, 0.9238795325112867385, 1.000000000000000000, 0.9238795325112867385, 1.000000000000000000, 0.9238795325112867385, 1.000000000000000000, 0.9238795325112867385, 1.000000000000000000, 0.9238795325112867385, 1.000000000000000000, 0.9238795325112867385, 1.000000000000000000, 0.9238795325112867385, 1.000000000000000000, 0.9238795325112867385, 1.000000000000000000, 0.9238795325112867385, 1.000000000000000000, 0.9238795325112867385, 1.000000000000000000, 0.9509842293032008120, 0.9650932883995826383),
 ( 1.000000000000000000, 0.9238795325112867385, 1.000000000000000000, 0.9238795325112867385, 1.000000000000000000, 0.9238795325112867385, 1.000000000000000000, 0.9238795325112867385, 1.000000000000000000, 0.9238795325112867385, 1.000000000000000000, 0.9238795325112867385, 1.000000000000000000, 0.9238795325112867385, 1.000000000000000000, 0.9238795325112867385, 1.000000000000000000, 0.9238795325112867385, 1.000000000000000000, 0.9238795325112867385, 1.000000000000000000, 0.9238795325112867385, 1.000000000000000000, 0.9238795325112867385, 1.000000000000000000, 0.9238795325112867385, 1.000000000000000000, 0.9238795325112867385, 1.000000000000000000, 0.9238795325112867385, 1.000000000000000000, 0.9238795325112867385, 1.000000000000000000, 0.9238795325112867385, 1.000000000000000000, 0.9238795325112867385, 1.000000000000000000, 0.9238795325112867385, 1.000000000000000000, 0.9238795325112867385, 1.000000000000000000, 0.9238795325112867385, 1.000000000000000000, 0.9238795325112867385, 1.000000000000000000, 0.9238795325112867385, 1.000000000000000000, 0.9238795325112867385, 1.000000000000000000, 0.9238795325112867385, 1.000000000000000000, 0.9238795325112867385, 1.000000000000000000, 0.9238795325112867385, 1.000000000000000000, 0.9238795325112867385, 1.000000000000000000, 0.9238795325112867385, 1.000000000000000000, 0.9238795325112867385, 1.000000000000000000, 0.9238795325112867385, 1.000000000000000000, 0.9238795325112867385, 1.000000000000000000, 0.9238795325112867385, 1.000000000000000000, 0.9238795325112867385, 1.000000000000000000, 0.9238795325112867385, 1.000000000000000000, 0.9238795325112867385, 1.000000000000000000, 0.9238795325112867385, 1.000000000000000000, 0.9238795325112867385, 1.000000000000000000, 0.9238795325112867385, 1.000000000000000000, 0.9238795325112867385, 1.000000000000000000, 0.9238795325112867385, 1.000000000000000000, 0.9238795325112867385, 1.000000000000000000, 0.9509842293032008120, 0.9650932883995826383) ) ) 
 REPRESENTATION_ITEM ( '' )  SURFACE ( )  );
#1419 = ADVANCED_FACE ( 'NONE', ( #870 ), #1108, .T. ) ;
#1420 = CARTESIAN_POINT ( 'NONE',  ( 0.6639347741757970489, 2.254376055924434130, 0.7876292700445429729 ) ) ;
#1421 = CIRCLE ( 'NONE', #846, 0.2500000000000000000 ) ;
#1422 = CARTESIAN_POINT ( 'NONE',  ( 7.875000000000000000, 3.125000000000000000, 1.750000000000000222 ) ) ;
#1423 = EDGE_LOOP ( 'NONE', ( #1235, #1156, #1389, #3002 ) ) ;
#1424 = VERTEX_POINT ( 'NONE', #3013 ) ;
#1425 = CARTESIAN_POINT ( 'NONE',  ( 3.174999999999855493, -1.315128060534721754, -1.615625000000012301 ) ) ;
#1426 = CARTESIAN_POINT ( 'NONE',  ( 2.779414164863499348, -0.6920253984149816739, 1.296433328415018904 ) ) ;
#1427 = DIRECTION ( 'NONE',  ( -0.7931034482758629878, 0.6090869562984709829, 0.000000000000000000 ) ) ;
#1428 = DIRECTION ( 'NONE',  ( 0.000000000000000000, -1.000000000000000000, 0.000000000000000000 ) ) ;
#1429 = CARTESIAN_POINT ( 'NONE',  ( -2.207940216581962378, 3.000000000000000000, 2.624999999999999112 ) ) ;
#1430 = CARTESIAN_POINT ( 'NONE',  ( -3.243740766425388777, 1.343601418275895076, 0.3290624999999994804 ) ) ;
#1431 = VERTEX_POINT ( 'NONE', #819 ) ;
#1432 = TOROIDAL_SURFACE ( 'NONE', #2175, 0.2500000000000000000, 0.1250000000000000000 ) ;
#1433 = DIRECTION ( 'NONE',  ( 0.000000000000000000, 0.000000000000000000, 1.000000000000000000 ) ) ;
#1434 = DIRECTION ( 'NONE',  ( 0.000000000000000000, 1.000000000000000000, 0.000000000000000000 ) ) ;
#1435 = AXIS2_PLACEMENT_3D ( 'NONE', #2150, #2650, #1595 ) ;
#1436 = CARTESIAN_POINT ( 'NONE',  ( 3.888253587292846575E-16, -3.174999999999999822, 0.8449999999999989742 ) ) ;
#1437 = DIRECTION ( 'NONE',  ( 0.000000000000000000, 0.000000000000000000, -1.000000000000000000 ) ) ;
#1438 = AXIS2_PLACEMENT_3D ( 'NONE', #1711, #3100, #2574 ) ;
#1439 = ORIENTED_EDGE ( 'NONE', *, *, #257, .T. ) ;
#1440 = ORIENTED_EDGE ( 'NONE', *, *, #2593, .T. ) ;
#1441 = CARTESIAN_POINT ( 'NONE',  ( -8.000000000000000000, 2.875000000000000000, 2.749999999999999556 ) ) ;
#1442 = EDGE_CURVE ( 'NONE', #1784, #939, #2026, .T. ) ;
#1443 = EDGE_CURVE ( 'NONE', #1191, #1490, #2498, .T. ) ;
#1444 = DIRECTION ( 'NONE',  ( -0.000000000000000000, -0.000000000000000000, -1.000000000000000000 ) ) ;
#1445 = CARTESIAN_POINT ( 'NONE',  ( -8.000000000000000000, -2.875000000000000000, 2.749999999999999556 ) ) ;
#1446 = CARTESIAN_POINT ( 'NONE',  ( 0.000000000000000000, 2.830496587744060211, -1.417649137802710291 ) ) ;
#1447 = LINE ( 'NONE', #3048, #449 ) ;
#1448 = CARTESIAN_POINT ( 'NONE',  ( 3.243740766425389666, 1.986218373433317810E-16, -2.766562500000000924 ) ) ;
#1449 = ORIENTED_EDGE ( 'NONE', *, *, #2991, .F. ) ;
#1450 = CARTESIAN_POINT ( 'NONE',  ( 0.4858102363707512694, 2.349647855116100192, 0.8286977115839235797 ) ) ;
#1451 = CARTESIAN_POINT ( 'NONE',  ( 0.000000000000000000, 0.000000000000000000, 1.750000000000000000 ) ) ;
#1452 = CARTESIAN_POINT ( 'NONE',  ( -8.000000000000000000, -3.000000000000000000, 1.749999999999999778 ) ) ;
#1453 = CARTESIAN_POINT ( 'NONE',  ( 3.990835003287123846E-14, -2.427922719147173947, -1.015075269205826691 ) ) ;
#1454 = ORIENTED_EDGE ( 'NONE', *, *, #1456, .T. ) ;
#1455 = ORIENTED_EDGE ( 'NONE', *, *, #2556, .T. ) ;
#1456 = EDGE_CURVE ( 'NONE', #2154, #1384, #1227, .T. ) ;
#1457 = CARTESIAN_POINT ( 'NONE',  ( -0.6381176549231236672, 3.054083576326875882, 1.554402027264396358 ) ) ;
#1458 = CARTESIAN_POINT ( 'NONE',  ( 1.025823213640872256, -2.544094733907281913, 1.175037143835945486 ) ) ;
#1459 = CARTESIAN_POINT ( 'NONE',  ( -8.000000000000000000, 5.200000000000000178, 1.449999999999999956 ) ) ;
#1460 = ADVANCED_FACE ( 'NONE', ( #3131 ), #637, .T. ) ;
#1461 = ADVANCED_FACE ( 'NONE', ( #2259 ), #953, .T. ) ;
#1462 = LINE ( 'NONE', #3097, #2384 ) ;
#1463 = CARTESIAN_POINT ( 'NONE',  ( 3.972436746866635620E-16, -3.243740766425389666, -1.814062500000000577 ) ) ;
#1464 = ORIENTED_EDGE ( 'NONE', *, *, #1339, .T. ) ;
#1465 = AXIS2_PLACEMENT_3D ( 'NONE', #3155, #1755, #412 ) ;
#1466 = VECTOR ( 'NONE', #1005, 1000.000000000000000 ) ;
#1467 = CARTESIAN_POINT ( 'NONE',  ( 0.000000000000000000, 2.350110802895317708, 1.956250000000001377 ) ) ;
#1468 = CONICAL_SURFACE ( 'NONE', #669, 4.162847449941344813, 0.7853981633974465026 ) ;
#1469 = FACE_OUTER_BOUND ( 'NONE', #3215, .T. ) ;
#1470 = DIRECTION ( 'NONE',  ( -1.000000000000000000, -0.000000000000000000, -0.000000000000000000 ) ) ;
#1471 = VECTOR ( 'NONE', #2372, 1000.000000000000000 ) ;
#1472 = ORIENTED_EDGE ( 'NONE', *, *, #3448, .F. ) ;
#1473 = VERTEX_POINT ( 'NONE', #140 ) ;
#1474 = CARTESIAN_POINT ( 'NONE',  ( 3.243740766425389666, 1.986218373433317810E-16, -3.957187500000001634 ) ) ;
#1475 = EDGE_CURVE ( 'NONE', #1324, #2416, #561, .T. ) ;
#1476 = DIRECTION ( 'NONE',  ( -1.000000000000000000, 0.000000000000000000, 0.000000000000000000 ) ) ;
#1477 = CARTESIAN_POINT ( 'NONE',  ( 2.495882958927388984, -1.337739556161444465, 1.263856243781569466 ) ) ;
#1478 = DIRECTION ( 'NONE',  ( 1.000000000000000000, 0.000000000000000000, 0.000000000000000000 ) ) ;
#1479 = DIRECTION ( 'NONE',  ( -0.000000000000000000, 0.5735764363510539310, 0.8191520442889863585 ) ) ;
#1480 = CARTESIAN_POINT ( 'NONE',  ( 2.293671092350642038, 2.293671092350642038, -0.06781250000000016431 ) ) ;
#1481 = ORIENTED_EDGE ( 'NONE', *, *, #528, .F. ) ;
#1482 = CARTESIAN_POINT ( 'NONE',  ( -8.000000000000000000, -3.000000000000000000, 2.749999999999999556 ) ) ;
#1483 = CARTESIAN_POINT ( 'NONE',  ( 1.661779285267040995, 1.661779285267040995, -0.7424999999999988276 ) ) ;
#1484 = EDGE_CURVE ( 'NONE', #405, #3183, #3109, .T. ) ;
#1485 = CIRCLE ( 'NONE', #917, 0.1250000000000001110 ) ;
#1486 = CARTESIAN_POINT ( 'NONE',  ( -7.875000000000000000, 3.000000000000000000, 1.750000000000000444 ) ) ;
#1487 = CARTESIAN_POINT ( 'NONE',  ( 1.315128060534576981, 3.174999999999999822, 0.1306249999999988531 ) ) ;
#1488 = EDGE_LOOP ( 'NONE', ( #816, #2295, #2255, #1029 ) ) ;
#1489 = CIRCLE ( 'NONE', #1607, 0.1250000000000001110 ) ;
#1490 = VERTEX_POINT ( 'NONE', #971 ) ;
#1491 = AXIS2_PLACEMENT_3D ( 'NONE', #1150, #337, #1433 ) ;
#1492 = SURFACE_STYLE_USAGE ( .BOTH. , #2845 ) ;
#1493 = CARTESIAN_POINT ( 'NONE',  ( 2.770483283278885711, 0.9722504947743965120, 1.370290817257154625 ) ) ;
#1494 = CARTESIAN_POINT ( 'NONE',  ( -8.000000000000000000, 3.125000000000000000, 1.875000000000000666 ) ) ;
#1495 = LINE ( 'NONE', #1445, #958 ) ;
#1496 = CARTESIAN_POINT ( 'NONE',  ( 0.000000000000000000, 0.000000000000000000, 2.624999999999998668 ) ) ;
#1497 = CARTESIAN_POINT ( 'NONE',  ( 2.293671092350642038, -2.293671092350641594, -0.3853125000000002243 ) ) ;
#1498 = EDGE_LOOP ( 'NONE', ( #1851, #3338, #2275, #1319 ) ) ;
#1499 = DIRECTION ( 'NONE',  ( -1.000000000000000000, 0.000000000000000000, 0.000000000000000000 ) ) ;
#1500 = CARTESIAN_POINT ( 'NONE',  ( -1.661779285267041439, 1.661779285267040551, -0.4249999999999991562 ) ) ;
#1501 = EDGE_CURVE ( 'NONE', #988, #1157, #3292, .T. ) ;
#1502 = FACE_OUTER_BOUND ( 'NONE', #2242, .T. ) ;
#1503 = CARTESIAN_POINT ( 'NONE',  ( 2.311257289259086800, -0.4255708269278045686, -0.9372633529539686759 ) ) ;
#1504 = EDGE_CURVE ( 'NONE', #858, #3479, #670, .T. ) ;
#1505 = ORIENTED_EDGE ( 'NONE', *, *, #811, .F. ) ;
#1506 = CARTESIAN_POINT ( 'NONE',  ( -7.875000000000000000, 2.875000000000000000, 2.624999999999999112 ) ) ;
#1507 = DIRECTION ( 'NONE',  ( 1.000000000000000000, 0.000000000000000000, 0.000000000000000000 ) ) ;
#1508 = CARTESIAN_POINT ( 'NONE',  ( 0.000000000000000000, 2.350110802895317708, 0.6862500000000011369 ) ) ;
#1509 = ORIENTED_EDGE ( 'NONE', *, *, #355, .F. ) ;
#1510 = CARTESIAN_POINT ( 'NONE',  ( 1.748877080738507672, -2.029624347123457184, -1.261791996773954372 ) ) ;
#1511 = CARTESIAN_POINT ( 'NONE',  ( 3.175000000000000711, 1.944126793646423534E-16, -0.2662499999999996536 ) ) ;
#1512 = CARTESIAN_POINT ( 'NONE',  ( -0.9734477676387638390, -2.350110802895318152, 0.1306250000000000744 ) ) ;
#1513 = ORIENTED_EDGE ( 'NONE', *, *, #2086, .F. ) ;
#1514 = CYLINDRICAL_SURFACE ( 'NONE', #1438, 3.500000000000000000 ) ;
#1515 = EDGE_CURVE ( 'NONE', #1881, #739, #924, .T. ) ;
#1516 = CARTESIAN_POINT ( 'NONE',  ( -0.9734477676387638390, -2.350110802895318152, -1.298124999999999307 ) ) ;
#1517 = ADVANCED_FACE ( 'NONE', ( #168 ), #1245, .T. ) ;
#1518 = ORIENTED_EDGE ( 'NONE', *, *, #2089, .T. ) ;
#1519 = VECTOR ( 'NONE', #1507, 1000.000000000000000 ) ;
#1520 = CARTESIAN_POINT ( 'NONE',  ( 1.315128060534582533, -3.175000000000012701, -0.5043749999999928013 ) ) ;
#1521 = CARTESIAN_POINT ( 'NONE',  ( 3.174999999999999822, -2.547864221549210113E-11, 1.003749999998462039 ) ) ;
#1522 = CARTESIAN_POINT ( 'NONE',  ( -3.243740766425388333, -1.343601418275896409, -0.7028125000000011724 ) ) ;
#1523 = CIRCLE ( 'NONE', #2159, 0.1250000000000001388 ) ;
#1524 = CARTESIAN_POINT ( 'NONE',  ( 2.034553926986926609, 2.999999999999999556, 1.749999999999999334 ) ) ;
#1525 = CARTESIAN_POINT ( 'NONE',  ( -3.174999999999999822, -5.832380380939269122E-16, -0.7425000000000013811 ) ) ;
#1526 = VERTEX_POINT ( 'NONE', #2583 ) ;
#1527 = DIRECTION ( 'NONE',  ( 1.000000000000000000, 0.000000000000000000, 0.000000000000000000 ) ) ;
#1528 = CIRCLE ( 'NONE', #17, 0.1250000000000001388 ) ;
#1529 = CARTESIAN_POINT ( 'NONE',  ( 0.000000000000000000, 3.175000000000006040, 0.05125000000000353578 ) ) ;
#1530 = CARTESIAN_POINT ( 'NONE',  ( 0.9734477676387645051, -2.350110802895317708, -2.250624999999999876 ) ) ;
#1531 = CARTESIAN_POINT ( 'NONE',  ( 1.661779285267041439, 1.661779285267041439, 0.6862500000000002487 ) ) ;
#1532 = ORIENTED_EDGE ( 'NONE', *, *, #1314, .F. ) ;
#1533 = FACE_OUTER_BOUND ( 'NONE', #3497, .T. ) ;
#1534 = CARTESIAN_POINT ( 'NONE',  ( 2.350110802895317708, -0.9734477676387640610, -0.9806249999999993028 ) ) ;
#1535 = DIRECTION ( 'NONE',  ( 0.000000000000000000, 1.000000000000000000, 0.000000000000000000 ) ) ;
#1536 = DIRECTION ( 'NONE',  ( -0.000000000000000000, 0.000000000000000000, 1.000000000000000000 ) ) ;
#1537 = ORIENTED_EDGE ( 'NONE', *, *, #2634, .T. ) ;
#1538 = CIRCLE ( 'NONE', #1710, 0.1250000000000001110 ) ;
#1539 = CARTESIAN_POINT ( 'NONE',  ( -2.619857088558029012, -0.1844735072546639654, -1.207821829666610336 ) ) ;
#1540 = AXIS2_PLACEMENT_3D ( 'NONE', #2686, #1875, #1892 ) ;
#1541 = CARTESIAN_POINT ( 'NONE',  ( 1.991433865635852785, 3.000000000000000000, 1.749999999999999778 ) ) ;
#1542 = CARTESIAN_POINT ( 'NONE',  ( 0.000000000000000000, 0.000000000000000000, 1.875000000000000000 ) ) ;
#1543 = CARTESIAN_POINT ( 'NONE',  ( 7.875000000000000000, 5.200000000000000178, 1.449999999999999956 ) ) ;
#1544 = AXIS2_PLACEMENT_3D ( 'NONE', #2011, #1535, #3104 ) ;
#1545 = ADVANCED_FACE ( 'NONE', ( #2531 ), #652, .T. ) ;
#1546 = CARTESIAN_POINT ( 'NONE',  ( -8.000000000000000000, -3.000000000000000000, 2.749999999999999556 ) ) ;
#1547 = EDGE_CURVE ( 'NONE', #1157, #2117, #3170, .T. ) ;
#1548 = CARTESIAN_POINT ( 'NONE',  ( -0.9734477676387638390, -2.350110802895318152, 2.511875000000000746 ) ) ;
#1549 = CIRCLE ( 'NONE', #750, 0.1250000000000001110 ) ;
#1550 = CARTESIAN_POINT ( 'NONE',  ( -2.350110802895317708, 0.9734477676387650602, 1.083125000000000338 ) ) ;
#1551 = ORIENTED_EDGE ( 'NONE', *, *, #2450, .F. ) ;
#1552 = PRODUCT_DEFINITION_CONTEXT ( 'detailed design', #471, 'design' ) ;
#1553 = LINE ( 'NONE', #1608, #2348 ) ;
#1554 = CARTESIAN_POINT ( 'NONE',  ( -3.243740766425388777, 1.343601418275895076, 1.678437499999999138 ) ) ;
#1555 = VERTEX_POINT ( 'NONE', #1840 ) ;
#1556 = DIRECTION ( 'NONE',  ( 0.000000000000000000, -1.000000000000000000, 0.000000000000000000 ) ) ;
#1557 = CARTESIAN_POINT ( 'NONE',  ( -3.838564197433254943, -1.391862056766774991, -2.664274964220402442 ) ) ;
#1558 = VERTEX_POINT ( 'NONE', #1822 ) ;
#1559 = CARTESIAN_POINT ( 'NONE',  ( 7.875000000000000000, -3.000000000000000000, 1.875000000000000000 ) ) ;
#1560 = CARTESIAN_POINT ( 'NONE',  ( 2.207940216581962378, 2.875000000000000000, 2.624999999999998668 ) ) ;
#1561 = CARTESIAN_POINT ( 'NONE',  ( 7.875000000000000000, -2.875000000000000000, 2.624999999999999112 ) ) ;
#1562 = CARTESIAN_POINT ( 'NONE',  ( 2.207940216581962378, -3.000000000000000000, 2.624999999999998668 ) ) ;
#1563 = ORIENTED_EDGE ( 'NONE', *, *, #885, .T. ) ;
#1564 = CARTESIAN_POINT ( 'NONE',  ( -3.174999999999999822, 3.888253587292846081E-16, -2.750000000000000444 ) ) ;
#1565 = CARTESIAN_POINT ( 'NONE',  ( 0.9734477676387642830, 2.350110802895317708, -0.5043749999999995737 ) ) ;
#1566 = CARTESIAN_POINT ( 'NONE',  ( -0.9734477676387640610, -2.350110802895318596, 2.670624999999999805 ) ) ;
#1567 = VERTEX_POINT ( 'NONE', #3150 ) ;
#1568 = EDGE_CURVE ( 'NONE', #2358, #1415, #2084, .T. ) ;
#1569 = EDGE_CURVE ( 'NONE', #1490, #2267, #1167, .T. ) ;
#1570 = CYLINDRICAL_SURFACE ( 'NONE', #2055, 4.000000000000000000 ) ;
#1571 = CARTESIAN_POINT ( 'NONE',  ( 3.243740766425389666, 1.986218373433317810E-16, 2.392812499999998899 ) ) ;
#1572 = ORIENTED_EDGE ( 'NONE', *, *, #1181, .F. ) ;
#1573 = DIRECTION ( 'NONE',  ( 0.000000000000000000, 0.000000000000000000, -1.000000000000000000 ) ) ;
#1574 = DIRECTION ( 'NONE',  ( 1.000000000000000000, 0.000000000000000000, 0.000000000000000000 ) ) ;
#1575 = CARTESIAN_POINT ( 'NONE',  ( -1.343601418275896853, 3.243740766425388333, 2.710312500000000124 ) ) ;
#1576 = CIRCLE ( 'NONE', #2378, 0.1249999999999999029 ) ;
#1577 = FACE_OUTER_BOUND ( 'NONE', #877, .T. ) ;
#1578 = DIRECTION ( 'NONE',  ( -1.000000000000000000, -0.000000000000000000, 0.000000000000000000 ) ) ;
#1579 = CIRCLE ( 'NONE', #841, 0.1250000000000001388 ) ;
#1580 = ORIENTED_EDGE ( 'NONE', *, *, #1774, .F. ) ;
#1581 = ORIENTED_EDGE ( 'NONE', *, *, #762, .F. ) ;
#1582 = FACE_OUTER_BOUND ( 'NONE', #2588, .T. ) ;
#1583 = AXIS2_PLACEMENT_3D ( 'NONE', #2850, #2868, #446 ) ;
#1584 = FACE_OUTER_BOUND ( 'NONE', #2294, .T. ) ;
#1585 = CARTESIAN_POINT ( 'NONE',  ( -1.661779285267041439, 1.661779285267040551, -1.536249999999999893 ) ) ;
#1586 = CARTESIAN_POINT ( 'NONE',  ( -2.350110802895318152, -4.317083508611051018E-16, 1.162500000000000311 ) ) ;
#1587 = ORIENTED_EDGE ( 'NONE', *, *, #653, .F. ) ;
#1588 = VECTOR ( 'NONE', #1048, 1000.000000000000000 ) ;
#1589 = CARTESIAN_POINT ( 'NONE',  ( 3.714559566884817254, -1.578804039048631536, -2.617637535887225475 ) ) ;
#1590 = CARTESIAN_POINT ( 'NONE',  ( 3.243740766425389221, -1.343601418275894188, -0.2265625000000010547 ) ) ;
#1591 = ORIENTED_EDGE ( 'NONE', *, *, #2227, .F. ) ;
#1592 = CARTESIAN_POINT ( 'NONE',  ( 0.6699749530937267883, 2.785810606447256088, -1.447435934246214639 ) ) ;
#1593 = EDGE_CURVE ( 'NONE', #3183, #202, #3462, .T. ) ;
#1594 = CARTESIAN_POINT ( 'NONE',  ( 7.875000000000000000, -3.125000000000000000, 1.875000000000000000 ) ) ;
#1595 = DIRECTION ( 'NONE',  ( 0.000000000000000000, -1.000000000000000000, -1.284980352575412699E-16 ) ) ;
#1596 = CARTESIAN_POINT ( 'NONE',  ( -7.875000000000000000, -3.125000000000000000, 1.624999999999999778 ) ) ;
#1597 = CARTESIAN_POINT ( 'NONE',  ( 8.000000000000000000, -5.199999999999999289, 1.624999999999999556 ) ) ;
#1598 = ORIENTED_EDGE ( 'NONE', *, *, #1024, .F. ) ;
#1599 = ADVANCED_FACE ( 'NONE', ( #2074 ), #3512, .T. ) ;
#1600 = VERTEX_POINT ( 'NONE', #1859 ) ;
#1601 = CARTESIAN_POINT ( 'NONE',  ( 0.000000000000000000, 2.350110802895317708, 3.385000000000000231 ) ) ;
#1602 = AXIS2_PLACEMENT_3D ( 'NONE', #1695, #911, #1996 ) ;
#1603 = DIRECTION ( 'NONE',  ( 0.000000000000000000, -0.000000000000000000, -1.000000000000000000 ) ) ;
#1604 = CARTESIAN_POINT ( 'NONE',  ( 2.350110802895317708, 0.9734477676387643941, 0.4481250000000011058 ) ) ;
#1605 = CARTESIAN_POINT ( 'NONE',  ( 3.625000000000000000, 0.000000000000000000, 2.624999999999998668 ) ) ;
#1606 = ORIENTED_EDGE ( 'NONE', *, *, #1823, .F. ) ;
#1607 = AXIS2_PLACEMENT_3D ( 'NONE', #3392, #3432, #2324 ) ;
#1608 = CARTESIAN_POINT ( 'NONE',  ( -8.000000000000000000, 5.445745613286696596, 1.277927069094684676 ) ) ;
#1609 = CARTESIAN_POINT ( 'NONE',  ( 1.661779285267040995, -1.661779285267040773, -2.329999999999999183 ) ) ;
#1610 = ORIENTED_EDGE ( 'NONE', *, *, #1933, .T. ) ;
#1611 = EDGE_CURVE ( 'NONE', #2459, #2957, #783, .T. ) ;
#1612 = CARTESIAN_POINT ( 'NONE',  ( 2.350110802895321260, -0.9734477676387655043, 0.4481250000000019940 ) ) ;
#1613 = CARTESIAN_POINT ( 'NONE',  ( -3.713493106781889708, -1.580108863662164964, -2.617236903022406302 ) ) ;
#1614 = CARTESIAN_POINT ( 'NONE',  ( 1.343601418275894410, 3.243740766425389221, 3.821562500000000195 ) ) ;
#1615 = EDGE_CURVE ( 'NONE', #521, #1567, #441, .T. ) ;
#1616 = DIRECTION ( 'NONE',  ( 1.000000000000000000, 0.000000000000000000, -0.000000000000000000 ) ) ;
#1617 = DIRECTION ( 'NONE',  ( 0.000000000000000000, -1.000000000000000000, 0.000000000000000000 ) ) ;
#1618 = EDGE_LOOP ( 'NONE', ( #3106, #1218, #3091, #3380 ) ) ;
#1619 = ORIENTED_EDGE ( 'NONE', *, *, #3381, .T. ) ;
#1620 = DIRECTION ( 'NONE',  ( 0.000000000000000000, -1.000000000000000000, 0.000000000000000000 ) ) ;
#1621 = DIRECTION ( 'NONE',  ( 0.000000000000000000, -0.000000000000000000, 1.000000000000000000 ) ) ;
#1622 = CARTESIAN_POINT ( 'NONE',  ( 0.9734477676387645051, -2.350110802895317708, -1.139374999999999361 ) ) ;
#1623 = CARTESIAN_POINT ( 'NONE',  ( 4.127269001747372990, 0.5430925139406672653, -2.750000000000001332 ) ) ;
#1624 = PLANE ( 'NONE',  #2466 ) ;
#1625 = CARTESIAN_POINT ( 'NONE',  ( 2.293671092350642038, -2.293671092350641594, 2.234062499999998952 ) ) ;
#1626 = EDGE_LOOP ( 'NONE', ( #736, #1862, #1700, #3036 ) ) ;
#1627 = ADVANCED_FACE ( 'NONE', ( #1317 ), #2095, .T. ) ;
#1628 = EDGE_CURVE ( 'NONE', #939, #3112, #261, .T. ) ;
#1629 = CARTESIAN_POINT ( 'NONE',  ( 0.000000000000000000, 2.350110802895321260, -0.4249999999999978795 ) ) ;
#1630 = CARTESIAN_POINT ( 'NONE',  ( -2.748040059448365824, -2.454422409872034194, -2.265860052171090544 ) ) ;
#1631 = DIRECTION ( 'NONE',  ( 0.000000000000000000, 0.000000000000000000, -1.000000000000000000 ) ) ;
#1632 = ORIENTED_EDGE ( 'NONE', *, *, #2139, .F. ) ;
#1633 = ORIENTED_EDGE ( 'NONE', *, *, #2360, .F. ) ;
#1634 = DIRECTION ( 'NONE',  ( 0.000000000000000000, 0.000000000000000000, -1.000000000000000000 ) ) ;
#1635 = AXIS2_PLACEMENT_3D ( 'NONE', #2954, #2113, #1388 ) ;
#1636 = CARTESIAN_POINT ( 'NONE',  ( -7.875000000000000000, -3.819700691096631573, -1.044305745404187302 ) ) ;
#1637 = CARTESIAN_POINT ( 'NONE',  ( 2.878055672407367674E-16, -2.350110802895317708, 1.321250000000001146 ) ) ;
#1638 = DIRECTION ( 'NONE',  ( 0.000000000000000000, -9.856383386231863758E-17, 1.000000000000000000 ) ) ;
#1639 = VERTEX_POINT ( 'NONE', #1264 ) ;
#1640 = AXIS2_PLACEMENT_3D ( 'NONE', #563, #875, #369 ) ;
#1641 = CARTESIAN_POINT ( 'NONE',  ( -8.000000000000000000, -0.5430925139406658220, -2.624999999999999556 ) ) ;
#1642 = TOROIDAL_SURFACE ( 'NONE', #1013, 0.2500000000000000000, 0.1250000000000000000 ) ;
#1643 = DIRECTION ( 'NONE',  ( -0.000000000000000000, 9.856383386231863758E-17, -1.000000000000000000 ) ) ;
#1644 = AXIS2_PLACEMENT_3D ( 'NONE', #590, #3317, #2243 ) ;
#1645 = ORIENTED_EDGE ( 'NONE', *, *, #1339, .F. ) ;
#1646 = AXIS2_PLACEMENT_3D ( 'NONE', #2409, #2193, #1634 ) ;
#1647 = CARTESIAN_POINT ( 'NONE',  ( -2.082940216581961934, -2.875000000000000000, -8.149494936611667129 ) ) ;
#1648 = CARTESIAN_POINT ( 'NONE',  ( -3.312481532850776844, 4.056619906440422200E-16, 1.750000000000000000 ) ) ;
#1649 = DIRECTION ( 'NONE',  ( 0.000000000000000000, -1.000000000000000000, -9.856383386231863758E-17 ) ) ;
#1650 = CARTESIAN_POINT ( 'NONE',  ( 2.207940216581962378, 2.875000000000000000, -8.149494936611667129 ) ) ;
#1651 = ORIENTED_EDGE ( 'NONE', *, *, #2360, .T. ) ;
#1652 = ORIENTED_EDGE ( 'NONE', *, *, #1182, .F. ) ;
#1653 = FACE_OUTER_BOUND ( 'NONE', #2654, .T. ) ;
#1654 = SPHERICAL_SURFACE ( 'NONE', #3004, 0.1250000000000000000 ) ;
#1655 = CARTESIAN_POINT ( 'NONE',  ( 2.350110802895317708, 1.439027836203683837E-16, -2.171249999999999236 ) ) ;
#1656 = CARTESIAN_POINT ( 'NONE',  ( -2.034555384612956264, 3.000000000000000444, 1.750000000000000000 ) ) ;
#1657 = VERTEX_POINT ( 'NONE', #2955 ) ;
#1658 = AXIS2_PLACEMENT_3D ( 'NONE', #3393, #1536, #2052 ) ;
#1659 = EDGE_CURVE ( 'NONE', #327, #1784, #2666, .T. ) ;
#1660 = EDGE_CURVE ( 'NONE', #997, #104, #3403, .T. ) ;
#1661 = LINE ( 'NONE', #3289, #1693 ) ;
#1662 = CIRCLE ( 'NONE', #2854, 3.500000000000000000 ) ;
#1663 = ORIENTED_EDGE ( 'NONE', *, *, #1874, .T. ) ;
#1664 = AXIS2_PLACEMENT_3D ( 'NONE', #693, #148, #1499 ) ;
#1665 = LINE ( 'NONE', #2252, #3025 ) ;
#1666 = DIRECTION ( 'NONE',  ( 0.000000000000000000, 0.000000000000000000, 1.000000000000000000 ) ) ;
#1667 = DIRECTION ( 'NONE',  ( 0.000000000000000000, 0.5735764363510471586, -0.8191520442889910214 ) ) ;
#1668 = ORIENTED_EDGE ( 'NONE', *, *, #98, .F. ) ;
#1669 = ORIENTED_EDGE ( 'NONE', *, *, #165, .T. ) ;
#1670 = CARTESIAN_POINT ( 'NONE',  ( -4.127269001747373878, 0.5430925139406658220, -2.750000000000001332 ) ) ;
#1671 = CARTESIAN_POINT ( 'NONE',  ( -1.661779285267040773, -1.661779285267041439, -2.647499999999999076 ) ) ;
#1672 = CARTESIAN_POINT ( 'NONE',  ( 1.333381684706258508, -1.935229719897659573, -0.9372633529540107533 ) ) ;
#1673 = ORIENTED_EDGE ( 'NONE', *, *, #3361, .T. ) ;
#1674 = DIRECTION ( 'NONE',  ( -0.000000000000000000, -1.000000000000000000, -0.000000000000000000 ) ) ;
#1675 = DIRECTION ( 'NONE',  ( 0.000000000000000000, 0.000000000000000000, -1.000000000000000000 ) ) ;
#1676 = VERTEX_POINT ( 'NONE', #519 ) ;
#1677 = EDGE_CURVE ( 'NONE', #3385, #804, #1298, .T. ) ;
#1678 = CARTESIAN_POINT ( 'NONE',  ( 3.431492602895804378, 1.915483965526203258, -2.511311718138347526 ) ) ;
#1679 = B_SPLINE_CURVE_WITH_KNOTS ( 'NONE', 3,
 ( #2561, #1998, #3089, #2876 ),
 .UNSPECIFIED., .F., .F.,
 ( 4, 4 ),
 ( 0.0001000796935901628851, 0.0002612287277863984346 ),
 .UNSPECIFIED. ) ;
#1680 = CYLINDRICAL_SURFACE ( 'NONE', #976, 0.1250000000000001110 ) ;
#1681 = CARTESIAN_POINT ( 'NONE',  ( 7.951846765235000447, 3.047862104571501529, 1.749999999999999778 ) ) ;
#1682 = ORIENTED_EDGE ( 'NONE', *, *, #1159, .F. ) ;
#1683 = ORIENTED_EDGE ( 'NONE', *, *, #1226, .F. ) ;
#1684 = CARTESIAN_POINT ( 'NONE',  ( -0.9734477676387658374, 2.350110802895317264, 0.9243750000000002798 ) ) ;
#1685 = CARTESIAN_POINT ( 'NONE',  ( -8.000000000000000000, -3.000000000000000000, 1.624999999999999778 ) ) ;
#1686 = CARTESIAN_POINT ( 'NONE',  ( 0.000000000000000000, 0.000000000000000000, 2.624999999999998668 ) ) ;
#1687 = CARTESIAN_POINT ( 'NONE',  ( -2.055668477507344605, -2.676724137931034253, 1.749999999999999778 ) ) ;
#1688 = AXIS2_PLACEMENT_3D ( 'NONE', #2900, #2351, #460 ) ;
#1689 = CYLINDRICAL_SURFACE ( 'NONE', #640, 3.500000000000000000 ) ;
#1690 = DIRECTION ( 'NONE',  ( 0.000000000000000000, 0.000000000000000000, -1.000000000000000000 ) ) ;
#1691 = CARTESIAN_POINT ( 'NONE',  ( 2.293671092350642038, -2.293671092350641594, 2.154687499999999645 ) ) ;
#1692 = ORIENTED_EDGE ( 'NONE', *, *, #2017, .T. ) ;
#1693 = VECTOR ( 'NONE', #1904, 1000.000000000000000 ) ;
#1694 = FACE_OUTER_BOUND ( 'NONE', #1902, .T. ) ;
#1695 = CARTESIAN_POINT ( 'NONE',  ( -8.000000000000000000, 0.5430925139406658220, 1.250000000000000222 ) ) ;
#1696 = EDGE_CURVE ( 'NONE', #700, #2153, #3114, .T. ) ;
#1697 = CARTESIAN_POINT ( 'NONE',  ( 2.245064030267288846, -2.245064030267288402, 1.003749999999998810 ) ) ;
#1698 = CIRCLE ( 'NONE', #2164, 0.1750000000000004607 ) ;
#1699 = DIRECTION ( 'NONE',  ( 0.000000000000000000, -1.000000000000000000, 0.000000000000000000 ) ) ;
#1700 = ORIENTED_EDGE ( 'NONE', *, *, #2290, .F. ) ;
#1701 = ORIENTED_EDGE ( 'NONE', *, *, #2758, .T. ) ;
#1702 = EDGE_CURVE ( 'NONE', #2416, #3426, #722, .T. ) ;
#1703 = CARTESIAN_POINT ( 'NONE',  ( 2.344064022462740038, 1.854995503562463011, 1.413677080997493452 ) ) ;
#1704 = LINE ( 'NONE', #2798, #2446 ) ;
#1705 = CARTESIAN_POINT ( 'NONE',  ( 2.055668477507344605, -2.676724137931034253, 1.749999999999999778 ) ) ;
#1706 = CARTESIAN_POINT ( 'NONE',  ( -7.875000000000000000, 0.5430925139406658220, -2.624999999999999556 ) ) ;
#1707 = LINE ( 'NONE', #2231, #1975 ) ;
#1708 = CARTESIAN_POINT ( 'NONE',  ( -1.343601418275894188, -3.243740766425390554, -0.6234375000000007550 ) ) ;
#1709 = ORIENTED_EDGE ( 'NONE', *, *, #1, .T. ) ;
#1710 = AXIS2_PLACEMENT_3D ( 'NONE', #354, #879, #1386 ) ;
#1711 = CARTESIAN_POINT ( 'NONE',  ( 0.000000000000000000, 0.000000000000000000, -8.149494936611667129 ) ) ;
#1712 = LINE ( 'NONE', #1185, #2628 ) ;
#1713 = TOROIDAL_SURFACE ( 'NONE', #3083, 3.375000000000000000, 0.1250000000000000000 ) ;
#1714 = CARTESIAN_POINT ( 'NONE',  ( -2.207940216581962378, 2.875000000000000000, 2.624999999999998668 ) ) ;
#1715 = CARTESIAN_POINT ( 'NONE',  ( -7.976308181546796661, -3.000000000000000000, 1.749999999999999778 ) ) ;
#1716 = CIRCLE ( 'NONE', #2635, 0.1250000000000001110 ) ;
#1717 = ORIENTED_EDGE ( 'NONE', *, *, #19, .T. ) ;
#1718 = ORIENTED_EDGE ( 'NONE', *, *, #576, .F. ) ;
#1719 = EDGE_CURVE ( 'NONE', #1676, #2715, #2406, .T. ) ;
#1720 = EDGE_CURVE ( 'NONE', #2145, #2810, #1355, .T. ) ;
#1721 = CARTESIAN_POINT ( 'NONE',  ( -8.000000000000000000, 3.000000000000000000, 2.749999999999999556 ) ) ;
#1722 = CARTESIAN_POINT ( 'NONE',  ( 2.054379608081472242, -1.141291028521774331, -3.544299273459341926 ) ) ;
#1723 = LINE ( 'NONE', #3047, #621 ) ;
#1724 = CARTESIAN_POINT ( 'NONE',  ( -0.8424723307981553111, 2.667013466495054885, -1.378763468627948630 ) ) ;
#1725 = CARTESIAN_POINT ( 'NONE',  ( -2.207940216581962378, -2.875000000000000000, 1.875000000000000000 ) ) ;
#1726 = CARTESIAN_POINT ( 'NONE',  ( 3.243740766425389221, -1.343601418275894188, -0.3059375000000005840 ) ) ;
#1727 = ORIENTED_EDGE ( 'NONE', *, *, #3471, .T. ) ;
#1728 = CARTESIAN_POINT ( 'NONE',  ( -0.6963846504403267135, 2.526625949733076304, 1.050939255664830707 ) ) ;
#1729 = CARTESIAN_POINT ( 'NONE',  ( 0.9734477676387645051, -2.350110802895317708, 2.670625000000001137 ) ) ;
#1730 = DIRECTION ( 'NONE',  ( -0.000000000000000000, 9.856383386231863758E-17, -1.000000000000000000 ) ) ;
#1731 = CYLINDRICAL_SURFACE ( 'NONE', #806, 0.1250000000000001110 ) ;
#1732 = ORIENTED_EDGE ( 'NONE', *, *, #2712, .F. ) ;
#1733 = ORIENTED_EDGE ( 'NONE', *, *, #1781, .T. ) ;
#1734 = CARTESIAN_POINT ( 'NONE',  ( 3.243740766425389221, 1.343601418275894410, -3.877812500000001439 ) ) ;
#1735 = CARTESIAN_POINT ( 'NONE',  ( -7.875000000000000000, 0.5430925139406658220, -2.750000000000000000 ) ) ;
#1736 = CARTESIAN_POINT ( 'NONE',  ( -2.255722723897812365, -1.202980263386028703, 0.9877958193164899647 ) ) ;
#1737 = CARTESIAN_POINT ( 'NONE',  ( 7.875000000000000000, 0.5430925139406658220, -2.750000000000000000 ) ) ;
#1738 = EDGE_CURVE ( 'NONE', #3484, #2333, #3294, .T. ) ;
#1739 = CARTESIAN_POINT ( 'NONE',  ( -1.315128060534581200, 3.175000000000003819, 0.1306250000000030720 ) ) ;
#1740 = CARTESIAN_POINT ( 'NONE',  ( 2.878055672407368167E-16, -2.350110802895318152, 2.750000000000000444 ) ) ;
#1741 = EDGE_LOOP ( 'NONE', ( #2135, #3331, #2448, #973 ) ) ;
#1742 = VECTOR ( 'NONE', #886, 1000.000000000000000 ) ;
#1743 = DIRECTION ( 'NONE',  ( -1.000000000000000000, -0.000000000000000000, -0.000000000000000000 ) ) ;
#1744 = CIRCLE ( 'NONE', #122, 0.1250000000000001110 ) ;
#1745 = CARTESIAN_POINT ( 'NONE',  ( 2.878055672407367674E-16, -2.350110802895317708, 0.05125000000000094758 ) ) ;
#1746 = AXIS2_PLACEMENT_3D ( 'NONE', #1252, #3082, #2337 ) ;
#1747 = DIRECTION ( 'NONE',  ( 1.000000000000000000, 0.000000000000000000, 0.000000000000000000 ) ) ;
#1748 = CARTESIAN_POINT ( 'NONE',  ( -8.000000000000000000, -5.445745613286696596, 1.277927069094684898 ) ) ;
#1749 = ORIENTED_EDGE ( 'NONE', *, *, #1978, .F. ) ;
#1750 = B_SPLINE_CURVE_WITH_KNOTS ( 'NONE', 3,
 ( #854, #2429, #1935, #5, #1656, #1069 ),
 .UNSPECIFIED., .F., .F.,
 ( 4, 2, 4 ),
 ( -2.236067977946881884E-06, 0.0001259603152047350549, 0.0002541566983874170272 ),
 .UNSPECIFIED. ) ;
#1751 = SURFACE_STYLE_FILL_AREA ( #668 ) ;
#1752 = CARTESIAN_POINT ( 'NONE',  ( 1.519700939852102417, 2.617223093538858958, 1.460690187778811211 ) ) ;
#1753 = CARTESIAN_POINT ( 'NONE',  ( 2.245064030267288846, 2.245064030267288846, -1.218750000000000888 ) ) ;
#1754 = CARTESIAN_POINT ( 'NONE',  ( 8.000000000000000000, -3.125000000000000000, 1.875000000000000000 ) ) ;
#1755 = DIRECTION ( 'NONE',  ( 1.000000000000000000, 0.000000000000000000, -0.000000000000000000 ) ) ;
#1756 = CARTESIAN_POINT ( 'NONE',  ( 1.343601418275894410, 3.243740766425389221, -1.258437500000000098 ) ) ;
#1757 = VERTEX_POINT ( 'NONE', #2976 ) ;
#1758 = EDGE_CURVE ( 'NONE', #1765, #988, #796, .T. ) ;
#1759 = ADVANCED_FACE ( 'NONE', ( #1880 ), #623, .T. ) ;
#1760 = PLANE ( 'NONE',  #866 ) ;
#1761 = CARTESIAN_POINT ( 'NONE',  ( -2.350110802895317708, -4.317083508611050525E-16, 2.273750000000001492 ) ) ;
#1762 = AXIS2_PLACEMENT_3D ( 'NONE', #1748, #2895, #2579 ) ;
#1763 = DIRECTION ( 'NONE',  ( -0.000000000000000000, -0.000000000000000000, 1.000000000000000000 ) ) ;
#1764 = FACE_OUTER_BOUND ( 'NONE', #2632, .T. ) ;
#1765 = VERTEX_POINT ( 'NONE', #1279 ) ;
#1766 = VECTOR ( 'NONE', #1099, 1000.000000000000000 ) ;
#1767 = CARTESIAN_POINT ( 'NONE',  ( 0.000000000000000000, 3.243740766425389666, -2.369687500000001279 ) ) ;
#1768 = CARTESIAN_POINT ( 'NONE',  ( -0.07592531858472527373, 3.105650140854377739, 1.531336506797629893 ) ) ;
#1769 = CARTESIAN_POINT ( 'NONE',  ( 2.350110802895317708, 0.9734477676387643941, 0.4481250000000011613 ) ) ;
#1770 = ORIENTED_EDGE ( 'NONE', *, *, #2939, .T. ) ;
#1771 = CARTESIAN_POINT ( 'NONE',  ( 1.534733665586942353, -2.262282600183781689, -1.316452849281329440 ) ) ;
#1772 =( BOUNDED_CURVE ( )  B_SPLINE_CURVE ( 2, ( #2490, #614, #1697, #2808, #1436, #3344, #2793, #1134, #2474 ),
 .UNSPECIFIED., .F., .T. ) 
 B_SPLINE_CURVE_WITH_KNOTS ( ( 3, 2, 2, 2, 3 ),
 ( 0.2083333333333333148, 0.2291666666666666297, 0.2499999999999999445, 0.2708333333333332593, 0.2916666666666666297 ),
 .UNSPECIFIED. ) 
 CURVE ( )  GEOMETRIC_REPRESENTATION_ITEM ( )  RATIONAL_B_SPLINE_CURVE ( ( 1.000000000000000000, 0.9238795325112866275, 1.000000000000000000, 0.9238795325112867385, 1.000000000000000000, 0.9238795325112867385, 1.000000000000000000, 0.9238795325112869605, 0.9999999999999997780 ) ) 
 REPRESENTATION_ITEM ( '' )  );
#1773 = EDGE_CURVE ( 'NONE', #2167, #962, #1179, .T. ) ;
#1774 = EDGE_CURVE ( 'NONE', #283, #2483, #2322, .T. ) ;
#1775 = CARTESIAN_POINT ( 'NONE',  ( 0.000000000000000000, 0.000000000000000000, -8.149494936611667129 ) ) ;
#1776 = CARTESIAN_POINT ( 'NONE',  ( -0.9734477676387658374, 2.350110802895317264, -0.3456250000000000155 ) ) ;
#1777 = CARTESIAN_POINT ( 'NONE',  ( 1.343601418275894410, 3.243740766425389221, 0.01156249999999985241 ) ) ;
#1778 = ORIENTED_EDGE ( 'NONE', *, *, #2247, .F. ) ;
#1779 = CARTESIAN_POINT ( 'NONE',  ( -2.317820787424333506, 1.788655059483466925, 1.358514503054122580 ) ) ;
#1780 = CARTESIAN_POINT ( 'NONE',  ( 1.661779285267040995, 1.661779285267040995, 1.797500000000001208 ) ) ;
#1781 = EDGE_CURVE ( 'NONE', #1567, #2810, #1579, .T. ) ;
#1782 = CARTESIAN_POINT ( 'NONE',  ( 0.000000000000000000, 0.000000000000000000, -2.750000000000000444 ) ) ;
#1783 = CARTESIAN_POINT ( 'NONE',  ( 3.174999999999999822, 1.315128060534576981, -0.02812500000000118724 ) ) ;
#1784 = VERTEX_POINT ( 'NONE', #2595 ) ;
#1785 = CARTESIAN_POINT ( 'NONE',  ( -3.243740766425389666, -5.958655120299952691E-16, -2.052187500000000941 ) ) ;
#1786 = CARTESIAN_POINT ( 'NONE',  ( -1.040057007688269808, -2.999817731256104736, -1.762152550058653899 ) ) ;
#1787 = DIRECTION ( 'NONE',  ( -1.000000000000000000, 0.000000000000000000, 0.000000000000000000 ) ) ;
#1788 = DIRECTION ( 'NONE',  ( -0.000000000000000000, 9.856383386231863758E-17, -1.000000000000000000 ) ) ;
#1789 = DIRECTION ( 'NONE',  ( 0.7931034482758626547, -0.6090869562984715380, 0.000000000000000000 ) ) ;
#1790 = CARTESIAN_POINT ( 'NONE',  ( 7.875000000000000000, -3.000000000000000000, 1.749999999999999778 ) ) ;
#1791 = CARTESIAN_POINT ( 'NONE',  ( -2.350110802895317264, -0.9734477676387655043, -1.298124999999999973 ) ) ;
#1792 = CARTESIAN_POINT ( 'NONE',  ( 0.9734477676387645051, 2.350110802895318152, 0.7656250000000004441 ) ) ;
#1793 = ORIENTED_EDGE ( 'NONE', *, *, #1219, .T. ) ;
#1794 = DIRECTION ( 'NONE',  ( -0.000000000000000000, -0.5735764363510472696, 0.8191520442889910214 ) ) ;
#1795 = CARTESIAN_POINT ( 'NONE',  ( -2.350110802895317264, -0.9734477676387655043, 1.083125000000001226 ) ) ;
#1796 = CIRCLE ( 'NONE', #730, 0.1250000000000001110 ) ;
#1797 = VECTOR ( 'NONE', #831, 1000.000000000000000 ) ;
#1798 = PLANE ( 'NONE',  #1762 ) ;
#1799 = ORIENTED_EDGE ( 'NONE', *, *, #3232, .T. ) ;
#1800 = CIRCLE ( 'NONE', #509, 0.1250000000000001110 ) ;
#1801 = EDGE_CURVE ( 'NONE', #404, #3479, #894, .T. ) ;
#1802 = ADVANCED_FACE ( 'NONE', ( #481 ), #220, .T. ) ;
#1803 = CARTESIAN_POINT ( 'NONE',  ( -1.343601418275894188, -3.243740766425390554, -3.084062500000000817 ) ) ;
#1804 = CARTESIAN_POINT ( 'NONE',  ( -2.539935763288253767, 0.8406707780163230614, -1.257090996537652883 ) ) ;
#1805 = DIRECTION ( 'NONE',  ( 1.000000000000000000, 0.000000000000000000, 0.000000000000000000 ) ) ;
#1806 = CARTESIAN_POINT ( 'NONE',  ( -7.875000000000000000, -3.000000000000000000, 1.749999999999999778 ) ) ;
#1807 = VERTEX_POINT ( 'NONE', #2264 ) ;
#1808 = FACE_OUTER_BOUND ( 'NONE', #2780, .T. ) ;
#1809 = CARTESIAN_POINT ( 'NONE',  ( -8.000000000000000000, 0.5430925139406658220, -2.750000000000000000 ) ) ;
#1810 = CARTESIAN_POINT ( 'NONE',  ( 1.661779285267040995, 1.661779285267040995, 3.067500000000001226 ) ) ;
#1811 = CARTESIAN_POINT ( 'NONE',  ( 2.350110802895318152, -0.9734477676387642830, 0.4481250000000001621 ) ) ;
#1812 = ORIENTED_EDGE ( 'NONE', *, *, #3232, .F. ) ;
#1813 = DIRECTION ( 'NONE',  ( 1.000000000000000000, 0.000000000000000000, 0.000000000000000000 ) ) ;
#1814 = CARTESIAN_POINT ( 'NONE',  ( 3.243740766425389221, 1.343601418275894410, 2.472187499999999094 ) ) ;
#1815 = ORIENTED_EDGE ( 'NONE', *, *, #256, .T. ) ;
#1816 = CARTESIAN_POINT ( 'NONE',  ( -7.875000000000000000, 2.875000000000000000, 2.624999999999999112 ) ) ;
#1817 = CARTESIAN_POINT ( 'NONE',  ( 8.000000000000000000, -5.343351607750572718, 1.349624123638565987 ) ) ;
#1818 = VERTEX_POINT ( 'NONE', #2637 ) ;
#1819 = CARTESIAN_POINT ( 'NONE',  ( -4.097412231627870938, 0.7699910968586783921, -2.750000000000000444 ) ) ;
#1820 = DIRECTION ( 'NONE',  ( 0.000000000000000000, -0.5735764363510460484, 0.8191520442889920206 ) ) ;
#1821 = AXIS2_PLACEMENT_3D ( 'NONE', #1714, #1387, #864 ) ;
#1822 = CARTESIAN_POINT ( 'NONE',  ( 7.976308181546796661, -3.000000000000000000, 1.749999999999999778 ) ) ;
#1823 = EDGE_CURVE ( 'NONE', #2424, #768, #2093, .T. ) ;
#1824 = DIRECTION ( 'NONE',  ( 0.000000000000000000, -0.8191520442889900222, 0.5735764363510488240 ) ) ;
#1825 = CARTESIAN_POINT ( 'NONE',  ( 1.847625117707455411, -1.902887738766426029, -1.234933143774479491 ) ) ;
#1826 = EDGE_CURVE ( 'NONE', #2681, #848, #1853, .T. ) ;
#1827 = CIRCLE ( 'NONE', #2524, 0.2500000000000002220 ) ;
#1828 = CARTESIAN_POINT ( 'NONE',  ( -8.000000000000000000, -5.343351607750572718, 1.349624123638565765 ) ) ;
#1829 = CARTESIAN_POINT ( 'NONE',  ( -0.9734477676387638390, -2.350110802895318152, -2.409374999999999822 ) ) ;
#1830 = CARTESIAN_POINT ( 'NONE',  ( -2.350110802895317708, 0.9734477676387650602, -1.456875000000000586 ) ) ;
#1831 = ORIENTED_EDGE ( 'NONE', *, *, #1955, .T. ) ;
#1832 = CARTESIAN_POINT ( 'NONE',  ( -7.875000000000000000, -3.125000000000000000, 1.749999999999999778 ) ) ;
#1833 = CARTESIAN_POINT ( 'NONE',  ( 3.972436746866635620E-16, -3.243740766425389666, 0.8053124999999992095 ) ) ;
#1834 = ORIENTED_EDGE ( 'NONE', *, *, #1852, .F. ) ;
#1835 = CARTESIAN_POINT ( 'NONE',  ( -0.9734477676387652822, -2.350110802895321260, 0.1306250000000017952 ) ) ;
#1836 = CARTESIAN_POINT ( 'NONE',  ( -1.117467001428042117, -3.072542337905479926, -1.849368910130049226 ) ) ;
#1837 = DIRECTION ( 'NONE',  ( 1.000000000000000000, -0.000000000000000000, -0.000000000000000000 ) ) ;
#1838 = EDGE_CURVE ( 'NONE', #2764, #1129, #424, .T. ) ;
#1839 = DIRECTION ( 'NONE',  ( 0.000000000000000000, 1.000000000000000000, 3.125367005704081617E-16 ) ) ;
#1840 = CARTESIAN_POINT ( 'NONE',  ( -2.207940216581962378, 3.000000000000000000, 1.875000000000000000 ) ) ;
#1841 = ORIENTED_EDGE ( 'NONE', *, *, #1078, .F. ) ;
#1842 = EDGE_LOOP ( 'NONE', ( #1248, #2414, #1200, #1983, #1373, #1277 ) ) ;
#1843 = CARTESIAN_POINT ( 'NONE',  ( 2.207940216581962378, 3.000000000000000000, 2.749999999999999112 ) ) ;
#1844 = CARTESIAN_POINT ( 'NONE',  ( 7.875000000000000000, -2.875000000000000000, 1.449999999999999289 ) ) ;
#1845 = CARTESIAN_POINT ( 'NONE',  ( -1.661779285267040773, -1.661779285267041439, -2.488750000000000018 ) ) ;
#1846 = CARTESIAN_POINT ( 'NONE',  ( 2.350110802895318152, -0.9734477676387642830, 1.718125000000000346 ) ) ;
#1847 = ORIENTED_EDGE ( 'NONE', *, *, #192, .F. ) ;
#1848 = EDGE_CURVE ( 'NONE', #1311, #202, #2832, .T. ) ;
#1849 = CARTESIAN_POINT ( 'NONE',  ( 1.113747787234875330, -3.073339658273011032, -1.848727344001971362 ) ) ;
#1850 = CARTESIAN_POINT ( 'NONE',  ( 3.972436746866635620E-16, -3.243740766425389666, 2.075312499999999005 ) ) ;
#1851 = ORIENTED_EDGE ( 'NONE', *, *, #1071, .T. ) ;
#1852 = EDGE_CURVE ( 'NONE', #521, #858, #287, .T. ) ;
#1853 = B_SPLINE_CURVE_WITH_KNOTS ( 'NONE', 3,
 ( #1296, #2387, #1004, #3187, #459, #2880, #440, #3165, #740, #368, #2615, #1243, #3476, #1539, #185, #2919, #720, #1804, #3081, #969, #2057, #3063, #1971, #2899, #3149, #1724, #2817, #3453, #2535, #1446 ),
 .UNSPECIFIED., .F., .F.,
 ( 4, 2, 2, 2, 2, 2, 2, 2, 2, 2, 2, 2, 2, 2, 4 ),
 ( 0.001439585641411425662, 0.001954830048493090468, 0.002470074455574755058, 0.002985318862656420082, 0.003500563269738085105, 0.004531052083901414285, 0.005046296490983080175, 0.005561540898064745199, 0.006076785305146410222, 0.006592029712228075246, 0.007622518526391403558, 0.008137762933473067714, 0.008653007340554732738, 0.009168251747636397761, 0.009683496154718064519 ),
 .UNSPECIFIED. ) ;
#1854 = SPHERICAL_SURFACE ( 'NONE', #1997, 0.1250000000000000000 ) ;
#1855 = FACE_OUTER_BOUND ( 'NONE', #97, .T. ) ;
#1856 = CARTESIAN_POINT ( 'NONE',  ( -3.174999999990874233, -1.315128060543710564, 0.4481250000007822032 ) ) ;
#1857 = AXIS2_PLACEMENT_3D ( 'NONE', #3059, #1621, #2463 ) ;
#1858 = DIRECTION ( 'NONE',  ( -0.000000000000000000, -0.000000000000000000, 1.000000000000000000 ) ) ;
#1859 = CARTESIAN_POINT ( 'NONE',  ( -7.976308181546796661, -3.000000000000000000, 1.749999999999999778 ) ) ;
#1860 = VECTOR ( 'NONE', #2152, 999.9999999999998863 ) ;
#1861 = VERTEX_POINT ( 'NONE', #3511 ) ;
#1862 = ORIENTED_EDGE ( 'NONE', *, *, #2155, .F. ) ;
#1863 = PLANE ( 'NONE',  #128 ) ;
#1864 = CARTESIAN_POINT ( 'NONE',  ( -8.000000000000000000, -2.875000000000000000, 2.624999999999999112 ) ) ;
#1865 = CARTESIAN_POINT ( 'NONE',  ( -2.350110802895317708, -4.317083508611050525E-16, -0.2662499999999990985 ) ) ;
#1866 = CIRCLE ( 'NONE', #2326, 0.1250000000000002498 ) ;
#1867 = DIRECTION ( 'NONE',  ( 1.000000000000000000, 0.000000000000000000, -0.000000000000000000 ) ) ;
#1868 = ORIENTED_EDGE ( 'NONE', *, *, #3071, .T. ) ;
#1869 = VECTOR ( 'NONE', #2799, 1000.000000000000000 ) ;
#1870 = CARTESIAN_POINT ( 'NONE',  ( -3.174999999999999822, -5.832380380939269122E-16, 0.5274999999999989697 ) ) ;
#1871 = CARTESIAN_POINT ( 'NONE',  ( 2.350110802895317708, 0.9734477676387643941, -3.361874999999999059 ) ) ;
#1872 = EDGE_CURVE ( 'NONE', #397, #277, #1006, .T. ) ;
#1873 = ORIENTED_EDGE ( 'NONE', *, *, #3237, .F. ) ;
#1874 = EDGE_CURVE ( 'NONE', #1111, #3357, #1744, .T. ) ;
#1875 = DIRECTION ( 'NONE',  ( -0.000000000000000000, -0.000000000000000000, 1.000000000000000000 ) ) ;
#1876 = DIRECTION ( 'NONE',  ( 0.000000000000000000, 1.000000000000000000, 0.000000000000000000 ) ) ;
#1877 = CARTESIAN_POINT ( 'NONE',  ( 1.343601418275894410, 3.243740766425389221, 1.281562499999999716 ) ) ;
#1878 = CARTESIAN_POINT ( 'NONE',  ( -2.302850370457710572, 0.8424372362084439070, 0.8799203362516166971 ) ) ;
#1879 = DIRECTION ( 'NONE',  ( -0.000000000000000000, -0.000000000000000000, 1.000000000000000000 ) ) ;
#1880 = FACE_OUTER_BOUND ( 'NONE', #731, .T. ) ;
#1881 = VERTEX_POINT ( 'NONE', #1895 ) ;
#1882 = ORIENTED_EDGE ( 'NONE', *, *, #361, .F. ) ;
#1883 = CARTESIAN_POINT ( 'NONE',  ( -1.661779285267040773, -1.661779285267041439, 2.591250000000000053 ) ) ;
#1884 = AXIS2_PLACEMENT_3D ( 'NONE', #2382, #2933, #550 ) ;
#1885 = CARTESIAN_POINT ( 'NONE',  ( -8.000000000000000000, 2.875000000000000000, 1.875000000000000666 ) ) ;
#1886 = CARTESIAN_POINT ( 'NONE',  ( -0.9734477676387638390, -2.350110802895318152, -1.298124999999999307 ) ) ;
#1887 = CARTESIAN_POINT ( 'NONE',  ( 2.054368540911799546, -1.141310949740342195, -3.385551271630608205 ) ) ;
#1888 = ADVANCED_FACE ( 'NONE', ( #3223 ), #2690, .T. ) ;
#1889 = TOROIDAL_SURFACE ( 'NONE', #3267, 0.1750000000000004607, 0.1250000000000000000 ) ;
#1890 = CARTESIAN_POINT ( 'NONE',  ( 3.243740766425389666, 1.986218373433317810E-16, -0.1471875000000010536 ) ) ;
#1891 = ORIENTED_EDGE ( 'NONE', *, *, #1401, .T. ) ;
#1892 = DIRECTION ( 'NONE',  ( 1.000000000000000000, 0.000000000000000000, 0.000000000000000000 ) ) ;
#1893 = DIRECTION ( 'NONE',  ( 0.000000000000000000, 0.000000000000000000, -1.000000000000000000 ) ) ;
#1894 = CARTESIAN_POINT ( 'NONE',  ( -1.828209808413802318, 1.563646006400191579, 0.8335856694377600240 ) ) ;
#1895 = CARTESIAN_POINT ( 'NONE',  ( -1.926024194606478890, 2.524095046108697282, 1.612518467149223422 ) ) ;
#1896 = VERTEX_POINT ( 'NONE', #2133 ) ;
#1897 = ORIENTED_EDGE ( 'NONE', *, *, #3402, .T. ) ;
#1898 = CARTESIAN_POINT ( 'NONE',  ( 0.9734477676387642830, 2.350110802895317708, 3.305625000000000480 ) ) ;
#1899 = CARTESIAN_POINT ( 'NONE',  ( 2.245064030267288402, -2.245064030267287958, -1.695000000000000062 ) ) ;
#1900 = CARTESIAN_POINT ( 'NONE',  ( -1.661779285267041439, 1.661779285267040551, 0.8450000000000010836 ) ) ;
#1901 = CARTESIAN_POINT ( 'NONE',  ( -0.9734477676387640610, -2.350110802895318596, -2.409374999999999822 ) ) ;
#1902 = EDGE_LOOP ( 'NONE', ( #505, #3208, #593, #1513 ) ) ;
#1903 = DIRECTION ( 'NONE',  ( 0.000000000000000000, 0.000000000000000000, -1.000000000000000000 ) ) ;
#1904 = DIRECTION ( 'NONE',  ( 0.000000000000000000, -1.000000000000000000, -9.856383386231863758E-17 ) ) ;
#1905 = ORIENTED_EDGE ( 'NONE', *, *, #993, .F. ) ;
#1906 = DIRECTION ( 'NONE',  ( 0.000000000000000000, -1.000000000000000000, -9.856383386231863758E-17 ) ) ;
#1907 = CARTESIAN_POINT ( 'NONE',  ( -4.127269001747372990, -0.5430925139406644897, -2.750000000000001332 ) ) ;
#1908 = FACE_OUTER_BOUND ( 'NONE', #2675, .T. ) ;
#1909 = CYLINDRICAL_SURFACE ( 'NONE', #2263, 0.1250000000000001110 ) ;
#1910 = EDGE_LOOP ( 'NONE', ( #1709, #371, #2820, #1606 ) ) ;
#1911 = EDGE_LOOP ( 'NONE', ( #955, #2571, #867, #1306 ) ) ;
#1912 = VECTOR ( 'NONE', #1032, 1000.000000000000000 ) ;
#1913 = CARTESIAN_POINT ( 'NONE',  ( -2.082940216581961934, -2.875000000000000000, 2.624999999999998668 ) ) ;
#1914 = ADVANCED_FACE ( 'NONE', ( #1061 ), #1103, .T. ) ;
#1915 = ADVANCED_FACE ( 'NONE', ( #2151 ), #2028, .T. ) ;
#1916 = AXIS2_PLACEMENT_3D ( 'NONE', #1561, #1578, #497 ) ;
#1917 = DIRECTION ( 'NONE',  ( 1.000000000000000000, -0.000000000000000000, -0.000000000000000000 ) ) ;
#1918 = CARTESIAN_POINT ( 'NONE',  ( 0.000000000000000000, 2.350110802895317708, 1.956250000000001377 ) ) ;
#1919 = DIRECTION ( 'NONE',  ( 0.000000000000000000, -1.000000000000000000, 0.000000000000000000 ) ) ;
#1920 = VECTOR ( 'NONE', #2885, 1000.000000000000000 ) ;
#1921 = DIRECTION ( 'NONE',  ( -0.000000000000000000, -0.000000000000000000, 1.000000000000000000 ) ) ;
#1922 = ORIENTED_EDGE ( 'NONE', *, *, #2621, .T. ) ;
#1923 = TOROIDAL_SURFACE ( 'NONE', #1135, 0.1750000000000003497, 0.1250000000000000000 ) ;
#1924 = CARTESIAN_POINT ( 'NONE',  ( -7.875000000000000000, -0.5430925139406658220, -2.624999999999999556 ) ) ;
#1925 = CARTESIAN_POINT ( 'NONE',  ( 2.611380937282275383, -1.716441914764776255, -1.694143031705455105 ) ) ;
#1926 = ADVANCED_FACE ( 'NONE', ( #2723 ), #951, .F. ) ;
#1927 = DIRECTION ( 'NONE',  ( 0.000000000000000000, -1.000000000000000000, -9.856383386231863758E-17 ) ) ;
#1928 = CARTESIAN_POINT ( 'NONE',  ( -7.875000000000000000, -3.000000000000000000, 2.624999999999999112 ) ) ;
#1929 = ORIENTED_EDGE ( 'NONE', *, *, #2665, .T. ) ;
#1930 = ORIENTED_EDGE ( 'NONE', *, *, #1475, .T. ) ;
#1931 = CARTESIAN_POINT ( 'NONE',  ( -2.350110802895317708, -4.317083508611050525E-16, 2.432500000000000551 ) ) ;
#1932 = CARTESIAN_POINT ( 'NONE',  ( -2.075650191816899248, -3.000000000000000444, 1.766629424309847263 ) ) ;
#1933 = EDGE_CURVE ( 'NONE', #1657, #700, #18, .T. ) ;
#1934 = CARTESIAN_POINT ( 'NONE',  ( 1.661779285267040995, -1.661779285267040773, -2.329999999999999183 ) ) ;
#1935 = CARTESIAN_POINT ( 'NONE',  ( -2.147388585264661920, 3.000000000000000444, 1.814415628465644525 ) ) ;
#1936 = AXIS2_PLACEMENT_3D ( 'NONE', #2860, #2345, #456 ) ;
#1937 = CARTESIAN_POINT ( 'NONE',  ( -7.875000000000000000, 3.000000000000000000, 1.875000000000000666 ) ) ;
#1938 = FACE_OUTER_BOUND ( 'NONE', #3272, .T. ) ;
#1939 = AXIS2_PLACEMENT_3D ( 'NONE', #162, #1239, #2051 ) ;
#1940 = CARTESIAN_POINT ( 'NONE',  ( 3.500000000000000000, 0.000000000000000000, 1.875000000000000000 ) ) ;
#1941 = EDGE_LOOP ( 'NONE', ( #838, #336, #2453, #1682 ) ) ;
#1942 = CARTESIAN_POINT ( 'NONE',  ( 0.000000000000000000, 0.000000000000000000, 2.624999999999998668 ) ) ;
#1943 = CARTESIAN_POINT ( 'NONE',  ( 2.418149559766304080, -2.001275542417207731, -1.708094096778091764 ) ) ;
#1944 = DIRECTION ( 'NONE',  ( 0.000000000000000000, 0.000000000000000000, 1.000000000000000000 ) ) ;
#1945 = CARTESIAN_POINT ( 'NONE',  ( 2.207940216581962378, -2.875000000000000000, 1.875000000000000000 ) ) ;
#1946 = ORIENTED_EDGE ( 'NONE', *, *, #3184, .F. ) ;
#1947 = ORIENTED_EDGE ( 'NONE', *, *, #67, .T. ) ;
#1948 = CARTESIAN_POINT ( 'NONE',  ( 2.350110802895317708, 0.9734477676387643941, 0.6068750000000001643 ) ) ;
#1949 = CARTESIAN_POINT ( 'NONE',  ( 7.875000000000000000, -2.875000000000000000, 2.624999999999999112 ) ) ;
#1950 = CARTESIAN_POINT ( 'NONE',  ( 0.000000000000000000, 0.000000000000000000, 2.749999999999999556 ) ) ;
#1951 = CARTESIAN_POINT ( 'NONE',  ( -7.875000000000000000, -5.199999999999999289, 1.749999999999999556 ) ) ;
#1952 = CARTESIAN_POINT ( 'NONE',  ( -8.000000000000000000, -0.5430925139406658220, -2.750000000000000000 ) ) ;
#1953 = CARTESIAN_POINT ( 'NONE',  ( -2.293671092350642482, 2.293671092350641150, 2.789687499999999432 ) ) ;
#1954 = ORIENTED_EDGE ( 'NONE', *, *, #556, .T. ) ;
#1955 = EDGE_CURVE ( 'NONE', #1311, #3163, #3281, .T. ) ;
#1956 = EDGE_CURVE ( 'NONE', #2963, #2505, #2993, .T. ) ;
#1957 = DIRECTION ( 'NONE',  ( 0.000000000000000000, -9.856383386231863758E-17, 1.000000000000000000 ) ) ;
#1958 = CARTESIAN_POINT ( 'NONE',  ( -7.875000000000000000, 5.445745613286696596, 1.277927069094684676 ) ) ;
#1959 = ADVANCED_FACE ( 'NONE', ( #1577 ), #2974, .T. ) ;
#1960 = DIRECTION ( 'NONE',  ( -0.7931034482758627657, 0.6090869562984715380, -6.384354572001592022E-16 ) ) ;
#1961 = CARTESIAN_POINT ( 'NONE',  ( 0.4778838614144149677, -2.367433738540455135, -0.9902421370529587152 ) ) ;
#1962 = VERTEX_POINT ( 'NONE', #538 ) ;
#1963 = ORIENTED_EDGE ( 'NONE', *, *, #2036, .T. ) ;
#1964 = CARTESIAN_POINT ( 'NONE',  ( -2.177606887361227983, -3.000000000000000444, 1.844667884087983323 ) ) ;
#1965 = CIRCLE ( 'NONE', #1295, 0.1250000000000002498 ) ;
#1966 = CARTESIAN_POINT ( 'NONE',  ( 1.933896805113680673, -2.013858466367024924, 1.224041672903803946 ) ) ;
#1967 = CARTESIAN_POINT ( 'NONE',  ( -7.912982431949312279, -3.000000000000000000, 1.837016048723291384 ) ) ;
#1968 = AXIS2_PLACEMENT_3D ( 'NONE', #2706, #551, #3494 ) ;
#1969 = B_SPLINE_CURVE_WITH_KNOTS ( 'NONE', 3,
 ( #1559, #2952, #1082, #2385 ),
 .UNSPECIFIED., .F., .F.,
 ( 4, 4 ),
 ( -2.236067977946728571E-06, 0.0001590332656302894591 ),
 .UNSPECIFIED. ) ;
#1970 = EDGE_CURVE ( 'NONE', #2459, #1157, #1026, .T. ) ;
#1971 = CARTESIAN_POINT ( 'NONE',  ( -1.593563964907881436, 2.248940467708899327, -1.338114952879943420 ) ) ;
#1972 = DIRECTION ( 'NONE',  ( -0.000000000000000000, -0.000000000000000000, 1.000000000000000000 ) ) ;
#1973 = CARTESIAN_POINT ( 'NONE',  ( -1.343601418275896853, 3.243740766425388333, -1.099687500000000817 ) ) ;
#1974 = VERTEX_POINT ( 'NONE', #2440 ) ;
#1975 = VECTOR ( 'NONE', #594, 1000.000000000000000 ) ;
#1976 = CARTESIAN_POINT ( 'NONE',  ( 2.929390070229928700, 2.336677403449019419, -2.328442397709333367 ) ) ;
#1977 = FACE_OUTER_BOUND ( 'NONE', #1498, .T. ) ;
#1978 = EDGE_CURVE ( 'NONE', #1558, #3374, #814, .T. ) ;
#1979 = EDGE_CURVE ( 'NONE', #159, #553, #1083, .T. ) ;
#1980 = VECTOR ( 'NONE', #380, 1000.000000000000000 ) ;
#1981 = CIRCLE ( 'NONE', #296, 0.1249999999999998890 ) ;
#1982 = DIRECTION ( 'NONE',  ( 0.7071067811865487940, 0.000000000000000000, 0.7071067811865463515 ) ) ;
#1983 = ORIENTED_EDGE ( 'NONE', *, *, #302, .F. ) ;
#1984 = ORIENTED_EDGE ( 'NONE', *, *, #1049, .F. ) ;
#1985 = DIRECTION ( 'NONE',  ( -1.000000000000000000, -0.000000000000000000, 0.000000000000000000 ) ) ;
#1986 = DIRECTION ( 'NONE',  ( 0.000000000000000000, 0.000000000000000000, -1.000000000000000000 ) ) ;
#1987 = DIRECTION ( 'NONE',  ( 0.000000000000000000, 0.000000000000000000, -1.000000000000000000 ) ) ;
#1988 = CARTESIAN_POINT ( 'NONE',  ( 7.875000000000000000, -3.717306685560506807, -0.9726086908603064352 ) ) ;
#1989 = CARTESIAN_POINT ( 'NONE',  ( 2.147388585264661032, -3.000000000000000444, 1.814415628465643859 ) ) ;
#1990 = ADVANCED_FACE ( 'NONE', ( #310 ), #1909, .T. ) ;
#1991 = CARTESIAN_POINT ( 'NONE',  ( 2.350110802895318152, -0.9734477676387642830, 2.988125000000001030 ) ) ;
#1992 = ORIENTED_EDGE ( 'NONE', *, *, #1346, .F. ) ;
#1993 = EDGE_CURVE ( 'NONE', #739, #1424, #2544, .T. ) ;
#1994 = VECTOR ( 'NONE', #2189, 1000.000000000000000 ) ;
#1995 = DIRECTION ( 'NONE',  ( -0.000000000000000000, -3.548298019043469326E-16, 1.000000000000000000 ) ) ;
#1996 = DIRECTION ( 'NONE',  ( 0.000000000000000000, -1.762702886879658815E-15, -1.000000000000000000 ) ) ;
#1997 = AXIS2_PLACEMENT_3D ( 'NONE', #1079, #534, #514 ) ;
#1998 = CARTESIAN_POINT ( 'NONE',  ( 7.951846508479920139, 3.000000000000000000, 1.797862606947913555 ) ) ;
#1999 = DIRECTION ( 'NONE',  ( 0.000000000000000000, 0.000000000000000000, -1.000000000000000000 ) ) ;
#2000 = CIRCLE ( 'NONE', #3371, 0.3000000000000003775 ) ;
#2001 = ORIENTED_EDGE ( 'NONE', *, *, #695, .T. ) ;
#2002 = ORIENTED_EDGE ( 'NONE', *, *, #2021, .F. ) ;
#2003 = CARTESIAN_POINT ( 'NONE',  ( 2.889699724000361236, 1.991885648099448479E-11, 1.327218191149585502 ) ) ;
#2004 = CARTESIAN_POINT ( 'NONE',  ( 0.5116281687248803722, -2.669328086208570650, 1.149670007195769061 ) ) ;
#2005 = CARTESIAN_POINT ( 'NONE',  ( 7.875000000000000000, -5.199999999999999289, 1.749999999999999556 ) ) ;
#2006 = CARTESIAN_POINT ( 'NONE',  ( 1.991433865635851896, -3.000000000000000000, 1.749999999999999778 ) ) ;
#2007 = CARTESIAN_POINT ( 'NONE',  ( 1.661779285267041439, -1.661779285267041217, 2.908750000000000391 ) ) ;
#2008 = ORIENTED_EDGE ( 'NONE', *, *, #2203, .T. ) ;
#2009 = CARTESIAN_POINT ( 'NONE',  ( 7.875000000000000000, 5.445745613286696596, 1.277927069094684676 ) ) ;
#2010 = CARTESIAN_POINT ( 'NONE',  ( -2.350110802895317264, 0.9734477676387649492, 0.9243750000000011680 ) ) ;
#2011 = CARTESIAN_POINT ( 'NONE',  ( -7.875000000000000000, -2.875000000000000000, 2.624999999999999112 ) ) ;
#2012 = LINE ( 'NONE', #2088, #407 ) ;
#2013 = ORIENTED_EDGE ( 'NONE', *, *, #812, .F. ) ;
#2014 = ORIENTED_EDGE ( 'NONE', *, *, #884, .T. ) ;
#2015 = DIRECTION ( 'NONE',  ( -0.000000000000000000, -1.000000000000000000, 0.000000000000000000 ) ) ;
#2016 = CARTESIAN_POINT ( 'NONE',  ( 1.397777686822958110, 2.691225633623568481, 1.466844759698181289 ) ) ;
#2017 = EDGE_CURVE ( 'NONE', #1114, #327, #2085, .T. ) ;
#2018 = CARTESIAN_POINT ( 'NONE',  ( -2.429620152134468913, -0.7015917893914777048, 0.9603209530973326746 ) ) ;
#2019 = EDGE_LOOP ( 'NONE', ( #3265, #1208, #2694 ) ) ;
#2020 = CARTESIAN_POINT ( 'NONE',  ( 0.000000000000000000, 0.000000000000000000, 1.612518467149223422 ) ) ;
#2021 = EDGE_CURVE ( 'NONE', #267, #376, #2551, .T. ) ;
#2022 =( BOUNDED_CURVE ( )  B_SPLINE_CURVE ( 2, ( #1223, #2071, #966, #699, #3162, #1487, #1240, #1783, #716 ),
 .UNSPECIFIED., .F., .T. ) 
 B_SPLINE_CURVE_WITH_KNOTS ( ( 3, 2, 2, 2, 3 ),
 ( 0.2916666666666666297, 0.3124999999999999445, 0.3333333333333332593, 0.3541666666666666852, 0.3750000000000000000 ),
 .UNSPECIFIED. ) 
 CURVE ( )  GEOMETRIC_REPRESENTATION_ITEM ( )  RATIONAL_B_SPLINE_CURVE ( ( 1.000000000000000222, 0.9238795325112865164, 1.000000000000000000, 0.9238795325112867385, 1.000000000000000000, 0.9238795325112867385, 1.000000000000000000, 0.9238795325112867385, 1.000000000000000000 ) ) 
 REPRESENTATION_ITEM ( '' )  );
#2023 = FACE_OUTER_BOUND ( 'NONE', #1488, .T. ) ;
#2024 = CARTESIAN_POINT ( 'NONE',  ( 0.000000000000000000, 3.243740766425389666, 0.09093749999999986566 ) ) ;
#2025 = EDGE_LOOP ( 'NONE', ( #1439, #1897, #2206, #3347, #1056, #520, #1815, #352, #2318, #1749, #2644, #1692, #294, #55, #489, #2250, #692, #32, #3461, #571 ) ) ;
#2026 = CIRCLE ( 'NONE', #2884, 0.2500000000000002220 ) ;
#2027 = CARTESIAN_POINT ( 'NONE',  ( -1.476602207531658939, 2.337550200783772070, 1.195174643296850858 ) ) ;
#2028 = TOROIDAL_SURFACE ( 'NONE', #506, 3.875000000000000000, 0.1250000000000000000 ) ;
#2029 = CARTESIAN_POINT ( 'NONE',  ( -2.350110802895317264, -0.9734477676387655043, -1.456874999999999254 ) ) ;
#2030 = CIRCLE ( 'NONE', #1244, 4.000000000000000000 ) ;
#2031 = CARTESIAN_POINT ( 'NONE',  ( -7.976308181546796661, 3.000000000000000000, 1.749999999999999778 ) ) ;
#2032 = FACE_OUTER_BOUND ( 'NONE', #1039, .T. ) ;
#2033 = CIRCLE ( 'NONE', #3408, 0.1249999999999999029 ) ;
#2034 = ORIENTED_EDGE ( 'NONE', *, *, #597, .F. ) ;
#2035 = ORIENTED_EDGE ( 'NONE', *, *, #1504, .T. ) ;
#2036 = EDGE_CURVE ( 'NONE', #3218, #397, #3138, .T. ) ;
#2037 = ADVANCED_FACE ( 'NONE', ( #342 ), #2254, .T. ) ;
#2038 = AXIS2_PLACEMENT_3D ( 'NONE', #329, #2425, #1086 ) ;
#2039 = CARTESIAN_POINT ( 'NONE',  ( -1.343601418275896853, 3.243740766425388333, -2.290312500000001528 ) ) ;
#2040 = DIRECTION ( 'NONE',  ( 1.000000000000000000, 0.000000000000000000, 0.000000000000000000 ) ) ;
#2041 = CARTESIAN_POINT ( 'NONE',  ( -0.9734477676387658374, 2.350110802895317264, -0.5043749999999991296 ) ) ;
#2042 = FACE_OUTER_BOUND ( 'NONE', #3298, .T. ) ;
#2043 = ADVANCED_FACE ( 'NONE', ( #2763 ), #69, .T. ) ;
#2044 = DIRECTION ( 'NONE',  ( 0.000000000000000000, 1.000000000000000000, -0.000000000000000000 ) ) ;
#2045 = CARTESIAN_POINT ( 'NONE',  ( 2.350110802895317708, -0.9734477676387640610, 2.829375000000001528 ) ) ;
#2046 = CARTESIAN_POINT ( 'NONE',  ( -2.293671092350641594, -2.293671092350642482, -1.972812500000000524 ) ) ;
#2047 = ORIENTED_EDGE ( 'NONE', *, *, #1568, .T. ) ;
#2048 = CARTESIAN_POINT ( 'NONE',  ( 0.2987777334799526785, 2.419477931004119675, 0.8673766695642000091 ) ) ;
#2049 = CARTESIAN_POINT ( 'NONE',  ( 1.661779285267040995, -1.661779285267040773, 1.480000000000001092 ) ) ;
#2050 = CIRCLE ( 'NONE', #139, 0.1250000000000001110 ) ;
#2051 = DIRECTION ( 'NONE',  ( 0.000000000000000000, -1.000000000000000000, -9.856383386231863758E-17 ) ) ;
#2052 = DIRECTION ( 'NONE',  ( 1.000000000000000000, 0.000000000000000000, 0.000000000000000000 ) ) ;
#2053 = ORIENTED_EDGE ( 'NONE', *, *, #3340, .F. ) ;
#2054 = AXIS2_PLACEMENT_3D ( 'NONE', #1782, #2272, #1747 ) ;
#2055 = AXIS2_PLACEMENT_3D ( 'NONE', #2660, #2127, #2964 ) ;
#2056 = CARTESIAN_POINT ( 'NONE',  ( -2.293671092350642482, 2.293671092350641150, -3.480937500000001350 ) ) ;
#2057 = CARTESIAN_POINT ( 'NONE',  ( -2.092923951821412221, 1.770754498757773243, -1.306687806574457600 ) ) ;
#2058 = CARTESIAN_POINT ( 'NONE',  ( -8.000000000000000000, -3.000000000000000000, 2.749999999999999556 ) ) ;
#2059 = CARTESIAN_POINT ( 'NONE',  ( 1.315128060534576981, 3.174999999999999822, -1.139375000000001359 ) ) ;
#2060 = ORIENTED_EDGE ( 'NONE', *, *, #2731, .F. ) ;
#2061 = CARTESIAN_POINT ( 'NONE',  ( 2.207940216581962378, 2.875000000000000000, 2.624999999999998668 ) ) ;
#2062 = DIRECTION ( 'NONE',  ( -0.000000000000000000, 0.5735764363510472696, 0.8191520442889909104 ) ) ;
#2063 = CARTESIAN_POINT ( 'NONE',  ( 2.878055672407367674E-16, -2.350110802895317708, 2.591250000000000941 ) ) ;
#2064 = CARTESIAN_POINT ( 'NONE',  ( -2.350110802895317708, -0.9734477676387658374, 1.241875000000000728 ) ) ;
#2065 = ORIENTED_EDGE ( 'NONE', *, *, #1078, .T. ) ;
#2066 = DIRECTION ( 'NONE',  ( -0.000000000000000000, -0.000000000000000000, 1.000000000000000000 ) ) ;
#2067 = CARTESIAN_POINT ( 'NONE',  ( 1.661779285267040995, 1.661779285267040995, 3.067500000000001226 ) ) ;
#2068 = EDGE_CURVE ( 'NONE', #3426, #270, #235, .T. ) ;
#2069 = EDGE_CURVE ( 'NONE', #553, #2153, #359, .T. ) ;
#2070 = CARTESIAN_POINT ( 'NONE',  ( -7.875000000000000000, -5.343351607750572718, 1.349624123638565765 ) ) ;
#2071 = CARTESIAN_POINT ( 'NONE',  ( -3.175000000000002043, 1.315128060534574761, 0.4481249999999992184 ) ) ;
#2072 = ORIENTED_EDGE ( 'NONE', *, *, #3499, .F. ) ;
#2073 = DIRECTION ( 'NONE',  ( 0.000000000000000000, 0.000000000000000000, -1.000000000000000000 ) ) ;
#2074 = FACE_OUTER_BOUND ( 'NONE', #891, .T. ) ;
#2075 = DIRECTION ( 'NONE',  ( -1.421002281622506627E-15, -0.5735764363510460484, 0.8191520442889920206 ) ) ;
#2076 = VERTEX_POINT ( 'NONE', #2222 ) ;
#2077 = CARTESIAN_POINT ( 'NONE',  ( 3.174999999999999822, -2.547864221549210113E-11, 1.003749999998462039 ) ) ;
#2078 = CARTESIAN_POINT ( 'NONE',  ( 0.000000000000000000, 2.350110802895317708, 3.226250000000001172 ) ) ;
#2079 = CARTESIAN_POINT ( 'NONE',  ( -1.661779285267041661, 1.661779285267040773, -0.2662499999999999867 ) ) ;
#2080 = ORIENTED_EDGE ( 'NONE', *, *, #2814, .F. ) ;
#2081 = ADVANCED_FACE ( 'NONE', ( #119 ), #1432, .T. ) ;
#2082 = DIRECTION ( 'NONE',  ( 0.000000000000000000, -1.000000000000000000, 0.000000000000000000 ) ) ;
#2083 = CARTESIAN_POINT ( 'NONE',  ( -1.343601418275894188, -3.243740766425390554, -0.5440625000000011147 ) ) ;
#2084 = CIRCLE ( 'NONE', #666, 0.1249999999999998890 ) ;
#2085 = CIRCLE ( 'NONE', #564, 0.2500000000000002220 ) ;
#2086 = EDGE_CURVE ( 'NONE', #2477, #2764, #2230, .T. ) ;
#2087 = CARTESIAN_POINT ( 'NONE',  ( 2.878055672407371125E-16, -2.350110802895321260, 0.2100000000000018241 ) ) ;
#2088 = CARTESIAN_POINT ( 'NONE',  ( -7.875000000000000000, 3.000000000000000000, 2.749999999999999556 ) ) ;
#2089 = EDGE_CURVE ( 'NONE', #131, #2681, #315, .T. ) ;
#2090 = ORIENTED_EDGE ( 'NONE', *, *, #3184, .T. ) ;
#2091 = VECTOR ( 'NONE', #3065, 1000.000000000000000 ) ;
#2092 = CARTESIAN_POINT ( 'NONE',  ( -2.293671092350641594, -2.293671092350642482, -3.163437500000001457 ) ) ;
#2093 = LINE ( 'NONE', #2350, #2782 ) ;
#2094 = AXIS2_PLACEMENT_3D ( 'NONE', #330, #280, #26 ) ;
#2095 = CYLINDRICAL_SURFACE ( 'NONE', #2784, 0.1250000000000001110 ) ;
#2096 = DIRECTION ( 'NONE',  ( -1.000000000000000000, -0.000000000000000000, -0.000000000000000000 ) ) ;
#2097 = ORIENTED_EDGE ( 'NONE', *, *, #1659, .F. ) ;
#2098 = CARTESIAN_POINT ( 'NONE',  ( 7.875000000000000000, 2.875000000000000000, 2.749999999999999556 ) ) ;
#2099 = AXIS2_PLACEMENT_3D ( 'NONE', #834, #41, #2748 ) ;
#2100 = DIRECTION ( 'NONE',  ( 0.000000000000000000, 0.000000000000000000, 1.000000000000000000 ) ) ;
#2101 = CARTESIAN_POINT ( 'NONE',  ( 2.878055672407367674E-16, -2.350110802895317708, -2.330000000000000071 ) ) ;
#2102 = CARTESIAN_POINT ( 'NONE',  ( -0.9734477676387640610, -2.350110802895318596, -1.139375000000000249 ) ) ;
#2103 = VERTEX_POINT ( 'NONE', #897 ) ;
#2104 = CARTESIAN_POINT ( 'NONE',  ( -2.207940216581962378, 2.875000000000000000, 1.750000000000000444 ) ) ;
#2105 = EDGE_CURVE ( 'NONE', #3357, #1600, #3062, .T. ) ;
#2106 = CARTESIAN_POINT ( 'NONE',  ( 3.243740766425389666, 1.986218373433317810E-16, 1.122812499999999103 ) ) ;
#2107 = EDGE_CURVE ( 'NONE', #1431, #22, #2972, .T. ) ;
#2108 = ORIENTED_EDGE ( 'NONE', *, *, #2354, .F. ) ;
#2109 = CARTESIAN_POINT ( 'NONE',  ( 1.661779285267043438, 1.661779285267043438, 0.6862500000000019140 ) ) ;
#2110 = DIRECTION ( 'NONE',  ( 0.000000000000000000, 0.000000000000000000, -1.000000000000000000 ) ) ;
#2111 = FACE_OUTER_BOUND ( 'NONE', #2948, .T. ) ;
#2112 = VECTOR ( 'NONE', #583, 999.9999999999998863 ) ;
#2113 = DIRECTION ( 'NONE',  ( 1.000000000000000000, 0.000000000000000000, 0.000000000000000000 ) ) ;
#2114 = CIRCLE ( 'NONE', #3428, 0.2500000000000002220 ) ;
#2115 = CARTESIAN_POINT ( 'NONE',  ( 7.875000000000000000, 3.125000000000000000, 1.625000000000000444 ) ) ;
#2116 = CARTESIAN_POINT ( 'NONE',  ( -8.000000000000000000, 5.200000000000000178, 1.449999999999999956 ) ) ;
#2117 = VERTEX_POINT ( 'NONE', #1928 ) ;
#2118 = DIRECTION ( 'NONE',  ( 0.6090869562984714269, 0.7931034482758626547, 0.000000000000000000 ) ) ;
#2119 = ADVANCED_FACE ( 'NONE', ( #3295 ), #1731, .T. ) ;
#2120 = AXIS2_PLACEMENT_3D ( 'NONE', #645, #400, #677 ) ;
#2121 = DIRECTION ( 'NONE',  ( 0.000000000000000000, 0.000000000000000000, 1.000000000000000000 ) ) ;
#2122 = CARTESIAN_POINT ( 'NONE',  ( 0.9734477676387645051, -2.350110802895317708, 0.2893750000000001599 ) ) ;
#2123 = CARTESIAN_POINT ( 'NONE',  ( 2.878055672407368167E-16, -2.350110802895318152, 0.2100000000000001310 ) ) ;
#2124 = ORIENTED_EDGE ( 'NONE', *, *, #3185, .T. ) ;
#2125 = ADVANCED_BREP_SHAPE_REPRESENTATION ( '5508N11_T-Slotted Framing Fasteners', ( #2539, #923 ), #476 ) ;
#2126 =( BOUNDED_CURVE ( )  B_SPLINE_CURVE ( 2, ( #1525, #3167, #2921, #409, #2352, #2059, #1753, #2369, #1265 ),
 .UNSPECIFIED., .F., .T. ) 
 B_SPLINE_CURVE_WITH_KNOTS ( ( 3, 2, 2, 2, 3 ),
 ( 0.4583333333333333148, 0.4791666666666666852, 0.5000000000000000000, 0.5208333333333333703, 0.5416666666666666297 ),
 .UNSPECIFIED. ) 
 CURVE ( )  GEOMETRIC_REPRESENTATION_ITEM ( )  RATIONAL_B_SPLINE_CURVE ( ( 1.000000000000000000, 0.9238795325112867385, 1.000000000000000000, 0.9238795325112867385, 1.000000000000000000, 0.9238795325112867385, 1.000000000000000000, 0.9238795325112867385, 1.000000000000000000 ) ) 
 REPRESENTATION_ITEM ( '' )  );
#2127 = DIRECTION ( 'NONE',  ( 1.000000000000000000, 0.000000000000000000, 0.000000000000000000 ) ) ;
#2128 = CARTESIAN_POINT ( 'NONE',  ( -3.243740766425388333, -1.343601418275896409, 1.837187499999998863 ) ) ;
#2129 = ORIENTED_EDGE ( 'NONE', *, *, #3402, .F. ) ;
#2130 = DIRECTION ( 'NONE',  ( -0.000000000000000000, 1.000000000000000000, -0.000000000000000000 ) ) ;
#2131 = CARTESIAN_POINT ( 'NONE',  ( 0.1680131245447023802, 2.837707859334105631, -1.424860409392726401 ) ) ;
#2132 = CARTESIAN_POINT ( 'NONE',  ( -2.293671092350641594, -2.293671092350642482, 1.837187499999999751 ) ) ;
#2133 = CARTESIAN_POINT ( 'NONE',  ( -7.875000000000000000, 3.000000000000000000, 2.624999999999999112 ) ) ;
#2134 = ORIENTED_EDGE ( 'NONE', *, *, #2403, .T. ) ;
#2135 = ORIENTED_EDGE ( 'NONE', *, *, #667, .F. ) ;
#2136 = CARTESIAN_POINT ( 'NONE',  ( 8.000000000000000000, -2.875000000000000000, 2.624999999999999112 ) ) ;
#2137 = EDGE_CURVE ( 'NONE', #2510, #1424, #2911, .T. ) ;
#2138 = DIRECTION ( 'NONE',  ( -0.000000000000000000, -0.000000000000000000, -1.000000000000000000 ) ) ;
#2139 = EDGE_CURVE ( 'NONE', #3330, #1490, #2022, .T. ) ;
#2140 = CARTESIAN_POINT ( 'NONE',  ( 2.878055672407367674E-16, -2.350110802895317708, 0.05125000000000094758 ) ) ;
#2141 = CARTESIAN_POINT ( 'NONE',  ( 0.9734477676387645051, 2.350110802895318152, 2.035625000000000018 ) ) ;
#2142 = ORIENTED_EDGE ( 'NONE', *, *, #437, .F. ) ;
#2143 = CARTESIAN_POINT ( 'NONE',  ( 7.875000000000000000, -3.125000000000000000, 1.749999999999999778 ) ) ;
#2144 = CARTESIAN_POINT ( 'NONE',  ( 3.243740766425389221, -1.343601418275894188, 1.043437499999999130 ) ) ;
#2145 = VERTEX_POINT ( 'NONE', #1817 ) ;
#2146 = CARTESIAN_POINT ( 'NONE',  ( -2.350110802895320816, -0.9734477676387671696, -0.02812499999999822087 ) ) ;
#2147 = CARTESIAN_POINT ( 'NONE',  ( 1.156528700698589374, 2.646586637735371728, -1.470530901589051975 ) ) ;
#2148 = CARTESIAN_POINT ( 'NONE',  ( 0.000000000000000000, 3.243740766425389666, 3.900937499999999947 ) ) ;
#2149 = AXIS2_PLACEMENT_3D ( 'NONE', #990, #204, #2651 ) ;
#2150 = CARTESIAN_POINT ( 'NONE',  ( 0.000000000000000000, 1.232047923278981121E-17, 1.750000000000000000 ) ) ;
#2151 = FACE_OUTER_BOUND ( 'NONE', #2988, .T. ) ;
#2152 = DIRECTION ( 'NONE',  ( 0.000000000000000000, 0.5735764363510472696, -0.8191520442889910214 ) ) ;
#2153 = VERTEX_POINT ( 'NONE', #3378 ) ;
#2154 = VERTEX_POINT ( 'NONE', #663 ) ;
#2155 = EDGE_CURVE ( 'NONE', #553, #2103, #3105, .T. ) ;
#2156 = CARTESIAN_POINT ( 'NONE',  ( 2.878055672407367674E-16, -2.350110802895317708, 2.750000000000000444 ) ) ;
#2157 = ADVANCED_FACE ( 'NONE', ( #201 ), #1798, .T. ) ;
#2158 = TOROIDAL_SURFACE ( 'NONE', #2609, 0.2500000000000000000, 0.1250000000000000000 ) ;
#2159 = AXIS2_PLACEMENT_3D ( 'NONE', #2584, #2075, #3151 ) ;
#2160 = CARTESIAN_POINT ( 'NONE',  ( -8.000000000000000000, -5.445745613286696596, 1.277927069094684898 ) ) ;
#2161 = CARTESIAN_POINT ( 'NONE',  ( 2.350110802895317708, 0.9734477676387643941, 1.718125000000001235 ) ) ;
#2162 = CARTESIAN_POINT ( 'NONE',  ( 1.661779285267041439, 1.661779285267041439, -3.123750000000000249 ) ) ;
#2163 = ORIENTED_EDGE ( 'NONE', *, *, #1696, .F. ) ;
#2164 = AXIS2_PLACEMENT_3D ( 'NONE', #3498, #3515, #2174 ) ;
#2165 = DIRECTION ( 'NONE',  ( 0.000000000000000000, 0.000000000000000000, -1.000000000000000000 ) ) ;
#2166 = CARTESIAN_POINT ( 'NONE',  ( 0.9734477676387642830, 2.350110802895317708, -3.203124999999999112 ) ) ;
#2167 = VERTEX_POINT ( 'NONE', #1259 ) ;
#2168 = CARTESIAN_POINT ( 'NONE',  ( 1.661779285267043438, -1.661779285267043216, 0.3687500000000018541 ) ) ;
#2169 = CARTESIAN_POINT ( 'NONE',  ( -4.030007653160734726, -0.9875763014154136377, -2.730501525564836829 ) ) ;
#2170 = DIRECTION ( 'NONE',  ( 1.000000000000000000, 0.000000000000000000, 0.000000000000000000 ) ) ;
#2171 = CARTESIAN_POINT ( 'NONE',  ( 7.976308181546796661, -3.000000000000000000, 1.749999999999999778 ) ) ;
#2172 = ORIENTED_EDGE ( 'NONE', *, *, #2617, .F. ) ;
#2173 = ORIENTED_EDGE ( 'NONE', *, *, #1993, .F. ) ;
#2174 = DIRECTION ( 'NONE',  ( 0.000000000000000000, 0.000000000000000000, -1.000000000000000000 ) ) ;
#2175 = AXIS2_PLACEMENT_3D ( 'NONE', #326, #3345, #1999 ) ;
#2176 = DIRECTION ( 'NONE',  ( -0.6090869562984714269, 0.7931034482758626547, 0.000000000000000000 ) ) ;
#2177 = CARTESIAN_POINT ( 'NONE',  ( 2.350110802895317708, -0.9734477676387640610, -2.250624999999998543 ) ) ;
#2178 = CARTESIAN_POINT ( 'NONE',  ( 2.878055672407368167E-16, -2.350110802895318152, -2.330000000000000071 ) ) ;
#2179 = AXIS2_PLACEMENT_3D ( 'NONE', #2823, #3412, #1258 ) ;
#2180 = VECTOR ( 'NONE', #2165, 1000.000000000000000 ) ;
#2181 = FACE_OUTER_BOUND ( 'NONE', #2902, .T. ) ;
#2182 = CARTESIAN_POINT ( 'NONE',  ( 0.000000000000000000, 0.000000000000000000, -2.750000000000000444 ) ) ;
#2183 = ORIENTED_EDGE ( 'NONE', *, *, #1852, .T. ) ;
#2184 = CARTESIAN_POINT ( 'NONE',  ( 3.713493042083598539, 1.580108936768607863, -2.617236878725563987 ) ) ;
#2185 = CARTESIAN_POINT ( 'NONE',  ( -0.2246283195386461207, -3.174999999999998490, -1.762152550058653233 ) ) ;
#2186 = ADVANCED_FACE ( 'NONE', ( #1764 ), #182, .F. ) ;
#2187 = ADVANCED_FACE ( 'NONE', ( #2306 ), #3413, .T. ) ;
#2188 = ADVANCED_FACE ( 'NONE', ( #403 ), #151, .T. ) ;
#2189 = DIRECTION ( 'NONE',  ( 0.000000000000000000, -0.000000000000000000, -1.000000000000000000 ) ) ;
#2190 = CARTESIAN_POINT ( 'NONE',  ( 2.207940216581962378, -2.875000000000000000, 2.624999999999998668 ) ) ;
#2191 = ORIENTED_EDGE ( 'NONE', *, *, #238, .F. ) ;
#2192 = ORIENTED_EDGE ( 'NONE', *, *, #829, .T. ) ;
#2193 = DIRECTION ( 'NONE',  ( 1.000000000000000000, 0.000000000000000000, 0.000000000000000000 ) ) ;
#2194 = FACE_OUTER_BOUND ( 'NONE', #933, .T. ) ;
#2195 = CARTESIAN_POINT ( 'NONE',  ( -0.9734477676387658374, 2.350110802895317264, -1.774374999999999591 ) ) ;
#2196 = CARTESIAN_POINT ( 'NONE',  ( 2.245064030267288846, 2.245064030267288846, 1.321249999999998925 ) ) ;
#2197 = ORIENTED_EDGE ( 'NONE', *, *, #1660, .F. ) ;
#2198 = CYLINDRICAL_SURFACE ( 'NONE', #289, 3.174999999999999822 ) ;
#2199 = EDGE_LOOP ( 'NONE', ( #579, #2060, #2053, #1591 ) ) ;
#2200 = CARTESIAN_POINT ( 'NONE',  ( 4.030007611207528484, 0.9875764129985502571, -2.730501512201254588 ) ) ;
#2201 = LINE ( 'NONE', #1166, #2112 ) ;
#2202 = ADVANCED_FACE ( 'NONE', ( #2032 ), #249, .T. ) ;
#2203 = EDGE_CURVE ( 'NONE', #588, #312, #531, .T. ) ;
#2204 = DIRECTION ( 'NONE',  ( 1.000000000000000000, 0.000000000000000000, 0.000000000000000000 ) ) ;
#2205 = DIRECTION ( 'NONE',  ( 1.000000000000000000, 0.000000000000000000, 0.000000000000000000 ) ) ;
#2206 = ORIENTED_EDGE ( 'NONE', *, *, #2576, .T. ) ;
#2207 = ORIENTED_EDGE ( 'NONE', *, *, #272, .F. ) ;
#2208 = AXIS2_PLACEMENT_3D ( 'NONE', #3481, #3458, #2121 ) ;
#2209 = CARTESIAN_POINT ( 'NONE',  ( 2.350110802895317708, -0.9734477676387640610, 1.718125000000000346 ) ) ;
#2210 = DIRECTION ( 'NONE',  ( 1.000000000000000000, 0.000000000000000000, 0.000000000000000000 ) ) ;
#2211 = CARTESIAN_POINT ( 'NONE',  ( -2.350110802895317264, -0.9734477676387655043, -1.456874999999999254 ) ) ;
#2212 = CARTESIAN_POINT ( 'NONE',  ( -0.9734477676387660594, 2.350110802895317708, -2.885624999999999662 ) ) ;
#2213 = VERTEX_POINT ( 'NONE', #1503 ) ;
#2214 = AXIS2_PLACEMENT_3D ( 'NONE', #1496, #171, #2265 ) ;
#2215 = AXIS2_PLACEMENT_3D ( 'NONE', #821, #1638, #2734 ) ;
#2216 = CARTESIAN_POINT ( 'NONE',  ( 1.550065199360357362E-11, -3.016115360629989972, -1.603267910688645159 ) ) ;
#2217 = EDGE_LOOP ( 'NONE', ( #1336, #916, #2072, #147 ) ) ;
#2218 = CIRCLE ( 'NONE', #618, 0.1250000000000001110 ) ;
#2219 = CARTESIAN_POINT ( 'NONE',  ( 3.838564150863418512, 1.391862132124498830, -2.664274946960962787 ) ) ;
#2220 = CARTESIAN_POINT ( 'NONE',  ( 0.000000000000000000, 2.350110802895317708, 3.226250000000001172 ) ) ;
#2221 = DIRECTION ( 'NONE',  ( -0.6090869562984714269, -0.7931034482758626547, 0.000000000000000000 ) ) ;
#2222 = CARTESIAN_POINT ( 'NONE',  ( -1.968538869267857840E-16, -3.174999999999999822, -1.762152550058650791 ) ) ;
#2223 = ORIENTED_EDGE ( 'NONE', *, *, #1615, .T. ) ;
#2224 = VERTEX_POINT ( 'NONE', #2877 ) ;
#2225 = CARTESIAN_POINT ( 'NONE',  ( 0.000000000000000000, 2.350110802895317708, 0.8450000000000003064 ) ) ;
#2226 = CARTESIAN_POINT ( 'NONE',  ( -2.147384119933571700, -3.000000000000000444, 1.814411957758514937 ) ) ;
#2227 = EDGE_CURVE ( 'NONE', #137, #1896, #2012, .T. ) ;
#2228 = CARTESIAN_POINT ( 'NONE',  ( 0.3352533900562789104, -2.688629395030071034, 1.141301130269692488 ) ) ;
#2229 = CARTESIAN_POINT ( 'NONE',  ( -1.991433865635852785, -3.000000000000000000, 1.749999999999999778 ) ) ;
#2230 = CIRCLE ( 'NONE', #2458, 0.3000000000000003775 ) ;
#2231 = CARTESIAN_POINT ( 'NONE',  ( 8.000000000000000000, -5.199999999999999289, -2.624999999999999556 ) ) ;
#2232 = TOROIDAL_SURFACE ( 'NONE', #1383, 0.1750000000000004607, 0.1250000000000000000 ) ;
#2233 = CARTESIAN_POINT ( 'NONE',  ( 2.293671092350642038, -2.293671092350641594, 3.424687499999999662 ) ) ;
#2234 = ORIENTED_EDGE ( 'NONE', *, *, #1660, .T. ) ;
#2235 = EDGE_CURVE ( 'NONE', #1191, #541, #114, .T. ) ;
#2236 = CIRCLE ( 'NONE', #2754, 0.1250000000000001110 ) ;
#2237 = DIRECTION ( 'NONE',  ( 0.000000000000000000, 0.000000000000000000, -1.000000000000000000 ) ) ;
#2238 = DIRECTION ( 'NONE',  ( -0.000000000000000000, 1.000000000000000000, 9.856383386231863758E-17 ) ) ;
#2239 = DIRECTION ( 'NONE',  ( 0.000000000000000000, 1.000000000000000000, 0.000000000000000000 ) ) ;
#2240 = CARTESIAN_POINT ( 'NONE',  ( 7.875000000000000000, -2.875000000000000000, 2.624999999999999112 ) ) ;
#2241 = ORIENTED_EDGE ( 'NONE', *, *, #825, .F. ) ;
#2242 = EDGE_LOOP ( 'NONE', ( #1841, #610, #1008, #3290 ) ) ;
#2243 = DIRECTION ( 'NONE',  ( 0.000000000000000000, 0.000000000000000000, -1.000000000000000000 ) ) ;
#2244 = CARTESIAN_POINT ( 'NONE',  ( -1.984027628362192708, -1.653356579480786959, 1.014201903194251075 ) ) ;
#2245 = LINE ( 'NONE', #655, #789 ) ;
#2246 = EDGE_CURVE ( 'NONE', #2213, #131, #1407, .T. ) ;
#2247 = EDGE_CURVE ( 'NONE', #588, #288, #2745, .T. ) ;
#2248 = DIRECTION ( 'NONE',  ( 1.000000000000000000, 0.000000000000000000, 0.000000000000000000 ) ) ;
#2249 = CARTESIAN_POINT ( 'NONE',  ( 3.243740766425389666, 1.986218373433317810E-16, -0.2265625000000001943 ) ) ;
#2250 = ORIENTED_EDGE ( 'NONE', *, *, #2068, .F. ) ;
#2251 = CARTESIAN_POINT ( 'NONE',  ( -7.875000000000000000, -2.875000000000000000, 2.624999999999999112 ) ) ;
#2252 = CARTESIAN_POINT ( 'NONE',  ( -2.207940216581962378, -3.000000000000000000, 2.749999999999999112 ) ) ;
#2253 = DIRECTION ( 'NONE',  ( -1.000000000000000000, 0.000000000000000000, 0.000000000000000000 ) ) ;
#2254 = SPHERICAL_SURFACE ( 'NONE', #1091, 0.1250000000000000000 ) ;
#2255 = ORIENTED_EDGE ( 'NONE', *, *, #109, .F. ) ;
#2256 = ORIENTED_EDGE ( 'NONE', *, *, #2925, .F. ) ;
#2257 = ADVANCED_FACE ( 'NONE', ( #1855 ), #634, .F. ) ;
#2258 = ADVANCED_FACE ( 'NONE', ( #3005 ), #2455, .T. ) ;
#2259 = FACE_OUTER_BOUND ( 'NONE', #6, .T. ) ;
#2260 = VECTOR ( 'NONE', #1985, 1000.000000000000000 ) ;
#2261 = CARTESIAN_POINT ( 'NONE',  ( -2.350110802895317264, 0.9734477676387649492, -2.885624999999999218 ) ) ;
#2262 = CARTESIAN_POINT ( 'NONE',  ( -8.000000000000000000, 3.000000000000000000, 1.749999999999999778 ) ) ;
#2263 = AXIS2_PLACEMENT_3D ( 'NONE', #1650, #2742, #3040 ) ;
#2264 = CARTESIAN_POINT ( 'NONE',  ( 8.000000000000000000, 3.717306685560505475, -0.9726086908603082115 ) ) ;
#2265 = DIRECTION ( 'NONE',  ( 1.000000000000000000, 0.000000000000000000, 0.000000000000000000 ) ) ;
#2266 = CARTESIAN_POINT ( 'NONE',  ( -3.243740766425389666, -5.958655120299952691E-16, -2.131562500000000693 ) ) ;
#2267 = VERTEX_POINT ( 'NONE', #1080 ) ;
#2268 = AXIS2_PLACEMENT_3D ( 'NONE', #1352, #2170, #3202 ) ;
#2269 = AXIS2_PLACEMENT_3D ( 'NONE', #2331, #3094, #1476 ) ;
#2270 = CARTESIAN_POINT ( 'NONE',  ( 0.4481045695083468172, -3.162345589028831672, -1.773345831134516271 ) ) ;
#2271 = DIRECTION ( 'NONE',  ( 1.000000000000000000, 0.000000000000000000, 0.000000000000000000 ) ) ;
#2272 = DIRECTION ( 'NONE',  ( -0.000000000000000000, -0.000000000000000000, 1.000000000000000000 ) ) ;
#2273 = CIRCLE ( 'NONE', #3465, 0.1750000000000002387 ) ;
#2274 = DIRECTION ( 'NONE',  ( 0.000000000000000000, 0.8191520442889917986, 0.5735764363510459374 ) ) ;
#2275 = ORIENTED_EDGE ( 'NONE', *, *, #1874, .F. ) ;
#2276 = EDGE_LOOP ( 'NONE', ( #2912, #1404, #616, #103, #2908 ) ) ;
#2277 = CARTESIAN_POINT ( 'NONE',  ( 2.725973258860829862, 1.107902618813142892, 1.376675658754587861 ) ) ;
#2278 = DIRECTION ( 'NONE',  ( 1.421002281622506627E-15, 0.5735764363510460484, 0.8191520442889920206 ) ) ;
#2279 = FACE_OUTER_BOUND ( 'NONE', #3488, .T. ) ;
#2280 =( BOUNDED_CURVE ( )  B_SPLINE_CURVE ( 2, ( #1021, #252, #2109, #3449, #1057, #1612, #2168, #3200, #2087, #1835, #1350, #2146, #2434, #12, #3259, #549, #1629, #200, #1275, #878, #1385, #3020, #2759, #3291, #628 ),
 .UNSPECIFIED., .F., .T. ) 
 B_SPLINE_CURVE_WITH_KNOTS ( ( 3, 2, 2, 2, 2, 2, 2, 2, 2, 2, 2, 2, 3 ),
 ( 0.3837893551813821302, 0.3986498816937035228, 0.4220998747345095503, 0.4455498677753156334, 0.4689998608161217719, 0.4924498538569278550, 0.5158998468977339380, 0.5393498399385400210, 0.5627998329793461041, 0.5862498260201521871, 0.6096998190609582702, 0.6331498121017643532, 0.6386445299732582681 ),
 .UNSPECIFIED. ) 
 CURVE ( )  GEOMETRIC_REPRESENTATION_ITEM ( )  RATIONAL_B_SPLINE_CURVE ( ( 0.9646616396758407319, 0.9517615965481142082, 1.000000000000000000, 0.9238795325112867385, 1.000000000000000000, 0.9238795325112867385, 1.000000000000000000, 0.9238795325112867385, 1.000000000000000000, 0.9238795325112867385, 1.000000000000000000, 0.9238795325112867385, 1.000000000000000000, 0.9238795325112867385, 1.000000000000000000, 0.9238795325112867385, 1.000000000000000000, 0.9238795325112867385, 1.000000000000000000, 0.9238795325112867385, 1.000000000000000000, 0.9238795325112867385, 1.000000000000000000, 0.9821637263444440435, 0.9726861154352264283 ) ) 
 REPRESENTATION_ITEM ( '' )  );
#2281 = DIRECTION ( 'NONE',  ( 1.000000000000000000, 0.000000000000000000, 0.000000000000000000 ) ) ;
#2282 = CARTESIAN_POINT ( 'NONE',  ( -1.343601418275896853, 3.243740766425388333, -2.369687500000000391 ) ) ;
#2283 = ORIENTED_EDGE ( 'NONE', *, *, #3237, .T. ) ;
#2284 = VECTOR ( 'NONE', #2842, 1000.000000000000000 ) ;
#2285 = AXIS2_PLACEMENT_3D ( 'NONE', #3007, #1960, #2221 ) ;
#2286 = FACE_OUTER_BOUND ( 'NONE', #2485, .T. ) ;
#2287 = CARTESIAN_POINT ( 'NONE',  ( -2.350110802895317264, -0.9734477676387655043, 2.353125000000000799 ) ) ;
#2288 = ORIENTED_EDGE ( 'NONE', *, *, #1702, .F. ) ;
#2289 = CIRCLE ( 'NONE', #413, 0.1250000000000001110 ) ;
#2290 = EDGE_CURVE ( 'NONE', #700, #553, #3427, .T. ) ;
#2291 = CARTESIAN_POINT ( 'NONE',  ( 2.207940216581962378, 2.875000000000000000, 1.875000000000000000 ) ) ;
#2292 = CARTESIAN_POINT ( 'NONE',  ( 1.587286991950059623, -1.760287860103101343, -0.9372633529540107533 ) ) ;
#2293 = EDGE_CURVE ( 'NONE', #1757, #2076, #3103, .T. ) ;
#2294 = EDGE_LOOP ( 'NONE', ( #1793, #1356, #1580, #3129 ) ) ;
#2295 = ORIENTED_EDGE ( 'NONE', *, *, #1823, .T. ) ;
#2296 = DIRECTION ( 'NONE',  ( -0.000000000000000000, -0.000000000000000000, 1.000000000000000000 ) ) ;
#2297 = CARTESIAN_POINT ( 'NONE',  ( -2.131804347044653269, -2.775862068965516904, -8.149494936611667129 ) ) ;
#2298 = CARTESIAN_POINT ( 'NONE',  ( 2.858529913106138132, -0.3505876835412571890, 1.312141385036811991 ) ) ;
#2299 = DIRECTION ( 'NONE',  ( -1.000000000000000000, -0.000000000000000000, 0.000000000000000000 ) ) ;
#2300 = CARTESIAN_POINT ( 'NONE',  ( 3.174999999996711786, 1.315128060537872567, -0.1868749999997158240 ) ) ;
#2301 = CARTESIAN_POINT ( 'NONE',  ( 3.243740766425389221, 1.343601418275894410, -1.417187500000000044 ) ) ;
#2302 = ORIENTED_EDGE ( 'NONE', *, *, #3340, .T. ) ;
#2303 = CARTESIAN_POINT ( 'NONE',  ( -7.951846508479960107, 3.047862606947836284, 1.749999999999999778 ) ) ;
#2304 = CARTESIAN_POINT ( 'NONE',  ( 2.878055672407367674E-16, -2.350110802895317708, -1.218749999999998890 ) ) ;
#2305 = DIRECTION ( 'NONE',  ( 1.000000000000000000, 0.000000000000000000, 0.000000000000000000 ) ) ;
#2306 = FACE_OUTER_BOUND ( 'NONE', #3407, .T. ) ;
#2307 = EDGE_LOOP ( 'NONE', ( #617, #1085, #241, #2433 ) ) ;
#2308 = ORIENTED_EDGE ( 'NONE', *, *, #2469, .F. ) ;
#2309 = EDGE_CURVE ( 'NONE', #1324, #159, #827, .T. ) ;
#2310 =( LENGTH_UNIT ( ) NAMED_UNIT ( * ) SI_UNIT ( .MILLI., .METRE. ) );
#2311 = DIRECTION ( 'NONE',  ( 0.000000000000000000, -1.000000000000000000, 0.000000000000000000 ) ) ;
#2312 = DIRECTION ( 'NONE',  ( 0.000000000000000000, 3.548298019043469326E-16, -1.000000000000000000 ) ) ;
#2313 = EDGE_LOOP ( 'NONE', ( #650, #1106, #1455, #797, #2192, #1669, #1963 ) ) ;
#2314 = CYLINDRICAL_SURFACE ( 'NONE', #3354, 0.1250000000000001110 ) ;
#2315 = CARTESIAN_POINT ( 'NONE',  ( 2.245064030267292843, 2.245064030267292843, -0.1074999999999965150 ) ) ;
#2316 = CARTESIAN_POINT ( 'NONE',  ( -2.350110802895317264, 0.9734477676387649492, -1.456875000000000586 ) ) ;
#2317 = CARTESIAN_POINT ( 'NONE',  ( 1.343601418275894632, -3.243740766425389221, 0.8053124999999996536 ) ) ;
#2318 = ORIENTED_EDGE ( 'NONE', *, *, #993, .T. ) ;
#2319 = CIRCLE ( 'NONE', #1015, 0.1249999999999999029 ) ;
#2320 = B_SPLINE_CURVE_WITH_KNOTS ( 'NONE', 3,
 ( #3073, #3039, #309, #2778, #631, #1420 ),
 .UNSPECIFIED., .F., .F.,
 ( 4, 2, 4 ),
 ( 0.000000000000000000, 0.0009226957930190074096, 0.001845391586038014819 ),
 .UNSPECIFIED. ) ;
#2321 = CARTESIAN_POINT ( 'NONE',  ( -2.207940216581962378, 2.875000000000000000, 2.624999999999998668 ) ) ;
#2322 = CIRCLE ( 'NONE', #169, 0.1250000000000001110 ) ;
#2323 = CARTESIAN_POINT ( 'NONE',  ( -0.9734477676387638390, -2.350110802895318152, 1.241875000000001172 ) ) ;
#2324 = DIRECTION ( 'NONE',  ( -1.000000000000000000, 0.000000000000000000, 0.000000000000000000 ) ) ;
#2325 = CARTESIAN_POINT ( 'NONE',  ( 3.175000000003305622, -1.315128060531288057, -0.3456249999997116351 ) ) ;
#2326 = AXIS2_PLACEMENT_3D ( 'NONE', #3368, #1427, #3080 ) ;
#2327 = ORIENTED_EDGE ( 'NONE', *, *, #1117, .F. ) ;
#2328 = TOROIDAL_SURFACE ( 'NONE', #3182, 3.875000000000000000, 0.1250000000000000000 ) ;
#2329 = CARTESIAN_POINT ( 'NONE',  ( -3.433122659521843377E-24, 3.174999999999999378, -1.762152550058651013 ) ) ;
#2330 = CARTESIAN_POINT ( 'NONE',  ( -0.6940510159324043693, -3.063011161545390770, -1.708515641791806594 ) ) ;
#2331 = CARTESIAN_POINT ( 'NONE',  ( -7.875000000000000000, 2.875000000000000000, 2.749999999999999556 ) ) ;
#2332 = CARTESIAN_POINT ( 'NONE',  ( 2.350110802895317708, 1.439027836203683837E-16, -0.9012499999999988853 ) ) ;
#2333 = VERTEX_POINT ( 'NONE', #2704 ) ;
#2334 = CARTESIAN_POINT ( 'NONE',  ( -8.000000000000000000, 0.5430925139406658220, -2.624999999999999556 ) ) ;
#2335 = EDGE_CURVE ( 'NONE', #1962, #1129, #2050, .T. ) ;
#2336 = ADVANCED_FACE ( 'NONE', ( #494 ), #3201, .T. ) ;
#2337 = DIRECTION ( 'NONE',  ( 1.000000000000000000, 0.000000000000000000, 0.000000000000000000 ) ) ;
#2338 = CARTESIAN_POINT ( 'NONE',  ( 2.350110802895317708, 1.439027836203683837E-16, 2.908750000000001279 ) ) ;
#2339 = CARTESIAN_POINT ( 'NONE',  ( 2.350110802895318152, 0.9734477676387646161, 1.876875000000000071 ) ) ;
#2340 = ORIENTED_EDGE ( 'NONE', *, *, #1773, .F. ) ;
#2341 = DIRECTION ( 'NONE',  ( 0.000000000000000000, 0.000000000000000000, -1.000000000000000000 ) ) ;
#2342 = CARTESIAN_POINT ( 'NONE',  ( 1.661779285267040995, -1.661779285267040773, -1.059999999999998943 ) ) ;
#2343 = ADVANCED_FACE ( 'NONE', ( #1058 ), #2649, .T. ) ;
#2344 = DIRECTION ( 'NONE',  ( 0.000000000000000000, -1.000000000000000000, 0.000000000000000000 ) ) ;
#2345 = DIRECTION ( 'NONE',  ( -0.000000000000000000, -0.000000000000000000, 1.000000000000000000 ) ) ;
#2346 = ORIENTED_EDGE ( 'NONE', *, *, #2426, .T. ) ;
#2347 = AXIS2_PLACEMENT_3D ( 'NONE', #809, #3238, #3219 ) ;
#2348 = VECTOR ( 'NONE', #2716, 1000.000000000000000 ) ;
#2349 = CARTESIAN_POINT ( 'NONE',  ( 3.243740766425389221, -1.343601418275894188, -2.766562500000001368 ) ) ;
#2350 = CARTESIAN_POINT ( 'NONE',  ( 3.174999999999999822, 0.000000000000000000, -2.750000000000000444 ) ) ;
#2351 = DIRECTION ( 'NONE',  ( -0.000000000000000000, -3.548298019043469326E-16, 1.000000000000000000 ) ) ;
#2352 = CARTESIAN_POINT ( 'NONE',  ( 0.000000000000000000, 3.174999999999999822, -1.060000000000000941 ) ) ;
#2353 = VERTEX_POINT ( 'NONE', #755 ) ;
#2354 = EDGE_CURVE ( 'NONE', #848, #1974, #187, .T. ) ;
#2355 = DIRECTION ( 'NONE',  ( 0.000000000000000000, 0.000000000000000000, -1.000000000000000000 ) ) ;
#2356 = DIRECTION ( 'NONE',  ( 0.000000000000000000, 0.000000000000000000, -1.000000000000000000 ) ) ;
#2357 = CARTESIAN_POINT ( 'NONE',  ( 2.878055672407367674E-16, -2.350110802895317708, -1.059999999999999831 ) ) ;
#2358 = VERTEX_POINT ( 'NONE', #2739 ) ;
#2359 = EDGE_CURVE ( 'NONE', #2505, #2604, #860, .T. ) ;
#2360 = EDGE_CURVE ( 'NONE', #2153, #405, #1712, .T. ) ;
#2361 = CARTESIAN_POINT ( 'NONE',  ( 7.875000000000000000, -5.199999999999999289, 1.449999999999999289 ) ) ;
#2362 = CARTESIAN_POINT ( 'NONE',  ( 2.350110802895317708, 0.9734477676387643941, 1.718125000000001235 ) ) ;
#2363 = DIRECTION ( 'NONE',  ( -0.000000000000000000, 1.000000000000000000, 0.000000000000000000 ) ) ;
#2364 = CARTESIAN_POINT ( 'NONE',  ( 3.888253587292862845E-16, -3.175000000000012701, -0.5837499999999923306 ) ) ;
#2365 = EDGE_LOOP ( 'NONE', ( #1572, #3513, #788, #1632 ) ) ;
#2366 = CARTESIAN_POINT ( 'NONE',  ( 2.293671092350642038, -2.293671092350641594, -2.845937500000001119 ) ) ;
#2367 = CARTESIAN_POINT ( 'NONE',  ( 1.550065199360357362E-11, -3.016115360629989972, -1.603267910688645159 ) ) ;
#2368 = DIRECTION ( 'NONE',  ( 0.000000000000000000, 0.000000000000000000, -1.000000000000000000 ) ) ;
#2369 = CARTESIAN_POINT ( 'NONE',  ( 3.174999999999999822, 1.315128060534576981, -1.298125000000001528 ) ) ;
#2370 = ORIENTED_EDGE ( 'NONE', *, *, #3361, .F. ) ;
#2371 = CARTESIAN_POINT ( 'NONE',  ( 2.246288030472228137, -1.050879861502947543, -1.062306705400382301 ) ) ;
#2372 = DIRECTION ( 'NONE',  ( 1.000000000000000000, 0.000000000000000000, 0.000000000000000000 ) ) ;
#2373 = CARTESIAN_POINT ( 'NONE',  ( 2.350110802895317708, 1.439027836203683837E-16, -0.7424999999999997158 ) ) ;
#2374 = CARTESIAN_POINT ( 'NONE',  ( -1.661779285267041661, 1.661779285267040773, 2.273750000000000604 ) ) ;
#2375 = ORIENTED_EDGE ( 'NONE', *, *, #3318, .T. ) ;
#2376 = DIRECTION ( 'NONE',  ( 0.000000000000000000, -1.000000000000000000, 0.000000000000000000 ) ) ;
#2377 = CARTESIAN_POINT ( 'NONE',  ( 2.350110802895317708, 0.9734477676387643941, -2.091874999999998597 ) ) ;
#2378 = AXIS2_PLACEMENT_3D ( 'NONE', #779, #264, #745 ) ;
#2379 = ORIENTED_EDGE ( 'NONE', *, *, #3045, .F. ) ;
#2380 = VECTOR ( 'NONE', #2935, 1000.000000000000000 ) ;
#2381 = FACE_OUTER_BOUND ( 'NONE', #2700, .T. ) ;
#2382 = CARTESIAN_POINT ( 'NONE',  ( 7.875000000000000000, -2.875000000000000000, 2.624999999999999112 ) ) ;
#2383 = CARTESIAN_POINT ( 'NONE',  ( -1.343601418275894188, -3.243740766425390554, 3.186562499999999520 ) ) ;
#2384 = VECTOR ( 'NONE', #2062, 1000.000000000000227 ) ;
#2385 = CARTESIAN_POINT ( 'NONE',  ( 7.976308181546796661, -3.000000000000000000, 1.749999999999999778 ) ) ;
#2386 = VECTOR ( 'NONE', #595, 999.9999999999998863 ) ;
#2387 = CARTESIAN_POINT ( 'NONE',  ( -0.1722124537058616622, -2.436539816015396376, -1.023692366074046456 ) ) ;
#2388 = DIRECTION ( 'NONE',  ( 0.000000000000000000, 0.000000000000000000, 1.000000000000000000 ) ) ;
#2389 = DIRECTION ( 'NONE',  ( -0.000000000000000000, 0.5735764363510483799, 0.8191520442889903553 ) ) ;
#2390 = ORIENTED_EDGE ( 'NONE', *, *, #2497, .F. ) ;
#2391 = CARTESIAN_POINT ( 'NONE',  ( -3.146709492191741564, 0.4228999547503348166, 1.612518467145672041 ) ) ;
#2392 = DIRECTION ( 'NONE',  ( 0.000000000000000000, -1.000000000000000000, 0.000000000000000000 ) ) ;
#2393 = CARTESIAN_POINT ( 'NONE',  ( -2.350110802895317708, -4.317083508611050525E-16, -2.647499999999999964 ) ) ;
#2394 = CARTESIAN_POINT ( 'NONE',  ( 2.878055672407368167E-16, -2.350110802895318152, -1.059999999999999831 ) ) ;
#2395 = ORIENTED_EDGE ( 'NONE', *, *, #1475, .F. ) ;
#2396 = LINE ( 'NONE', #3463, #2981 ) ;
#2397 = CARTESIAN_POINT ( 'NONE',  ( 2.054379608080879382, -1.141291028522842144, -3.544299273459449839 ) ) ;
#2398 = ORIENTED_EDGE ( 'NONE', *, *, #1515, .F. ) ;
#2399 = DIRECTION ( 'NONE',  ( 0.000000000000000000, 0.000000000000000000, -1.000000000000000000 ) ) ;
#2400 = CARTESIAN_POINT ( 'NONE',  ( -1.968538869267857840E-16, -3.174999999999999822, -1.762152550058650791 ) ) ;
#2401 = CARTESIAN_POINT ( 'NONE',  ( 3.972436746866635620E-16, -3.243740766425389666, 1.995937499999999920 ) ) ;
#2402 = VECTOR ( 'NONE', #515, 1000.000000000000000 ) ;
#2403 = EDGE_CURVE ( 'NONE', #848, #1639, #2201, .T. ) ;
#2404 = DIRECTION ( 'NONE',  ( 0.000000000000000000, 3.548298019043469326E-16, -1.000000000000000000 ) ) ;
#2405 = CIRCLE ( 'NONE', #2285, 0.1250000000000002498 ) ;
#2406 = LINE ( 'NONE', #1597, #10 ) ;
#2407 = EDGE_LOOP ( 'NONE', ( #855, #142, #1016, #633 ) ) ;
#2408 = ORIENTED_EDGE ( 'NONE', *, *, #2875, .F. ) ;
#2409 = CARTESIAN_POINT ( 'NONE',  ( 8.000000000000000000, 0.5430925139406658220, 1.250000000000000222 ) ) ;
#2410 = PRODUCT ( '5508N11_T-Slotted Framing Fasteners', '5508N11_T-Slotted Framing Fasteners', '', ( #1381 ) ) ;
#2411 = CYLINDRICAL_SURFACE ( 'NONE', #3457, 0.1250000000000001110 ) ;
#2412 = CARTESIAN_POINT ( 'NONE',  ( 0.9734477676387645051, -2.350110802895317708, 1.400625000000001119 ) ) ;
#2413 = CARTESIAN_POINT ( 'NONE',  ( 2.350110802895318152, 0.9734477676387646161, -0.6631250000000000755 ) ) ;
#2414 = ORIENTED_EDGE ( 'NONE', *, *, #982, .T. ) ;
#2415 = CARTESIAN_POINT ( 'NONE',  ( 2.350110802895317708, 1.439027836203683837E-16, -3.441249999999999254 ) ) ;
#2416 = VERTEX_POINT ( 'NONE', #3327 ) ;
#2417 = DIRECTION ( 'NONE',  ( -1.000000000000000000, -0.000000000000000000, -0.000000000000000000 ) ) ;
#2418 = CARTESIAN_POINT ( 'NONE',  ( 1.333381684706258508, -1.935229719897659573, -0.9372633529540107533 ) ) ;
#2419 = CARTESIAN_POINT ( 'NONE',  ( 3.243740766425389221, 1.343601418275894410, 2.392812500000000675 ) ) ;
#2420 = CARTESIAN_POINT ( 'NONE',  ( -2.748093952935254602, 2.454547007402597902, -2.265839084898188638 ) ) ;
#2421 = DIRECTION ( 'NONE',  ( 1.000000000000000000, 0.000000000000000000, 0.000000000000000000 ) ) ;
#2422 = CARTESIAN_POINT ( 'NONE',  ( 2.245064030267288846, -2.245064030267288402, -0.2662500000000012634 ) ) ;
#2423 = ORIENTED_EDGE ( 'NONE', *, *, #656, .F. ) ;
#2424 = VERTEX_POINT ( 'NONE', #2807 ) ;
#2425 = DIRECTION ( 'NONE',  ( 0.000000000000000000, -9.856383386231863758E-17, 1.000000000000000000 ) ) ;
#2426 = EDGE_CURVE ( 'NONE', #2715, #2145, #2853, .T. ) ;
#2427 = DIRECTION ( 'NONE',  ( 1.000000000000000000, 0.000000000000000000, 0.000000000000000000 ) ) ;
#2428 = CARTESIAN_POINT ( 'NONE',  ( 1.661779285267040995, 1.661779285267040995, 1.797500000000001208 ) ) ;
#2429 = CARTESIAN_POINT ( 'NONE',  ( -2.177723434973864336, 2.999999999999999556, 1.844784427038808516 ) ) ;
#2430 = ORIENTED_EDGE ( 'NONE', *, *, #461, .F. ) ;
#2431 = CARTESIAN_POINT ( 'NONE',  ( 4.097412174197438084, -0.7699915333052128608, -2.750000000000000000 ) ) ;
#2432 = CARTESIAN_POINT ( 'NONE',  ( 0.9734477676387642830, 2.350110802895317708, -1.933124999999999094 ) ) ;
#2433 = ORIENTED_EDGE ( 'NONE', *, *, #2576, .F. ) ;
#2434 = CARTESIAN_POINT ( 'NONE',  ( -2.350110802895321260, -4.317083508611056441E-16, -0.1074999999999982497 ) ) ;
#2435 = CIRCLE ( 'NONE', #2558, 0.1250000000000002498 ) ;
#2436 = CARTESIAN_POINT ( 'NONE',  ( -3.431492496220425625, -1.915484088554783471, -2.511311678074048537 ) ) ;
#2437 = LINE ( 'NONE', #2951, #3178 ) ;
#2438 = B_SPLINE_CURVE_WITH_KNOTS ( 'NONE', 3,
 ( #1376, #1122, #1932, #2226, #1964, #3269 ),
 .UNSPECIFIED., .F., .F.,
 ( 4, 2, 4 ),
 ( 0.0004001385786894872494, 0.0005288294216264320929, 0.0006575202645633769364 ),
 .UNSPECIFIED. ) ;
#2439 = CARTESIAN_POINT ( 'NONE',  ( -4.030874227255912601, 0.9858879548572329066, -2.730808383314690779 ) ) ;
#2440 = CARTESIAN_POINT ( 'NONE',  ( 1.385760097120510403, -2.856622823060221528, -1.762152550058654121 ) ) ;
#2441 = ORIENTED_EDGE ( 'NONE', *, *, #762, .T. ) ;
#2442 = ORIENTED_EDGE ( 'NONE', *, *, #1400, .T. ) ;
#2443 = AXIS2_PLACEMENT_3D ( 'NONE', #823, #78, #624 ) ;
#2444 = FACE_OUTER_BOUND ( 'NONE', #1357, .T. ) ;
#2445 = CARTESIAN_POINT ( 'NONE',  ( -2.350110802895317264, 0.9734477676387649492, 2.194375000000000853 ) ) ;
#2446 = VECTOR ( 'NONE', #2532, 1000.000000000000000 ) ;
#2447 = CARTESIAN_POINT ( 'NONE',  ( -1.661779285267041217, -1.661779285267041661, -2.488750000000000018 ) ) ;
#2448 = ORIENTED_EDGE ( 'NONE', *, *, #2834, .T. ) ;
#2449 = EDGE_CURVE ( 'NONE', #1424, #2510, #3262, .T. ) ;
#2450 = EDGE_CURVE ( 'NONE', #858, #1757, #339, .T. ) ;
#2451 = APPLICATION_PROTOCOL_DEFINITION ( 'draft international standard', 'automotive_design', 1998, #2903 ) ;
#2452 = CARTESIAN_POINT ( 'NONE',  ( -1.343601418275896853, 3.243740766425388333, 1.519687499999999192 ) ) ;
#2453 = ORIENTED_EDGE ( 'NONE', *, *, #1140, .F. ) ;
#2454 = CARTESIAN_POINT ( 'NONE',  ( 4.127269001747372990, 0.5430925139406672653, -2.750000000000001332 ) ) ;
#2455 = SPHERICAL_SURFACE ( 'NONE', #2629, 0.1250000000000000000 ) ;
#2456 = CARTESIAN_POINT ( 'NONE',  ( 7.875000000000000000, -3.125000000000000000, 1.749999999999999778 ) ) ;
#2457 = ORIENTED_EDGE ( 'NONE', *, *, #2089, .F. ) ;
#2458 = AXIS2_PLACEMENT_3D ( 'NONE', #914, #2205, #615 ) ;
#2459 = VERTEX_POINT ( 'NONE', #49 ) ;
#2460 = CARTESIAN_POINT ( 'NONE',  ( 3.174999999999999822, 0.000000000000000000, -2.750000000000000444 ) ) ;
#2461 = AXIS2_PLACEMENT_3D ( 'NONE', #790, #3180, #737 ) ;
#2462 = EDGE_CURVE ( 'NONE', #2852, #405, #1538, .T. ) ;
#2463 = DIRECTION ( 'NONE',  ( 1.000000000000000000, 0.000000000000000000, 0.000000000000000000 ) ) ;
#2464 = CARTESIAN_POINT ( 'NONE',  ( -1.661779285267040773, -1.661779285267041439, -0.1074999999999990963 ) ) ;
#2465 = VECTOR ( 'NONE', #431, 1000.000000000000227 ) ;
#2466 = AXIS2_PLACEMENT_3D ( 'NONE', #285, #3033, #94 ) ;
#2467 = APPLICATION_PROTOCOL_DEFINITION ( 'draft international standard', 'automotive_design', 1998, #471 ) ;
#2468 = CARTESIAN_POINT ( 'NONE',  ( -7.875000000000000000, -0.5430925139406658220, -2.750000000000000000 ) ) ;
#2469 = EDGE_CURVE ( 'NONE', #3365, #288, #1665, .T. ) ;
#2470 = ORIENTED_EDGE ( 'NONE', *, *, #2893, .T. ) ;
#2471 = ADVANCED_FACE ( 'NONE', ( #1977 ), #100, .T. ) ;
#2472 = CARTESIAN_POINT ( 'NONE',  ( 2.207940216581962378, -2.875000000000000000, 2.624999999999998668 ) ) ;
#2473 = CARTESIAN_POINT ( 'NONE',  ( -2.207940216581962378, -2.875000000000000000, 2.624999999999998668 ) ) ;
#2474 = CARTESIAN_POINT ( 'NONE',  ( -3.174999999999999822, -5.832380380939269122E-16, 0.5274999999999989697 ) ) ;
#2475 = CARTESIAN_POINT ( 'NONE',  ( 7.951846508479920139, -3.047862606947912667, 1.749999999999999778 ) ) ;
#2476 = ORIENTED_EDGE ( 'NONE', *, *, #884, .F. ) ;
#2477 = VERTEX_POINT ( 'NONE', #1958 ) ;
#2478 = CARTESIAN_POINT ( 'NONE',  ( 2.350110802895317708, 0.9734477676387643941, 3.146875000000000533 ) ) ;
#2479 = PRODUCT_RELATED_PRODUCT_CATEGORY ( 'part', '', ( #2410 ) ) ;
#2480 = LINE ( 'NONE', #1636, #7 ) ;
#2481 = CARTESIAN_POINT ( 'NONE',  ( 2.350110802895317708, 1.439027836203683837E-16, 1.638750000000001039 ) ) ;
#2482 = CARTESIAN_POINT ( 'NONE',  ( 8.000000000000000000, 2.875000000000000000, 2.624999999999999112 ) ) ;
#2483 = VERTEX_POINT ( 'NONE', #82 ) ;
#2484 = CARTESIAN_POINT ( 'NONE',  ( -7.875000000000000000, 3.125000000000000000, 1.875000000000000666 ) ) ;
#2485 = EDGE_LOOP ( 'NONE', ( #2685, #1210, #21, #817 ) ) ;
#2486 = CARTESIAN_POINT ( 'NONE',  ( 0.2246278715574034079, 3.175000000000000266, -1.762152550058651457 ) ) ;
#2487 = SPHERICAL_SURFACE ( 'NONE', #197, 0.1250000000000000000 ) ;
#2488 = CARTESIAN_POINT ( 'NONE',  ( -8.000000000000000000, -0.5430925139406658220, 1.250000000000000222 ) ) ;
#2489 = ADVANCED_FACE ( 'NONE', ( #2792 ), #2487, .T. ) ;
#2490 = CARTESIAN_POINT ( 'NONE',  ( 3.174999999999999822, 1.944126793646423287E-16, 1.162499999999998757 ) ) ;
#2491 = DIRECTION ( 'NONE',  ( 1.000000000000000000, 0.000000000000000000, 0.000000000000000000 ) ) ;
#2492 = ORIENTED_EDGE ( 'NONE', *, *, #597, .T. ) ;
#2493 = VERTEX_POINT ( 'NONE', #3359 ) ;
#2494 = TOROIDAL_SURFACE ( 'NONE', #3398, 3.875000000000000000, 0.1250000000000000000 ) ;
#2495 = CARTESIAN_POINT ( 'NONE',  ( -1.661779285267040773, -1.661779285267041439, 1.321250000000000480 ) ) ;
#2496 = AXIS2_PLACEMENT_3D ( 'NONE', #2936, #2388, #1787 ) ;
#2497 = EDGE_CURVE ( 'NONE', #1415, #404, #1149, .T. ) ;
#2498 = LINE ( 'NONE', #74, #386 ) ;
#2499 = CARTESIAN_POINT ( 'NONE',  ( 2.889699724000361236, 1.991885648099448479E-11, 1.327218191149585502 ) ) ;
#2500 = CARTESIAN_POINT ( 'NONE',  ( 0.6639347741757970489, 2.254376055924434130, 0.7876292700445429729 ) ) ;
#2501 = CIRCLE ( 'NONE', #1075, 0.2500000000000000000 ) ;
#2502 = CARTESIAN_POINT ( 'NONE',  ( -7.976308181546796661, 3.000000000000000000, 1.749999999999999778 ) ) ;
#2503 = CARTESIAN_POINT ( 'NONE',  ( 0.000000000000000000, 9.757819552369543850E-16, -2.750000000000001332 ) ) ;
#2504 = FACE_OUTER_BOUND ( 'NONE', #3257, .T. ) ;
#2505 = VERTEX_POINT ( 'NONE', #567 ) ;
#2506 = LINE ( 'NONE', #1647, #1766 ) ;
#2507 = CARTESIAN_POINT ( 'NONE',  ( -7.875000000000000000, -3.000000000000000000, 1.624999999999999778 ) ) ;
#2508 = DIRECTION ( 'NONE',  ( 0.000000000000000000, -9.856383386231863758E-17, 1.000000000000000000 ) ) ;
#2509 = CARTESIAN_POINT ( 'NONE',  ( 7.913010786226109872, 3.086987693313383296, 1.750000000000000222 ) ) ;
#2510 = VERTEX_POINT ( 'NONE', #1648 ) ;
#2511 = ORIENTED_EDGE ( 'NONE', *, *, #2761, .T. ) ;
#2512 = ADVANCED_FACE ( 'NONE', ( #1399 ), #1418, .T. ) ;
#2513 = EDGE_CURVE ( 'NONE', #1765, #469, #1485, .T. ) ;
#2514 = B_SPLINE_CURVE_WITH_KNOTS ( 'NONE', 3,
 ( #2329, #1333, #1316, #1102, #1353, #3493, #2918, #2420, #3186, #772, #3510, #3222, #1060, #2439, #1819, #517 ),
 .UNSPECIFIED., .F., .F.,
 ( 4, 2, 2, 2, 2, 2, 2, 4 ),
 ( 0.005733551163461354620, 0.006409860026603505720, 0.007086168889745655952, 0.008438786616029956417, 0.009115095479172108384, 0.009791404342314256881, 0.01046771320545640885, 0.01114402206859855908 ),
 .UNSPECIFIED. ) ;
#2515 = CARTESIAN_POINT ( 'NONE',  ( 3.174999999999999822, -3.494516299941245763E-13, -1.536250000000021432 ) ) ;
#2516 = CARTESIAN_POINT ( 'NONE',  ( 2.297492135281667291, -1.627699673866083829, 1.247693319862266836 ) ) ;
#2517 = CARTESIAN_POINT ( 'NONE',  ( -2.082940216581961934, 2.875000000000000000, 1.875000000000000000 ) ) ;
#2518 = AXIS2_PLACEMENT_3D ( 'NONE', #3074, #648, #2809 ) ;
#2519 = CARTESIAN_POINT ( 'NONE',  ( -7.875000000000000000, 0.5430925139406658220, -2.750000000000000000 ) ) ;
#2520 = LINE ( 'NONE', #95, #2091 ) ;
#2521 = AXIS2_PLACEMENT_3D ( 'NONE', #830, #356, #101 ) ;
#2522 = CARTESIAN_POINT ( 'NONE',  ( -3.243740766425388777, 1.343601418275895076, -2.210937500000000000 ) ) ;
#2523 = EDGE_LOOP ( 'NONE', ( #2555, #3085, #2142 ) ) ;
#2524 = AXIS2_PLACEMENT_3D ( 'NONE', #2104, #1309, #2376 ) ;
#2525 = CARTESIAN_POINT ( 'NONE',  ( 3.273298550544705865, 2.065508688052838160, -2.451951612649478029 ) ) ;
#2526 = EDGE_CURVE ( 'NONE', #137, #1171, #36, .T. ) ;
#2527 = CARTESIAN_POINT ( 'NONE',  ( 0.000000000000000000, 0.000000000000000000, 1.875000000000000000 ) ) ;
#2528 = DIRECTION ( 'NONE',  ( 0.000000000000000000, 0.000000000000000000, 1.000000000000000000 ) ) ;
#2529 = ORIENTED_EDGE ( 'NONE', *, *, #437, .T. ) ;
#2530 = EDGE_LOOP ( 'NONE', ( #29, #234 ) ) ;
#2531 = FACE_OUTER_BOUND ( 'NONE', #1618, .T. ) ;
#2532 = DIRECTION ( 'NONE',  ( -0.000000000000000000, -0.000000000000000000, 1.000000000000000000 ) ) ;
#2533 = DIRECTION ( 'NONE',  ( 1.000000000000000000, 0.000000000000000000, 0.000000000000000000 ) ) ;
#2534 =( BOUNDED_SURFACE ( )  B_SPLINE_SURFACE ( 1, 2, ( 
 ( #1601, #1898, #2695, #2478, #2996, #263, #1065, #1107, #2156, #799, #1883, #56, #1931, #2980, #2727, #542, #1121, #2710, #279, #1359, #554, #2209, #295, #3299, #850, #3043, #2495, #72, #604, #1406, #1139, #1684, #2225, #3315, #869, #1948, #2783, #447, #1303, #2122, #1033, #1512, #3213, #467, #763, #978, #194, #1776, #487, #1565, #172, #3193, #2373, #2657, #746, #2623, #2357, #3482, #3459, #1791, #3156, #2316, #1585, #3172, #3442, #2869, #2602, #210, #428, #995, #1012, #1530, #2101, #1829, #1845, #227, #2393, #2926, #1269, #1253, #2942, #3424, #1233, #709, #728, #503, #2679, #2886, #3405 ),
 ( #2078, #960, #1810, #689, #2338, #2045, #2906, #3135, #2063, #1548, #2642, #1284, #1393, #2445, #544, #2961, #1918, #524, #2428, #2161, #2481, #558, #4, #2412, #1637, #298, #2751, #780, #317, #1322, #1900, #3501, #3252, #1109, #3303, #1604, #27, #1051, #44, #281, #2140, #3229, #2464, #3029, #1865, #2698, #2732, #853, #265, #2998, #1343, #58, #1068, #801, #2983, #1622, #577, #1886, #1377, #2211, #836, #2714, #1364, #2195, #3014, #1089, #820, #3285, #1655, #2177, #1934, #1123, #3270, #591, #1671, #245, #365, #2261, #887, #3350, #3367, #671, #106, #91, #902, #1409, #1722, #921, #3384 ) ),
 .UNSPECIFIED., .F., .F., .T. ) 
 B_SPLINE_SURFACE_WITH_KNOTS ( ( 2, 2 ),
 ( 3, 2, 2, 2, 2, 2, 2, 2, 2, 2, 2, 2, 2, 2, 2, 2, 2, 2, 2, 2, 2, 2, 2, 2, 2, 2, 2, 2, 2, 2, 2, 2, 2, 2, 2, 2, 2, 2, 2, 2, 2, 2, 2, 2, 3 ),
 ( 0.000000000000000000, 1.000000000000000000 ),
 ( 0.000000000000000000, 0.02083333333333333218, 0.04166666666666666435, 0.06250000000000000000, 0.08333333333333332871, 0.1041666666666666713, 0.1250000000000000000, 0.1458333333333333426, 0.1666666666666666574, 0.1875000000000000000, 0.2083333333333333426, 0.2291666666666666574, 0.2500000000000000000, 0.2708333333333333148, 0.2916666666666666852, 0.3125000000000000000, 0.3333333333333333148, 0.3541666666666666852, 0.3750000000000000000, 0.3958333333333333148, 0.4166666666666666852, 0.4375000000000000000, 0.4583333333333333148, 0.4791666666666666852, 0.5000000000000000000, 0.5208333333333333703, 0.5416666666666666297, 0.5625000000000000000, 0.5833333333333333703, 0.6041666666666666297, 0.6250000000000000000, 0.6458333333333333703, 0.6666666666666666297, 0.6875000000000000000, 0.7083333333333333703, 0.7291666666666666297, 0.7500000000000000000, 0.7708333333333333703, 0.7916666666666666297, 0.8125000000000000000, 0.8333333333333333703, 0.8541666666666666297, 0.8750000000000000000, 0.8884150764335101425, 0.8972992271978452727 ),
 .UNSPECIFIED. ) 
 GEOMETRIC_REPRESENTATION_ITEM ( )  RATIONAL_B_SPLINE_SURFACE ( (
 ( 1.000000000000000000, 0.9238795325112867385, 1.000000000000000000, 0.9238795325112867385, 1.000000000000000000, 0.9238795325112867385, 1.000000000000000000, 0.9238795325112867385, 1.000000000000000000, 0.9238795325112867385, 1.000000000000000000, 0.9238795325112867385, 1.000000000000000000, 0.9238795325112867385, 1.000000000000000000, 0.9238795325112867385, 1.000000000000000000, 0.9238795325112867385, 1.000000000000000000, 0.9238795325112867385, 1.000000000000000000, 0.9238795325112867385, 1.000000000000000000, 0.9238795325112867385, 1.000000000000000000, 0.9238795325112867385, 1.000000000000000000, 0.9238795325112867385, 1.000000000000000000, 0.9238795325112867385, 1.000000000000000000, 0.9238795325112867385, 1.000000000000000000, 0.9238795325112867385, 1.000000000000000000, 0.9238795325112867385, 1.000000000000000000, 0.9238795325112867385, 1.000000000000000000, 0.9238795325112867385, 1.000000000000000000, 0.9238795325112867385, 1.000000000000000000, 0.9238795325112867385, 1.000000000000000000, 0.9238795325112867385, 1.000000000000000000, 0.9238795325112867385, 1.000000000000000000, 0.9238795325112867385, 1.000000000000000000, 0.9238795325112867385, 1.000000000000000000, 0.9238795325112867385, 1.000000000000000000, 0.9238795325112867385, 1.000000000000000000, 0.9238795325112867385, 1.000000000000000000, 0.9238795325112867385, 1.000000000000000000, 0.9238795325112867385, 1.000000000000000000, 0.9238795325112867385, 1.000000000000000000, 0.9238795325112867385, 1.000000000000000000, 0.9238795325112867385, 1.000000000000000000, 0.9238795325112867385, 1.000000000000000000, 0.9238795325112867385, 1.000000000000000000, 0.9238795325112867385, 1.000000000000000000, 0.9238795325112867385, 1.000000000000000000, 0.9238795325112867385, 1.000000000000000000, 0.9238795325112867385, 1.000000000000000000, 0.9238795325112867385, 1.000000000000000000, 0.9238795325112867385, 1.000000000000000000, 0.9509842293032506610, 0.9650932883995539946, 0.9650932883995539946, 0.9650932883995539946),
 ( 1.000000000000000000, 0.9238795325112867385, 1.000000000000000000, 0.9238795325112867385, 1.000000000000000000, 0.9238795325112867385, 1.000000000000000000, 0.9238795325112867385, 1.000000000000000000, 0.9238795325112867385, 1.000000000000000000, 0.9238795325112867385, 1.000000000000000000, 0.9238795325112867385, 1.000000000000000000, 0.9238795325112867385, 1.000000000000000000, 0.9238795325112867385, 1.000000000000000000, 0.9238795325112867385, 1.000000000000000000, 0.9238795325112867385, 1.000000000000000000, 0.9238795325112867385, 1.000000000000000000, 0.9238795325112867385, 1.000000000000000000, 0.9238795325112867385, 1.000000000000000000, 0.9238795325112867385, 1.000000000000000000, 0.9238795325112867385, 1.000000000000000000, 0.9238795325112867385, 1.000000000000000000, 0.9238795325112867385, 1.000000000000000000, 0.9238795325112867385, 1.000000000000000000, 0.9238795325112867385, 1.000000000000000000, 0.9238795325112867385, 1.000000000000000000, 0.9238795325112867385, 1.000000000000000000, 0.9238795325112867385, 1.000000000000000000, 0.9238795325112867385, 1.000000000000000000, 0.9238795325112867385, 1.000000000000000000, 0.9238795325112867385, 1.000000000000000000, 0.9238795325112867385, 1.000000000000000000, 0.9238795325112867385, 1.000000000000000000, 0.9238795325112867385, 1.000000000000000000, 0.9238795325112867385, 1.000000000000000000, 0.9238795325112867385, 1.000000000000000000, 0.9238795325112867385, 1.000000000000000000, 0.9238795325112867385, 1.000000000000000000, 0.9238795325112867385, 1.000000000000000000, 0.9238795325112867385, 1.000000000000000000, 0.9238795325112867385, 1.000000000000000000, 0.9238795325112867385, 1.000000000000000000, 0.9238795325112867385, 1.000000000000000000, 0.9238795325112867385, 1.000000000000000000, 0.9238795325112867385, 1.000000000000000000, 0.9238795325112867385, 1.000000000000000000, 0.9238795325112867385, 1.000000000000000000, 0.9509842293032506610, 0.9650932883995539946, 0.9650932883995539946, 0.9650932883995539946) ) ) 
 REPRESENTATION_ITEM ( '' )  SURFACE ( )  );
#2535 = CARTESIAN_POINT ( 'NONE',  ( -0.1717166007213153378, 2.823126359687936127, -1.410278909746573328 ) ) ;
#2536 = FACE_OUTER_BOUND ( 'NONE', #2674, .T. ) ;
#2537 = CARTESIAN_POINT ( 'NONE',  ( 0.9734477676387645051, 2.350110802895318152, 3.305625000000000480 ) ) ;
#2538 = ORIENTED_EDGE ( 'NONE', *, *, #1801, .F. ) ;
#2539 = MANIFOLD_SOLID_BREP ( 'Cut-Revolve1', #177 ) ;
#2540 = CARTESIAN_POINT ( 'NONE',  ( 0.6639347741757970489, 2.254376055924434130, 0.7876292700445429729 ) ) ;
#2541 = DIRECTION ( 'NONE',  ( 1.000000000000000000, 0.000000000000000000, 0.000000000000000000 ) ) ;
#2542 = PRODUCT_DEFINITION ( 'UNKNOWN', '', #2755, #1552 ) ;
#2543 = CARTESIAN_POINT ( 'NONE',  ( -8.000000000000000000, 2.875000000000000000, 1.749999999999999778 ) ) ;
#2544 = LINE ( 'NONE', #3363, #1360 ) ;
#2545 = ORIENTED_EDGE ( 'NONE', *, *, #2137, .T. ) ;
#2546 = EDGE_LOOP ( 'NONE', ( #3017, #1946, #2956 ) ) ;
#2547 = B_SPLINE_CURVE_WITH_KNOTS ( 'NONE', 3,
 ( #3087, #2806, #2270, #1183, #1849, #1018, #2946, #1327, #1347, #3505, #3233, #1589, #3196, #998, #2431, #2909 ),
 .UNSPECIFIED., .F., .F.,
 ( 4, 2, 2, 2, 2, 2, 2, 4 ),
 ( 0.005733523093210494796, 0.006409831903065302608, 0.007086140712920109552, 0.008438758332629725176, 0.009115067142484532120, 0.009791375952339339064, 0.01046768476219414601, 0.01114399357204895295 ),
 .UNSPECIFIED. ) ;
#2548 = CARTESIAN_POINT ( 'NONE',  ( -0.4970238885086905589, 3.074259620639403057, 1.548519208648323486 ) ) ;
#2549 = CARTESIAN_POINT ( 'NONE',  ( -0.1921460788743938608, -2.678670383868074101, 1.117227163696356662 ) ) ;
#2550 = CARTESIAN_POINT ( 'NONE',  ( -7.875000000000000000, 3.125000000000000000, 1.750000000000000444 ) ) ;
#2551 = CIRCLE ( 'NONE', #1094, 0.3000000000000005440 ) ;
#2552 = CARTESIAN_POINT ( 'NONE',  ( -7.875000000000000000, -5.199999999999999289, 1.624999999999999778 ) ) ;
#2553 = CARTESIAN_POINT ( 'NONE',  ( 0.000000000000000000, 3.243740766425389666, -2.449062500000000586 ) ) ;
#2554 = CIRCLE ( 'NONE', #175, 4.162847449941344813 ) ;
#2555 = ORIENTED_EDGE ( 'NONE', *, *, #1593, .T. ) ;
#2556 = EDGE_CURVE ( 'NONE', #1639, #493, #2514, .T. ) ;
#2557 = EDGE_CURVE ( 'NONE', #1657, #1558, #1969, .T. ) ;
#2558 = AXIS2_PLACEMENT_3D ( 'NONE', #800, #2960, #2641 ) ;
#2559 = CARTESIAN_POINT ( 'NONE',  ( 7.875000000000000000, 3.819700691096629797, -1.044305745404189523 ) ) ;
#2560 = CARTESIAN_POINT ( 'NONE',  ( 0.9734477676387642830, 2.350110802895317708, 1.876875000000000959 ) ) ;
#2561 = CARTESIAN_POINT ( 'NONE',  ( 7.976308181546796661, 3.000000000000000000, 1.749999999999999778 ) ) ;
#2562 = CARTESIAN_POINT ( 'NONE',  ( 2.255421700101838400, -0.7288115668332645347, -0.9372633529539685648 ) ) ;
#2563 = ORIENTED_EDGE ( 'NONE', *, *, #1719, .T. ) ;
#2564 = EDGE_LOOP ( 'NONE', ( #833, #1727, #121, #313, #1001 ) ) ;
#2565 = CARTESIAN_POINT ( 'NONE',  ( -3.243740766425389666, -5.958655120299952691E-16, -0.7821875000000011458 ) ) ;
#2566 = DIRECTION ( 'NONE',  ( 1.000000000000000000, 0.000000000000000000, -0.000000000000000000 ) ) ;
#2567 = CARTESIAN_POINT ( 'NONE',  ( -2.495713302571734626, -0.1758047322995040240, 0.9332317697216114816 ) ) ;
#2568 = CARTESIAN_POINT ( 'NONE',  ( 8.000000000000000000, 5.343351607750573606, 1.349624123638566431 ) ) ;
#2569 = CARTESIAN_POINT ( 'NONE',  ( -2.207940216581962378, 2.875000000000000000, 2.624999999999998668 ) ) ;
#2570 = CARTESIAN_POINT ( 'NONE',  ( -3.243740766425388333, -1.343601418275896409, 0.4878124999999994826 ) ) ;
#2571 = ORIENTED_EDGE ( 'NONE', *, *, #1848, .T. ) ;
#2572 = AXIS2_PLACEMENT_3D ( 'NONE', #218, #1042, #2110 ) ;
#2573 = VECTOR ( 'NONE', #1763, 1000.000000000000000 ) ;
#2574 = DIRECTION ( 'NONE',  ( 1.000000000000000000, 0.000000000000000000, 0.000000000000000000 ) ) ;
#2575 = CARTESIAN_POINT ( 'NONE',  ( 2.878055672407367674E-16, -2.350110802895317708, 2.591250000000000941 ) ) ;
#2576 = EDGE_CURVE ( 'NONE', #2994, #260, #308, .T. ) ;
#2577 = VECTOR ( 'NONE', #2967, 1000.000000000000000 ) ;
#2578 = DIRECTION ( 'NONE',  ( 0.000000000000000000, -0.8191520442889917986, -0.5735764363510459374 ) ) ;
#2579 = DIRECTION ( 'NONE',  ( 0.000000000000000000, 0.5735764363510472696, -0.8191520442889910214 ) ) ;
#2580 = ORIENTED_EDGE ( 'NONE', *, *, #1569, .T. ) ;
#2581 = ORIENTED_EDGE ( 'NONE', *, *, #207, .T. ) ;
#2582 = PRESENTATION_STYLE_ASSIGNMENT (( #1492 ) ) ;
#2583 = CARTESIAN_POINT ( 'NONE',  ( -8.000000000000000000, 5.200000000000000178, 1.625000000000000666 ) ) ;
#2584 = CARTESIAN_POINT ( 'NONE',  ( 7.875000000000000000, -5.343351607750572718, 1.349624123638565765 ) ) ;
#2585 = DIRECTION ( 'NONE',  ( -0.000000000000000000, 1.000000000000000000, 9.856383386231863758E-17 ) ) ;
#2586 = CARTESIAN_POINT ( 'NONE',  ( -3.175000000000001155, -2.203475885316854709E-11, 0.3687500000013301249 ) ) ;
#2587 = CARTESIAN_POINT ( 'NONE',  ( -1.343601418275894188, -3.243740766425390554, -1.893437500000000551 ) ) ;
#2588 = EDGE_LOOP ( 'NONE', ( #3009, #54, #824, #1090 ) ) ;
#2589 = CARTESIAN_POINT ( 'NONE',  ( -2.207940216581962378, 2.875000000000000000, -8.149494936611667129 ) ) ;
#2590 = CARTESIAN_POINT ( 'NONE',  ( -2.350110802895317708, -4.317083508611050525E-16, -1.536249999999999005 ) ) ;
#2591 = LINE ( 'NONE', #3508, #1325 ) ;
#2592 = ORIENTED_EDGE ( 'NONE', *, *, #1314, .T. ) ;
#2593 = EDGE_CURVE ( 'NONE', #3420, #3496, #2913, .T. ) ;
#2594 = DIRECTION ( 'NONE',  ( 0.000000000000000000, 0.000000000000000000, 1.000000000000000000 ) ) ;
#2595 = CARTESIAN_POINT ( 'NONE',  ( 2.055668477507344605, 2.676724137931034253, 1.750000000000000444 ) ) ;
#2596 = CARTESIAN_POINT ( 'NONE',  ( 2.164063589626366024, 2.078827167145815835, 1.425246559703924554 ) ) ;
#2597 = CARTESIAN_POINT ( 'NONE',  ( 2.350110802895317708, 0.9734477676387643941, -0.8218749999999992450 ) ) ;
#2598 = ORIENTED_EDGE ( 'NONE', *, *, #418, .F. ) ;
#2599 = CARTESIAN_POINT ( 'NONE',  ( 2.245064030267288402, 2.245064030267288402, 1.162500000000000089 ) ) ;
#2600 = ADVANCED_FACE ( 'NONE', ( #3054 ), #1680, .T. ) ;
#2601 = CARTESIAN_POINT ( 'NONE',  ( 2.034555384612955375, -3.000000000000000444, 1.749999999999999556 ) ) ;
#2602 = CARTESIAN_POINT ( 'NONE',  ( 1.661779285267040995, 1.661779285267040995, -1.853750000000000009 ) ) ;
#2603 = CARTESIAN_POINT ( 'NONE',  ( 2.878055672407368167E-16, -2.350110802895318152, 1.480000000000000426 ) ) ;
#2604 = VERTEX_POINT ( 'NONE', #3328 ) ;
#2605 = AXIS2_PLACEMENT_3D ( 'NONE', #1560, #906, #2801 ) ;
#2606 = LINE ( 'NONE', #178, #2696 ) ;
#2607 = CARTESIAN_POINT ( 'NONE',  ( -0.9734477676387658374, 2.350110802895317264, -1.774374999999999591 ) ) ;
#2608 = EDGE_LOOP ( 'NONE', ( #164, #2034, #2408, #1992, #2129 ) ) ;
#2609 = AXIS2_PLACEMENT_3D ( 'NONE', #1594, #3049, #1675 ) ;
#2610 = DIRECTION ( 'NONE',  ( -0.000000000000000000, -0.000000000000000000, 1.000000000000000000 ) ) ;
#2611 = CARTESIAN_POINT ( 'NONE',  ( -1.315128060534581644, -3.175000000000013589, -0.6631249999999928590 ) ) ;
#2612 = CIRCLE ( 'NONE', #3124, 3.625000000000000000 ) ;
#2613 = CARTESIAN_POINT ( 'NONE',  ( 3.174999999988696864, -1.315128060545885713, 0.9243749999990380495 ) ) ;
#2614 = CARTESIAN_POINT ( 'NONE',  ( -3.243740766425388333, -1.343601418275896409, -1.972812500000001412 ) ) ;
#2615 = CARTESIAN_POINT ( 'NONE',  ( -2.313779663856675217, -1.167896862746396591, -1.156251352230100338 ) ) ;
#2616 = CARTESIAN_POINT ( 'NONE',  ( 3.888253587292846575E-16, -3.174999999999999822, -0.4250000000000012657 ) ) ;
#2617 = EDGE_CURVE ( 'NONE', #288, #312, #3316, .T. ) ;
#2618 = CARTESIAN_POINT ( 'NONE',  ( 1.661779285267040995, -1.661779285267040773, 0.2100000000000009914 ) ) ;
#2619 = ORIENTED_EDGE ( 'NONE', *, *, #1501, .T. ) ;
#2620 = CARTESIAN_POINT ( 'NONE',  ( -3.175000000000012257, 1.315128060534582977, -0.9806249999999930855 ) ) ;
#2621 = EDGE_CURVE ( 'NONE', #2995, #2604, #533, .T. ) ;
#2622 = DIRECTION ( 'NONE',  ( 0.000000000000000000, 0.000000000000000000, -1.000000000000000000 ) ) ;
#2623 = CARTESIAN_POINT ( 'NONE',  ( 0.9734477676387645051, -2.350110802895317708, -0.9806250000000000799 ) ) ;
#2624 = CARTESIAN_POINT ( 'NONE',  ( 0.9734477676387645051, 2.350110802895318152, -0.5043749999999995737 ) ) ;
#2625 = ORIENTED_EDGE ( 'NONE', *, *, #1720, .T. ) ;
#2626 = FACE_OUTER_BOUND ( 'NONE', #532, .T. ) ;
#2627 = CARTESIAN_POINT ( 'NONE',  ( -1.661779285267040773, -1.661779285267041439, 2.432500000000000995 ) ) ;
#2628 = VECTOR ( 'NONE', #373, 1000.000000000000000 ) ;
#2629 = AXIS2_PLACEMENT_3D ( 'NONE', #2990, #1876, #1313 ) ;
#2630 = CARTESIAN_POINT ( 'NONE',  ( 2.131804347044653269, -2.775862068965516904, -8.149494936611667129 ) ) ;
#2631 = CARTESIAN_POINT ( 'NONE',  ( -7.875000000000000000, 5.343351607750572718, 1.349624123638565765 ) ) ;
#2632 = EDGE_LOOP ( 'NONE', ( #3174, #2592, #2848, #3287, #807 ) ) ;
#2633 =( GEOMETRIC_REPRESENTATION_CONTEXT ( 3 ) GLOBAL_UNCERTAINTY_ASSIGNED_CONTEXT ( ( #839 ) ) GLOBAL_UNIT_ASSIGNED_CONTEXT ( ( #2310, #3204, #2670 ) ) REPRESENTATION_CONTEXT ( 'NONE', 'WORKASPACE' ) );
#2634 = EDGE_CURVE ( 'NONE', #3163, #1784, #2405, .T. ) ;
#2635 = AXIS2_PLACEMENT_3D ( 'NONE', #30, #1428, #1903 ) ;
#2636 = CARTESIAN_POINT ( 'NONE',  ( -1.343601418275896853, 3.243740766425388333, -1.020312500000001288 ) ) ;
#2637 = CARTESIAN_POINT ( 'NONE',  ( 3.500000000000000000, 0.000000000000000000, 2.624999999999998668 ) ) ;
#2638 = CARTESIAN_POINT ( 'NONE',  ( -3.174999999999998934, -1.315128060534578536, -0.6631250000000014078 ) ) ;
#2639 = DIRECTION ( 'NONE',  ( 0.000000000000000000, 0.000000000000000000, -1.000000000000000000 ) ) ;
#2640 = DIRECTION ( 'NONE',  ( 0.000000000000000000, 0.000000000000000000, -1.000000000000000000 ) ) ;
#2641 = DIRECTION ( 'NONE',  ( 0.6090869562984714269, -0.7931034482758626547, 0.000000000000000000 ) ) ;
#2642 = CARTESIAN_POINT ( 'NONE',  ( -1.661779285267040773, -1.661779285267041439, 2.432500000000000995 ) ) ;
#2643 = CARTESIAN_POINT ( 'NONE',  ( 0.000000000000000000, 2.350110802895318152, -0.4249999999999996003 ) ) ;
#2644 = ORIENTED_EDGE ( 'NONE', *, *, #1400, .F. ) ;
#2645 = LINE ( 'NONE', #2929, #2180 ) ;
#2646 = CARTESIAN_POINT ( 'NONE',  ( 0.000000000000000000, 3.243740766425389666, 1.440312499999998996 ) ) ;
#2647 = ORIENTED_EDGE ( 'NONE', *, *, #1979, .T. ) ;
#2648 = CARTESIAN_POINT ( 'NONE',  ( -7.875000000000000000, -3.000000000000000000, 1.875000000000000000 ) ) ;
#2649 = CYLINDRICAL_SURFACE ( 'NONE', #2572, 0.1249999999999998890 ) ;
#2650 = DIRECTION ( 'NONE',  ( 0.000000000000000000, -9.856383386231863758E-17, 1.000000000000000000 ) ) ;
#2651 = DIRECTION ( 'NONE',  ( 0.000000000000000000, 0.000000000000000000, -1.000000000000000000 ) ) ;
#2652 = DIRECTION ( 'NONE',  ( 0.000000000000000000, 0.000000000000000000, 1.000000000000000000 ) ) ;
#2653 = CARTESIAN_POINT ( 'NONE',  ( 1.661779285267040995, 1.661779285267040995, 0.5275000000000010791 ) ) ;
#2654 = EDGE_LOOP ( 'NONE', ( #2896, #596, #3147, #2659 ) ) ;
#2655 = CARTESIAN_POINT ( 'NONE',  ( 2.311257289259086800, -0.4255708269278045686, -0.9372633529539686759 ) ) ;
#2656 = LINE ( 'NONE', #244, #64 ) ;
#2657 = CARTESIAN_POINT ( 'NONE',  ( 2.350110802895317708, -0.9734477676387640610, -0.8218750000000001332 ) ) ;
#2658 = CARTESIAN_POINT ( 'NONE',  ( 0.9734477676387645051, 2.350110802895318152, -1.774374999999999591 ) ) ;
#2659 = ORIENTED_EDGE ( 'NONE', *, *, #1024, .T. ) ;
#2660 = CARTESIAN_POINT ( 'NONE',  ( -8.000000000000000000, -0.5430925139406658220, 1.250000000000000222 ) ) ;
#2661 = CARTESIAN_POINT ( 'NONE',  ( 1.343601418275894410, 3.243740766425389221, 0.09093749999999900524 ) ) ;
#2662 = AXIS2_PLACEMENT_3D ( 'NONE', #1050, #2138, #3251 ) ;
#2663 = ADVANCED_FACE ( 'NONE', ( #118 ), #1713, .F. ) ;
#2664 = EDGE_LOOP ( 'NONE', ( #882, #3389, #278, #3254, #3128, #3107 ) ) ;
#2665 = EDGE_CURVE ( 'NONE', #768, #3330, #1772, .T. ) ;
#2666 = CIRCLE ( 'NONE', #3058, 3.375000000000000000 ) ;
#2667 = DIRECTION ( 'NONE',  ( 0.000000000000000000, -0.000000000000000000, 1.000000000000000000 ) ) ;
#2668 = CARTESIAN_POINT ( 'NONE',  ( 1.343601418275894410, 3.243740766425389221, 2.551562499999999734 ) ) ;
#2669 = AXIS2_PLACEMENT_3D ( 'NONE', #1725, #129, #3423 ) ;
#2670 =( NAMED_UNIT ( * ) SI_UNIT ( $, .STERADIAN. ) SOLID_ANGLE_UNIT ( ) );
#2671 = AXIS2_PLACEMENT_3D ( 'NONE', #1605, #1919, #2752 ) ;
#2672 = CARTESIAN_POINT ( 'NONE',  ( -2.207940216581962378, -2.875000000000000000, -8.149494936611667129 ) ) ;
#2673 = DIRECTION ( 'NONE',  ( 0.000000000000000000, 0.000000000000000000, -1.000000000000000000 ) ) ;
#2674 = EDGE_LOOP ( 'NONE', ( #676, #1084, #1954, #1581 ) ) ;
#2675 = EDGE_LOOP ( 'NONE', ( #1770, #2302, #2781 ) ) ;
#2676 = CARTESIAN_POINT ( 'NONE',  ( 7.875000000000000000, -0.5430925139406658220, 1.250000000000000222 ) ) ;
#2677 = CIRCLE ( 'NONE', #3472, 0.1250000000000001110 ) ;
#2678 = DIRECTION ( 'NONE',  ( 1.000000000000000000, 0.000000000000000000, 0.000000000000000000 ) ) ;
#2679 = CARTESIAN_POINT ( 'NONE',  ( 2.054379608081472242, -1.141291028521774331, -3.385549273459342423 ) ) ;
#2680 = CARTESIAN_POINT ( 'NONE',  ( 2.350110802895318152, 1.439027836203684084E-16, 0.5275000000000001910 ) ) ;
#2681 = VERTEX_POINT ( 'NONE', #1402 ) ;
#2682 = EDGE_CURVE ( 'NONE', #2333, #521, #251, .T. ) ;
#2683 = LINE ( 'NONE', #1037, #93 ) ;
#2684 = CARTESIAN_POINT ( 'NONE',  ( 1.343601418275894632, -3.243740766425389221, -0.3853125000000011680 ) ) ;
#2685 = ORIENTED_EDGE ( 'NONE', *, *, #714, .T. ) ;
#2686 = CARTESIAN_POINT ( 'NONE',  ( 0.000000000000000000, 0.000000000000000000, 1.750000000000000000 ) ) ;
#2687 = CARTESIAN_POINT ( 'NONE',  ( 0.8366857416311768159, 2.748420892629234835, -1.455209677241612543 ) ) ;
#2688 = ADVANCED_FACE ( 'NONE', ( #585, #83 ), #3311, .T. ) ;
#2689 = CARTESIAN_POINT ( 'NONE',  ( -2.293671092350642482, 2.293671092350641150, 1.519687499999999858 ) ) ;
#2690 = SPHERICAL_SURFACE ( 'NONE', #1238, 0.1250000000000000000 ) ;
#2691 = TOROIDAL_SURFACE ( 'NONE', #1209, 0.2500000000000000000, 0.1250000000000000000 ) ;
#2692 = CARTESIAN_POINT ( 'NONE',  ( 2.207940216581962378, 2.875000000000000000, 2.624999999999999112 ) ) ;
#2693 = ORIENTED_EDGE ( 'NONE', *, *, #2682, .F. ) ;
#2694 = ORIENTED_EDGE ( 'NONE', *, *, #19, .F. ) ;
#2695 = CARTESIAN_POINT ( 'NONE',  ( 1.661779285267040995, 1.661779285267040995, 3.226250000000000284 ) ) ;
#2696 = VECTOR ( 'NONE', #1743, 1000.000000000000000 ) ;
#2697 = DIRECTION ( 'NONE',  ( 0.000000000000000000, 1.000000000000000000, 0.000000000000000000 ) ) ;
#2698 = CARTESIAN_POINT ( 'NONE',  ( -2.350110802895317264, 0.9734477676387649492, -0.3456249999999991274 ) ) ;
#2699 = CARTESIAN_POINT ( 'NONE',  ( -1.926024194606478890, 2.524095046108697282, 1.612518467149223422 ) ) ;
#2700 = EDGE_LOOP ( 'NONE', ( #1717, #1633, #581, #3439 ) ) ;
#2701 = DIRECTION ( 'NONE',  ( 0.000000000000000000, -9.856383386231863758E-17, 1.000000000000000000 ) ) ;
#2702 = CARTESIAN_POINT ( 'NONE',  ( -0.9734477676387638390, -2.350110802895318152, -2.568124999999999769 ) ) ;
#2703 = DIRECTION ( 'NONE',  ( 0.000000000000000000, 0.000000000000000000, 1.000000000000000000 ) ) ;
#2704 = CARTESIAN_POINT ( 'NONE',  ( -8.000000000000000000, -3.717306685560506807, -0.9726086908603063241 ) ) ;
#2705 = CARTESIAN_POINT ( 'NONE',  ( 3.243740766425389666, 1.986218373433317810E-16, 3.583437499999999609 ) ) ;
#2706 = CARTESIAN_POINT ( 'NONE',  ( 7.875000000000000000, 0.5430925139406658220, -2.624999999999999556 ) ) ;
#2707 = CARTESIAN_POINT ( 'NONE',  ( 8.000000000000000000, -5.343351607750572718, 1.349624123638565987 ) ) ;
#2708 = ORIENTED_EDGE ( 'NONE', *, *, #2359, .F. ) ;
#2709 = ORIENTED_EDGE ( 'NONE', *, *, #1677, .F. ) ;
#2710 = CARTESIAN_POINT ( 'NONE',  ( 0.9734477676387642830, 2.350110802895317708, 2.035625000000000018 ) ) ;
#2711 = ADVANCED_FACE ( 'NONE', ( #1908 ), #600, .T. ) ;
#2712 = EDGE_CURVE ( 'NONE', #2493, #1415, #845, .T. ) ;
#2713 = LINE ( 'NONE', #43, #338 ) ;
#2714 = CARTESIAN_POINT ( 'NONE',  ( -2.350110802895317264, 0.9734477676387649492, -1.615624999999999201 ) ) ;
#2715 = VERTEX_POINT ( 'NONE', #325 ) ;
#2716 = DIRECTION ( 'NONE',  ( 1.000000000000000000, 0.000000000000000000, 0.000000000000000000 ) ) ;
#2717 = CARTESIAN_POINT ( 'NONE',  ( 3.243740766425389221, 1.343601418275894410, 1.202187499999999298 ) ) ;
#2718 = ORIENTED_EDGE ( 'NONE', *, *, #1719, .F. ) ;
#2719 = CARTESIAN_POINT ( 'NONE',  ( -2.207940216581962378, 3.000000000000000000, 1.749999999999999778 ) ) ;
#2720 = CIRCLE ( 'NONE', #3343, 0.1250000000000001110 ) ;
#2721 = DIRECTION ( 'NONE',  ( 0.000000000000000000, -1.000000000000000000, 0.000000000000000000 ) ) ;
#2722 = VECTOR ( 'NONE', #292, 1000.000000000000000 ) ;
#2723 = FACE_OUTER_BOUND ( 'NONE', #2888, .T. ) ;
#2724 = AXIS2_PLACEMENT_3D ( 'NONE', #1775, #381, #2281 ) ;
#2725 = ORIENTED_EDGE ( 'NONE', *, *, #3300, .T. ) ;
#2726 = ORIENTED_EDGE ( 'NONE', *, *, #576, .T. ) ;
#2727 = CARTESIAN_POINT ( 'NONE',  ( -1.661779285267041439, 1.661779285267040551, 2.273750000000000604 ) ) ;
#2728 = AXIS2_PLACEMENT_3D ( 'NONE', #1268, #502, #2678 ) ;
#2729 = EDGE_CURVE ( 'NONE', #3496, #212, #2320, .T. ) ;
#2730 = CARTESIAN_POINT ( 'NONE',  ( -2.055668477507344605, 2.676724137931034253, 1.875000000000000444 ) ) ;
#2731 = EDGE_CURVE ( 'NONE', #469, #1171, #374, .T. ) ;
#2732 = CARTESIAN_POINT ( 'NONE',  ( -1.661779285267041439, 1.661779285267040551, -0.4249999999999991562 ) ) ;
#2733 = CIRCLE ( 'NONE', #1017, 0.1250000000000002498 ) ;
#2734 = DIRECTION ( 'NONE',  ( 0.000000000000000000, -1.000000000000000000, -9.856383386231863758E-17 ) ) ;
#2735 = ORIENTED_EDGE ( 'NONE', *, *, #934, .T. ) ;
#2736 = DIRECTION ( 'NONE',  ( -0.000000000000000000, -3.548298019043469326E-16, 1.000000000000000000 ) ) ;
#2737 = VERTEX_POINT ( 'NONE', #3280 ) ;
#2738 = CARTESIAN_POINT ( 'NONE',  ( 2.207940216581962378, 3.000000000000000000, 1.875000000000000000 ) ) ;
#2739 = CARTESIAN_POINT ( 'NONE',  ( -7.875000000000000000, 3.819700691096629797, -1.044305745404189523 ) ) ;
#2740 = B_SPLINE_CURVE_WITH_KNOTS ( 'NONE', 3,
 ( #3386, #2849, #1967, #92 ),
 .UNSPECIFIED., .F., .F.,
 ( 4, 4 ),
 ( 0.0001000796935901632646, 0.0002612287277863984346 ),
 .UNSPECIFIED. ) ;
#2741 = CARTESIAN_POINT ( 'NONE',  ( -1.124611815403480986, 2.063557377574019469, 0.7876292700445455264 ) ) ;
#2742 = DIRECTION ( 'NONE',  ( -0.000000000000000000, -0.000000000000000000, 1.000000000000000000 ) ) ;
#2743 = ADVANCED_FACE ( 'NONE', ( #568 ), #2232, .T. ) ;
#2744 = ORIENTED_EDGE ( 'NONE', *, *, #527, .F. ) ;
#2745 = CIRCLE ( 'NONE', #1205, 0.1250000000000001110 ) ;
#2746 = EDGE_LOOP ( 'NONE', ( #2223, #883, #136, #3158 ) ) ;
#2747 = EDGE_CURVE ( 'NONE', #1657, #2103, #1489, .T. ) ;
#2748 = DIRECTION ( 'NONE',  ( 1.000000000000000000, 0.000000000000000000, 0.000000000000000000 ) ) ;
#2749 = AXIS2_PLACEMENT_3D ( 'NONE', #341, #896, #2204 ) ;
#2750 = DIRECTION ( 'NONE',  ( -0.000000000000000000, 9.856383386231863758E-17, -1.000000000000000000 ) ) ;
#2751 = CARTESIAN_POINT ( 'NONE',  ( -1.661779285267040773, -1.661779285267041439, 1.162500000000001199 ) ) ;
#2752 = DIRECTION ( 'NONE',  ( 0.000000000000000000, 0.000000000000000000, -1.000000000000000000 ) ) ;
#2753 = ORIENTED_EDGE ( 'NONE', *, *, #1826, .T. ) ;
#2754 = AXIS2_PLACEMENT_3D ( 'NONE', #1924, #893, #2237 ) ;
#2755 = PRODUCT_DEFINITION_FORMATION_WITH_SPECIFIED_SOURCE ( 'ANY', '', #2410, .NOT_KNOWN. ) ;
#2756 = CYLINDRICAL_SURFACE ( 'NONE', #2894, 3.174999999999999822 ) ;
#2757 = ORIENTED_EDGE ( 'NONE', *, *, #1970, .T. ) ;
#2758 = EDGE_CURVE ( 'NONE', #270, #1192, #1679, .T. ) ;
#2759 = CARTESIAN_POINT ( 'NONE',  ( 1.661779285267043438, -1.661779285267043216, -0.9012499999999979972 ) ) ;
#2760 = CARTESIAN_POINT ( 'NONE',  ( -8.000000000000000000, -0.5430925139406658220, -2.750000000000000000 ) ) ;
#2761 = EDGE_CURVE ( 'NONE', #1384, #2963, #1662, .T. ) ;
#2762 = CARTESIAN_POINT ( 'NONE',  ( -8.000000000000000000, 3.717306685560505475, -0.9726086908603079895 ) ) ;
#2763 = FACE_OUTER_BOUND ( 'NONE', #383, .T. ) ;
#2764 = VERTEX_POINT ( 'NONE', #134 ) ;
#2765 = ORIENTED_EDGE ( 'NONE', *, *, #1677, .T. ) ;
#2766 = DIRECTION ( 'NONE',  ( 0.000000000000000000, 0.000000000000000000, -1.000000000000000000 ) ) ;
#2767 = CARTESIAN_POINT ( 'NONE',  ( -8.000000000000000000, 3.717306685560505475, -0.9726086908603082115 ) ) ;
#2768 = CARTESIAN_POINT ( 'NONE',  ( -1.192832412739073700, -2.348229288551233918, 1.065460611622091713 ) ) ;
#2769 = CARTESIAN_POINT ( 'NONE',  ( -1.040057007688269808, -2.999817731256104736, -1.762152550058653899 ) ) ;
#2770 = CARTESIAN_POINT ( 'NONE',  ( -7.913010786225543214, 3.000000000000000000, 1.836987693312868153 ) ) ;
#2771 = DIRECTION ( 'NONE',  ( -1.000000000000000000, -0.000000000000000000, -0.000000000000000000 ) ) ;
#2772 = CARTESIAN_POINT ( 'NONE',  ( 3.243740766425389221, -1.343601418275894188, 3.504062500000000746 ) ) ;
#2773 = VERTEX_POINT ( 'NONE', #947 ) ;
#2774 = LINE ( 'NONE', #3309, #690 ) ;
#2775 = CARTESIAN_POINT ( 'NONE',  ( 1.685043642593055058, -2.695840671920588516, -1.748118292597794721 ) ) ;
#2776 = ADVANCED_FACE ( 'NONE', ( #1469 ), #2691, .F. ) ;
#2777 = EDGE_CURVE ( 'NONE', #3092, #1384, #144, .T. ) ;
#2778 = CARTESIAN_POINT ( 'NONE',  ( 0.05619320562375322570, 2.369439930651713766, 0.7876292700445446382 ) ) ;
#2779 = CARTESIAN_POINT ( 'NONE',  ( 2.207940216581962378, -2.875000000000000000, 1.749999999999999778 ) ) ;
#2780 = EDGE_LOOP ( 'NONE', ( #1224, #47, #697, #2256 ) ) ;
#2781 = ORIENTED_EDGE ( 'NONE', *, *, #2513, .F. ) ;
#2782 = VECTOR ( 'NONE', #703, 1000.000000000000000 ) ;
#2783 = CARTESIAN_POINT ( 'NONE',  ( 2.350110802895317708, 1.439027836203683837E-16, 0.5275000000000001910 ) ) ;
#2784 = AXIS2_PLACEMENT_3D ( 'NONE', #3437, #1335, #1805 ) ;
#2785 = CYLINDRICAL_SURFACE ( 'NONE', #1857, 0.1250000000000001110 ) ;
#2786 = DIRECTION ( 'NONE',  ( 0.000000000000000000, 0.000000000000000000, 1.000000000000000000 ) ) ;
#2787 = CARTESIAN_POINT ( 'NONE',  ( 7.875000000000000000, -5.445745613286696596, 1.277927069094684898 ) ) ;
#2788 = DIRECTION ( 'NONE',  ( 0.000000000000000000, 0.000000000000000000, -1.000000000000000000 ) ) ;
#2789 = CARTESIAN_POINT ( 'NONE',  ( -3.175000000000001155, -2.203475885316854709E-11, 0.3687500000013301249 ) ) ;
#2790 = ORIENTED_EDGE ( 'NONE', *, *, #109, .T. ) ;
#2791 = VECTOR ( 'NONE', #2585, 1000.000000000000000 ) ;
#2792 = FACE_OUTER_BOUND ( 'NONE', #649, .T. ) ;
#2793 = CARTESIAN_POINT ( 'NONE',  ( -2.245064030267288402, -2.245064030267288846, 0.6862499999999990274 ) ) ;
#2794 = CARTESIAN_POINT ( 'NONE',  ( 7.875000000000000000, -5.343351607750572718, 1.349624123638565765 ) ) ;
#2795 = VERTEX_POINT ( 'NONE', #2031 ) ;
#2796 = ORIENTED_EDGE ( 'NONE', *, *, #829, .F. ) ;
#2797 = CARTESIAN_POINT ( 'NONE',  ( 1.023552937570805454, 2.884171606889345263, 1.485052901655134150 ) ) ;
#2798 = CARTESIAN_POINT ( 'NONE',  ( 3.500000000000000000, 0.000000000000000000, -8.149494936611667129 ) ) ;
#2799 = DIRECTION ( 'NONE',  ( 1.000000000000000000, -0.000000000000000000, -0.000000000000000000 ) ) ;
#2800 = AXIS2_PLACEMENT_3D ( 'NONE', #291, #237, #1022 ) ;
#2801 = DIRECTION ( 'NONE',  ( 1.000000000000000000, 0.000000000000000000, 0.000000000000000000 ) ) ;
#2802 = FACE_OUTER_BOUND ( 'NONE', #2937, .T. ) ;
#2803 = AXIS2_PLACEMENT_3D ( 'NONE', #1816, #1292, #2703 ) ;
#2804 = CARTESIAN_POINT ( 'NONE',  ( 2.293671092350642038, 2.293671092350642038, -1.337812500000000515 ) ) ;
#2805 = ORIENTED_EDGE ( 'NONE', *, *, #1956, .T. ) ;
#2806 = CARTESIAN_POINT ( 'NONE',  ( 0.2247965729208072083, -3.174999999999998490, -1.762152550058652789 ) ) ;
#2807 = CARTESIAN_POINT ( 'NONE',  ( 3.174999999999999822, -2.547864221549210113E-11, 1.003749999998462039 ) ) ;
#2808 = CARTESIAN_POINT ( 'NONE',  ( 1.315128060534577203, -3.174999999999999822, 0.9243749999999988365 ) ) ;
#2809 = DIRECTION ( 'NONE',  ( 0.000000000000000000, -3.550762114890027021E-15, -1.000000000000000000 ) ) ;
#2810 = VERTEX_POINT ( 'NONE', #455 ) ;
#2811 = ORIENTED_EDGE ( 'NONE', *, *, #1615, .F. ) ;
#2812 = DIRECTION ( 'NONE',  ( 0.000000000000000000, -0.000000000000000000, 1.000000000000000000 ) ) ;
#2813 = ADVANCED_FACE ( 'NONE', ( #930 ), #1222, .T. ) ;
#2814 = EDGE_CURVE ( 'NONE', #262, #2995, #913, .T. ) ;
#2815 = DIRECTION ( 'NONE',  ( 1.000000000000000000, 0.000000000000000000, 0.000000000000000000 ) ) ;
#2816 = DIRECTION ( 'NONE',  ( -0.000000000000000000, -1.000000000000000000, 0.000000000000000000 ) ) ;
#2817 = CARTESIAN_POINT ( 'NONE',  ( -0.6799223899225449452, 2.721205828215413014, -1.386757165353704746 ) ) ;
#2818 = CYLINDRICAL_SURFACE ( 'NONE', #2724, 3.500000000000000000 ) ;
#2819 = CARTESIAN_POINT ( 'NONE',  ( -2.293671092350642482, 2.293671092350641150, -1.020312500000000400 ) ) ;
#2820 = ORIENTED_EDGE ( 'NONE', *, *, #2665, .F. ) ;
#2821 = DIRECTION ( 'NONE',  ( 0.000000000000000000, -1.000000000000000000, 0.000000000000000000 ) ) ;
#2822 = CARTESIAN_POINT ( 'NONE',  ( 2.350110802895317708, -0.9734477676387640610, 1.559375000000001066 ) ) ;
#2823 = CARTESIAN_POINT ( 'NONE',  ( -2.207940216581962378, -2.875000000000000000, 1.875000000000000000 ) ) ;
#2824 = CARTESIAN_POINT ( 'NONE',  ( -7.875000000000000000, -3.125000000000000000, 1.749999999999999778 ) ) ;
#2825 = ORIENTED_EDGE ( 'NONE', *, *, #1515, .T. ) ;
#2826 = ORIENTED_EDGE ( 'NONE', *, *, #528, .T. ) ;
#2827 = CARTESIAN_POINT ( 'NONE',  ( 3.243740766425389221, 1.343601418275894410, -2.607812500000000977 ) ) ;
#2828 = CARTESIAN_POINT ( 'NONE',  ( -2.207940216581962378, 2.875000000000000000, -8.149494936611667129 ) ) ;
#2829 = AXIS2_PLACEMENT_3D ( 'NONE', #1721, #425, #2812 ) ;
#2830 = CARTESIAN_POINT ( 'NONE',  ( -0.5406400812578986415, -2.613384225322312293, 1.100357621874428427 ) ) ;
#2831 = DIRECTION ( 'NONE',  ( 0.000000000000000000, 0.000000000000000000, -1.000000000000000000 ) ) ;
#2832 = CIRCLE ( 'NONE', #3348, 0.1250000000000001110 ) ;
#2833 = EDGE_CURVE ( 'NONE', #260, #120, #2114, .T. ) ;
#2834 = EDGE_CURVE ( 'NONE', #1431, #2773, #3145, .T. ) ;
#2835 = FACE_OUTER_BOUND ( 'NONE', #2276, .T. ) ;
#2836 = CARTESIAN_POINT ( 'NONE',  ( 3.243740766425389221, 1.343601418275894410, -2.687187500000000284 ) ) ;
#2837 = ORIENTED_EDGE ( 'NONE', *, *, #613, .T. ) ;
#2838 = CARTESIAN_POINT ( 'NONE',  ( -3.090367794903858378, 0.6174377228392657901, 1.582590611920086987 ) ) ;
#2839 = CARTESIAN_POINT ( 'NONE',  ( 2.350110802895317708, 0.9734477676387643941, 0.4481250000000011058 ) ) ;
#2840 = AXIS2_PLACEMENT_3D ( 'NONE', #573, #3027, #2766 ) ;
#2841 = DIRECTION ( 'NONE',  ( 0.000000000000000000, -0.5735764363510471586, 0.8191520442889910214 ) ) ;
#2842 = DIRECTION ( 'NONE',  ( 0.000000000000000000, 0.000000000000000000, -1.000000000000000000 ) ) ;
#2843 = ORIENTED_EDGE ( 'NONE', *, *, #3071, .F. ) ;
#2844 = ORIENTED_EDGE ( 'NONE', *, *, #2086, .T. ) ;
#2845 = SURFACE_SIDE_STYLE ('',( #1751 ) ) ;
#2846 = CARTESIAN_POINT ( 'NONE',  ( 2.557016770025897667, 1.493380432446422379, 1.395387427565331739 ) ) ;
#2847 = CARTESIAN_POINT ( 'NONE',  ( 0.9734477676387642830, 2.350110802895317708, 0.6068750000000010525 ) ) ;
#2848 = ORIENTED_EDGE ( 'NONE', *, *, #3185, .F. ) ;
#2849 = CARTESIAN_POINT ( 'NONE',  ( -7.951846508479920139, -3.000000000000000000, 1.797862606947913111 ) ) ;
#2850 = CARTESIAN_POINT ( 'NONE',  ( 7.875000000000000000, -5.199999999999999289, 1.624999999999999556 ) ) ;
#2851 = CARTESIAN_POINT ( 'NONE',  ( 3.243740766425389221, -1.343601418275894188, -1.575937499999999991 ) ) ;
#2852 = VERTEX_POINT ( 'NONE', #181 ) ;
#2853 = CIRCLE ( 'NONE', #1031, 0.1750000000000004607 ) ;
#2854 = AXIS2_PLACEMENT_3D ( 'NONE', #150, #1730, #433 ) ;
#2855 = FACE_OUTER_BOUND ( 'NONE', #1063, .T. ) ;
#2856 = CARTESIAN_POINT ( 'NONE',  ( -0.9734477676387658374, 2.350110802895317264, 0.7656250000000011102 ) ) ;
#2857 = ADVANCED_FACE ( 'NONE', ( #1187 ), #965, .F. ) ;
#2858 = TOROIDAL_SURFACE ( 'NONE', #311, 0.1750000000000003497, 0.1250000000000000000 ) ;
#2859 = DIRECTION ( 'NONE',  ( 0.000000000000000000, -1.000000000000000000, -9.856383386231863758E-17 ) ) ;
#2860 = CARTESIAN_POINT ( 'NONE',  ( 0.000000000000000000, 0.000000000000000000, -2.750000000000000444 ) ) ;
#2861 = EDGE_LOOP ( 'NONE', ( #748, #1834, #2693, #1341 ) ) ;
#2862 = EDGE_CURVE ( 'NONE', #2764, #283, #402, .T. ) ;
#2863 = CARTESIAN_POINT ( 'NONE',  ( -3.243740766425389666, -5.958655120299952691E-16, -3.322187500000001403 ) ) ;
#2864 = CARTESIAN_POINT ( 'NONE',  ( 1.749591328798635992, 2.454688317409646103, 1.448628584349980875 ) ) ;
#2865 = CARTESIAN_POINT ( 'NONE',  ( -1.661779285267040773, -1.661779285267041439, -0.1074999999999990963 ) ) ;
#2866 = EDGE_LOOP ( 'NONE', ( #572, #1241, #2545, #2173 ) ) ;
#2867 = DIRECTION ( 'NONE',  ( 1.000000000000000000, 0.000000000000000000, 0.000000000000000000 ) ) ;
#2868 = DIRECTION ( 'NONE',  ( 0.000000000000000000, -1.000000000000000000, -9.856383386231863758E-17 ) ) ;
#2869 = CARTESIAN_POINT ( 'NONE',  ( 0.9734477676387642830, 2.350110802895317708, -1.774374999999999591 ) ) ;
#2870 = CARTESIAN_POINT ( 'NONE',  ( 0.000000000000000000, 2.350110802895318152, -1.694999999999999840 ) ) ;
#2871 = ORIENTED_EDGE ( 'NONE', *, *, #2682, .T. ) ;
#2872 = CYLINDRICAL_SURFACE ( 'NONE', #2120, 0.1250000000000000555 ) ;
#2873 = CARTESIAN_POINT ( 'NONE',  ( -1.661779285267041439, 1.661779285267040551, 2.115000000000001545 ) ) ;
#2874 = ORIENTED_EDGE ( 'NONE', *, *, #345, .F. ) ;
#2875 = EDGE_CURVE ( 'NONE', #2963, #262, #3489, .T. ) ;
#2876 = CARTESIAN_POINT ( 'NONE',  ( 7.875000000000000000, 3.000000000000000000, 1.875000000000000666 ) ) ;
#2877 = CARTESIAN_POINT ( 'NONE',  ( -7.875000000000000000, -5.445745613286696596, 1.277927069094684898 ) ) ;
#2878 = ADVANCED_FACE ( 'NONE', ( #3161 ), #387, .T. ) ;
#2879 = CARTESIAN_POINT ( 'NONE',  ( 7.875000000000000000, 2.875000000000000000, 2.624999999999999112 ) ) ;
#2880 = CARTESIAN_POINT ( 'NONE',  ( -1.176420757129413630, -2.202678653924253105, -1.078307313711831750 ) ) ;
#2881 = CARTESIAN_POINT ( 'NONE',  ( -7.875000000000000000, 3.717306685560505919, -0.9726086908603085446 ) ) ;
#2882 = CARTESIAN_POINT ( 'NONE',  ( -7.875000000000000000, -5.343351607750572718, 1.349624123638565765 ) ) ;
#2883 = CARTESIAN_POINT ( 'NONE',  ( -3.003789337653218539, 1.486338722881357821, 1.544761255864818716 ) ) ;
#2884 = AXIS2_PLACEMENT_3D ( 'NONE', #575, #2750, #3302 ) ;
#2885 = DIRECTION ( 'NONE',  ( -0.000000000000000000, 1.000000000000000000, 9.856383386231863758E-17 ) ) ;
#2886 = CARTESIAN_POINT ( 'NONE',  ( 1.861394442943712368, -1.488673753885663142, -3.420392960097529578 ) ) ;
#2887 = CARTESIAN_POINT ( 'NONE',  ( -0.9734477676387640610, -2.350110802895318596, 0.1306250000000000744 ) ) ;
#2888 = EDGE_LOOP ( 'NONE', ( #1645, #2457, #3283, #2430 ) ) ;
#2889 = VECTOR ( 'NONE', #1879, 1000.000000000000000 ) ;
#2890 = CARTESIAN_POINT ( 'NONE',  ( -2.207940216581962378, -2.875000000000000000, 2.624999999999998668 ) ) ;
#2891 = ADVANCED_FACE ( 'NONE', ( #1502 ), #363, .F. ) ;
#2892 = CARTESIAN_POINT ( 'NONE',  ( 0.9734477676387645051, -2.350110802895317708, 0.1306250000000009626 ) ) ;
#2893 = EDGE_CURVE ( 'NONE', #1157, #469, #2591, .T. ) ;
#2894 = AXIS2_PLACEMENT_3D ( 'NONE', #2182, #350, #3018 ) ;
#2895 = DIRECTION ( 'NONE',  ( 0.000000000000000000, -0.8191520442889910214, -0.5735764363510472696 ) ) ;
#2896 = ORIENTED_EDGE ( 'NONE', *, *, #3448, .T. ) ;
#2897 = AXIS2_PLACEMENT_3D ( 'NONE', #1542, #1788, #155 ) ;
#2898 = CARTESIAN_POINT ( 'NONE',  ( 1.343601418275894410, 3.243740766425389221, -2.449062500000001030 ) ) ;
#2899 = CARTESIAN_POINT ( 'NONE',  ( -1.310531118474166368, 2.443088048903604204, -1.354242326587309586 ) ) ;
#2900 = CARTESIAN_POINT ( 'NONE',  ( 0.000000000000000000, 9.757819552369543850E-16, -2.750000000000001332 ) ) ;
#2901 = DIRECTION ( 'NONE',  ( 0.000000000000000000, -0.8191520442889917986, -0.5735764363510459374 ) ) ;
#2902 = EDGE_LOOP ( 'NONE', ( #2735, #758, #3226, #1831 ) ) ;
#2903 = APPLICATION_CONTEXT ( 'automotive_design' ) ;
#2904 = CARTESIAN_POINT ( 'NONE',  ( 0.000000000000000000, 3.175000000000012701, -1.218749999999992673 ) ) ;
#2905 = LINE ( 'NONE', #2160, #1471 ) ;
#2906 = CARTESIAN_POINT ( 'NONE',  ( 1.661779285267040995, -1.661779285267040773, 2.750000000000001332 ) ) ;
#2907 = CARTESIAN_POINT ( 'NONE',  ( 0.000000000000000000, 2.350110802895318152, 2.115000000000000657 ) ) ;
#2908 = ORIENTED_EDGE ( 'NONE', *, *, #3339, .F. ) ;
#2909 = CARTESIAN_POINT ( 'NONE',  ( 4.127269001747371213, -0.5430925139406658220, -2.750000000000000000 ) ) ;
#2910 = CARTESIAN_POINT ( 'NONE',  ( -1.343601418275894188, -3.243740766425390554, 1.995937499999999032 ) ) ;
#2911 = CIRCLE ( 'NONE', #1380, 3.312481532850776844 ) ;
#2912 = ORIENTED_EDGE ( 'NONE', *, *, #1363, .F. ) ;
#2913 = B_SPLINE_CURVE_WITH_KNOTS ( 'NONE', 3,
 ( #3242, #794, #3475, #1878, #2973, #16, #1894, #52, #1153, #2741 ),
 .UNSPECIFIED., .F., .F.,
 ( 4, 2, 2, 2, 4 ),
 ( 0.01685424973370451204, 0.01749895488707609720, 0.01814366004044768582, 0.01878836519381927445, 0.01943307034719085960 ),
 .UNSPECIFIED. ) ;
#2914 = LINE ( 'NONE', #273, #2577 ) ;
#2915 = CARTESIAN_POINT ( 'NONE',  ( -2.207940216581962378, -2.875000000000000000, 2.624999999999998668 ) ) ;
#2916 = ORIENTED_EDGE ( 'NONE', *, *, #1568, .F. ) ;
#2917 = AXIS2_PLACEMENT_3D ( 'NONE', #3469, #2363, #2667 ) ;
#2918 = CARTESIAN_POINT ( 'NONE',  ( -2.172456997251851707, 2.769561082757175274, -2.081961692150354981 ) ) ;
#2919 = CARTESIAN_POINT ( 'NONE',  ( -2.629598215313706078, 0.3303770948617797409, -1.231850581085966123 ) ) ;
#2920 = CARTESIAN_POINT ( 'NONE',  ( 2.177606887361227983, 3.000000000000000444, 1.844667884087983323 ) ) ;
#2921 = CARTESIAN_POINT ( 'NONE',  ( -2.245064030267288846, 2.245064030267287958, -0.9012500000000013278 ) ) ;
#2922 = CARTESIAN_POINT ( 'NONE',  ( -1.315128060534584531, 3.175000000000012257, -1.139374999999993143 ) ) ;
#2923 = ADVANCED_FACE ( 'NONE', ( #1041 ), #636, .T. ) ;
#2924 = CARTESIAN_POINT ( 'NONE',  ( -3.146709492191741564, 0.4228999547503348166, 1.612518467145671819 ) ) ;
#2925 = EDGE_CURVE ( 'NONE', #2928, #1567, #1151, .T. ) ;
#2926 = CARTESIAN_POINT ( 'NONE',  ( -2.350110802895317264, 0.9734477676387649492, -2.726874999999999716 ) ) ;
#2927 = CARTESIAN_POINT ( 'NONE',  ( -2.350110802895317708, 0.9734477676387650602, 2.353124999999999911 ) ) ;
#2928 = VERTEX_POINT ( 'NONE', #1330 ) ;
#2929 = CARTESIAN_POINT ( 'NONE',  ( 2.207940216581962378, -3.000000000000000000, 1.749999999999999778 ) ) ;
#2930 = CARTESIAN_POINT ( 'NONE',  ( -1.343601418275894188, -3.243740766425390554, 0.7259374999999993472 ) ) ;
#2931 = ORIENTED_EDGE ( 'NONE', *, *, #2036, .F. ) ;
#2932 = CYLINDRICAL_SURFACE ( 'NONE', #1101, 0.1250000000000001110 ) ;
#2933 = DIRECTION ( 'NONE',  ( -0.000000000000000000, 0.000000000000000000, 1.000000000000000000 ) ) ;
#2934 = CARTESIAN_POINT ( 'NONE',  ( 1.343601418275894632, -3.243740766425389221, 3.345312499999999467 ) ) ;
#2935 = DIRECTION ( 'NONE',  ( 0.000000000000000000, 0.000000000000000000, -1.000000000000000000 ) ) ;
#2936 = CARTESIAN_POINT ( 'NONE',  ( -7.875000000000000000, -2.875000000000000000, 1.875000000000000000 ) ) ;
#2937 = EDGE_LOOP ( 'NONE', ( #2647, #3394, #1509, #2563, #2346, #2625, #1047, #2985, #2826, #626, #40, #2014, #2395, #3277 ) ) ;
#2938 = ORIENTED_EDGE ( 'NONE', *, *, #67, .F. ) ;
#2939 = EDGE_CURVE ( 'NONE', #1765, #1896, #808, .T. ) ;
#2940 = CARTESIAN_POINT ( 'NONE',  ( 1.550065199360357362E-11, -3.016115360629989972, -1.603267910688645159 ) ) ;
#2941 = FACE_OUTER_BOUND ( 'NONE', #344, .T. ) ;
#2942 = CARTESIAN_POINT ( 'NONE',  ( 0.000000000000000000, 2.350110802895317708, -2.965000000000000302 ) ) ;
#2943 = CARTESIAN_POINT ( 'NONE',  ( -1.661779285267041217, -1.661779285267041661, 2.591250000000000053 ) ) ;
#2944 = ORIENTED_EDGE ( 'NONE', *, *, #2247, .T. ) ;
#2945 = ADVANCED_FACE ( 'NONE', ( #236 ), #1098, .F. ) ;
#2946 = CARTESIAN_POINT ( 'NONE',  ( 2.172457524542807494, -2.769560730914743640, -2.081961876288398905 ) ) ;
#2947 = CARTESIAN_POINT ( 'NONE',  ( 2.350110802895317708, 1.439027836203683837E-16, -2.171249999999999236 ) ) ;
#2948 = EDGE_LOOP ( 'NONE', ( #223, #1701, #1812, #1930, #196 ) ) ;
#2949 = PLANE ( 'NONE',  #2917 ) ;
#2950 = DIRECTION ( 'NONE',  ( 0.000000000000000000, 0.000000000000000000, -1.000000000000000000 ) ) ;
#2951 = CARTESIAN_POINT ( 'NONE',  ( -8.000000000000000000, -3.000000000000000000, 1.749999999999999778 ) ) ;
#2952 = CARTESIAN_POINT ( 'NONE',  ( 7.913010786225543214, -3.000000000000000000, 1.836987693312867487 ) ) ;
#2953 = VECTOR ( 'NONE', #1867, 1000.000000000000000 ) ;
#2954 = CARTESIAN_POINT ( 'NONE',  ( -7.875000000000000000, -0.5430925139406658220, 1.250000000000000222 ) ) ;
#2955 = CARTESIAN_POINT ( 'NONE',  ( 7.875000000000000000, -3.000000000000000000, 1.875000000000000000 ) ) ;
#2956 = ORIENTED_EDGE ( 'NONE', *, *, #612, .T. ) ;
#2957 = VERTEX_POINT ( 'NONE', #2648 ) ;
#2958 = DIRECTION ( 'NONE',  ( 0.000000000000000000, -9.856383386231863758E-17, 1.000000000000000000 ) ) ;
#2959 = CIRCLE ( 'NONE', #1077, 0.3000000000000005440 ) ;
#2960 = DIRECTION ( 'NONE',  ( -0.7931034482758626547, -0.6090869562984715380, 0.000000000000000000 ) ) ;
#2961 = CARTESIAN_POINT ( 'NONE',  ( -0.9734477676387658374, 2.350110802895317264, 2.035625000000000906 ) ) ;
#2962 = LINE ( 'NONE', #1144, #2953 ) ;
#2963 = VERTEX_POINT ( 'NONE', #769 ) ;
#2964 = DIRECTION ( 'NONE',  ( 0.000000000000000000, 0.000000000000000000, -1.000000000000000000 ) ) ;
#2965 = CARTESIAN_POINT ( 'NONE',  ( 3.243740766425389221, -1.343601418275894188, 2.313437499999998703 ) ) ;
#2966 = ORIENTED_EDGE ( 'NONE', *, *, #3352, .F. ) ;
#2967 = DIRECTION ( 'NONE',  ( 1.000000000000000000, 0.000000000000000000, -0.000000000000000000 ) ) ;
#2968 = CARTESIAN_POINT ( 'NONE',  ( 1.610536571179866483, 2.424975680547093670, -1.493326714602543959 ) ) ;
#2969 = ADVANCED_FACE ( 'NONE', ( #2381 ), #2932, .T. ) ;
#2970 = EDGE_CURVE ( 'NONE', #1129, #2353, #2000, .T. ) ;
#2971 = CARTESIAN_POINT ( 'NONE',  ( -2.293671092350641594, -2.293671092350642482, 3.107187499999999769 ) ) ;
#2972 = CIRCLE ( 'NONE', #912, 0.1250000000000001110 ) ;
#2973 = CARTESIAN_POINT ( 'NONE',  ( -2.209383981125318197, 1.036345101400353075, 0.8683214099872045288 ) ) ;
#2974 = CYLINDRICAL_SURFACE ( 'NONE', #1413, 0.1250000000000001110 ) ;
#2975 = VECTOR ( 'NONE', #3022, 1000.000000000000227 ) ;
#2976 = CARTESIAN_POINT ( 'NONE',  ( -4.127269001747372990, -0.5430925139406644897, -2.750000000000001332 ) ) ;
#2977 = ORIENTED_EDGE ( 'NONE', *, *, #2107, .T. ) ;
#2978 = ADVANCED_FACE ( 'NONE', ( #217 ), #1854, .T. ) ;
#2979 = EDGE_LOOP ( 'NONE', ( #3325, #1349, #2529, #219 ) ) ;
#2980 = CARTESIAN_POINT ( 'NONE',  ( -2.350110802895317264, 0.9734477676387649492, 2.353124999999999911 ) ) ;
#2981 = VECTOR ( 'NONE', #3176, 1000.000000000000227 ) ;
#2982 = DIRECTION ( 'NONE',  ( -0.000000000000000000, -0.000000000000000000, 1.000000000000000000 ) ) ;
#2983 = CARTESIAN_POINT ( 'NONE',  ( 1.661779285267040995, -1.661779285267040773, -1.059999999999998943 ) ) ;
#2984 = CARTESIAN_POINT ( 'NONE',  ( 2.350110802895318152, 1.439027836203684084E-16, -3.282500000000000195 ) ) ;
#2985 = ORIENTED_EDGE ( 'NONE', *, *, #873, .T. ) ;
#2986 = DIRECTION ( 'NONE',  ( 1.000000000000000000, 0.000000000000000000, 0.000000000000000000 ) ) ;
#2987 = CARTESIAN_POINT ( 'NONE',  ( 3.972436746866635620E-16, -3.243740766425389666, -0.4646875000000011413 ) ) ;
#2988 = EDGE_LOOP ( 'NONE', ( #2916, #2796, #2538, #2390 ) ) ;
#2989 = CARTESIAN_POINT ( 'NONE',  ( -2.082940216581961934, 2.875000000000000000, 2.624999999999998668 ) ) ;
#2990 = CARTESIAN_POINT ( 'NONE',  ( -2.207940216581962378, -2.875000000000000000, 2.624999999999998668 ) ) ;
#2991 = EDGE_CURVE ( 'NONE', #1896, #981, #2914, .T. ) ;
#2992 = ADVANCED_FACE ( 'NONE', ( #477 ), #2949, .T. ) ;
#2993 = LINE ( 'NONE', #570, #2889 ) ;
#2994 = VERTEX_POINT ( 'NONE', #1000 ) ;
#2995 = VERTEX_POINT ( 'NONE', #2989 ) ;
#2996 = CARTESIAN_POINT ( 'NONE',  ( 2.350110802895317708, 1.439027836203683837E-16, 3.067500000000000338 ) ) ;
#2997 = DIRECTION ( 'NONE',  ( 0.000000000000000000, 1.000000000000000000, 0.000000000000000000 ) ) ;
#2998 = CARTESIAN_POINT ( 'NONE',  ( 0.9734477676387642830, 2.350110802895317708, -0.6631249999999987432 ) ) ;
#2999 = CARTESIAN_POINT ( 'NONE',  ( -2.350110802895318152, -4.317083508611051018E-16, -2.647499999999999964 ) ) ;
#3000 =( LENGTH_UNIT ( ) NAMED_UNIT ( * ) SI_UNIT ( .MILLI., .METRE. ) );
#3001 = PLANE ( 'NONE',  #2443 ) ;
#3002 = ORIENTED_EDGE ( 'NONE', *, *, #345, .T. ) ;
#3003 = DIRECTION ( 'NONE',  ( 1.000000000000000000, 0.000000000000000000, 0.000000000000000000 ) ) ;
#3004 = AXIS2_PLACEMENT_3D ( 'NONE', #1949, #2997, #3332 ) ;
#3005 = FACE_OUTER_BOUND ( 'NONE', #776, .T. ) ;
#3006 = AXIS2_PLACEMENT_3D ( 'NONE', #2115, #3206, #2673 ) ;
#3007 = CARTESIAN_POINT ( 'NONE',  ( 2.055668477507344161, 2.676724137931033809, 1.875000000000000000 ) ) ;
#3008 = CARTESIAN_POINT ( 'NONE',  ( 0.000000000000000000, 9.757819552369543850E-16, -2.750000000000001332 ) ) ;
#3009 = ORIENTED_EDGE ( 'NONE', *, *, #1112, .T. ) ;
#3010 = ORIENTED_EDGE ( 'NONE', *, *, #355, .T. ) ;
#3011 = DIRECTION ( 'NONE',  ( 0.000000000000000000, 0.5735764363510472696, 0.8191520442889909104 ) ) ;
#3012 = AXIS2_PLACEMENT_3D ( 'NONE', #1321, #2697, #2100 ) ;
#3013 = CARTESIAN_POINT ( 'NONE',  ( 3.312481532850776844, 0.000000000000000000, 1.750000000000000000 ) ) ;
#3014 = CARTESIAN_POINT ( 'NONE',  ( 0.000000000000000000, 2.350110802895317708, -1.853749999999999121 ) ) ;
#3015 = VECTOR ( 'NONE', #956, 1000.000000000000000 ) ;
#3016 = LINE ( 'NONE', #266, #1133 ) ;
#3017 = ORIENTED_EDGE ( 'NONE', *, *, #2621, .F. ) ;
#3018 = DIRECTION ( 'NONE',  ( 1.000000000000000000, 0.000000000000000000, 0.000000000000000000 ) ) ;
#3019 = ORIENTED_EDGE ( 'NONE', *, *, #1401, .F. ) ;
#3020 = CARTESIAN_POINT ( 'NONE',  ( 2.350110802895321260, -0.9734477676387655043, -0.8218749999999984679 ) ) ;
#3021 = DIRECTION ( 'NONE',  ( 1.000000000000000000, 0.000000000000000000, 0.000000000000000000 ) ) ;
#3022 = DIRECTION ( 'NONE',  ( 0.000000000000000000, -0.5735764363510472696, -0.8191520442889909104 ) ) ;
#3023 = DIRECTION ( 'NONE',  ( 1.000000000000000000, 0.000000000000000000, 0.000000000000000000 ) ) ;
#3024 = EDGE_LOOP ( 'NONE', ( #1537, #2097, #3312, #1138, #3119 ) ) ;
#3025 = VECTOR ( 'NONE', #324, 1000.000000000000000 ) ;
#3026 = ORIENTED_EDGE ( 'NONE', *, *, #2970, .T. ) ;
#3027 = DIRECTION ( 'NONE',  ( 1.000000000000000000, 0.000000000000000000, 0.000000000000000000 ) ) ;
#3028 = VECTOR ( 'NONE', #2859, 1000.000000000000000 ) ;
#3029 = CARTESIAN_POINT ( 'NONE',  ( -2.350110802895317264, -0.9734477676387655043, -0.1868749999999991251 ) ) ;
#3030 = CARTESIAN_POINT ( 'NONE',  ( 1.315128060534577203, -3.174999999999999822, -1.615625000000001865 ) ) ;
#3031 = AXIS2_PLACEMENT_3D ( 'NONE', #2890, #3445, #491 ) ;
#3032 = EDGE_CURVE ( 'NONE', #212, #131, #2280, .T. ) ;
#3033 = DIRECTION ( 'NONE',  ( 1.000000000000000000, 0.000000000000000000, 0.000000000000000000 ) ) ;
#3034 = CARTESIAN_POINT ( 'NONE',  ( -8.000000000000000000, -3.125000000000000000, 1.875000000000000000 ) ) ;
#3035 = CARTESIAN_POINT ( 'NONE',  ( -8.000000000000000000, -5.343351607750572718, 1.349624123638565987 ) ) ;
#3036 = ORIENTED_EDGE ( 'NONE', *, *, #1933, .F. ) ;
#3037 = DIRECTION ( 'NONE',  ( 1.000000000000000000, -0.000000000000000000, -0.000000000000000000 ) ) ;
#3038 = DIRECTION ( 'NONE',  ( 0.6090869562984714269, -0.7931034482758626547, 0.000000000000000000 ) ) ;
#3039 = CARTESIAN_POINT ( 'NONE',  ( -0.8539274380986178192, 2.211076827370008768, 0.7876292700445439721 ) ) ;
#3040 = DIRECTION ( 'NONE',  ( 1.000000000000000000, 0.000000000000000000, 0.000000000000000000 ) ) ;
#3041 = EDGE_LOOP ( 'NONE', ( #2765, #1053, #84, #1286 ) ) ;
#3042 = ORIENTED_EDGE ( 'NONE', *, *, #1159, .T. ) ;
#3043 = CARTESIAN_POINT ( 'NONE',  ( -0.9734477676387638390, -2.350110802895318152, 1.400625000000000453 ) ) ;
#3044 = DIRECTION ( 'NONE',  ( -0.000000000000000000, -0.000000000000000000, 1.000000000000000000 ) ) ;
#3045 = EDGE_CURVE ( 'NONE', #981, #1555, #63, .T. ) ;
#3046 = CARTESIAN_POINT ( 'NONE',  ( 1.349154567088159951, -2.407606901794793863, 1.191799909546520597 ) ) ;
#3047 = CARTESIAN_POINT ( 'NONE',  ( -8.000000000000000000, 2.875000000000000000, 2.749999999999999556 ) ) ;
#3048 = CARTESIAN_POINT ( 'NONE',  ( 7.875000000000000000, 0.5430925139406658220, -2.750000000000000000 ) ) ;
#3049 = DIRECTION ( 'NONE',  ( 1.000000000000000000, 0.000000000000000000, 0.000000000000000000 ) ) ;
#3050 = ORIENTED_EDGE ( 'NONE', *, *, #2557, .F. ) ;
#3051 = ADVANCED_FACE ( 'NONE', ( #3341 ), #3086, .F. ) ;
#3052 = CARTESIAN_POINT ( 'NONE',  ( 0.000000000000000000, 0.000000000000000000, 1.875000000000000000 ) ) ;
#3053 = DIRECTION ( 'NONE',  ( 0.000000000000000000, 0.000000000000000000, -1.000000000000000000 ) ) ;
#3054 = FACE_OUTER_BOUND ( 'NONE', #3364, .T. ) ;
#3055 = DIRECTION ( 'NONE',  ( 0.000000000000000000, -9.856383386231863758E-17, 1.000000000000000000 ) ) ;
#3056 = EDGE_LOOP ( 'NONE', ( #1372, #1096, #463, #1673 ) ) ;
#3057 = EDGE_LOOP ( 'NONE', ( #868, #3168, #1125, #1120 ) ) ;
#3058 = AXIS2_PLACEMENT_3D ( 'NONE', #3166, #482, #1027 ) ;
#3059 = CARTESIAN_POINT ( 'NONE',  ( 7.875000000000000000, 2.875000000000000000, 1.449999999999999289 ) ) ;
#3060 = CARTESIAN_POINT ( 'NONE',  ( 1.798804835528667656, -2.125465725284793717, 1.216427257744893131 ) ) ;
#3061 = DIRECTION ( 'NONE',  ( 0.000000000000000000, -1.000000000000000000, -9.856383386231863758E-17 ) ) ;
#3062 = B_SPLINE_CURVE_WITH_KNOTS ( 'NONE', 3,
 ( #2824, #388, #53, #1715 ),
 .UNSPECIFIED., .F., .F.,
 ( 4, 4 ),
 ( -2.236067977946421945E-06, 0.0001590332656302906246 ),
 .UNSPECIFIED. ) ;
#3063 = CARTESIAN_POINT ( 'NONE',  ( -1.725677412616375639, 2.139195764952365852, -1.330164310025776286 ) ) ;
#3064 = AXIS2_PLACEMENT_3D ( 'NONE', #1686, #2786, #347 ) ;
#3065 = DIRECTION ( 'NONE',  ( -1.000000000000000000, -0.000000000000000000, -0.000000000000000000 ) ) ;
#3066 = CARTESIAN_POINT ( 'NONE',  ( 1.343601418275894410, 3.243740766425389221, -2.528437500000000782 ) ) ;
#3067 = EDGE_LOOP ( 'NONE', ( #189, #1518, #2753, #526, #1532, #2598, #1272, #1984, #3297, #1300, #1873 ) ) ;
#3068 = AXIS2_PLACEMENT_3D ( 'NONE', #723, #2312, #443 ) ;
#3069 = CARTESIAN_POINT ( 'NONE',  ( 2.748040254110989622, 2.454422290115551686, -2.265860117626061765 ) ) ;
#3070 = CARTESIAN_POINT ( 'NONE',  ( 3.031927425769357587, 0.2352147160264288772, -1.609705923192653820 ) ) ;
#3071 = EDGE_CURVE ( 'NONE', #804, #2773, #2289, .T. ) ;
#3072 = EDGE_CURVE ( 'NONE', #3092, #588, #2506, .T. ) ;
#3073 = CARTESIAN_POINT ( 'NONE',  ( -1.124611815403480986, 2.063557377574019469, 0.7876292700445455264 ) ) ;
#3074 = CARTESIAN_POINT ( 'NONE',  ( 7.875000000000000000, 0.5430925139406658220, 1.250000000000000222 ) ) ;
#3075 = ORIENTED_EDGE ( 'NONE', *, *, #1361, .T. ) ;
#3076 = ORIENTED_EDGE ( 'NONE', *, *, #3093, .F. ) ;
#3077 = AXIS2_PLACEMENT_3D ( 'NONE', #1451, #844, #2541 ) ;
#3078 = DIRECTION ( 'NONE',  ( 0.000000000000000000, 0.000000000000000000, -1.000000000000000000 ) ) ;
#3079 = CARTESIAN_POINT ( 'NONE',  ( 2.723211459370891152, -0.8614189561415168672, 1.288279954811460293 ) ) ;
#3080 = DIRECTION ( 'NONE',  ( -0.6090869562984714269, -0.7931034482758626547, 0.000000000000000000 ) ) ;
#3081 = CARTESIAN_POINT ( 'NONE',  ( -2.488880713403108125, 1.004442933189404030, -1.265509199625705739 ) ) ;
#3082 = DIRECTION ( 'NONE',  ( -0.000000000000000000, -0.000000000000000000, 1.000000000000000000 ) ) ;
#3083 = AXIS2_PLACEMENT_3D ( 'NONE', #2527, #2508, #1927 ) ;
#3084 = CARTESIAN_POINT ( 'NONE',  ( 2.293671092350642038, 2.293671092350642038, 1.202187499999999742 ) ) ;
#3085 = ORIENTED_EDGE ( 'NONE', *, *, #1848, .F. ) ;
#3086 = TOROIDAL_SURFACE ( 'NONE', #38, 3.375000000000000000, 0.1250000000000000000 ) ;
#3087 = CARTESIAN_POINT ( 'NONE',  ( -1.968538869267857840E-16, -3.174999999999999822, -1.762152550058650791 ) ) ;
#3088 = CARTESIAN_POINT ( 'NONE',  ( 0.9734477676387642830, 2.350110802895317708, -0.6631249999999987432 ) ) ;
#3089 = CARTESIAN_POINT ( 'NONE',  ( 7.912982431949312279, 3.000000000000000000, 1.837016048723292050 ) ) ;
#3090 = CARTESIAN_POINT ( 'NONE',  ( 0.2405795892395218294, -2.415884695297085827, -1.003037245355746343 ) ) ;
#3091 = ORIENTED_EDGE ( 'NONE', *, *, #1231, .T. ) ;
#3092 = VERTEX_POINT ( 'NONE', #1369 ) ;
#3093 = EDGE_CURVE ( 'NONE', #3484, #858, #2236, .T. ) ;
#3094 = DIRECTION ( 'NONE',  ( 0.000000000000000000, 0.000000000000000000, -1.000000000000000000 ) ) ;
#3095 = CARTESIAN_POINT ( 'NONE',  ( 1.506647405108088700, -2.322401543999109919, 1.200228371510617897 ) ) ;
#3096 = DIRECTION ( 'NONE',  ( 0.000000000000000000, 0.000000000000000000, 1.000000000000000000 ) ) ;
#3097 = CARTESIAN_POINT ( 'NONE',  ( -7.875000000000000000, 5.445745613286696596, 1.277927069094684676 ) ) ;
#3098 = CARTESIAN_POINT ( 'NONE',  ( -3.243740766425388333, -1.343601418275896409, -0.7821875000000008127 ) ) ;
#3099 = ORIENTED_EDGE ( 'NONE', *, *, #2893, .F. ) ;
#3100 = DIRECTION ( 'NONE',  ( -0.000000000000000000, -0.000000000000000000, 1.000000000000000000 ) ) ;
#3101 = CARTESIAN_POINT ( 'NONE',  ( -2.350110802895317708, -4.317083508611050525E-16, 1.003750000000001252 ) ) ;
#3102 = ADVANCED_FACE ( 'NONE', ( #1694 ), #2858, .T. ) ;
#3103 = B_SPLINE_CURVE_WITH_KNOTS ( 'NONE', 3,
 ( #1907, #3509, #2169, #1557, #1613, #2436, #3470, #770, #1630, #35, #1370, #1836, #1100, #791, #2185, #2400 ),
 .UNSPECIFIED., .F., .F.,
 ( 4, 2, 2, 2, 2, 2, 2, 4 ),
 ( 0.0003271021865933628988, 0.001002904799920504393, 0.001678707413247645724, 0.002354510026574787272, 0.003030312639901928604, 0.004381917866556212134, 0.005057720479883353465, 0.005733523093210494796 ),
 .UNSPECIFIED. ) ;
#3104 = DIRECTION ( 'NONE',  ( 1.000000000000000000, 0.000000000000000000, 0.000000000000000000 ) ) ;
#3105 = LINE ( 'NONE', #163, #2284 ) ;
#3106 = ORIENTED_EDGE ( 'NONE', *, *, #1758, .T. ) ;
#3107 = ORIENTED_EDGE ( 'NONE', *, *, #2991, .T. ) ;
#3108 = CARTESIAN_POINT ( 'NONE',  ( -2.293671092350641594, -2.293671092350642482, -1.893437500000000995 ) ) ;
#3109 = LINE ( 'NONE', #1441, #2260 ) ;
#3110 = VECTOR ( 'NONE', #1142, 1000.000000000000000 ) ;
#3111 = CARTESIAN_POINT ( 'NONE',  ( -2.485678343355298914, -0.3549015276335876212, 0.9422737808373088386 ) ) ;
#3112 = VERTEX_POINT ( 'NONE', #2738 ) ;
#3113 = CARTESIAN_POINT ( 'NONE',  ( -7.875000000000000000, -5.199999999999999289, 1.449999999999999289 ) ) ;
#3114 = CIRCLE ( 'NONE', #1916, 0.1250000000000001110 ) ;
#3115 = ADVANCED_FACE ( 'NONE', ( #34 ), #48, .T. ) ;
#3116 = LINE ( 'NONE', #688, #233 ) ;
#3117 = CARTESIAN_POINT ( 'NONE',  ( 0.000000000000000000, 3.243740766425389666, -1.179062500000000346 ) ) ;
#3118 = CIRCLE ( 'NONE', #2214, 3.500000000000000000 ) ;
#3119 = ORIENTED_EDGE ( 'NONE', *, *, #934, .F. ) ;
#3120 =( BOUNDED_CURVE ( )  B_SPLINE_CURVE ( 2, ( #3189, #462, #1508, #2847, #2653, #1769, #222, #426, #2618, #206, #3455, #1228, #2865, #188, #3400, #1299, #954, #2041, #705, #3132, #685, #2597, #2332, #3419, #580 ),
 .UNSPECIFIED., .F., .T. ) 
 B_SPLINE_CURVE_WITH_KNOTS ( ( 3, 2, 2, 2, 2, 2, 2, 2, 2, 2, 2, 2, 3 ),
 ( 0.3201310137505197773, 0.3333333333333333148, 0.3541666666666666852, 0.3750000000000000000, 0.3958333333333333148, 0.4166666666666666852, 0.4375000000000000000, 0.4583333333333333148, 0.4791666666666666852, 0.5000000000000000000, 0.5208333333333333703, 0.5416666666666666297, 0.5465482582648476528 ),
 .UNSPECIFIED. ) 
 CURVE ( )  GEOMETRIC_REPRESENTATION_ITEM ( )  RATIONAL_B_SPLINE_CURVE ( ( 0.9646616396757947687, 0.9517615965482002505, 1.000000000000000000, 0.9238795325112867385, 1.000000000000000000, 0.9238795325112867385, 1.000000000000000000, 0.9238795325112867385, 1.000000000000000000, 0.9238795325112867385, 1.000000000000000000, 0.9238795325112867385, 1.000000000000000000, 0.9238795325112867385, 1.000000000000000000, 0.9238795325112867385, 1.000000000000000000, 0.9238795325112867385, 1.000000000000000000, 0.9238795325112867385, 1.000000000000000000, 0.9238795325112867385, 1.000000000000000000, 0.9821637263419593644, 0.9726861154325858738 ) ) 
 REPRESENTATION_ITEM ( '' )  );
#3121 = CARTESIAN_POINT ( 'NONE',  ( -2.826580156886956630, 1.164479539386880091, 1.488049724780053040 ) ) ;
#3122 = CARTESIAN_POINT ( 'NONE',  ( -0.9734477676387658374, 2.350110802895317264, 2.035625000000000906 ) ) ;
#3123 = EDGE_CURVE ( 'NONE', #104, #1639, #698, .T. ) ;
#3124 = AXIS2_PLACEMENT_3D ( 'NONE', #1950, #1444, #75 ) ;
#3125 = VERTEX_POINT ( 'NONE', #843 ) ;
#3126 = CARTESIAN_POINT ( 'NONE',  ( -2.082940216581961934, 2.875000000000000000, -8.149494936611667129 ) ) ;
#3127 = CARTESIAN_POINT ( 'NONE',  ( 0.000000000000000000, 0.000000000000000000, 2.624999999999998668 ) ) ;
#3128 = ORIENTED_EDGE ( 'NONE', *, *, #2227, .T. ) ;
#3129 = ORIENTED_EDGE ( 'NONE', *, *, #2862, .F. ) ;
#3130 = CARTESIAN_POINT ( 'NONE',  ( 2.293671092350642038, -2.293671092350641594, -1.575937500000000879 ) ) ;
#3131 = FACE_OUTER_BOUND ( 'NONE', #3057, .T. ) ;
#3132 = CARTESIAN_POINT ( 'NONE',  ( 0.9734477676387642830, 2.350110802895317708, -0.6631249999999987432 ) ) ;
#3133 = CARTESIAN_POINT ( 'NONE',  ( -1.315128060534579424, 3.174999999999998934, 1.400625000000000231 ) ) ;
#3134 = CARTESIAN_POINT ( 'NONE',  ( 4.127269001747371213, -0.5430925139406658220, -2.750000000000000000 ) ) ;
#3135 = CARTESIAN_POINT ( 'NONE',  ( 0.9734477676387645051, -2.350110802895317708, 2.670625000000001137 ) ) ;
#3136 = CARTESIAN_POINT ( 'NONE',  ( 2.835542467703076053, -1.575294598994842143, -2.869613771630609378 ) ) ;
#3137 = ORIENTED_EDGE ( 'NONE', *, *, #3301, .F. ) ;
#3138 = CIRCLE ( 'NONE', #2518, 4.000000000000000000 ) ;
#3139 = ADVANCED_FACE ( 'NONE', ( #582 ), #1326, .T. ) ;
#3140 = EDGE_CURVE ( 'NONE', #939, #270, #2774, .T. ) ;
#3141 = COLOUR_RGB ( '',0.7921568627450980005, 0.8196078431372548767, 0.9333333333333333481 ) ;
#3142 = CARTESIAN_POINT ( 'NONE',  ( -0.2955256199166949593, 2.530278610384467441, 0.9773655461696039159 ) ) ;
#3143 = CARTESIAN_POINT ( 'NONE',  ( 0.9734477676387642830, 2.350110802895317708, 3.146875000000001421 ) ) ;
#3144 = CIRCLE ( 'NONE', #919, 0.1250000000000001110 ) ;
#3145 = LINE ( 'NONE', #2630, #2573 ) ;
#3146 = DIRECTION ( 'NONE',  ( 0.000000000000000000, 0.8191520442889910214, -0.5735764363510471586 ) ) ;
#3147 = ORIENTED_EDGE ( 'NONE', *, *, #165, .F. ) ;
#3148 = CARTESIAN_POINT ( 'NONE',  ( 3.243740766425389666, 1.986218373433317810E-16, -2.687187500000001172 ) ) ;
#3149 = CARTESIAN_POINT ( 'NONE',  ( -1.157898515518728910, 2.528137947105092653, -1.362505052693603336 ) ) ;
#3150 = CARTESIAN_POINT ( 'NONE',  ( 7.875000000000000000, -3.819700691096631129, -1.044305745404187302 ) ) ;
#3151 = DIRECTION ( 'NONE',  ( 0.000000000000000000, -0.8191520442889917986, -0.5735764363510459374 ) ) ;
#3152 = ORIENTED_EDGE ( 'NONE', *, *, #612, .F. ) ;
#3153 = CARTESIAN_POINT ( 'NONE',  ( 2.202628913130972421, -1.205224954321616693, -1.093191263076481956 ) ) ;
#3154 = EDGE_CURVE ( 'NONE', #988, #2117, #1549, .T. ) ;
#3155 = CARTESIAN_POINT ( 'NONE',  ( -8.000000000000000000, -2.875000000000000000, 2.624999999999999112 ) ) ;
#3156 = CARTESIAN_POINT ( 'NONE',  ( -2.350110802895317708, -4.317083508611050525E-16, -1.377499999999999725 ) ) ;
#3157 = CARTESIAN_POINT ( 'NONE',  ( -0.9734477676387660594, 2.350110802895317708, 0.9243750000000002798 ) ) ;
#3158 = ORIENTED_EDGE ( 'NONE', *, *, #1340, .T. ) ;
#3159 = FACE_OUTER_BOUND ( 'NONE', #1741, .T. ) ;
#3160 = CARTESIAN_POINT ( 'NONE',  ( 2.350110802895317708, 1.439027836203683837E-16, 2.908750000000001279 ) ) ;
#3161 = FACE_OUTER_BOUND ( 'NONE', #909, .T. ) ;
#3162 = CARTESIAN_POINT ( 'NONE',  ( 0.000000000000000000, 3.174999999999999822, 0.2099999999999988820 ) ) ;
#3163 = VERTEX_POINT ( 'NONE', #81 ) ;
#3164 = CARTESIAN_POINT ( 'NONE',  ( -3.243740766425388777, 1.343601418275895076, -2.131562500000001581 ) ) ;
#3165 = CARTESIAN_POINT ( 'NONE',  ( -1.617230395027790868, -1.937087912498426157, -1.104748840776262009 ) ) ;
#3166 = CARTESIAN_POINT ( 'NONE',  ( 0.000000000000000000, 1.232047923278981121E-17, 1.750000000000000000 ) ) ;
#3167 = CARTESIAN_POINT ( 'NONE',  ( -3.174999999999999822, 1.315128060534577648, -0.8218750000000013545 ) ) ;
#3168 = ORIENTED_EDGE ( 'NONE', *, *, #2814, .T. ) ;
#3169 = CARTESIAN_POINT ( 'NONE',  ( 3.175000000000157918, 1.315128060534437537, -1.456875000000004583 ) ) ;
#3170 = CIRCLE ( 'NONE', #117, 0.1250000000000001110 ) ;
#3171 = FACE_OUTER_BOUND ( 'NONE', #1626, .T. ) ;
#3172 = CARTESIAN_POINT ( 'NONE',  ( -0.9734477676387658374, 2.350110802895317264, -1.615625000000000311 ) ) ;
#3173 = CARTESIAN_POINT ( 'NONE',  ( 1.661779285267041439, 1.661779285267041439, 1.956250000000000488 ) ) ;
#3174 = ORIENTED_EDGE ( 'NONE', *, *, #556, .F. ) ;
#3175 = AXIS2_PLACEMENT_3D ( 'NONE', #205, #1280, #2368 ) ;
#3176 = DIRECTION ( 'NONE',  ( -0.000000000000000000, 0.5735764363510472696, 0.8191520442889909104 ) ) ;
#3177 = CARTESIAN_POINT ( 'NONE',  ( 1.343601418275894410, 3.243740766425389221, 2.630937499999999041 ) ) ;
#3178 = VECTOR ( 'NONE', #1837, 1000.000000000000000 ) ;
#3179 = CIRCLE ( 'NONE', #1644, 0.1750000000000002387 ) ;
#3180 = DIRECTION ( 'NONE',  ( 1.000000000000000000, 0.000000000000000000, 0.000000000000000000 ) ) ;
#3181 = CARTESIAN_POINT ( 'NONE',  ( 3.175000000000000711, 1.944126793646423534E-16, -0.2662499999999996536 ) ) ;
#3182 = AXIS2_PLACEMENT_3D ( 'NONE', #2676, #3191, #2640 ) ;
#3183 = VERTEX_POINT ( 'NONE', #1236 ) ;
#3184 = EDGE_CURVE ( 'NONE', #981, #2995, #537, .T. ) ;
#3185 = EDGE_CURVE ( 'NONE', #2076, #1974, #1211, .T. ) ;
#3186 = CARTESIAN_POINT ( 'NONE',  ( -2.930277707664715514, 2.335890901295800681, -2.328769782944887901 ) ) ;
#3187 = CARTESIAN_POINT ( 'NONE',  ( -0.6857763484776137064, -2.372464670693823940, -1.050787798280456320 ) ) ;
#3188 = CARTESIAN_POINT ( 'NONE',  ( 3.174999999999999822, -1.315128060534576759, -0.1868750000000012901 ) ) ;
#3189 = CARTESIAN_POINT ( 'NONE',  ( -1.124611815403480986, 2.063557377574019469, 0.7876292700445455264 ) ) ;
#3190 = EDGE_LOOP ( 'NONE', ( #3152, #1449, #71, #3199 ) ) ;
#3191 = DIRECTION ( 'NONE',  ( 1.000000000000000000, 0.000000000000000000, 0.000000000000000000 ) ) ;
#3192 = PLANE ( 'NONE',  #1180 ) ;
#3193 = CARTESIAN_POINT ( 'NONE',  ( 2.350110802895317708, 0.9734477676387643941, -0.6631250000000000755 ) ) ;
#3194 = CARTESIAN_POINT ( 'NONE',  ( -1.661779285267041217, -1.661779285267041661, -1.218749999999999778 ) ) ;
#3195 = ORIENTED_EDGE ( 'NONE', *, *, #3140, .F. ) ;
#3196 = CARTESIAN_POINT ( 'NONE',  ( 3.837156877521604059, -1.394691919662442769, -2.663781023892789257 ) ) ;
#3197 = CARTESIAN_POINT ( 'NONE',  ( 2.293671092350642038, -2.293671092350641594, 0.9640624999999990452 ) ) ;
#3198 = AXIS2_PLACEMENT_3D ( 'NONE', #3260, #3490, #1293 ) ;
#3199 = ORIENTED_EDGE ( 'NONE', *, *, #301, .F. ) ;
#3200 = CARTESIAN_POINT ( 'NONE',  ( 0.9734477676387659484, -2.350110802895321260, 0.2893750000000019362 ) ) ;
#3201 = CYLINDRICAL_SURFACE ( 'NONE', #2800, 4.000000000000000000 ) ;
#3202 = DIRECTION ( 'NONE',  ( 0.000000000000000000, 0.000000000000000000, -1.000000000000000000 ) ) ;
#3203 = CIRCLE ( 'NONE', #1664, 0.1250000000000001110 ) ;
#3204 =( NAMED_UNIT ( * ) PLANE_ANGLE_UNIT ( ) SI_UNIT ( $, .RADIAN. ) );
#3205 = DIRECTION ( 'NONE',  ( 0.000000000000000000, 0.000000000000000000, 1.000000000000000000 ) ) ;
#3206 = DIRECTION ( 'NONE',  ( 0.000000000000000000, -1.000000000000000000, 0.000000000000000000 ) ) ;
#3207 = FACE_OUTER_BOUND ( 'NONE', #753, .T. ) ;
#3208 = ORIENTED_EDGE ( 'NONE', *, *, #735, .F. ) ;
#3209 = CARTESIAN_POINT ( 'NONE',  ( -8.000000000000000000, 2.875000000000000000, 2.624999999999999112 ) ) ;
#3210 = EDGE_CURVE ( 'NONE', #2795, #283, #1104, .T. ) ;
#3211 = B_SPLINE_CURVE_WITH_KNOTS ( 'NONE', 3,
 ( #2940, #170, #725, #686, #743, #3440, #1771, #1510, #1825, #1320, #3421, #3153, #2371, #3401, #707, #2655 ),
 .UNSPECIFIED., .F., .F.,
 ( 4, 2, 2, 2, 2, 2, 2, 4 ),
 ( 0.001052232635849020522, 0.002009276715550820363, 0.002487798755401720609, 0.002966320795252620421, 0.003444842835103521100, 0.003923364874954420913, 0.004401886914805320725, 0.004880408954656220537 ),
 .UNSPECIFIED. ) ;
#3212 = LINE ( 'NONE', #1564, #1126 ) ;
#3213 = CARTESIAN_POINT ( 'NONE',  ( -1.661779285267040773, -1.661779285267041439, 0.05125000000000008021 ) ) ;
#3214 = CARTESIAN_POINT ( 'NONE',  ( -1.661779285267041217, -1.661779285267041661, 1.321250000000000480 ) ) ;
#3215 = EDGE_LOOP ( 'NONE', ( #498, #706, #304, #2744 ) ) ;
#3216 = CARTESIAN_POINT ( 'NONE',  ( -2.487125855403086394, -9.109971187891798948E-12, 0.9246443225523122145 ) ) ;
#3217 = CARTESIAN_POINT ( 'NONE',  ( 1.661779285267040995, 1.661779285267040995, -2.012499999999999289 ) ) ;
#3218 = VERTEX_POINT ( 'NONE', #2559 ) ;
#3219 = DIRECTION ( 'NONE',  ( 0.000000000000000000, 0.000000000000000000, -1.000000000000000000 ) ) ;
#3220 = CARTESIAN_POINT ( 'NONE',  ( 0.3356120751518334444, 2.830265441335212628, -1.432262705834101535 ) ) ;
#3221 = CARTESIAN_POINT ( 'NONE',  ( -3.243740766425388333, -1.343601418275896409, 1.757812499999999556 ) ) ;
#3222 = CARTESIAN_POINT ( 'NONE',  ( -3.714559225561800737, 1.578804464025246101, -2.617637407654287429 ) ) ;
#3223 = FACE_OUTER_BOUND ( 'NONE', #1035, .T. ) ;
#3224 = CARTESIAN_POINT ( 'NONE',  ( -2.245064030267288402, -2.245064030267288846, -0.5837500000000013234 ) ) ;
#3225 = ORIENTED_EDGE ( 'NONE', *, *, #2497, .T. ) ;
#3226 = ORIENTED_EDGE ( 'NONE', *, *, #983, .T. ) ;
#3227 = FACE_OUTER_BOUND ( 'NONE', #2365, .T. ) ;
#3228 = DIRECTION ( 'NONE',  ( 0.000000000000000000, -1.000000000000000000, 0.000000000000000000 ) ) ;
#3229 = CARTESIAN_POINT ( 'NONE',  ( -0.9734477676387638390, -2.350110802895318152, -0.02812499999999907088 ) ) ;
#3230 = CARTESIAN_POINT ( 'NONE',  ( -2.350110802895317708, -0.9734477676387658374, -1.298124999999999973 ) ) ;
#3231 = ORIENTED_EDGE ( 'NONE', *, *, #1872, .F. ) ;
#3232 = EDGE_CURVE ( 'NONE', #1324, #1192, #3203, .T. ) ;
#3233 = CARTESIAN_POINT ( 'NONE',  ( 3.430822648117383800, -1.916317182910162176, -2.511060020895556910 ) ) ;
#3234 = CARTESIAN_POINT ( 'NONE',  ( -2.293671092350642482, 2.293671092350641150, 0.3290624999999990363 ) ) ;
#3235 = AXIS2_PLACEMENT_3D ( 'NONE', #1706, #3436, #2073 ) ;
#3236 = ORIENTED_EDGE ( 'NONE', *, *, #695, .F. ) ;
#3237 = EDGE_CURVE ( 'NONE', #212, #1137, #20, .T. ) ;
#3238 = DIRECTION ( 'NONE',  ( -1.000000000000000000, -0.000000000000000000, -0.000000000000000000 ) ) ;
#3239 = CARTESIAN_POINT ( 'NONE',  ( 1.311339879354211035, 2.582007088460729793, -1.478153425249789210 ) ) ;
#3240 = CARTESIAN_POINT ( 'NONE',  ( -1.343601418275896853, 3.243740766425388333, 1.440312500000000107 ) ) ;
#3241 = CIRCLE ( 'NONE', #726, 0.2500000000000000000 ) ;
#3242 = CARTESIAN_POINT ( 'NONE',  ( -2.487125855403086394, -9.109971187891798948E-12, 0.9246443225523122145 ) ) ;
#3243 = DIRECTION ( 'NONE',  ( 0.000000000000000000, 0.000000000000000000, -1.000000000000000000 ) ) ;
#3244 =( BOUNDED_SURFACE ( )  B_SPLINE_SURFACE ( 1, 2, ( 
 ( #2148, #1614, #3491, #3474, #2705, #2772, #2233, #2934, #3324, #2383, #2971, #1023, #771, #876, #1953, #1575, #1059, #2668, #609, #2419, #239, #1315, #1691, #1294, #2401, #1043, #2132, #3221, #516, #536, #2689, #3240, #793, #1877, #3084, #643, #675, #625, #396, #2317, #942, #3337, #890, #2570, #414, #1430, #691, #1199, #2024, #1777, #1480, #1217, #2249, #1726, #1497, #1234, #158, #1708, #3406, #3098, #961, #112, #2819, #1973, #3117, #1756, #2804, #2301, #146, #2851, #3388, #382, #1463, #2587, #2046, #908, #2266, #2522, #351, #2282, #2553, #3066, #370, #2836, #1448, #130, #3136, #3373, #96 ),
 ( #1163, #2537, #926, #1177, #3356, #1991, #2007, #657, #1740, #1566, #2943, #3443, #504, #2927, #2374, #3502, #2907, #2141, #3173, #2339, #448, #1846, #996, #3483, #2603, #710, #3214, #2064, #1586, #1550, #729, #3157, #1034, #1792, #1531, #1271, #2680, #1811, #1052, #764, #2123, #2887, #980, #228, #246, #1323, #2079, #468, #2643, #2624, #211, #2413, #1285, #195, #3460, #1014, #2394, #2102, #3194, #3230, #747, #1830, #488, #781, #2870, #2658, #1305, #429, #174, #1254, #3425, #525, #2178, #1901, #2447, #3320, #2999, #578, #560, #2212, #3253, #77, #2162, #3286, #2984, #803, #1887, #545, #299 ) ),
 .UNSPECIFIED., .F., .F., .T. ) 
 B_SPLINE_SURFACE_WITH_KNOTS ( ( 2, 2 ),
 ( 3, 2, 2, 2, 2, 2, 2, 2, 2, 2, 2, 2, 2, 2, 2, 2, 2, 2, 2, 2, 2, 2, 2, 2, 2, 2, 2, 2, 2, 2, 2, 2, 2, 2, 2, 2, 2, 2, 2, 2, 2, 2, 2, 2, 3 ),
 ( 0.000000000000000000, 1.000000000000000000 ),
 ( 0.000000000000000000, 0.02083333333333333218, 0.04166666666666666435, 0.06250000000000000000, 0.08333333333333332871, 0.1041666666666666713, 0.1250000000000000000, 0.1458333333333333426, 0.1666666666666666574, 0.1875000000000000000, 0.2083333333333333426, 0.2291666666666666574, 0.2500000000000000000, 0.2708333333333333148, 0.2916666666666666852, 0.3125000000000000000, 0.3333333333333333148, 0.3541666666666666852, 0.3750000000000000000, 0.3958333333333333148, 0.4166666666666666852, 0.4375000000000000000, 0.4583333333333333148, 0.4791666666666666852, 0.5000000000000000000, 0.5208333333333333703, 0.5416666666666666297, 0.5625000000000000000, 0.5833333333333333703, 0.6041666666666666297, 0.6250000000000000000, 0.6458333333333333703, 0.6666666666666666297, 0.6875000000000000000, 0.7083333333333333703, 0.7291666666666666297, 0.7500000000000000000, 0.7708333333333333703, 0.7916666666666666297, 0.8125000000000000000, 0.8333333333333333703, 0.8541666666666666297, 0.8750000000000000000, 0.8884153311721918467, 0.8972994844839137230 ),
 .UNSPECIFIED. ) 
 GEOMETRIC_REPRESENTATION_ITEM ( )  RATIONAL_B_SPLINE_SURFACE ( (
 ( 1.000000000000000000, 0.9238795325112867385, 1.000000000000000000, 0.9238795325112867385, 1.000000000000000000, 0.9238795325112867385, 1.000000000000000000, 0.9238795325112867385, 1.000000000000000000, 0.9238795325112867385, 1.000000000000000000, 0.9238795325112867385, 1.000000000000000000, 0.9238795325112867385, 1.000000000000000000, 0.9238795325112867385, 1.000000000000000000, 0.9238795325112867385, 1.000000000000000000, 0.9238795325112867385, 1.000000000000000000, 0.9238795325112867385, 1.000000000000000000, 0.9238795325112867385, 1.000000000000000000, 0.9238795325112867385, 1.000000000000000000, 0.9238795325112867385, 1.000000000000000000, 0.9238795325112867385, 1.000000000000000000, 0.9238795325112867385, 1.000000000000000000, 0.9238795325112867385, 1.000000000000000000, 0.9238795325112867385, 1.000000000000000000, 0.9238795325112867385, 1.000000000000000000, 0.9238795325112867385, 1.000000000000000000, 0.9238795325112867385, 1.000000000000000000, 0.9238795325112867385, 1.000000000000000000, 0.9238795325112867385, 1.000000000000000000, 0.9238795325112867385, 1.000000000000000000, 0.9238795325112867385, 1.000000000000000000, 0.9238795325112867385, 1.000000000000000000, 0.9238795325112867385, 1.000000000000000000, 0.9238795325112867385, 1.000000000000000000, 0.9238795325112867385, 1.000000000000000000, 0.9238795325112867385, 1.000000000000000000, 0.9238795325112867385, 1.000000000000000000, 0.9238795325112867385, 1.000000000000000000, 0.9238795325112867385, 1.000000000000000000, 0.9238795325112867385, 1.000000000000000000, 0.9238795325112867385, 1.000000000000000000, 0.9238795325112867385, 1.000000000000000000, 0.9238795325112867385, 1.000000000000000000, 0.9238795325112867385, 1.000000000000000000, 0.9238795325112867385, 1.000000000000000000, 0.9238795325112867385, 1.000000000000000000, 0.9238795325112867385, 1.000000000000000000, 0.9238795325112867385, 1.000000000000000000, 0.9509832985435288100, 0.9650938242557314251, 0.9650938242557314251, 0.9650938242557314251),
 ( 1.000000000000000000, 0.9238795325112867385, 1.000000000000000000, 0.9238795325112867385, 1.000000000000000000, 0.9238795325112867385, 1.000000000000000000, 0.9238795325112867385, 1.000000000000000000, 0.9238795325112867385, 1.000000000000000000, 0.9238795325112867385, 1.000000000000000000, 0.9238795325112867385, 1.000000000000000000, 0.9238795325112867385, 1.000000000000000000, 0.9238795325112867385, 1.000000000000000000, 0.9238795325112867385, 1.000000000000000000, 0.9238795325112867385, 1.000000000000000000, 0.9238795325112867385, 1.000000000000000000, 0.9238795325112867385, 1.000000000000000000, 0.9238795325112867385, 1.000000000000000000, 0.9238795325112867385, 1.000000000000000000, 0.9238795325112867385, 1.000000000000000000, 0.9238795325112867385, 1.000000000000000000, 0.9238795325112867385, 1.000000000000000000, 0.9238795325112867385, 1.000000000000000000, 0.9238795325112867385, 1.000000000000000000, 0.9238795325112867385, 1.000000000000000000, 0.9238795325112867385, 1.000000000000000000, 0.9238795325112867385, 1.000000000000000000, 0.9238795325112867385, 1.000000000000000000, 0.9238795325112867385, 1.000000000000000000, 0.9238795325112867385, 1.000000000000000000, 0.9238795325112867385, 1.000000000000000000, 0.9238795325112867385, 1.000000000000000000, 0.9238795325112867385, 1.000000000000000000, 0.9238795325112867385, 1.000000000000000000, 0.9238795325112867385, 1.000000000000000000, 0.9238795325112867385, 1.000000000000000000, 0.9238795325112867385, 1.000000000000000000, 0.9238795325112867385, 1.000000000000000000, 0.9238795325112867385, 1.000000000000000000, 0.9238795325112867385, 1.000000000000000000, 0.9238795325112867385, 1.000000000000000000, 0.9238795325112867385, 1.000000000000000000, 0.9238795325112867385, 1.000000000000000000, 0.9238795325112867385, 1.000000000000000000, 0.9238795325112867385, 1.000000000000000000, 0.9238795325112867385, 1.000000000000000000, 0.9509832985435288100, 0.9650938242557314251, 0.9650938242557314251, 0.9650938242557314251) ) ) 
 REPRESENTATION_ITEM ( '' )  SURFACE ( )  );
#3245 = DIRECTION ( 'NONE',  ( -1.000000000000000000, -0.000000000000000000, -0.000000000000000000 ) ) ;
#3246 = ORIENTED_EDGE ( 'NONE', *, *, #3301, .T. ) ;
#3247 = ORIENTED_EDGE ( 'NONE', *, *, #1443, .F. ) ;
#3248 = LINE ( 'NONE', #2460, #1588 ) ;
#3249 = CIRCLE ( 'NONE', #1646, 3.875000000000000000 ) ;
#3250 = ADVANCED_FACE ( 'NONE', ( #416 ), #1760, .T. ) ;
#3251 = DIRECTION ( 'NONE',  ( 1.000000000000000000, 0.000000000000000000, 0.000000000000000000 ) ) ;
#3252 = CARTESIAN_POINT ( 'NONE',  ( 0.000000000000000000, 2.350110802895317708, 0.6862500000000011369 ) ) ;
#3253 = CARTESIAN_POINT ( 'NONE',  ( 0.000000000000000000, 2.350110802895318152, -2.965000000000000302 ) ) ;
#3254 = ORIENTED_EDGE ( 'NONE', *, *, #3471, .F. ) ;
#3255 = CARTESIAN_POINT ( 'NONE',  ( 3.243740766425389221, 1.343601418275894410, -0.06781250000000103861 ) ) ;
#3256 = ADVANCED_FACE ( 'NONE', ( #2286 ), #2872, .T. ) ;
#3257 = EDGE_LOOP ( 'NONE', ( #242, #832, #3282, #3010, #247 ) ) ;
#3258 = ADVANCED_FACE ( 'NONE', ( #2855 ), #3375, .T. ) ;
#3259 = CARTESIAN_POINT ( 'NONE',  ( -1.661779285267043660, 1.661779285267042772, -0.2662499999999983213 ) ) ;
#3260 = CARTESIAN_POINT ( 'NONE',  ( 0.000000000000000000, 0.000000000000000000, 1.750000000000000000 ) ) ;
#3261 = DIRECTION ( 'NONE',  ( -0.000000000000000000, -1.000000000000000000, -0.000000000000000000 ) ) ;
#3262 = CIRCLE ( 'NONE', #3077, 3.312481532850776844 ) ;
#3263 = CARTESIAN_POINT ( 'NONE',  ( 7.912982431949317608, -3.087016048723296713, 1.749999999999999778 ) ) ;
#3264 = EDGE_LOOP ( 'NONE', ( #943, #665, #644, #3247 ) ) ;
#3265 = ORIENTED_EDGE ( 'NONE', *, *, #272, .T. ) ;
#3266 = FACE_OUTER_BOUND ( 'NONE', #2407, .T. ) ;
#3267 = AXIS2_PLACEMENT_3D ( 'NONE', #2361, #1813, #473 ) ;
#3268 =( BOUNDED_CURVE ( )  B_SPLINE_CURVE ( 2, ( #3271, #59, #3305, #3030, #592, #332, #2769 ),
 .UNSPECIFIED., .F., .T. ) 
 B_SPLINE_CURVE_WITH_KNOTS ( ( 3, 2, 2, 3 ),
 ( 0.5416666666666666297, 0.5625000000000000000, 0.5833333333333333703, 0.5922057106503443302 ),
 .UNSPECIFIED. ) 
 CURVE ( )  GEOMETRIC_REPRESENTATION_ITEM ( )  RATIONAL_B_SPLINE_CURVE ( ( 1.000000000000000000, 0.9238795325112867385, 1.000000000000000000, 0.9238795325112867385, 1.000000000000000000, 0.9675822635628575918, 0.9627762765113545562 ) ) 
 REPRESENTATION_ITEM ( '' )  );
#3269 = CARTESIAN_POINT ( 'NONE',  ( -2.207940216581962378, -3.000000000000000000, 1.875000000000000000 ) ) ;
#3270 = CARTESIAN_POINT ( 'NONE',  ( 2.878055672407367674E-16, -2.350110802895317708, -2.488749999999999130 ) ) ;
#3271 = CARTESIAN_POINT ( 'NONE',  ( 3.174999999999999822, 1.944126793646423287E-16, -1.377500000000001057 ) ) ;
#3272 = EDGE_LOOP ( 'NONE', ( #967, #1464, #2340, #2375, #389, #1119, #711, #927 ) ) ;
#3273 = EDGE_CURVE ( 'NONE', #2353, #3218, #160, .T. ) ;
#3274 = ADVANCED_FACE ( 'NONE', ( #3159 ), #1514, .F. ) ;
#3275 = FACE_OUTER_BOUND ( 'NONE', #932, .T. ) ;
#3276 = CARTESIAN_POINT ( 'NONE',  ( -7.875000000000000000, 0.5430925139406658220, 1.250000000000000222 ) ) ;
#3277 = ORIENTED_EDGE ( 'NONE', *, *, #2309, .T. ) ;
#3278 = CARTESIAN_POINT ( 'NONE',  ( 2.179559278858934412, 2.765979780482695105, -2.084154723504961115 ) ) ;
#3279 = CARTESIAN_POINT ( 'NONE',  ( -2.207940216581962378, -2.875000000000000000, 2.624999999999998668 ) ) ;
#3280 = CARTESIAN_POINT ( 'NONE',  ( 8.000000000000000000, -0.5430925139406658220, -2.624999999999999556 ) ) ;
#3281 = LINE ( 'NONE', #1044, #2380 ) ;
#3282 = ORIENTED_EDGE ( 'NONE', *, *, #1197, .T. ) ;
#3283 = ORIENTED_EDGE ( 'NONE', *, *, #2246, .F. ) ;
#3284 = CARTESIAN_POINT ( 'NONE',  ( -2.207940216581962378, 2.875000000000000000, 1.875000000000000000 ) ) ;
#3285 = CARTESIAN_POINT ( 'NONE',  ( 2.350110802895317708, 0.9734477676387643941, -2.091874999999998597 ) ) ;
#3286 = CARTESIAN_POINT ( 'NONE',  ( 2.350110802895318152, 0.9734477676387646161, -3.203124999999999556 ) ) ;
#3287 = ORIENTED_EDGE ( 'NONE', *, *, #3318, .F. ) ;
#3288 = CARTESIAN_POINT ( 'NONE',  ( 0.000000000000000000, 0.000000000000000000, 0.000000000000000000 ) ) ;
#3289 = CARTESIAN_POINT ( 'NONE',  ( 8.000000000000000000, -5.199999999999999289, 1.624999999999999556 ) ) ;
#3290 = ORIENTED_EDGE ( 'NONE', *, *, #2017, .F. ) ;
#3291 = CARTESIAN_POINT ( 'NONE',  ( 1.510063143018121723, -1.813495427515965375, -0.9187451581942673862 ) ) ;
#3292 = CIRCLE ( 'NONE', #718, 0.1250000000000001110 ) ;
#3293 = CARTESIAN_POINT ( 'NONE',  ( 8.000000000000000000, -5.199999999999999289, 1.449999999999999289 ) ) ;
#3294 = CIRCLE ( 'NONE', #1128, 3.875000000000000000 ) ;
#3295 = FACE_OUTER_BOUND ( 'NONE', #293, .T. ) ;
#3296 = TOROIDAL_SURFACE ( 'NONE', #2669, 0.2500000000000000000, 0.1250000000000000000 ) ;
#3297 = ORIENTED_EDGE ( 'NONE', *, *, #1, .F. ) ;
#3298 = EDGE_LOOP ( 'NONE', ( #3314, #822, #1551, #2035 ) ) ;
#3299 = CARTESIAN_POINT ( 'NONE',  ( 0.9734477676387645051, -2.350110802895317708, 1.559375000000000400 ) ) ;
#3300 = EDGE_CURVE ( 'NONE', #700, #804, #2606, .T. ) ;
#3301 = EDGE_CURVE ( 'NONE', #2076, #997, #2547, .T. ) ;
#3302 = DIRECTION ( 'NONE',  ( 0.000000000000000000, -1.000000000000000000, 0.000000000000000000 ) ) ;
#3303 = CARTESIAN_POINT ( 'NONE',  ( 1.661779285267040995, 1.661779285267040995, 0.5275000000000010791 ) ) ;
#3304 = AXIS2_PLACEMENT_3D ( 'NONE', #3284, #2958, #1620 ) ;
#3305 = CARTESIAN_POINT ( 'NONE',  ( 2.245064030267288846, -2.245064030267288402, -1.536250000000001226 ) ) ;
#3306 = ORIENTED_EDGE ( 'NONE', *, *, #1801, .T. ) ;
#3307 = DIRECTION ( 'NONE',  ( 0.000000000000000000, 3.548298019043469326E-16, -1.000000000000000000 ) ) ;
#3308 = ORIENTED_EDGE ( 'NONE', *, *, #825, .T. ) ;
#3309 = CARTESIAN_POINT ( 'NONE',  ( -8.000000000000000000, 3.000000000000000000, 1.749999999999999778 ) ) ;
#3310 = CARTESIAN_POINT ( 'NONE',  ( 3.052428085051821505, -0.1085293401881342601, -1.623070031704507921 ) ) ;
#3311 = PLANE ( 'NONE',  #749 ) ;
#3312 = ORIENTED_EDGE ( 'NONE', *, *, #1246, .F. ) ;
#3313 = VECTOR ( 'NONE', #1417, 1000.000000000000000 ) ;
#3314 = ORIENTED_EDGE ( 'NONE', *, *, #1289, .T. ) ;
#3315 = CARTESIAN_POINT ( 'NONE',  ( 0.9734477676387642830, 2.350110802895317708, 0.7656250000000004441 ) ) ;
#3316 = CIRCLE ( 'NONE', #3369, 0.1250000000000001110 ) ;
#3317 = DIRECTION ( 'NONE',  ( 1.000000000000000000, 0.000000000000000000, 0.000000000000000000 ) ) ;
#3318 = EDGE_CURVE ( 'NONE', #2167, #2076, #1155, .T. ) ;
#3319 = CARTESIAN_POINT ( 'NONE',  ( -0.01541412443221447902, -2.693292224927756440, 1.125152823626150100 ) ) ;
#3320 = CARTESIAN_POINT ( 'NONE',  ( -2.350110802895317708, -0.9734477676387658374, -2.568124999999999769 ) ) ;
#3321 = VECTOR ( 'NONE', #290, 1000.000000000000000 ) ;
#3322 = DIRECTION ( 'NONE',  ( 0.000000000000000000, 0.000000000000000000, 1.000000000000000000 ) ) ;
#3323 = DIRECTION ( 'NONE',  ( 1.000000000000000000, 0.000000000000000000, 0.000000000000000000 ) ) ;
#3324 = CARTESIAN_POINT ( 'NONE',  ( 3.972436746866635620E-16, -3.243740766425389666, 3.265937499999999716 ) ) ;
#3325 = ORIENTED_EDGE ( 'NONE', *, *, #108, .F. ) ;
#3326 = CARTESIAN_POINT ( 'NONE',  ( 0.8986068816978500795, 3.110702584389256398, -1.817330381442839204 ) ) ;
#3327 = CARTESIAN_POINT ( 'NONE',  ( 8.000000000000000000, 3.125000000000000000, 1.625000000000000444 ) ) ;
#3328 = CARTESIAN_POINT ( 'NONE',  ( -2.207940216581962378, 2.875000000000000000, 2.749999999999999556 ) ) ;
#3329 = CARTESIAN_POINT ( 'NONE',  ( 1.141093452675946640, -2.083841330663451785, -0.9505410243997799435 ) ) ;
#3330 = VERTEX_POINT ( 'NONE', #1870 ) ;
#3331 = ORIENTED_EDGE ( 'NONE', *, *, #701, .T. ) ;
#3332 = DIRECTION ( 'NONE',  ( 1.000000000000000000, 0.000000000000000000, 0.000000000000000000 ) ) ;
#3333 = CARTESIAN_POINT ( 'NONE',  ( -7.875000000000000000, 5.343351607750572718, 1.349624123638565543 ) ) ;
#3334 = LINE ( 'NONE', #2262, #1869 ) ;
#3335 = UNCERTAINTY_MEASURE_WITH_UNIT (LENGTH_MEASURE( 1.000000000000000082E-05 ), #3000, 'distance_accuracy_value', 'NONE');
#3336 = DIRECTION ( 'NONE',  ( 0.000000000000000000, -1.000000000000000000, -3.125367005704081617E-16 ) ) ;
#3337 = CARTESIAN_POINT ( 'NONE',  ( -1.343601418275894188, -3.243740766425390554, 0.6465624999999995959 ) ) ;
#3338 = ORIENTED_EDGE ( 'NONE', *, *, #256, .F. ) ;
#3339 = EDGE_CURVE ( 'NONE', #3365, #3092, #3144, .T. ) ;
#3340 = EDGE_CURVE ( 'NONE', #1896, #469, #586, .T. ) ;
#3341 = FACE_OUTER_BOUND ( 'NONE', #2307, .T. ) ;
#3342 = CARTESIAN_POINT ( 'NONE',  ( 2.878809141945882999, 0.8876715279465330344, -1.581049981994833598 ) ) ;
#3343 = AXIS2_PLACEMENT_3D ( 'NONE', #2569, #1302, #2 ) ;
#3344 = CARTESIAN_POINT ( 'NONE',  ( -1.315128060534576537, -3.175000000000000711, 0.7656249999999990008 ) ) ;
#3345 = DIRECTION ( 'NONE',  ( 1.000000000000000000, 0.000000000000000000, 0.000000000000000000 ) ) ;
#3346 = EDGE_LOOP ( 'NONE', ( #2047, #1732, #2423, #1598 ) ) ;
#3347 = ORIENTED_EDGE ( 'NONE', *, *, #2833, .T. ) ;
#3348 = AXIS2_PLACEMENT_3D ( 'NONE', #167, #1631, #496 ) ;
#3349 = CARTESIAN_POINT ( 'NONE',  ( -1.442510950084164856, 2.816445897217974004, 1.589504436943831811 ) ) ;
#3350 = CARTESIAN_POINT ( 'NONE',  ( -0.9734477676387658374, 2.350110802895317264, -3.044374999999999165 ) ) ;
#3351 = DIRECTION ( 'NONE',  ( 1.000000000000000000, 0.000000000000000000, 0.000000000000000000 ) ) ;
#3352 = EDGE_CURVE ( 'NONE', #804, #22, #2645, .T. ) ;
#3353 = CARTESIAN_POINT ( 'NONE',  ( -7.875000000000000000, 3.125000000000000000, 1.625000000000000666 ) ) ;
#3354 = AXIS2_PLACEMENT_3D ( 'NONE', #872, #190, #2867 ) ;
#3355 = CYLINDRICAL_SURFACE ( 'NONE', #1746, 3.174999999999999822 ) ;
#3356 = CARTESIAN_POINT ( 'NONE',  ( 2.350110802895318152, 1.439027836203684084E-16, 3.067500000000000338 ) ) ;
#3357 = VERTEX_POINT ( 'NONE', #1832 ) ;
#3358 = CARTESIAN_POINT ( 'NONE',  ( -0.09241020793744487982, 2.509646518087373490, 0.9411028143368826981 ) ) ;
#3359 = CARTESIAN_POINT ( 'NONE',  ( -8.000000000000000000, 5.343351607750572718, 1.349624123638565543 ) ) ;
#3360 = EDGE_CURVE ( 'NONE', #1567, #267, #712, .T. ) ;
#3361 = EDGE_CURVE ( 'NONE', #2154, #588, #979, .T. ) ;
#3362 = CARTESIAN_POINT ( 'NONE',  ( -2.207940216581962378, 2.875000000000000000, 1.875000000000000000 ) ) ;
#3363 = CARTESIAN_POINT ( 'NONE',  ( 3.312481532850776844, 0.000000000000000000, 1.750000000000000000 ) ) ;
#3364 = EDGE_LOOP ( 'NONE', ( #3451, #3099, #419, #457 ) ) ;
#3365 = VERTEX_POINT ( 'NONE', #733 ) ;
#3366 = CARTESIAN_POINT ( 'NONE',  ( 2.901570182846284762, 0.2823507488159162637, 1.339088649997456582 ) ) ;
#3367 = CARTESIAN_POINT ( 'NONE',  ( 0.000000000000000000, 2.350110802895317708, -3.123749999999999361 ) ) ;
#3368 = CARTESIAN_POINT ( 'NONE',  ( -2.055668477507344605, -2.676724137931034253, 1.875000000000000000 ) ) ;
#3369 = AXIS2_PLACEMENT_3D ( 'NONE', #880, #2253, #1666 ) ;
#3370 = CARTESIAN_POINT ( 'NONE',  ( 7.875000000000000000, 5.343351607750573606, 1.349624123638566431 ) ) ;
#3371 = AXIS2_PLACEMENT_3D ( 'NONE', #1312, #2417, #2399 ) ;
#3372 = ADVANCED_FACE ( 'NONE', ( #1533 ), #214, .T. ) ;
#3373 = CARTESIAN_POINT ( 'NONE',  ( 2.569170088438869293, -2.054766942840059674, -2.904457410092848413 ) ) ;
#3374 = VERTEX_POINT ( 'NONE', #2143 ) ;
#3375 = CYLINDRICAL_SURFACE ( 'NONE', #472, 0.1250000000000001110 ) ;
#3376 = CARTESIAN_POINT ( 'NONE',  ( -1.661779285267040773, -1.661779285267041439, 1.162500000000001199 ) ) ;
#3377 = DIRECTION ( 'NONE',  ( 0.000000000000000000, -1.000000000000000000, -9.856383386231863758E-17 ) ) ;
#3378 = CARTESIAN_POINT ( 'NONE',  ( 7.875000000000000000, -2.875000000000000000, 2.749999999999999556 ) ) ;
#3379 = ORIENTED_EDGE ( 'NONE', *, *, #480, .T. ) ;
#3380 = ORIENTED_EDGE ( 'NONE', *, *, #301, .T. ) ;
#3381 = EDGE_CURVE ( 'NONE', #104, #397, #2683, .T. ) ;
#3382 = DIRECTION ( 'NONE',  ( -1.000000000000000000, 0.000000000000000000, 0.000000000000000000 ) ) ;
#3383 = CARTESIAN_POINT ( 'NONE',  ( 8.000000000000000000, 3.125000000000000000, 1.875000000000000666 ) ) ;
#3384 = CARTESIAN_POINT ( 'NONE',  ( 1.668409277805952051, -1.836056479249551510, -3.613986646735715791 ) ) ;
#3385 = VERTEX_POINT ( 'NONE', #1273 ) ;
#3386 = CARTESIAN_POINT ( 'NONE',  ( -7.976308181546796661, -3.000000000000000000, 1.749999999999999778 ) ) ;
#3387 = CYLINDRICAL_SURFACE ( 'NONE', #1583, 0.1249999999999998890 ) ;
#3388 = CARTESIAN_POINT ( 'NONE',  ( 2.293671092350642038, -2.293671092350641594, -1.655312500000000631 ) ) ;
#3389 = ORIENTED_EDGE ( 'NONE', *, *, #191, .T. ) ;
#3390 = CARTESIAN_POINT ( 'NONE',  ( -0.8991261323270348660, 2.501351635684407881, 1.088234417827296685 ) ) ;
#3391 = CARTESIAN_POINT ( 'NONE',  ( 2.350110802895317708, 0.9734477676387643941, -0.8218749999999993561 ) ) ;
#3392 = CARTESIAN_POINT ( 'NONE',  ( 7.875000000000000000, -2.875000000000000000, 1.875000000000000000 ) ) ;
#3393 = CARTESIAN_POINT ( 'NONE',  ( -7.875000000000000000, -2.875000000000000000, 2.749999999999999556 ) ) ;
#3394 = ORIENTED_EDGE ( 'NONE', *, *, #2155, .T. ) ;
#3395 = EDGE_LOOP ( 'NONE', ( #2805, #321, #1454, #2511 ) ) ;
#3396 = CARTESIAN_POINT ( 'NONE',  ( -3.243740766425388777, 1.343601418275895076, -0.8615625000000012301 ) ) ;
#3397 = CARTESIAN_POINT ( 'NONE',  ( -1.047161716355468730, 2.957635304729111514, 1.571941350417999539 ) ) ;
#3398 = AXIS2_PLACEMENT_3D ( 'NONE', #1011, #2427, #1067 ) ;
#3399 = ADVANCED_FACE ( 'NONE', ( #2626 ), #1570, .T. ) ;
#3400 = CARTESIAN_POINT ( 'NONE',  ( -2.350110802895317708, -4.317083508611050525E-16, -0.2662499999999990985 ) ) ;
#3401 = CARTESIAN_POINT ( 'NONE',  ( 2.301743590046950061, -0.7413030046353188407, -1.000404172362830746 ) ) ;
#3402 = EDGE_CURVE ( 'NONE', #849, #2994, #1827, .T. ) ;
#3403 = CIRCLE ( 'NONE', #1688, 4.162847449941344813 ) ;
#3404 = FACE_OUTER_BOUND ( 'NONE', #842, .T. ) ;
#3405 = CARTESIAN_POINT ( 'NONE',  ( 1.668409277805952051, -1.836056479249551510, -3.455236646735717176 ) ) ;
#3406 = CARTESIAN_POINT ( 'NONE',  ( -2.293671092350641594, -2.293671092350642482, -0.7028125000000002842 ) ) ;
#3407 = EDGE_LOOP ( 'NONE', ( #1397, #3514, #1148, #511 ) ) ;
#3408 = AXIS2_PLACEMENT_3D ( 'NONE', #282, #318, #1394 ) ;
#3409 = CARTESIAN_POINT ( 'NONE',  ( 0.000000000000000000, 6.252642402625515001E-16, -1.762152550058653011 ) ) ;
#3410 = CARTESIAN_POINT ( 'NONE',  ( 1.661779285267040995, 1.661779285267040995, 0.5275000000000010791 ) ) ;
#3411 = AXIS2_PLACEMENT_3D ( 'NONE', #672, #126, #410 ) ;
#3412 = DIRECTION ( 'NONE',  ( 0.000000000000000000, -9.856383386231863758E-17, 1.000000000000000000 ) ) ;
#3413 = CYLINDRICAL_SURFACE ( 'NONE', #1658, 0.1250000000000001110 ) ;
#3414 = ORIENTED_EDGE ( 'NONE', *, *, #3072, .T. ) ;
#3415 = EDGE_CURVE ( 'NONE', #1807, #229, #2396, .T. ) ;
#3416 = CARTESIAN_POINT ( 'NONE',  ( 3.243740766425389221, 1.343601418275894410, -1.337812500000001181 ) ) ;
#3417 = CARTESIAN_POINT ( 'NONE',  ( -8.000000000000000000, 5.200000000000000178, 1.750000000000000222 ) ) ;
#3418 = DIRECTION ( 'NONE',  ( -0.000000000000000000, -0.000000000000000000, 1.000000000000000000 ) ) ;
#3419 = CARTESIAN_POINT ( 'NONE',  ( 2.350110802895317708, -0.2145590260297818297, -0.9187451581967495118 ) ) ;
#3420 = VERTEX_POINT ( 'NONE', #3216 ) ;
#3421 = CARTESIAN_POINT ( 'NONE',  ( 2.087665102513452720, -1.498328043364702156, -1.152190798788989001 ) ) ;
#3422 = B_SPLINE_CURVE_WITH_KNOTS ( 'NONE', 3,
 ( #2499, #379, #2298, #1426, #3079, #871, #1477, #2516, #1143, #1966, #3060, #3095, #3046, #1458, #1214, #2004, #2228, #3319, #2549, #2830, #331, #654, #2768, #638, #1160, #125, #2244, #1194, #1736, #938, #2018, #3111, #2567, #141 ),
 .UNSPECIFIED., .F., .F.,
 ( 4, 2, 2, 2, 2, 2, 2, 2, 2, 2, 2, 2, 2, 2, 2, 2, 4 ),
 ( 0.008442573717127819025, 0.008968303468163862230, 0.009494033219199907170, 0.01001976297023595038, 0.01054549272127199358, 0.01107122247230803679, 0.01159695222334407999, 0.01212268197438012320, 0.01264841172541616640, 0.01317414147645221134, 0.01369987122748825281, 0.01422560097852429602, 0.01475133072956033922, 0.01527706048059638243, 0.01580279023163242563, 0.01632851998266846710, 0.01685424973370451204 ),
 .UNSPECIFIED. ) ;
#3423 = DIRECTION ( 'NONE',  ( 0.000000000000000000, -1.000000000000000000, -9.856383386231863758E-17 ) ) ;
#3424 = CARTESIAN_POINT ( 'NONE',  ( 0.9734477676387642830, 2.350110802895317708, -3.044375000000000497 ) ) ;
#3425 = CARTESIAN_POINT ( 'NONE',  ( 1.661779285267041439, -1.661779285267041217, -2.171250000000000124 ) ) ;
#3426 = VERTEX_POINT ( 'NONE', #198 ) ;
#3427 = CIRCLE ( 'NONE', #1884, 0.1250000000000001110 ) ;
#3428 = AXIS2_PLACEMENT_3D ( 'NONE', #986, #662, #647 ) ;
#3429 = CARTESIAN_POINT ( 'NONE',  ( -7.875000000000000000, 3.125000000000000000, 1.750000000000000444 ) ) ;
#3430 = CARTESIAN_POINT ( 'NONE',  ( 0.9734477676387642830, 2.350110802895317708, 0.6068750000000010525 ) ) ;
#3431 = AXIS2_PLACEMENT_3D ( 'NONE', #2321, #2341, #963 ) ;
#3432 = DIRECTION ( 'NONE',  ( -0.000000000000000000, -0.000000000000000000, 1.000000000000000000 ) ) ;
#3433 = DIRECTION ( 'NONE',  ( 0.000000000000000000, -0.000000000000000000, 1.000000000000000000 ) ) ;
#3434 = CARTESIAN_POINT ( 'NONE',  ( -1.315128060534578536, -3.175000000000006484, 0.6068750000000030509 ) ) ;
#3435 = CARTESIAN_POINT ( 'NONE',  ( 3.972436746866635620E-16, -3.243740766425389666, -1.734687500000001048 ) ) ;
#3436 = DIRECTION ( 'NONE',  ( -0.000000000000000000, -1.000000000000000000, -0.000000000000000000 ) ) ;
#3437 = CARTESIAN_POINT ( 'NONE',  ( -2.207940216581962378, -2.875000000000000000, -8.149494936611667129 ) ) ;
#3438 = CARTESIAN_POINT ( 'NONE',  ( 3.174999999999999822, 1.944126793646423287E-16, 1.162499999999998757 ) ) ;
#3439 = ORIENTED_EDGE ( 'NONE', *, *, #1979, .F. ) ;
#3440 = CARTESIAN_POINT ( 'NONE',  ( 1.418804023592862951, -2.368503688220956693, -1.343735512418288813 ) ) ;
#3441 = LINE ( 'NONE', #994, #1912 ) ;
#3442 = CARTESIAN_POINT ( 'NONE',  ( 0.000000000000000000, 2.350110802895317708, -1.694999999999999840 ) ) ;
#3443 = CARTESIAN_POINT ( 'NONE',  ( -2.350110802895317708, -0.9734477676387658374, 2.511875000000000746 ) ) ;
#3444 = ORIENTED_EDGE ( 'NONE', *, *, #302, .T. ) ;
#3445 = DIRECTION ( 'NONE',  ( 0.000000000000000000, 0.000000000000000000, -1.000000000000000000 ) ) ;
#3446 = CARTESIAN_POINT ( 'NONE',  ( -2.350110802895317708, -4.317083508611050525E-16, -0.2662499999999990985 ) ) ;
#3447 = ADVANCED_FACE ( 'NONE', ( #766 ), #1889, .T. ) ;
#3448 = EDGE_CURVE ( 'NONE', #2477, #2353, #1553, .T. ) ;
#3449 = CARTESIAN_POINT ( 'NONE',  ( 2.350110802895321260, 0.9734477676387658374, 0.6068750000000020517 ) ) ;
#3450 = CARTESIAN_POINT ( 'NONE',  ( -3.174999999999999822, -5.832380380939268136E-16, -0.9012499999999999956 ) ) ;
#3451 = ORIENTED_EDGE ( 'NONE', *, *, #2513, .T. ) ;
#3452 = CARTESIAN_POINT ( 'NONE',  ( 1.343601418275894632, -3.243740766425389221, -2.925312500000000870 ) ) ;
#3453 = CARTESIAN_POINT ( 'NONE',  ( -0.3452310123217003923, 2.799356959130495870, -1.402488093586428564 ) ) ;
#3454 = CARTESIAN_POINT ( 'NONE',  ( 1.315128060534577203, -3.174999999999999822, -0.3456250000000012368 ) ) ;
#3455 = CARTESIAN_POINT ( 'NONE',  ( 2.878055672407367674E-16, -2.350110802895317708, 0.05125000000000094758 ) ) ;
#3456 = CARTESIAN_POINT ( 'NONE',  ( 2.245064030267297728, 2.245064030267297728, -1.377499999999992619 ) ) ;
#3457 = AXIS2_PLACEMENT_3D ( 'NONE', #1844, #2356, #486 ) ;
#3458 = DIRECTION ( 'NONE',  ( -0.000000000000000000, 1.000000000000000000, 9.856383386231863758E-17 ) ) ;
#3459 = CARTESIAN_POINT ( 'NONE',  ( -1.661779285267040773, -1.661779285267041439, -1.218749999999999778 ) ) ;
#3460 = CARTESIAN_POINT ( 'NONE',  ( 1.661779285267041439, -1.661779285267041217, -0.9012499999999996625 ) ) ;
#3461 = ORIENTED_EDGE ( 'NONE', *, *, #2862, .T. ) ;
#3462 = CIRCLE ( 'NONE', #611, 0.1250000000000001110 ) ;
#3463 = CARTESIAN_POINT ( 'NONE',  ( 8.000000000000000000, 1.921856353044038013, -3.536777504448163523 ) ) ;
#3464 = CARTESIAN_POINT ( 'NONE',  ( 1.343601418275894410, 3.243740766425389221, 1.360937499999999023 ) ) ;
#3465 = AXIS2_PLACEMENT_3D ( 'NONE', #2116, #2096, #1007 ) ;
#3466 = EDGE_LOOP ( 'NONE', ( #2619, #70, #1337 ) ) ;
#3467 = AXIS2_PLACEMENT_3D ( 'NONE', #335, #3261, #254 ) ;
#3468 = ADVANCED_FACE ( 'NONE', ( #2181 ), #1689, .F. ) ;
#3469 = CARTESIAN_POINT ( 'NONE',  ( -8.000000000000000000, 3.000000000000000000, 2.749999999999999556 ) ) ;
#3470 = CARTESIAN_POINT ( 'NONE',  ( -3.273299284568777612, -2.065508072657773919, -2.451951879897143360 ) ) ;
#3471 = EDGE_CURVE ( 'NONE', #137, #2795, #630, .T. ) ;
#3472 = AXIS2_PLACEMENT_3D ( 'NONE', #2879, #3096, #394 ) ;
#3473 =( BOUNDED_CURVE ( )  B_SPLINE_CURVE ( 2, ( #464, #2620, #500, #2922, #2904, #3480, #3456, #3169, #975 ),
 .UNSPECIFIED., .F., .T. ) 
 B_SPLINE_CURVE_WITH_KNOTS ( ( 3, 2, 2, 2, 3 ),
 ( 0.04152275302217844216, 0.04400920451260339344, 0.04649565600302833779, 0.04898210749345328907, 0.05146855898387824035 ),
 .UNSPECIFIED. ) 
 CURVE ( )  GEOMETRIC_REPRESENTATION_ITEM ( )  RATIONAL_B_SPLINE_CURVE ( ( 1.000000000000000000, 0.9238795325112867385, 1.000000000000000000, 0.9238795325112867385, 1.000000000000000000, 0.9238795325112867385, 1.000000000000000000, 0.9238795325112757473, 1.000000000000010880 ) ) 
 REPRESENTATION_ITEM ( '' )  );
#3474 = CARTESIAN_POINT ( 'NONE',  ( 3.243740766425389221, 1.343601418275894410, 3.662812499999999361 ) ) ;
#3475 = CARTESIAN_POINT ( 'NONE',  ( -2.437988424824490075, 0.4274099746086544305, 0.9030758910394672823 ) ) ;
#3476 = CARTESIAN_POINT ( 'NONE',  ( -2.556404360414231913, -0.5241097156712184457, -1.191018921772102557 ) ) ;
#3477 = CARTESIAN_POINT ( 'NONE',  ( -8.000000000000000000, -3.819700691096631129, -1.044305745404187302 ) ) ;
#3478 = CARTESIAN_POINT ( 'NONE',  ( 7.875000000000000000, 3.717306685560505475, -0.9726086908603082115 ) ) ;
#3479 = VERTEX_POINT ( 'NONE', #2519 ) ;
#3480 = CARTESIAN_POINT ( 'NONE',  ( 1.315128060534582310, 3.175000000000012701, -1.298124999999992424 ) ) ;
#3481 = CARTESIAN_POINT ( 'NONE',  ( -7.875000000000000000, -3.000000000000000000, 1.624999999999999778 ) ) ;
#3482 = CARTESIAN_POINT ( 'NONE',  ( -0.9734477676387638390, -2.350110802895318152, -1.139375000000000249 ) ) ;
#3483 = CARTESIAN_POINT ( 'NONE',  ( 0.9734477676387648382, -2.350110802895318152, 1.559375000000000400 ) ) ;
#3484 = VERTEX_POINT ( 'NONE', #1641 ) ;
#3485 = DIRECTION ( 'NONE',  ( 0.000000000000000000, -0.000000000000000000, 1.000000000000000000 ) ) ;
#3486 = CARTESIAN_POINT ( 'NONE',  ( 0.000000000000000000, 2.350110802895317708, -3.123749999999999361 ) ) ;
#3487 = AXIS2_PLACEMENT_3D ( 'NONE', #3127, #738, #1276 ) ;
#3488 = EDGE_LOOP ( 'NONE', ( #2966, #1868, #918, #2977 ) ) ;
#3489 = CIRCLE ( 'NONE', #470, 0.1250000000000001110 ) ;
#3490 = DIRECTION ( 'NONE',  ( -0.000000000000000000, -0.000000000000000000, 1.000000000000000000 ) ) ;
#3491 = CARTESIAN_POINT ( 'NONE',  ( 2.293671092350642038, 2.293671092350642038, 3.742187500000000000 ) ) ;
#3492 = AXIS2_PLACEMENT_3D ( 'NONE', #8, #751, #1073 ) ;
#3493 = CARTESIAN_POINT ( 'NONE',  ( -1.764081264302287178, 2.919640097636206022, -1.970103813384076696 ) ) ;
#3494 = DIRECTION ( 'NONE',  ( 0.000000000000000000, 0.000000000000000000, -1.000000000000000000 ) ) ;
#3495 = DIRECTION ( 'NONE',  ( 1.000000000000000000, 0.000000000000000000, 0.000000000000000000 ) ) ;
#3496 = VERTEX_POINT ( 'NONE', #607 ) ;
#3497 = EDGE_LOOP ( 'NONE', ( #664, #1652, #1178, #1020 ) ) ;
#3498 = CARTESIAN_POINT ( 'NONE',  ( -8.000000000000000000, -5.199999999999999289, 1.449999999999999289 ) ) ;
#3499 = EDGE_CURVE ( 'NONE', #2928, #2737, #1716, .T. ) ;
#3500 = DIRECTION ( 'NONE',  ( 1.000000000000000000, 0.000000000000000000, 0.000000000000000000 ) ) ;
#3501 = CARTESIAN_POINT ( 'NONE',  ( -0.9734477676387658374, 2.350110802895317264, 0.7656250000000011102 ) ) ;
#3502 = CARTESIAN_POINT ( 'NONE',  ( -0.9734477676387660594, 2.350110802895317708, 2.194374999999999964 ) ) ;
#3503 = ORIENTED_EDGE ( 'NONE', *, *, #1720, .F. ) ;
#3504 = ADVANCED_FACE ( 'NONE', ( #3275 ), #1624, .F. ) ;
#3505 = CARTESIAN_POINT ( 'NONE',  ( 3.270656729104718163, -2.067677873388649612, -2.450994287539927097 ) ) ;
#3506 = CARTESIAN_POINT ( 'NONE',  ( 2.293671092350642038, 2.293671092350642038, 2.551562499999999289 ) ) ;
#3507 = ORIENTED_EDGE ( 'NONE', *, *, #3123, .F. ) ;
#3508 = CARTESIAN_POINT ( 'NONE',  ( -8.000000000000000000, 3.000000000000000000, 2.624999999999999112 ) ) ;
#3509 = CARTESIAN_POINT ( 'NONE',  ( -4.097879986903204319, -0.7664363583956935733, -2.750000000000006661 ) ) ;
#3510 = CARTESIAN_POINT ( 'NONE',  ( -3.430822783370700790, 1.916317003059315516, -2.511060071724407372 ) ) ;
#3511 = CARTESIAN_POINT ( 'NONE',  ( 3.174999999999999822, -3.494516299941245763E-13, -1.536250000000021432 ) ) ;
#3512 = PLANE ( 'NONE',  #230 ) ;
#3513 = ORIENTED_EDGE ( 'NONE', *, *, #1049, .T. ) ;
#3514 = ORIENTED_EDGE ( 'NONE', *, *, #696, .F. ) ;
#3515 = DIRECTION ( 'NONE',  ( -1.000000000000000000, -0.000000000000000000, -0.000000000000000000 ) ) ;
ENDSEC;
END-ISO-10303-21;
