ISO-10303-21;
HEADER;
FILE_DESCRIPTION (( 'STEP AP214' ),
    '1' );
FILE_NAME ('roller_2.STEP',
    '2026-06-08T03:48:21',
    ( '' ),
    ( '' ),
    'SwSTEP 2.0',
    'SolidWorks 2025',
    '' );
FILE_SCHEMA (( 'AUTOMOTIVE_DESIGN' ));
ENDSEC;

DATA;
#1 = CARTESIAN_POINT ( 'NONE',  ( 30.28944101416511359, -57.45676869589681246, -3.500000000002638778 ) ) ;
#2 = CARTESIAN_POINT ( 'NONE',  ( -18.32990998892936219, -0.03680818956223855243, -3.098512950549819678 ) ) ;
#3 = EDGE_CURVE ( 'NONE', #641, #973, #1627, .T. ) ;
#4 = CARTESIAN_POINT ( 'NONE',  ( 23.74999999999993960, -52.95267564657157067, 10.27757868421370446 ) ) ;
#5 = VECTOR ( 'NONE', #2237, 1000.000000000000000 ) ;
#6 = AXIS2_PLACEMENT_3D ( 'NONE', #1164, #2251, #1696 ) ;
#7 = CARTESIAN_POINT ( 'NONE',  ( -26.15905860967685825, -50.22105728327455409, -3.500000000000000000 ) ) ;
#8 = ORIENTED_EDGE ( 'NONE', *, *, #1730, .F. ) ;
#9 = EDGE_CURVE ( 'NONE', #404, #585, #1743, .T. ) ;
#10 = CARTESIAN_POINT ( 'NONE',  ( -21.17499999999997229, -69.98000000000000398, 136.1998800000000074 ) ) ;
#11 = ORIENTED_EDGE ( 'NONE', *, *, #413, .T. ) ;
#12 = CARTESIAN_POINT ( 'NONE',  ( 18.69093652004147543, -0.01963998146583328941, 2.718999905640445469 ) ) ;
#13 = CARTESIAN_POINT ( 'NONE',  ( -31.91121397071426102, -62.74163698173934733, 16.75413504264576758 ) ) ;
#14 = CARTESIAN_POINT ( 'NONE',  ( 31.74999999999994316, -62.23000000000000398, 136.1998800000000074 ) ) ;
#15 = CARTESIAN_POINT ( 'NONE',  ( -21.74999999999994316, -61.75788801486136492, 15.09338987394237819 ) ) ;
#16 = VECTOR ( 'NONE', #263, 1000.000000000000000 ) ;
#17 = CARTESIAN_POINT ( 'NONE',  ( -20.75455814281450273, -26.49317212031908397, -3.499999999999998668 ) ) ;
#18 = ORIENTED_EDGE ( 'NONE', *, *, #717, .F. ) ;
#19 = DIRECTION ( 'NONE',  ( 0.000000000000000000, 0.000000000000000000, 1.000000000000000000 ) ) ;
#20 = MECHANICAL_DESIGN_GEOMETRIC_PRESENTATION_REPRESENTATION (  '', ( #1934 ), #998 ) ;
#21 = CARTESIAN_POINT ( 'NONE',  ( -29.61597121183910275, -60.67882269714469601, 16.84752974003310655 ) ) ;
#22 = VERTEX_POINT ( 'NONE', #389 ) ;
#23 = CARTESIAN_POINT ( 'NONE',  ( -19.08703504500411441, -0.0006260631603960946801, 1.762048285359312461 ) ) ;
#24 = CARTESIAN_POINT ( 'NONE',  ( -31.75000000028682479, -62.23000000066214454, 16.20259986579798550 ) ) ;
#25 = CARTESIAN_POINT ( 'NONE',  ( -31.32054898713327518, -62.23000000000001108, 17.81796682173486346 ) ) ;
#26 = FACE_BOUND ( 'NONE', #387, .T. ) ;
#27 = CARTESIAN_POINT ( 'NONE',  ( -23.74999999999994316, -52.79256591959729406, 10.16546245915111157 ) ) ;
#28 = CARTESIAN_POINT ( 'NONE',  ( -24.12551464083240305, -42.36538225889377429, -3.500000000000000000 ) ) ;
#29 = CARTESIAN_POINT ( 'NONE',  ( 25.53004717519609912, -39.39987135301476684, 1.499999999999996225 ) ) ;
#30 = FACE_OUTER_BOUND ( 'NONE', #985, .T. ) ;
#31 = ORIENTED_EDGE ( 'NONE', *, *, #1041, .T. ) ;
#32 = CARTESIAN_POINT ( 'NONE',  ( -31.74999999999994316, -62.23000000000000398, -1.500000000000000000 ) ) ;
#33 = ORIENTED_EDGE ( 'NONE', *, *, #159, .F. ) ;
#34 = CARTESIAN_POINT ( 'NONE',  ( -21.89256348343716141, -43.02858281709053756, 3.500000000000000444 ) ) ;
#35 = CARTESIAN_POINT ( 'NONE',  ( -23.42267312326188744, -62.23000000000001108, 18.46915238928165337 ) ) ;
#36 = DIRECTION ( 'NONE',  ( -0.000000000000000000, -0.000000000000000000, -1.000000000000000000 ) ) ;
#37 = CARTESIAN_POINT ( 'NONE',  ( 30.12099221867410037, -62.23000000000000398, 18.50000000000000355 ) ) ;
#38 = EDGE_CURVE ( 'NONE', #967, #2209, #1977, .T. ) ;
#39 = CARTESIAN_POINT ( 'NONE',  ( -23.74999999999994316, -47.85567935711596732, 7.133390394775576127 ) ) ;
#40 = CARTESIAN_POINT ( 'NONE',  ( -24.86159914164247908, -36.66312110986653749, -1.499999999999999112 ) ) ;
#41 = ORIENTED_EDGE ( 'NONE', *, *, #576, .T. ) ;
#42 = VECTOR ( 'NONE', #1906, 1000.000000000000000 ) ;
#43 = CARTESIAN_POINT ( 'NONE',  ( 23.55490195615718818, -39.51954912104525164, 3.499999999999999556 ) ) ;
#44 = ORIENTED_EDGE ( 'NONE', *, *, #38, .F. ) ;
#45 = CARTESIAN_POINT ( 'NONE',  ( -31.74999999999994316, -62.23000000000000398, 26.50000000000000000 ) ) ;
#46 = VERTEX_POINT ( 'NONE', #54 ) ;
#47 = CARTESIAN_POINT ( 'NONE',  ( 29.83915567885605213, -61.36750143307712335, 17.56633067534243509 ) ) ;
#48 = FACE_OUTER_BOUND ( 'NONE', #1137, .T. ) ;
#49 = CARTESIAN_POINT ( 'NONE',  ( -19.09999999999999787, 0.000000000000000000, -1.500000000000000000 ) ) ;
#50 = DIRECTION ( 'NONE',  ( -1.000000000000000000, 0.000000000000000000, 0.000000000000000000 ) ) ;
#51 = CARTESIAN_POINT ( 'NONE',  ( -21.74999999999994316, -63.82814684442053732, 17.28535200796966365 ) ) ;
#52 = ORIENTED_EDGE ( 'NONE', *, *, #1921, .F. ) ;
#53 = CARTESIAN_POINT ( 'NONE',  ( -19.79494811737135862, -6.622234510473122171, 1.500000000000000666 ) ) ;
#54 = CARTESIAN_POINT ( 'NONE',  ( -23.74999999999993605, -39.91150112491071411, 3.636248116562269317 ) ) ;
#55 = CARTESIAN_POINT ( 'NONE',  ( 29.74999999999994671, -77.72999999999998977, -1.500000000000000000 ) ) ;
#56 = CIRCLE ( 'NONE', #353, 2.600000000000001421 ) ;
#57 =( BOUNDED_SURFACE ( )  B_SPLINE_SURFACE ( 3, 2, ( 
 ( #1177, #1390, #1342 ),
 ( #118, #988, #1707 ),
 ( #2087, #638, #1189 ),
 ( #649, #1200, #1905 ),
 ( #2109, #489, #2100 ),
 ( #95, #293, #1727 ),
 ( #1532, #1013, #837 ),
 ( #481, #1211, #2249 ),
 ( #1926, #139, #677 ),
 ( #1407, #1595, #1758 ),
 ( #2294, #1043, #863 ),
 ( #2313, #511, #1583 ),
 ( #697, #314, #147 ),
 ( #1750, #1946, #1052 ),
 ( #1220, #1768, #856 ),
 ( #332, #1399, #2304 ),
 ( #1936, #688, #2127 ),
 ( #1230, #323, #873 ) ),
 .UNSPECIFIED., .F., .F., .T. ) 
 B_SPLINE_SURFACE_WITH_KNOTS ( ( 4, 2, 2, 2, 2, 2, 2, 2, 4 ),
 ( 3, 3 ),
 ( 0.007237126142332635237, 0.008121754920568902483, 0.009006383698805169730, 0.01077564125527770422, 0.01431415636822277147, 0.01785267148116783872, 0.02139118659411290771, 0.02846821682000304221, 0.03554524704589318018 ),
 ( 0.000000000000000000, 1.000000000000000000 ),
 .UNSPECIFIED. ) 
 GEOMETRIC_REPRESENTATION_ITEM ( )  RATIONAL_B_SPLINE_SURFACE ( (
 ( 1.000000000000000000, 0.7071067811865482389, 1.000000000000000000),
 ( 1.000000000000000000, 0.7071067811865482389, 1.000000000000000000),
 ( 1.000000000000000000, 0.7071067811865482389, 1.000000000000000000),
 ( 1.000000000000000000, 0.7071067811865482389, 1.000000000000000000),
 ( 1.000000000000000000, 0.7071067811865482389, 1.000000000000000000),
 ( 1.000000000000000000, 0.7071067811865482389, 1.000000000000000000),
 ( 1.000000000000000000, 0.7071067811865473507, 1.000000000000000000),
 ( 1.000000000000000000, 0.7071067811865473507, 1.000000000000000000),
 ( 1.000000000000000000, 0.7071067811865479058, 1.000000000000000000),
 ( 1.000000000000000000, 0.7071067811865479058, 1.000000000000000000),
 ( 1.000000000000000000, 0.7071067811865473507, 1.000000000000000000),
 ( 1.000000000000000000, 0.7071067811865473507, 1.000000000000000000),
 ( 1.000000000000000000, 0.7071067811865482389, 1.000000000000000000),
 ( 1.000000000000000000, 0.7071067811865482389, 1.000000000000000000),
 ( 1.000000000000000000, 0.7071067811865482389, 1.000000000000000000),
 ( 1.000000000000000000, 0.7071067811865482389, 1.000000000000000000),
 ( 1.000000000000000000, 0.7071067811865482389, 1.000000000000000000),
 ( 1.000000000000000000, 0.7071067811865482389, 1.000000000000000000) ) ) 
 REPRESENTATION_ITEM ( '' )  SURFACE ( )  );
#58 = ORIENTED_EDGE ( 'NONE', *, *, #584, .T. ) ;
#59 = CARTESIAN_POINT ( 'NONE',  ( 24.25106548012782781, -39.38848433754339595, 3.355728497651322417 ) ) ;
#60 = ORIENTED_EDGE ( 'NONE', *, *, #285, .F. ) ;
#61 = CARTESIAN_POINT ( 'NONE',  ( 29.90512918594050618, -61.57021267767651551, 17.78184875422320488 ) ) ;
#62 = CARTESIAN_POINT ( 'NONE',  ( -22.71333464374506406, -62.23000000000000398, 18.07877804461569937 ) ) ;
#63 = CARTESIAN_POINT ( 'NONE',  ( -28.57118593177671073, -52.11229022479107442, -1.500000000000000222 ) ) ;
#64 = CARTESIAN_POINT ( 'NONE',  ( 11.09999999999999964, 1.359357947053562156E-15, -3.500000000000000000 ) ) ;
#65 = CARTESIAN_POINT ( 'NONE',  ( -21.74999999999994316, -57.76957533703939873, 11.43483294447761622 ) ) ;
#66 = DIRECTION ( 'NONE',  ( 0.000000000000000000, 1.000000000000000000, -0.000000000000000000 ) ) ;
#67 = FACE_OUTER_BOUND ( 'NONE', #1814, .T. ) ;
#68 = ORIENTED_EDGE ( 'NONE', *, *, #1848, .T. ) ;
#69 = EDGE_LOOP ( 'NONE', ( #2141, #1517, #458 ) ) ;
#70 = PLANE ( 'NONE',  #2197 ) ;
#71 = CARTESIAN_POINT ( 'NONE',  ( 29.87074823491042608, -61.46773078157218606, 17.65755780525383756 ) ) ;
#72 = CARTESIAN_POINT ( 'NONE',  ( -31.74999999999995026, -62.23000000000001819, -1.632829154734521060 ) ) ;
#73 = FACE_OUTER_BOUND ( 'NONE', #1643, .T. ) ;
#74 = CARTESIAN_POINT ( 'NONE',  ( 0.000000000000000000, 0.000000000000000000, -1.500000000000000000 ) ) ;
#75 = ORIENTED_EDGE ( 'NONE', *, *, #2252, .F. ) ;
#76 = CARTESIAN_POINT ( 'NONE',  ( 20.12136484234874700, -10.55604139351869186, -1.500000000000000000 ) ) ;
#77 = CARTESIAN_POINT ( 'NONE',  ( 31.74999999995158717, -62.23000000000000398, 16.46445673408799593 ) ) ;
#78 = CARTESIAN_POINT ( 'NONE',  ( -19.98214375735939896, -8.056687053124699460, 1.500000000000737410 ) ) ;
#79 = VERTEX_POINT ( 'NONE', #1489 ) ;
#80 = ORIENTED_EDGE ( 'NONE', *, *, #1833, .T. ) ;
#81 = EDGE_CURVE ( 'NONE', #1757, #1328, #2006, .T. ) ;
#82 = VECTOR ( 'NONE', #36, 1000.000000000000000 ) ;
#83 = CARTESIAN_POINT ( 'NONE',  ( -2.600000000000001421, -69.98000000000000398, 136.1998800000000074 ) ) ;
#84 = CARTESIAN_POINT ( 'NONE',  ( 21.74999999999993960, -57.69815625261880854, 11.38334813230429710 ) ) ;
#85 = FACE_OUTER_BOUND ( 'NONE', #451, .T. ) ;
#86 = LINE ( 'NONE', #2241, #583 ) ;
#87 = VERTEX_POINT ( 'NONE', #1788 ) ;
#88 = SPHERICAL_SURFACE ( 'NONE', #1430, 2.000000000000000000 ) ;
#89 = DIRECTION ( 'NONE',  ( 0.000000000000000000, 0.000000000000000000, -1.000000000000000000 ) ) ;
#90 = DIRECTION ( 'NONE',  ( 1.000000000000000000, 0.000000000000000000, 0.000000000000000000 ) ) ;
#91 = ORIENTED_EDGE ( 'NONE', *, *, #798, .F. ) ;
#92 = VERTEX_POINT ( 'NONE', #1612 ) ;
#93 = ADVANCED_FACE ( 'NONE', ( #1798 ), #819, .F. ) ;
#94 = CARTESIAN_POINT ( 'NONE',  ( 31.74721696227628698, -62.22140224582476264, 16.19229813426207087 ) ) ;
#95 = CARTESIAN_POINT ( 'NONE',  ( 23.74999999999891998, -60.78321133949238941, 16.95439389535473751 ) ) ;
#96 = CARTESIAN_POINT ( 'NONE',  ( -23.51492080150865505, -39.56217076829690882, 3.500000000000000444 ) ) ;
#97 = AXIS2_PLACEMENT_3D ( 'NONE', #242, #1844, #1506 ) ;
#98 = EDGE_CURVE ( 'NONE', #445, #2184, #970, .T. ) ;
#99 = CARTESIAN_POINT ( 'NONE',  ( 26.57079670068229404, -52.38239516086225933, -3.499999999999999556 ) ) ;
#100 = ORIENTED_EDGE ( 'NONE', *, *, #202, .T. ) ;
#101 = CARTESIAN_POINT ( 'NONE',  ( -25.49815061800186911, -39.26184507765650977, 1.500000000000001332 ) ) ;
#102 = CARTESIAN_POINT ( 'NONE',  ( 0.000000000000000000, -69.98000000000000398, 126.6748799999999875 ) ) ;
#103 = DIRECTION ( 'NONE',  ( 0.000000000000000000, -1.000000000000000000, 0.000000000000000000 ) ) ;
#104 = ORIENTED_EDGE ( 'NONE', *, *, #1848, .F. ) ;
#105 = CARTESIAN_POINT ( 'NONE',  ( 26.60163940165196905, -50.75340104790129914, 8.821877035728173055 ) ) ;
#106 = EDGE_CURVE ( 'NONE', #622, #1878, #2082, .T. ) ;
#107 = CARTESIAN_POINT ( 'NONE',  ( -23.74999999999993605, -57.41841451719077583, 13.73083373084914705 ) ) ;
#108 = PRODUCT_CONTEXT ( 'NONE', #310, 'mechanical' ) ;
#109 = CARTESIAN_POINT ( 'NONE',  ( 31.74999999999994316, -62.23000000000000398, 3.500000000000000000 ) ) ;
#110 = ORIENTED_EDGE ( 'NONE', *, *, #2014, .F. ) ;
#111 = PRODUCT_DEFINITION_CONTEXT ( 'detailed design', #671, 'design' ) ;
#112 = CARTESIAN_POINT ( 'NONE',  ( 26.07049731312160290, -41.89818183751734892, -3.499999999999999112 ) ) ;
#113 = CARTESIAN_POINT ( 'NONE',  ( 31.25578874113655559, -62.23000000000000398, 17.92918268554651107 ) ) ;
#114 = CARTESIAN_POINT ( 'NONE',  ( -18.64983047674179772, -13.35860448547663104, 3.500000000000000444 ) ) ;
#115 = ORIENTED_EDGE ( 'NONE', *, *, #1945, .T. ) ;
#116 = EDGE_CURVE ( 'NONE', #675, #445, #1291, .T. ) ;
#117 = CARTESIAN_POINT ( 'NONE',  ( 25.47029009146109502, -46.66120055639255071, 6.506065856175523798 ) ) ;
#118 = CARTESIAN_POINT ( 'NONE',  ( 23.74999999999994316, -62.14580679184648204, 18.40695153068350010 ) ) ;
#119 = CARTESIAN_POINT ( 'NONE',  ( -23.74999999999993605, -53.87386502345981398, 10.93526641793402732 ) ) ;
#120 = AXIS2_PLACEMENT_3D ( 'NONE', #1610, #1755, #1975 ) ;
#121 = CARTESIAN_POINT ( 'NONE',  ( -21.17499999999997229, -69.98000000000000398, 126.6748799999999875 ) ) ;
#122 = AXIS2_PLACEMENT_3D ( 'NONE', #402, #418, #1146 ) ;
#123 = DIRECTION ( 'NONE',  ( -1.000000000000000000, 0.000000000000000000, 0.000000000000000000 ) ) ;
#124 = ORIENTED_EDGE ( 'NONE', *, *, #510, .F. ) ;
#125 = CARTESIAN_POINT ( 'NONE',  ( -27.46992524984013073, -47.31570662659325421, 6.842878344520739731 ) ) ;
#126 = CARTESIAN_POINT ( 'NONE',  ( -19.40645319060000773, -3.023610672851332559, 1.500000000000737188 ) ) ;
#127 = EDGE_CURVE ( 'NONE', #797, #2093, #2284, .T. ) ;
#128 = ORIENTED_EDGE ( 'NONE', *, *, #939, .T. ) ;
#129 = DIRECTION ( 'NONE',  ( 1.000000000000000000, 0.000000000000000000, 0.000000000000000000 ) ) ;
#130 = PRESENTATION_STYLE_ASSIGNMENT (( #2263 ) ) ;
#131 = CARTESIAN_POINT ( 'NONE',  ( 23.63610595199797970, -40.08623238881302342, 3.499999999999999556 ) ) ;
#132 = FACE_OUTER_BOUND ( 'NONE', #2323, .T. ) ;
#133 = DIRECTION ( 'NONE',  ( 0.000000000000000000, 0.000000000000000000, -1.000000000000000000 ) ) ;
#134 = VECTOR ( 'NONE', #1827, 1000.000000000000000 ) ;
#135 = CARTESIAN_POINT ( 'NONE',  ( -27.39802673416006584, -47.03468517581480768, 4.706434901049473041 ) ) ;
#136 = CARTESIAN_POINT ( 'NONE',  ( 23.74999999999993605, -59.07540524386884329, 15.26181543645757088 ) ) ;
#137 = EDGE_CURVE ( 'NONE', #394, #1757, #1591, .T. ) ;
#138 = ORIENTED_EDGE ( 'NONE', *, *, #1730, .T. ) ;
#139 = CARTESIAN_POINT ( 'NONE',  ( 21.74999999999586464, -58.33607512934575112, 14.57699115260322742 ) ) ;
#140 = CARTESIAN_POINT ( 'NONE',  ( 17.79356990574570574, -6.614166039258887686, 3.500000000000000000 ) ) ;
#141 = CARTESIAN_POINT ( 'NONE',  ( 4.450000000000016165, -77.72999999999998977, 136.1998800000000074 ) ) ;
#142 = CARTESIAN_POINT ( 'NONE',  ( -31.74999999999994316, -62.23000000000000398, 3.500000000000000000 ) ) ;
#143 = CARTESIAN_POINT ( 'NONE',  ( -31.75000000028682479, -62.23000000066214454, 1.500000000000001332 ) ) ;
#144 = B_SPLINE_CURVE_WITH_KNOTS ( 'NONE', 3,
 ( #1872, #639, #801, #284, #256, #244, #976, #615, #1695, #813, #989, #1685, #72, #964 ),
 .UNSPECIFIED., .F., .F.,
 ( 4, 2, 2, 2, 2, 2, 4 ),
 ( -1.636286656792533100E-05, 0.0007754586750031087746, 0.001567280216574142840, 0.001963190987359656348, 0.002359101758145170074, 0.002755012528930684233, 0.003150923299716198826 ),
 .UNSPECIFIED. ) ;
#145 = ORIENTED_EDGE ( 'NONE', *, *, #958, .F. ) ;
#146 = B_SPLINE_CURVE_WITH_KNOTS ( 'NONE', 3,
 ( #49, #1634, #722, #573, #63, #1805 ),
 .UNSPECIFIED., .F., .F.,
 ( 4, 2, 4 ),
 ( 0.000000000000000000, 0.03180522897417655676, 0.06361045794835311351 ),
 .UNSPECIFIED. ) ;
#147 = CARTESIAN_POINT ( 'NONE',  ( 21.74999999999994316, -54.16675792798960742, 8.685343719144531960 ) ) ;
#148 = CARTESIAN_POINT ( 'NONE',  ( 19.40643613523278432, -3.023449926211165373, 3.500000000000184297 ) ) ;
#149 = B_SPLINE_CURVE_WITH_KNOTS ( 'NONE', 3,
 ( #911, #951, #2201, #604, #1620, #1318, #2162, #1482, #558, #923, #397, #1659 ),
 .UNSPECIFIED., .F., .F.,
 ( 4, 2, 2, 2, 2, 4 ),
 ( 0.000000000000000000, 0.001300455336057220520, 0.002600910672114441040, 0.003901366008171661126, 0.004551593676200269868, 0.005201821344228878610 ),
 .UNSPECIFIED. ) ;
#150 = CARTESIAN_POINT ( 'NONE',  ( -21.17499999999997229, -69.98000000000000398, 126.6748799999999875 ) ) ;
#151 = DIRECTION ( 'NONE',  ( -0.000000000000000000, -0.000000000000000000, 1.000000000000000000 ) ) ;
#152 = CARTESIAN_POINT ( 'NONE',  ( 30.28944101416369961, -57.45676869588714197, -1.500000000000000000 ) ) ;
#153 = AXIS2_PLACEMENT_3D ( 'NONE', #10, #1442, #203 ) ;
#154 = CARTESIAN_POINT ( 'NONE',  ( 21.17499999999997229, -69.98000000000000398, 126.6748799999999875 ) ) ;
#155 = AXIS2_PLACEMENT_3D ( 'NONE', #736, #901, #1089 ) ;
#156 = CARTESIAN_POINT ( 'NONE',  ( -31.74999999999994316, -62.23000000000000398, 3.500000000000000000 ) ) ;
#157 = VERTEX_POINT ( 'NONE', #2028 ) ;
#158 = CARTESIAN_POINT ( 'NONE',  ( 23.74999999998116706, -40.57499005051189300, 1.749509542833566078 ) ) ;
#159 = EDGE_CURVE ( 'NONE', #444, #1453, #1170, .T. ) ;
#160 = CARTESIAN_POINT ( 'NONE',  ( 22.74813890483533285, -26.42369108305136294, 3.499999999999999556 ) ) ;
#161 = ADVANCED_FACE ( 'NONE', ( #1183 ), #1887, .F. ) ;
#162 = CARTESIAN_POINT ( 'NONE',  ( 20.29001232717353531, -10.80542182539288909, 1.500000000000000888 ) ) ;
#163 = CARTESIAN_POINT ( 'NONE',  ( -31.47013848502777478, -61.34183992364927462, 17.53776970151450598 ) ) ;
#164 = CARTESIAN_POINT ( 'NONE',  ( 22.90867366837368735, -37.09593764415706829, -3.500000000000000000 ) ) ;
#165 =( LENGTH_UNIT ( ) NAMED_UNIT ( * ) SI_UNIT ( .MILLI., .METRE. ) );
#166 = EDGE_CURVE ( 'NONE', #1219, #1465, #2205, .T. ) ;
#167 = VECTOR ( 'NONE', #2085, 1000.000000000000000 ) ;
#168 = PLANE ( 'NONE',  #1021 ) ;
#169 = VECTOR ( 'NONE', #475, 1000.000000000000000 ) ;
#170 = ADVANCED_FACE ( 'NONE', ( #1157 ), #1008, .T. ) ;
#171 = CARTESIAN_POINT ( 'NONE',  ( -19.31961331331151754, -2.195333433783603461, -1.500000000000000888 ) ) ;
#172 = ORIENTED_EDGE ( 'NONE', *, *, #924, .F. ) ;
#173 = CARTESIAN_POINT ( 'NONE',  ( 20.63054301623938969, -13.08064683699427633, 3.500000000001473044 ) ) ;
#174 = CARTESIAN_POINT ( 'NONE',  ( -31.74999999999994316, -77.72999999999998977, 136.1998800000000074 ) ) ;
#175 = EDGE_CURVE ( 'NONE', #79, #1352, #596, .T. ) ;
#176 = CARTESIAN_POINT ( 'NONE',  ( -30.13447913398459121, -62.27253874447202264, 18.54701287843415258 ) ) ;
#177 = CARTESIAN_POINT ( 'NONE',  ( 24.86159914163545182, -36.66312110983182038, -1.500000000000000000 ) ) ;
#178 = ORIENTED_EDGE ( 'NONE', *, *, #1853, .F. ) ;
#179 = CARTESIAN_POINT ( 'NONE',  ( 29.74999999999994316, -77.72999999999998977, -3.500000000000000000 ) ) ;
#180 = CARTESIAN_POINT ( 'NONE',  ( -21.74999999999994316, -60.99603238746231426, 14.30934682327354146 ) ) ;
#181 = CARTESIAN_POINT ( 'NONE',  ( -18.62619410723458202, -13.14019456383432249, -3.500000000000000000 ) ) ;
#182 = EDGE_LOOP ( 'NONE', ( #845, #1692, #1616, #1148, #2018 ) ) ;
#183 = CARTESIAN_POINT ( 'NONE',  ( 25.41783616498294762, -39.32477914095954219, 2.113531246016318033 ) ) ;
#184 = ORIENTED_EDGE ( 'NONE', *, *, #1382, .T. ) ;
#185 = CARTESIAN_POINT ( 'NONE',  ( 23.65168042401138493, -39.50393889970268901, 3.494639029811185349 ) ) ;
#186 = CARTESIAN_POINT ( 'NONE',  ( -29.10483262077794109, -59.08212708445933714, 15.26675046226782939 ) ) ;
#187 = CARTESIAN_POINT ( 'NONE',  ( 30.48775094148951936, -58.11724388382565820, 12.21734546037595770 ) ) ;
#188 = CARTESIAN_POINT ( 'NONE',  ( -23.74999999999994316, -61.94959741345955706, 18.19123364292405398 ) ) ;
#189 = AXIS2_PLACEMENT_3D ( 'NONE', #1476, #582, #2192 ) ;
#190 = CARTESIAN_POINT ( 'NONE',  ( -19.76053588514350068, -6.201191031479310389, -1.499999999999413802 ) ) ;
#191 = CARTESIAN_POINT ( 'NONE',  ( 23.42649696569413820, -62.23000000000000398, 18.47018385162444432 ) ) ;
#192 = CARTESIAN_POINT ( 'NONE',  ( 19.09999999999999787, 0.000000000000000000, -1.500000000000000888 ) ) ;
#193 = EDGE_LOOP ( 'NONE', ( #359, #80, #1443, #769, #1868, #1097 ) ) ;
#194 = CARTESIAN_POINT ( 'NONE',  ( -23.70016834998195066, -39.49343466113590750, 3.490377983779241244 ) ) ;
#195 = CARTESIAN_POINT ( 'NONE',  ( 10.55000000000001847, -77.72999999999998977, 136.1998800000000074 ) ) ;
#196 = CARTESIAN_POINT ( 'NONE',  ( 29.71301597987788412, -55.49782299715312206, 10.02406334583960756 ) ) ;
#197 = CARTESIAN_POINT ( 'NONE',  ( -17.09974235922041785, -0.09386824961390836941, -3.500000000000000000 ) ) ;
#198 = CARTESIAN_POINT ( 'NONE',  ( -23.74999999999994316, -62.34512681060034822, 18.62723560176160476 ) ) ;
#199 = CARTESIAN_POINT ( 'NONE',  ( -17.33033597580459784, -2.402202284601993476, -3.500000000000001332 ) ) ;
#200 = ORIENTED_EDGE ( 'NONE', *, *, #835, .F. ) ;
#201 = LINE ( 'NONE', #431, #865 ) ;
#202 = EDGE_CURVE ( 'NONE', #784, #444, #1145, .T. ) ;
#203 = DIRECTION ( 'NONE',  ( 1.000000000000000000, 0.000000000000000000, 0.000000000000000000 ) ) ;
#204 = EDGE_LOOP ( 'NONE', ( #1667, #1327, #2147, #664, #2040 ) ) ;
#205 = CARTESIAN_POINT ( 'NONE',  ( -21.74999999999994316, -44.97465652933435365, 3.500000000000000000 ) ) ;
#206 = CARTESIAN_POINT ( 'NONE',  ( -22.38840013856392730, -62.23000000000001108, 17.71586693785964073 ) ) ;
#207 = CARTESIAN_POINT ( 'NONE',  ( 31.74999999999994316, -62.23000000000000398, 3.500000000000000000 ) ) ;
#208 = CYLINDRICAL_SURFACE ( 'NONE', #2036, 11.09999999999999964 ) ;
#209 = CARTESIAN_POINT ( 'NONE',  ( -21.74999999999576872, -49.87018995191441917, 8.281242299653834849 ) ) ;
#210 = CARTESIAN_POINT ( 'NONE',  ( -26.07049731312134000, -41.89818183751635416, -3.500000000001176836 ) ) ;
#211 = EDGE_LOOP ( 'NONE', ( #2020, #1282, #2207 ) ) ;
#212 = CARTESIAN_POINT ( 'NONE',  ( 23.65168042401138493, -39.50393889970268901, 3.494639029811185349 ) ) ;
#213 = ORIENTED_EDGE ( 'NONE', *, *, #1176, .F. ) ;
#214 = CARTESIAN_POINT ( 'NONE',  ( 22.17126864804746589, -31.74227037700904575, 1.500000000000000000 ) ) ;
#215 = ORIENTED_EDGE ( 'NONE', *, *, #1247, .F. ) ;
#216 = CARTESIAN_POINT ( 'NONE',  ( -17.09974235922041785, -0.09386824961390836941, 3.500000000000000000 ) ) ;
#217 = CARTESIAN_POINT ( 'NONE',  ( 26.69666089650566221, -51.08622867529311407, 9.033160644454975241 ) ) ;
#218 = CARTESIAN_POINT ( 'NONE',  ( 21.74999999999993960, -44.97465652933436076, 3.500000000000000000 ) ) ;
#219 = CYLINDRICAL_SURFACE ( 'NONE', #684, 2.600000000000001421 ) ;
#220 = CARTESIAN_POINT ( 'NONE',  ( -23.51492080150865505, -39.56217076829690882, 3.500000000000000444 ) ) ;
#221 = VERTEX_POINT ( 'NONE', #2067 ) ;
#222 = CARTESIAN_POINT ( 'NONE',  ( -21.13357625691299546, -16.52004190226961811, 1.500000000000000000 ) ) ;
#223 = CARTESIAN_POINT ( 'NONE',  ( 23.58537512922147172, -62.23000000000001108, 18.50000000000000711 ) ) ;
#224 = VECTOR ( 'NONE', #1929, 1000.000000000000000 ) ;
#225 = CARTESIAN_POINT ( 'NONE',  ( -31.74999999999994316, -77.72999999999998977, 3.500000000000000000 ) ) ;
#226 = AXIS2_PLACEMENT_3D ( 'NONE', #438, #411, #427 ) ;
#227 = ORIENTED_EDGE ( 'NONE', *, *, #1486, .F. ) ;
#228 = CARTESIAN_POINT ( 'NONE',  ( 23.77517723342402789, -39.47692138013649554, 3.485364800349316727 ) ) ;
#229 = VERTEX_POINT ( 'NONE', #289 ) ;
#230 = CARTESIAN_POINT ( 'NONE',  ( 28.83061312342219651, -58.21154821513977851, 14.46306777144454792 ) ) ;
#231 = CARTESIAN_POINT ( 'NONE',  ( -22.97407598653831329, -62.23000000000000398, 18.27544163392424537 ) ) ;
#232 = EDGE_CURVE ( 'NONE', #1353, #744, #633, .T. ) ;
#233 = CARTESIAN_POINT ( 'NONE',  ( 25.78172188125657982, -40.48779328852851478, 1.869376711594348039 ) ) ;
#234 = FACE_OUTER_BOUND ( 'NONE', #821, .T. ) ;
#235 = CARTESIAN_POINT ( 'NONE',  ( -21.74999999999994316, -61.55330416623514367, 17.76382114981170801 ) ) ;
#236 = DIRECTION ( 'NONE',  ( -0.000000000000000000, -0.000000000000000000, 1.000000000000000000 ) ) ;
#237 = CARTESIAN_POINT ( 'NONE',  ( -31.74999999999994316, -77.72999999999998977, 136.1998800000000074 ) ) ;
#238 = CARTESIAN_POINT ( 'NONE',  ( 23.65293163348901118, -39.50914259340792967, 3.496425287405566351 ) ) ;
#239 = ADVANCED_FACE ( 'NONE', ( #1866 ), #765, .T. ) ;
#240 = ORIENTED_EDGE ( 'NONE', *, *, #1497, .T. ) ;
#241 = EDGE_LOOP ( 'NONE', ( #266, #41, #758, #861, #1166, #1300, #432 ) ) ;
#242 = CARTESIAN_POINT ( 'NONE',  ( 0.000000000000000000, 0.000000000000000000, 3.500000000000000000 ) ) ;
#243 = DIRECTION ( 'NONE',  ( -0.000000000000000000, 0.000000000000000000, 1.000000000000000000 ) ) ;
#244 = CARTESIAN_POINT ( 'NONE',  ( -31.25304991473473137, -62.30619961320090283, -2.825831524285778329 ) ) ;
#245 = CARTESIAN_POINT ( 'NONE',  ( 25.49815061800186911, -39.26184507765650977, 1.500000000000001332 ) ) ;
#246 = CARTESIAN_POINT ( 'NONE',  ( 18.25690690749769729, -10.66801029156572689, -3.499999999999998668 ) ) ;
#247 = ORIENTED_EDGE ( 'NONE', *, *, #1500, .F. ) ;
#248 = CARTESIAN_POINT ( 'NONE',  ( 17.57499999999997087, -69.98000000000000398, 136.1998800000000074 ) ) ;
#249 = EDGE_CURVE ( 'NONE', #1159, #1854, #56, .T. ) ;
#250 = CARTESIAN_POINT ( 'NONE',  ( 0.000000000000000000, 0.000000000000000000, 1.500000000000000000 ) ) ;
#251 = PLANE ( 'NONE',  #1470 ) ;
#252 = ORIENTED_EDGE ( 'NONE', *, *, #1069, .T. ) ;
#253 = EDGE_LOOP ( 'NONE', ( #2065, #1173, #104, #1879 ) ) ;
#254 = CARTESIAN_POINT ( 'NONE',  ( 23.65633628020467327, -39.50384523040320772, 3.494606876298661735 ) ) ;
#255 = LINE ( 'NONE', #1845, #319 ) ;
#256 = CARTESIAN_POINT ( 'NONE',  ( -30.97586496639798526, -62.34867717310002178, -3.101626733060692587 ) ) ;
#257 = DIRECTION ( 'NONE',  ( -1.000000000000000000, 0.000000000000000000, 0.000000000000000000 ) ) ;
#258 = FACE_OUTER_BOUND ( 'NONE', #979, .T. ) ;
#259 = ORIENTED_EDGE ( 'NONE', *, *, #906, .F. ) ;
#260 = ADVANCED_FACE ( 'NONE', ( #496 ), #449, .T. ) ;
#261 = CARTESIAN_POINT ( 'NONE',  ( -4.450000000000009948, -77.72999999999998977, 136.1998800000000074 ) ) ;
#262 = B_SPLINE_CURVE_WITH_KNOTS ( 'NONE', 3,
 ( #1488, #781, #580, #2015, #76, #1296 ),
 .UNSPECIFIED., .F., .F.,
 ( 4, 2, 4 ),
 ( 0.000000000000000000, 0.03180573511734725162, 0.06361147023469451711 ),
 .UNSPECIFIED. ) ;
#263 = DIRECTION ( 'NONE',  ( 1.000000000000000000, 0.000000000000000000, 0.000000000000000000 ) ) ;
#264 = CARTESIAN_POINT ( 'NONE',  ( -23.70016834998195066, -39.49343466113590750, 3.490377983779241244 ) ) ;
#265 = AXIS2_PLACEMENT_3D ( 'NONE', #1474, #66, #805 ) ;
#266 = ORIENTED_EDGE ( 'NONE', *, *, #717, .T. ) ;
#267 = ORIENTED_EDGE ( 'NONE', *, *, #999, .T. ) ;
#268 = CIRCLE ( 'NONE', #1208, 2.000000000000000000 ) ;
#269 = CARTESIAN_POINT ( 'NONE',  ( 23.65633628020467327, -39.51169784364123672, 3.497302406152506205 ) ) ;
#270 =( NAMED_UNIT ( * ) SI_UNIT ( $, .STERADIAN. ) SOLID_ANGLE_UNIT ( ) );
#271 = CARTESIAN_POINT ( 'NONE',  ( 29.74999999999994671, -31.42863518850452920, -3.500000000000000000 ) ) ;
#272 = AXIS2_PLACEMENT_3D ( 'NONE', #2214, #2024, #592 ) ;
#273 = PLANE ( 'NONE',  #2077 ) ;
#274 = CARTESIAN_POINT ( 'NONE',  ( 31.74999999999994316, -62.23000000000000398, -1.500000000000000000 ) ) ;
#275 = ORIENTED_EDGE ( 'NONE', *, *, #1589, .T. ) ;
#276 = UNCERTAINTY_MEASURE_WITH_UNIT (LENGTH_MEASURE( 1.000000000000000082E-05 ), #1293, 'distance_accuracy_value', 'NONE');
#277 = DIRECTION ( 'NONE',  ( 0.000000000000000000, 0.000000000000000000, 1.000000000000000000 ) ) ;
#278 = CARTESIAN_POINT ( 'NONE',  ( 0.000000000000000000, 0.000000000000000000, -3.500000000000000000 ) ) ;
#279 = FACE_OUTER_BOUND ( 'NONE', #182, .T. ) ;
#280 = ORIENTED_EDGE ( 'NONE', *, *, #2320, .T. ) ;
#281 = AXIS2_PLACEMENT_3D ( 'NONE', #2257, #1310, #2231 ) ;
#282 = CARTESIAN_POINT ( 'NONE',  ( 29.10280376067042241, -59.07573260903131285, 15.26065566965980302 ) ) ;
#283 = LINE ( 'NONE', #812, #767 ) ;
#284 = CARTESIAN_POINT ( 'NONE',  ( -30.75299491667690077, -62.38281745169822301, -3.249642533008231471 ) ) ;
#285 = EDGE_CURVE ( 'NONE', #1094, #313, #1964, .T. ) ;
#286 = PLANE ( 'NONE',  #2094 ) ;
#287 = ORIENTED_EDGE ( 'NONE', *, *, #1414, .T. ) ;
#288 = CARTESIAN_POINT ( 'NONE',  ( 29.75463143792720544, -62.55153160969421577, -3.500000000000000000 ) ) ;
#289 = CARTESIAN_POINT ( 'NONE',  ( -31.75000000028682479, -62.23000000066214454, 16.20259986579798550 ) ) ;
#290 = CARTESIAN_POINT ( 'NONE',  ( -17.15831335285397685, -0.6992129879628202760, 3.500000000000000000 ) ) ;
#291 = ORIENTED_EDGE ( 'NONE', *, *, #1972, .T. ) ;
#292 = CARTESIAN_POINT ( 'NONE',  ( 26.40215599232639931, -43.10329995127421654, 4.810940550541179306 ) ) ;
#293 = CARTESIAN_POINT ( 'NONE',  ( 21.74999999999994316, -60.78321133947780197, 16.95439389536865704 ) ) ;
#294 = CARTESIAN_POINT ( 'NONE',  ( -17.09999999999999787, 0.000000000000000000, -1.500000000000000000 ) ) ;
#295 = DIRECTION ( 'NONE',  ( 1.000000000000000000, 0.000000000000000000, 0.000000000000000000 ) ) ;
#296 =( BOUNDED_SURFACE ( )  B_SPLINE_SURFACE ( 3, 2, ( 
 ( #1927, #1400, #131 ),
 ( #1222, #315, #333 ),
 ( #521, #160, #864 ),
 ( #324, #1036, #1240 ),
 ( #1751, #173, #1231 ),
 ( #1918, #698, #1596 ),
 ( #1769, #1431, #140 ),
 ( #857, #346, #1947 ),
 ( #305, #148, #1574 ),
 ( #679, #1585, #1044 ),
 ( #849, #1567, #2314 ),
 ( #2118, #500, #2305 ) ),
 .UNSPECIFIED., .F., .F., .T. ) 
 B_SPLINE_SURFACE_WITH_KNOTS ( ( 4, 2, 2, 2, 2, 4 ),
 ( 3, 3 ),
 ( 0.03904084045109317003, 0.05944269535791388975, 0.06964362281132424615, 0.07474408653802942781, 0.07729431840138201171, 0.07984455026473460948 ),
 ( 0.000000000000000000, 1.000000000000000000 ),
 .UNSPECIFIED. ) 
 GEOMETRIC_REPRESENTATION_ITEM ( )  RATIONAL_B_SPLINE_SURFACE ( (
 ( 1.000000000000000000, 0.7071067811865470176, 1.000000000000000000),
 ( 1.000000000000000000, 0.7071067811865470176, 1.000000000000000000),
 ( 1.000000000000000000, 0.7071067811865475727, 1.000000000000000000),
 ( 1.000000000000000000, 0.7071067811865475727, 1.000000000000000000),
 ( 1.000000000000000000, 0.7071067811865475727, 1.000000000000000000),
 ( 1.000000000000000000, 0.7071067811865475727, 1.000000000000000000),
 ( 1.000000000000000000, 0.7071067811865474617, 1.000000000000000000),
 ( 1.000000000000000000, 0.7071067811865474617, 1.000000000000000000),
 ( 1.000000000000000000, 0.7071067811865474617, 1.000000000000000000),
 ( 1.000000000000000000, 0.7071067811865474617, 1.000000000000000000),
 ( 1.000000000000000000, 0.7071067811865474617, 1.000000000000000000),
 ( 1.000000000000000000, 0.7071067811865474617, 1.000000000000000000) ) ) 
 REPRESENTATION_ITEM ( '' )  SURFACE ( )  );
#297 = CARTESIAN_POINT ( 'NONE',  ( 31.48378028308765408, -62.27082853694773235, -2.505569698349297436 ) ) ;
#298 = EDGE_CURVE ( 'NONE', #884, #1711, #503, .T. ) ;
#299 = ORIENTED_EDGE ( 'NONE', *, *, #591, .F. ) ;
#300 = CARTESIAN_POINT ( 'NONE',  ( -29.08338013811150091, -53.27779946662234067, 8.442974722823477052 ) ) ;
#301 = CARTESIAN_POINT ( 'NONE',  ( -23.57668458810309886, -39.53971888524695544, 3.500000000000051958 ) ) ;
#302 = ORIENTED_EDGE ( 'NONE', *, *, #1456, .T. ) ;
#303 = CARTESIAN_POINT ( 'NONE',  ( 23.54341579405871343, -39.05202463807591329, 3.341590139975606721 ) ) ;
#304 = SURFACE_STYLE_FILL_AREA ( #1891 ) ;
#305 = CARTESIAN_POINT ( 'NONE',  ( 19.40643613523332078, -3.023449926211109862, 1.500000000000184297 ) ) ;
#306 = CARTESIAN_POINT ( 'NONE',  ( 23.96215628939068765, -32.23000000000013188, 1.500000000000000000 ) ) ;
#307 = TOROIDAL_SURFACE ( 'NONE', #1617, 17.09999999999999787, 2.000000000000000000 ) ;
#308 = CARTESIAN_POINT ( 'NONE',  ( 0.000000000000000000, 0.000000000000000000, -1.500000000000000000 ) ) ;
#309 = ADVANCED_FACE ( 'NONE', ( #2160 ), #1981, .F. ) ;
#310 = APPLICATION_CONTEXT ( 'automotive_design' ) ;
#311 = CARTESIAN_POINT ( 'NONE',  ( -23.54354467619522850, -39.05256458781473583, 3.341770535298480560 ) ) ;
#312 = CARTESIAN_POINT ( 'NONE',  ( 0.000000000000000000, 0.000000000000000000, 1.500000000000000000 ) ) ;
#313 = VERTEX_POINT ( 'NONE', #370 ) ;
#314 = CARTESIAN_POINT ( 'NONE',  ( 21.75000000000198597, -53.01937552867074288, 10.32404998584561540 ) ) ;
#315 = CARTESIAN_POINT ( 'NONE',  ( 24.05677818136109991, -33.05452592109153187, 3.499999999982311927 ) ) ;
#316 = DIRECTION ( 'NONE',  ( -0.000000000000000000, 1.000000000000000000, -0.000000000000000000 ) ) ;
#317 = VECTOR ( 'NONE', #1723, 1000.000000000000000 ) ;
#318 = CARTESIAN_POINT ( 'NONE',  ( 2.600000000000001421, -69.98000000000000398, 126.6748799999999875 ) ) ;
#319 = VECTOR ( 'NONE', #572, 1000.000000000000000 ) ;
#320 = CARTESIAN_POINT ( 'NONE',  ( 23.74999999999993605, -57.41874998268097130, 13.73113098568997970 ) ) ;
#321 = EDGE_CURVE ( 'NONE', #2216, #2303, #1804, .T. ) ;
#322 = EDGE_LOOP ( 'NONE', ( #115, #2260, #1564, #687 ) ) ;
#323 = CARTESIAN_POINT ( 'NONE',  ( 21.74999999999994316, -39.91150112484223200, 3.636248116538185471 ) ) ;
#324 = CARTESIAN_POINT ( 'NONE',  ( 21.11848485420969368, -16.42413842665886037, 1.499999999999999556 ) ) ;
#325 = DIRECTION ( 'NONE',  ( 0.000000000000000000, 0.000000000000000000, 1.000000000000000000 ) ) ;
#326 = FACE_OUTER_BOUND ( 'NONE', #2045, .T. ) ;
#327 = CARTESIAN_POINT ( 'NONE',  ( 17.61959809451947478, -5.090972625196435786, -3.500000000000000000 ) ) ;
#328 = CARTESIAN_POINT ( 'NONE',  ( 0.000000000000000000, -69.98000000000000398, 136.1998800000000074 ) ) ;
#329 = CARTESIAN_POINT ( 'NONE',  ( 23.74999999999994316, -62.23000000000000398, 18.50000000000000355 ) ) ;
#330 = EDGE_CURVE ( 'NONE', #817, #667, #434, .T. ) ;
#331 = EDGE_LOOP ( 'NONE', ( #2070, #280 ) ) ;
#332 = CARTESIAN_POINT ( 'NONE',  ( 23.74999999999994316, -44.15225641664427059, 5.270739575740462257 ) ) ;
#333 = CARTESIAN_POINT ( 'NONE',  ( 22.09857250475181800, -33.46366409044023982, 3.499999999999999556 ) ) ;
#334 = ADVANCED_FACE ( 'NONE', ( #326 ), #1771, .F. ) ;
#335 = CARTESIAN_POINT ( 'NONE',  ( -21.74999999999994316, -44.97465652933435365, 3.500000000000000000 ) ) ;
#336 = DIRECTION ( 'NONE',  ( 0.000000000000000000, -0.000000000000000000, -1.000000000000000000 ) ) ;
#337 = CARTESIAN_POINT ( 'NONE',  ( 19.31961331331174847, -2.195333433785784383, -1.500000000000000000 ) ) ;
#338 = AXIS2_PLACEMENT_3D ( 'NONE', #328, #485, #505 ) ;
#339 = B_SPLINE_CURVE_WITH_KNOTS ( 'NONE', 3,
 ( #1478, #228, #773, #2195, #59, #1492, #895, #367, #554, #569, #530, #1813, #1252, #183, #718, #1273, #1083, #1642 ),
 .UNSPECIFIED., .F., .F.,
 ( 4, 2, 2, 2, 2, 2, 2, 2, 4 ),
 ( 3.292549027884545389E-17, 0.0003748381054158505870, 0.0007496762108316683227, 0.001124514316247485950, 0.001499352421663303686, 0.001874190527079121421, 0.002249028632494938940, 0.002623866737910756676, 0.002998704843326574412 ),
 .UNSPECIFIED. ) ;
#340 = CIRCLE ( 'NONE', #272, 3.599999999999999201 ) ;
#341 = EDGE_CURVE ( 'NONE', #652, #498, #2307, .T. ) ;
#342 = CARTESIAN_POINT ( 'NONE',  ( -21.74999999999993960, -51.24392029063199061, 6.756253720476509628 ) ) ;
#343 = CARTESIAN_POINT ( 'NONE',  ( -31.66275643121858963, -61.95231621927398180, -3.500000000000000444 ) ) ;
#344 = ORIENTED_EDGE ( 'NONE', *, *, #958, .T. ) ;
#345 = EDGE_CURVE ( 'NONE', #445, #1629, #1422, .T. ) ;
#346 = CARTESIAN_POINT ( 'NONE',  ( 19.49719693502451889, -3.862916389749552426, 3.500000000000000888 ) ) ;
#347 = CARTESIAN_POINT ( 'NONE',  ( 19.08703504500411796, -0.0006260631604232824591, 1.762048285359316457 ) ) ;
#348 = CARTESIAN_POINT ( 'NONE',  ( -32.04116474358099254, -63.15177426889806611, 17.20693111616256843 ) ) ;
#349 = CARTESIAN_POINT ( 'NONE',  ( 28.79834870697192883, -52.29474590945529400, -3.499999999998829381 ) ) ;
#351 = ORIENTED_EDGE ( 'NONE', *, *, #1497, .F. ) ;
#350 = PRODUCT_DEFINITION ( 'UNKNOWN', '', #1362, #111 ) ;
#352 = CARTESIAN_POINT ( 'NONE',  ( -27.38290204364909997, -47.06932168834831742, 1.500000000000000222 ) ) ;
#353 = AXIS2_PLACEMENT_3D ( 'NONE', #102, #1539, #2218 ) ;
#354 = VECTOR ( 'NONE', #1038, 1000.000000000000000 ) ;
#355 = CARTESIAN_POINT ( 'NONE',  ( -21.74999999999994316, -52.73553352165066599, 7.697583296261485408 ) ) ;
#356 = CARTESIAN_POINT ( 'NONE',  ( -31.66275643121803895, -61.95231621927413102, -1.500000000000000000 ) ) ;
#357 = EDGE_LOOP ( 'NONE', ( #2003, #623, #1339, #2107 ) ) ;
#358 = CARTESIAN_POINT ( 'NONE',  ( -23.74787287542717706, -39.89370301562727406, 3.629991331642211883 ) ) ;
#359 = ORIENTED_EDGE ( 'NONE', *, *, #1351, .F. ) ;
#360 = LINE ( 'NONE', #174, #848 ) ;
#361 = CARTESIAN_POINT ( 'NONE',  ( -29.90570213148028600, -61.57197104331443427, 17.78372814670878199 ) ) ;
#362 = CARTESIAN_POINT ( 'NONE',  ( 29.55268821295159398, -61.90621826980151354, -3.500000000000000000 ) ) ;
#363 = CARTESIAN_POINT ( 'NONE',  ( 10.55000000000001847, -77.72999999999998977, 136.1998800000000074 ) ) ;
#364 = DIRECTION ( 'NONE',  ( 0.000000000000000000, 0.000000000000000000, 1.000000000000000000 ) ) ;
#365 = CARTESIAN_POINT ( 'NONE',  ( 23.50510742828296529, -39.51954912105302498, 3.500000000000000000 ) ) ;
#366 = EDGE_LOOP ( 'NONE', ( #1902, #178, #110, #2016 ) ) ;
#367 = CARTESIAN_POINT ( 'NONE',  ( 24.78240883050844801, -39.31923176341999948, 3.033714335265658590 ) ) ;
#368 = ORIENTED_EDGE ( 'NONE', *, *, #999, .F. ) ;
#369 = PLANE ( 'NONE',  #2050 ) ;
#370 = CARTESIAN_POINT ( 'NONE',  ( 17.09999999999999787, 2.216610706456792799E-15, 3.500000000000000000 ) ) ;
#371 = B_SPLINE_CURVE_WITH_KNOTS ( 'NONE', 3,
 ( #859, #1754, #1577, #1405, #497, #4, #870, #704, #320, #136, #1079, #1040, #329 ),
 .UNSPECIFIED., .F., .F.,
 ( 4, 2, 2, 2, 1, 2, 4 ),
 ( 5.118615736585060106E-14, 0.006774815009631464033, 0.01354963001921174158, 0.01693703752400187862, 0.02032444502879201739, 0.02371185253358215617, 0.02709926003837229494 ),
 .UNSPECIFIED. ) ;
#372 = CARTESIAN_POINT ( 'NONE',  ( 31.74999999999994316, -62.23000000000000398, 16.20259986580002831 ) ) ;
#373 = CARTESIAN_POINT ( 'NONE',  ( -19.09999999999999787, 0.000000000000000000, -1.500000000000000000 ) ) ;
#374 = EDGE_CURVE ( 'NONE', #667, #1669, #2008, .T. ) ;
#375 = CARTESIAN_POINT ( 'NONE',  ( -21.74999999999994316, -59.58655013323503624, 13.00974061608655852 ) ) ;
#376 = AXIS2_PLACEMENT_3D ( 'NONE', #1525, #791, #1875 ) ;
#377 = CARTESIAN_POINT ( 'NONE',  ( -19.60700558130158910, -4.866722970465266584, -3.500000000000879741 ) ) ;
#378 = EDGE_LOOP ( 'NONE', ( #75, #997, #1824, #1238 ) ) ;
#379 = LINE ( 'NONE', #2206, #1922 ) ;
#380 = CARTESIAN_POINT ( 'NONE',  ( 17.09999999999999787, 2.216610706456792799E-15, -3.500000000000000000 ) ) ;
#381 = ORIENTED_EDGE ( 'NONE', *, *, #166, .T. ) ;
#382 = DIRECTION ( 'NONE',  ( -1.000000000000000000, -1.224646799147352468E-16, 0.000000000000000000 ) ) ;
#383 = FACE_BOUND ( 'NONE', #1855, .T. ) ;
#384 = CARTESIAN_POINT ( 'NONE',  ( -30.12099221867212862, -62.23000000000000398, 18.50000000000000355 ) ) ;
#385 = CARTESIAN_POINT ( 'NONE',  ( -23.79813432402372086, -31.42863518850452920, 3.500000000000000000 ) ) ;
#386 = CARTESIAN_POINT ( 'NONE',  ( -21.74999999999994316, -51.92303852295280109, 7.194432715317891081 ) ) ;
#387 = EDGE_LOOP ( 'NONE', ( #1195, #1108 ) ) ;
#388 = CARTESIAN_POINT ( 'NONE',  ( -29.55268821295625159, -61.90621826980138565, -3.500000000000000000 ) ) ;
#389 = CARTESIAN_POINT ( 'NONE',  ( 29.74999999999994316, -62.53628588767671914, -3.500000000000000000 ) ) ;
#390 = LINE ( 'NONE', #225, #2179 ) ;
#391 = AXIS2_PLACEMENT_3D ( 'NONE', #150, #325, #484 ) ;
#392 = ORIENTED_EDGE ( 'NONE', *, *, #2171, .T. ) ;
#393 = CARTESIAN_POINT ( 'NONE',  ( -22.17126864804746589, -31.74227037700905285, -1.500000000000000000 ) ) ;
#394 = VERTEX_POINT ( 'NONE', #2172 ) ;
#395 = CARTESIAN_POINT ( 'NONE',  ( 18.83601570451701335, -0.01270031827116085803, 2.501652289436725685 ) ) ;
#396 = PLANE ( 'NONE',  #1896 ) ;
#397 = CARTESIAN_POINT ( 'NONE',  ( 22.86262311973011663, -40.13052538151573145, 3.500000000000000000 ) ) ;
#398 = CARTESIAN_POINT ( 'NONE',  ( 0.000000000000000000, 0.000000000000000000, -1.500000000000000000 ) ) ;
#399 = ORIENTED_EDGE ( 'NONE', *, *, #1142, .T. ) ;
#400 = CARTESIAN_POINT ( 'NONE',  ( 23.50510742828296529, -39.51954912105302498, 3.500000000000000000 ) ) ;
#401 = DIRECTION ( 'NONE',  ( -0.000000000000000000, -0.000000000000000000, -1.000000000000000000 ) ) ;
#402 = CARTESIAN_POINT ( 'NONE',  ( -7.500000000000016875, -77.72999999999998977, 136.1998800000000074 ) ) ;
#403 = ADVANCED_FACE ( 'NONE', ( #1495 ), #624, .T. ) ;
#404 = VERTEX_POINT ( 'NONE', #950 ) ;
#405 = CARTESIAN_POINT ( 'NONE',  ( -23.74999999999993605, -39.91150112491071411, 3.636248116562269317 ) ) ;
#406 = ORIENTED_EDGE ( 'NONE', *, *, #2038, .F. ) ;
#407 = CARTESIAN_POINT ( 'NONE',  ( 31.08513651969314040, -60.09472464610299625, 16.25758789183452535 ) ) ;
#408 = DIRECTION ( 'NONE',  ( 0.000000000000000000, 0.000000000000000000, -1.000000000000000000 ) ) ;
#409 = CARTESIAN_POINT ( 'NONE',  ( -31.06983966486134108, -62.23000000000001108, 18.11779921304899332 ) ) ;
#410 = ADVANCED_FACE ( 'NONE', ( #614 ), #922, .F. ) ;
#411 = DIRECTION ( 'NONE',  ( 0.000000000000000000, 0.000000000000000000, 1.000000000000000000 ) ) ;
#412 = CARTESIAN_POINT ( 'NONE',  ( -23.29314899649796899, -39.67424096785155996, 3.500000000000000444 ) ) ;
#413 = EDGE_CURVE ( 'NONE', #2093, #1669, #1835, .T. ) ;
#414 = VERTEX_POINT ( 'NONE', #2022 ) ;
#415 = CARTESIAN_POINT ( 'NONE',  ( -28.16943374849503101, -50.83357058146104634, 1.500000000000001332 ) ) ;
#416 = DIRECTION ( 'NONE',  ( -0.000000000000000000, -0.000000000000000000, -1.000000000000000000 ) ) ;
#417 = CIRCLE ( 'NONE', #120, 17.09999999999999787 ) ;
#418 = DIRECTION ( 'NONE',  ( 0.000000000000000000, 1.000000000000000000, -0.000000000000000000 ) ) ;
#419 = VECTOR ( 'NONE', #487, 1000.000000000000000 ) ;
#420 = ORIENTED_EDGE ( 'NONE', *, *, #1584, .F. ) ;
#421 = CARTESIAN_POINT ( 'NONE',  ( -19.05337880566215958, 0.4818408044218114861, -3.500000000000000444 ) ) ;
#422 = ORIENTED_EDGE ( 'NONE', *, *, #1756, .T. ) ;
#423 = ADVANCED_FACE ( 'NONE', ( #383, #48 ), #396, .T. ) ;
#424 = CARTESIAN_POINT ( 'NONE',  ( 30.16705910623068831, -62.37499520281679821, 18.66024548744756117 ) ) ;
#425 = CARTESIAN_POINT ( 'NONE',  ( -21.74999999999994316, -62.23000000000000398, 15.57745309919777910 ) ) ;
#426 = CARTESIAN_POINT ( 'NONE',  ( 28.39499794192636628, -50.78943322260273874, 6.818547752310681886 ) ) ;
#427 = DIRECTION ( 'NONE',  ( 1.000000000000000000, 0.000000000000000000, 0.000000000000000000 ) ) ;
#428 = CARTESIAN_POINT ( 'NONE',  ( -21.74999999999994316, -55.59169356140669294, 12.24290545113460027 ) ) ;
#429 = CARTESIAN_POINT ( 'NONE',  ( -24.02955643766321359, -32.91365423214784158, 1.500000000000000000 ) ) ;
#430 = DIRECTION ( 'NONE',  ( 0.000000000000000000, 0.000000000000000000, 1.000000000000000000 ) ) ;
#431 = CARTESIAN_POINT ( 'NONE',  ( -4.450000000000009948, -77.72999999999998977, 136.1998800000000074 ) ) ;
#432 = ORIENTED_EDGE ( 'NONE', *, *, #1996, .F. ) ;
#433 = ORIENTED_EDGE ( 'NONE', *, *, #2320, .F. ) ;
#434 = CIRCLE ( 'NONE', #1594, 0.9673588576809382111 ) ;
#435 = CARTESIAN_POINT ( 'NONE',  ( 31.81276789344585865, -62.42979798457728435, 16.41528880290598025 ) ) ;
#436 = CARTESIAN_POINT ( 'NONE',  ( -23.58535658363849308, -62.22999999999999687, 18.49999999999999289 ) ) ;
#437 = CARTESIAN_POINT ( 'NONE',  ( -10.55000000000002380, -62.23000000000000398, 136.1998800000000074 ) ) ;
#438 = CARTESIAN_POINT ( 'NONE',  ( 0.000000000000000000, 0.000000000000000000, 3.500000000000000000 ) ) ;
#439 = DIRECTION ( 'NONE',  ( 0.000000000000000000, 0.000000000000000000, 1.000000000000000000 ) ) ;
#440 = ORIENTED_EDGE ( 'NONE', *, *, #1391, .F. ) ;
#441 = CARTESIAN_POINT ( 'NONE',  ( 23.74999999999947420, -40.57499005064740771, 1.749509542880558044 ) ) ;
#442 = CARTESIAN_POINT ( 'NONE',  ( 30.63430942309128113, -62.23000000000000398, 18.40550335702684492 ) ) ;
#443 = CARTESIAN_POINT ( 'NONE',  ( 21.17499999999997229, -69.98000000000000398, 126.6748799999999875 ) ) ;
#444 = VERTEX_POINT ( 'NONE', #1277 ) ;
#445 = VERTEX_POINT ( 'NONE', #1672 ) ;
#446 = CYLINDRICAL_SURFACE ( 'NONE', #97, 19.09999999999999787 ) ;
#447 =( LENGTH_UNIT ( ) NAMED_UNIT ( * ) SI_UNIT ( .MILLI., .METRE. ) );
#448 = DIRECTION ( 'NONE',  ( 0.000000000000000000, 0.000000000000000000, 1.000000000000000000 ) ) ;
#449 =( BOUNDED_SURFACE ( )  B_SPLINE_SURFACE ( 3, 2, ( 
 ( #655, #1217, #311 ),
 ( #486, #2105, #2291 ),
 ( #1375, #1570, #1206 ),
 ( #135, #1923, #1020 ),
 ( #1735, #125, #2095 ),
 ( #477, #2270, #1745 ),
 ( #1911, #1031, #853 ),
 ( #300, #843, #1560 ),
 ( #673, #1395, #2281 ),
 ( #2114, #665, #1386 ),
 ( #1932, #1549, #1939 ),
 ( #1619, #514, #2130 ),
 ( #1971, #691, #186 ),
 ( #547, #1243, #1435 ),
 ( #887, #2151, #710 ),
 ( #877, #1607, #1402 ),
 ( #721, #163, #361 ),
 ( #13, #1233, #1949 ),
 ( #1076, #1411, #898 ),
 ( #1265, #1959, #533 ),
 ( #348, #1781, #176 ),
 ( #1599, #2329, #2120 ) ),
 .UNSPECIFIED., .F., .F., .F. ) 
 B_SPLINE_SURFACE_WITH_KNOTS ( ( 4, 2, 2, 2, 2, 2, 2, 2, 2, 2, 4 ),
 ( 3, 3 ),
 ( 0.04659275208177356131, 0.05409767248226267367, 0.05785013268250722984, 0.06160259288275178602, 0.06535505308299634220, 0.06910751328324089837, 0.07285997348348545455, 0.07473620358360773264, 0.07567431863366887168, 0.07614337615869944120, 0.07661243368373001073 ),
 ( 0.000000000000000000, 1.000000000000000000 ),
 .UNSPECIFIED. ) 
 GEOMETRIC_REPRESENTATION_ITEM ( )  RATIONAL_B_SPLINE_SURFACE ( (
 ( 1.000000000000000000, 0.7318642449078833767, 1.000000000000000000),
 ( 1.000000000000000000, 0.7356291554144098743, 1.000000000000000000),
 ( 1.000000000000000000, 0.7397052931938129516, 1.000000000000000000),
 ( 1.000000000000000000, 0.7461208163661269266, 1.000000000000000000),
 ( 1.000000000000000000, 0.7483109995847745388, 1.000000000000000000),
 ( 1.000000000000000000, 0.7527495573530529338, 1.000000000000000000),
 ( 1.000000000000000000, 0.7549867273883134056, 1.000000000000000000),
 ( 1.000000000000000000, 0.7594593622212032491, 1.000000000000000000),
 ( 1.000000000000000000, 0.7616947693773571393, 1.000000000000000000),
 ( 1.000000000000000000, 0.7661283245239997042, 1.000000000000000000),
 ( 1.000000000000000000, 0.7683290405855789373, 1.000000000000000000),
 ( 1.000000000000000000, 0.7726335248533418021, 1.000000000000000000),
 ( 1.000000000000000000, 0.7747403845270609546, 1.000000000000000000),
 ( 1.000000000000000000, 0.7778156980148036581, 1.000000000000000000),
 ( 1.000000000000000000, 0.7788266931617832123, 1.000000000000000000),
 ( 1.000000000000000000, 0.7803203830054105117, 1.000000000000000000),
 ( 1.000000000000000000, 0.7808144825465083150, 1.000000000000000000),
 ( 1.000000000000000000, 0.7815497602467674776, 1.000000000000000000),
 ( 1.000000000000000000, 0.7817938744296678566, 1.000000000000000000),
 ( 1.000000000000000000, 0.7822801189000939681, 1.000000000000000000),
 ( 1.000000000000000000, 0.7825338691667875768, 1.000000000000000000),
 ( 1.000000000000000000, 0.7825293795453507339, 1.000000000000000000) ) ) 
 REPRESENTATION_ITEM ( '' )  SURFACE ( )  );
#450 = CARTESIAN_POINT ( 'NONE',  ( -21.74999999999994316, -41.54144356662239090, 4.186800651406476170 ) ) ;
#451 = EDGE_LOOP ( 'NONE', ( #772, #2220 ) ) ;
#452 = CARTESIAN_POINT ( 'NONE',  ( 20.72834969206211397, -26.48679374246462714, 3.500000000000001776 ) ) ;
#453 = CARTESIAN_POINT ( 'NONE',  ( 30.12099221867410037, -62.23000000000000398, 18.50000000000000355 ) ) ;
#454 = DIRECTION ( 'NONE',  ( 0.000000000000000000, -0.000000000000000000, -1.000000000000000000 ) ) ;
#455 = VECTOR ( 'NONE', #1096, 1000.000000000000000 ) ;
#456 = B_SPLINE_CURVE_WITH_KNOTS ( 'NONE', 3,
 ( #1409, #1060, #1779, #885, #2325, #1605, #707, #743, #2004, #1464, #1073, #2183, #907, #21, #931, #1301, #1628 ),
 .UNSPECIFIED., .F., .F.,
 ( 4, 2, 2, 1, 2, 2, 2, 2, 4 ),
 ( 3.125211586774921200E-17, 0.006950556484208781673, 0.01042583472631315733, 0.01390111296841753212, 0.01737639121052191038, 0.02085166945262628344, 0.02432694769473065649, 0.02606458681578285169, 0.02780222593683504689 ),
 .UNSPECIFIED. ) ;
#457 = ORIENTED_EDGE ( 'NONE', *, *, #341, .T. ) ;
#458 = ORIENTED_EDGE ( 'NONE', *, *, #2171, .F. ) ;
#459 = CIRCLE ( 'NONE', #1580, 19.09999999999999787 ) ;
#460 = FACE_OUTER_BOUND ( 'NONE', #2135, .T. ) ;
#461 = DIRECTION ( 'NONE',  ( 0.000000000000000000, 0.000000000000000000, 1.000000000000000000 ) ) ;
#462 = CARTESIAN_POINT ( 'NONE',  ( -23.74999999999994316, -62.23000000000000398, 18.50000000000000355 ) ) ;
#463 = CARTESIAN_POINT ( 'NONE',  ( 23.96215628939068765, -32.23000000000013188, 1.500000000000000000 ) ) ;
#464 = ORIENTED_EDGE ( 'NONE', *, *, #1185, .F. ) ;
#465 = CARTESIAN_POINT ( 'NONE',  ( 27.99038556253262655, -56.72833922369326842, -3.500000000000002220 ) ) ;
#466 = CARTESIAN_POINT ( 'NONE',  ( 31.60873945335197632, -62.22999999999999687, 17.22960560094408677 ) ) ;
#467 = SURFACE_SIDE_STYLE ('',( #1363 ) ) ;
#468 = EDGE_LOOP ( 'NONE', ( #420, #1721, #1018, #1315, #1546, #531 ) ) ;
#469 = CARTESIAN_POINT ( 'NONE',  ( -31.74999999999994316, -77.72999999999998977, -1.500000000000000000 ) ) ;
#470 = CARTESIAN_POINT ( 'NONE',  ( -26.03271680198419702, -41.57277669532856379, 2.237755719179807201 ) ) ;
#471 = VECTOR ( 'NONE', #151, 1000.000000000000000 ) ;
#472 = CARTESIAN_POINT ( 'NONE',  ( 21.74999999999993960, -44.97465652933436076, 3.500000000000000000 ) ) ;
#473 = CARTESIAN_POINT ( 'NONE',  ( 31.74999999999994316, -62.23000000000000398, 16.20259986580002831 ) ) ;
#474 = TOROIDAL_SURFACE ( 'NONE', #2199, 17.09999999999999787, 2.000000000000000000 ) ;
#475 = DIRECTION ( 'NONE',  ( -0.000000000000000000, 1.000000000000000000, -0.000000000000000000 ) ) ;
#476 = ORIENTED_EDGE ( 'NONE', *, *, #746, .T. ) ;
#477 = CARTESIAN_POINT ( 'NONE',  ( -28.24063450434171685, -50.22145771527466707, 6.472031358292066550 ) ) ;
#478 = CARTESIAN_POINT ( 'NONE',  ( -19.14095365421485440, -16.72391608437828836, 3.500000000000000000 ) ) ;
#479 = EDGE_CURVE ( 'NONE', #414, #894, #1335, .T. ) ;
#480 = CARTESIAN_POINT ( 'NONE',  ( 29.10166877161580601, -53.36666919689787392, 10.51923139964429055 ) ) ;
#481 = CARTESIAN_POINT ( 'NONE',  ( 23.74999999999994316, -59.16833073980338753, 15.34939731468725554 ) ) ;
#482 = LINE ( 'NONE', #271, #5 ) ;
#483 = DIRECTION ( 'NONE',  ( 0.000000000000000000, 0.000000000000000000, 1.000000000000000000 ) ) ;
#484 = DIRECTION ( 'NONE',  ( 1.000000000000000000, 0.000000000000000000, -0.000000000000000000 ) ) ;
#485 = DIRECTION ( 'NONE',  ( 0.000000000000000000, 0.000000000000000000, 1.000000000000000000 ) ) ;
#486 = CARTESIAN_POINT ( 'NONE',  ( -26.02208646128275760, -41.53236573672427312, 2.216881847762273150 ) ) ;
#487 = DIRECTION ( 'NONE',  ( -1.000000000000000000, -0.000000000000000000, -0.000000000000000000 ) ) ;
#488 = EDGE_LOOP ( 'NONE', ( #52, #1121, #719, #476, #1286, #1654 ) ) ;
#489 = CARTESIAN_POINT ( 'NONE',  ( 21.74999999999994316, -61.37362105466390005, 17.57288385201948344 ) ) ;
#490 = CARTESIAN_POINT ( 'NONE',  ( -30.15921817198490018, -52.86415590235237261, 8.149076496122946267 ) ) ;
#491 = VECTOR ( 'NONE', #1763, 1000.000000000000000 ) ;
#492 = B_SPLINE_SURFACE_WITH_KNOTS ( 'NONE', 2, 1, ( 
 ( #2157, #1615 ),
 ( #1990, #393 ),
 ( #1825, #32 ) ),
 .UNSPECIFIED., .F., .F., .F.,
 ( 3, 3 ),
 ( 2, 2 ),
 ( 0.000000000000000000, 1.000000000000000000 ),
 ( 0.000000000000000000, 1.000000000000000000 ),
 .UNSPECIFIED. ) ;
#493 = DIRECTION ( 'NONE',  ( 0.000000000000000000, 0.000000000000000000, 1.000000000000000000 ) ) ;
#494 = CARTESIAN_POINT ( 'NONE',  ( 0.000000000000000000, 0.000000000000000000, -3.500000000000000000 ) ) ;
#495 = EDGE_CURVE ( 'NONE', #1219, #796, #1641, .T. ) ;
#496 = FACE_OUTER_BOUND ( 'NONE', #2326, .T. ) ;
#497 = CARTESIAN_POINT ( 'NONE',  ( 23.74999999999993605, -50.13568974414003776, 8.399819473278755666 ) ) ;
#498 = VERTEX_POINT ( 'NONE', #1125 ) ;
#499 = CARTESIAN_POINT ( 'NONE',  ( 19.09999999999999787, 0.000000000000000000, 3.500000000000000000 ) ) ;
#500 = CARTESIAN_POINT ( 'NONE',  ( 19.06714892637629788, 0.3395234284703704253, 3.500000000000000444 ) ) ;
#501 = SHAPE_DEFINITION_REPRESENTATION ( #2076, #1266 ) ;
#502 = LINE ( 'NONE', #1383, #1294 ) ;
#503 = LINE ( 'NONE', #2298, #538 ) ;
#504 = CARTESIAN_POINT ( 'NONE',  ( 31.66275643121200645, -61.95231621927540999, -3.500000000000000888 ) ) ;
#505 = DIRECTION ( 'NONE',  ( 1.000000000000000000, 0.000000000000000000, 0.000000000000000000 ) ) ;
#506 = AXIS2_PLACEMENT_3D ( 'NONE', #2102, #1741, #1576 ) ;
#507 = EDGE_CURVE ( 'NONE', #404, #1841, #255, .T. ) ;
#508 = CARTESIAN_POINT ( 'NONE',  ( 18.83601570451702401, -0.01270031827116524688, -2.501652289436710586 ) ) ;
#509 = ORIENTED_EDGE ( 'NONE', *, *, #1785, .F. ) ;
#510 = EDGE_CURVE ( 'NONE', #229, #157, #2069, .T. ) ;
#511 = CARTESIAN_POINT ( 'NONE',  ( 21.74999999999993960, -53.94501350643644599, 10.98715092596738785 ) ) ;
#512 = LINE ( 'NONE', #1201, #1697 ) ;
#513 = LINE ( 'NONE', #2315, #1408 ) ;
#514 = CARTESIAN_POINT ( 'NONE',  ( -30.43510109387624496, -57.94775564801790324, 14.22453011839366077 ) ) ;
#515 = CARTESIAN_POINT ( 'NONE',  ( 19.11856243467656924, -0.1918470468982893806, -1.500000000000000000 ) ) ;
#516 = EDGE_CURVE ( 'NONE', #498, #1406, #810, .T. ) ;
#517 = PLANE ( 'NONE',  #1279 ) ;
#518 =( BOUNDED_SURFACE ( )  B_SPLINE_SURFACE ( 3, 2, ( 
 ( #51, #577, #198 ),
 ( #2039, #1281, #593 ),
 ( #561, #1984, #188 ),
 ( #1849, #235, #902 ),
 ( #1307, #1116, #726 ),
 ( #780, #914, #1499 ),
 ( #15, #1104, #2025 ),
 ( #1622, #1092, #550 ),
 ( #375, #953, #1677 ),
 ( #65, #2215, #606 ),
 ( #1321, #428, #1796 ),
 ( #1808, #1997, #1636 ),
 ( #1448, #2164, #27 ),
 ( #386, #1818, #737 ),
 ( #1459, #209, #2175 ),
 ( #926, #1648, #39 ),
 ( #750, #1473, #2189 ),
 ( #1295, #2012, #2091 ),
 ( #1895, #450, #841 ),
 ( #2103, #966, #1687 ) ),
 .UNSPECIFIED., .F., .F., .T. ) 
 B_SPLINE_SURFACE_WITH_KNOTS ( ( 4, 2, 2, 2, 2, 2, 2, 2, 2, 4 ),
 ( 3, 3 ),
 ( 0.007234373425318164040, 0.008138787432125114962, 0.009043201438932065017, 0.01085202945254596513, 0.01446968547977376535, 0.01808734150700156557, 0.02170499753422936579, 0.02532265356145716600, 0.02894030958868496622, 0.03617562164314056666 ),
 ( 0.000000000000000000, 1.000000000000000000 ),
 .UNSPECIFIED. ) 
 GEOMETRIC_REPRESENTATION_ITEM ( )  RATIONAL_B_SPLINE_SURFACE ( (
 ( 1.000000000000000000, 0.7071067811865482389, 1.000000000000000000),
 ( 1.000000000000000000, 0.7071067811865482389, 1.000000000000000000),
 ( 1.000000000000000000, 0.7071067811865482389, 1.000000000000000000),
 ( 1.000000000000000000, 0.7071067811865482389, 1.000000000000000000),
 ( 1.000000000000000000, 0.7071067811865482389, 1.000000000000000000),
 ( 1.000000000000000000, 0.7071067811865482389, 1.000000000000000000),
 ( 1.000000000000000000, 0.7071067811865479058, 1.000000000000000000),
 ( 1.000000000000000000, 0.7071067811865479058, 1.000000000000000000),
 ( 1.000000000000000000, 0.7071067811865489050, 1.000000000000000000),
 ( 1.000000000000000000, 0.7071067811865489050, 1.000000000000000000),
 ( 1.000000000000000000, 0.7071067811865482389, 1.000000000000000000),
 ( 1.000000000000000000, 0.7071067811865482389, 1.000000000000000000),
 ( 1.000000000000000000, 0.7071067811865474617, 1.000000000000000000),
 ( 1.000000000000000000, 0.7071067811865474617, 1.000000000000000000),
 ( 1.000000000000000000, 0.7071067811865482389, 1.000000000000000000),
 ( 1.000000000000000000, 0.7071067811865482389, 1.000000000000000000),
 ( 1.000000000000000000, 0.7071067811865482389, 1.000000000000000000),
 ( 1.000000000000000000, 0.7071067811865482389, 1.000000000000000000),
 ( 1.000000000000000000, 0.7071067811865482389, 1.000000000000000000),
 ( 1.000000000000000000, 0.7071067811865482389, 1.000000000000000000) ) ) 
 REPRESENTATION_ITEM ( '' )  SURFACE ( )  );
#519 = CARTESIAN_POINT ( 'NONE',  ( -17.61959809451916215, -5.090972625193839640, -3.500000000000000000 ) ) ;
#520 = ORIENTED_EDGE ( 'NONE', *, *, #562, .F. ) ;
#521 = CARTESIAN_POINT ( 'NONE',  ( 22.74813890483626722, -26.42369108305121017, 1.499999999999999556 ) ) ;
#522 = CARTESIAN_POINT ( 'NONE',  ( 18.89742769623197205, -0.009752749220015949697, 2.386805041630757351 ) ) ;
#523 = DIRECTION ( 'NONE',  ( -0.000000000000000000, 1.000000000000000000, 0.000000000000000000 ) ) ;
#524 = CARTESIAN_POINT ( 'NONE',  ( 20.60706958341835460, -12.86371177028429891, -3.499999999997653877 ) ) ;
#525 = CIRCLE ( 'NONE', #265, 3.049999999999997158 ) ;
#526 = ORIENTED_EDGE ( 'NONE', *, *, #81, .F. ) ;
#527 = CARTESIAN_POINT ( 'NONE',  ( 19.10000000000000142, 3.176373552203606531E-19, -1.632129667175625576 ) ) ;
#528 = CARTESIAN_POINT ( 'NONE',  ( -28.37195797271809639, -58.02539368804907127, -3.500000000000000000 ) ) ;
#529 = CARTESIAN_POINT ( 'NONE',  ( 0.000000000000000000, 0.000000000000000000, -3.500000000000000000 ) ) ;
#530 = CARTESIAN_POINT ( 'NONE',  ( 25.12590217767790080, -39.30060791500290662, 2.667587372323117378 ) ) ;
#531 = ORIENTED_EDGE ( 'NONE', *, *, #1908, .F. ) ;
#532 = CARTESIAN_POINT ( 'NONE',  ( -17.62620765162117920, -0.06974302848090971341, 3.446968502194452277 ) ) ;
#533 = CARTESIAN_POINT ( 'NONE',  ( -30.10239125092267898, -62.17337793464592011, 18.43723368382215000 ) ) ;
#534 = EDGE_CURVE ( 'NONE', #87, #92, #283, .T. ) ;
#535 = B_SPLINE_CURVE_WITH_KNOTS ( 'NONE', 3,
 ( #197, #1806, #1602, #1246, #2, #723, #1794, #912, #1962, #1621, #1447, #712, #1471, #373 ),
 .UNSPECIFIED., .F., .F.,
 ( 4, 2, 2, 2, 2, 2, 4 ),
 ( -2.803804232188109849E-05, 0.0007604192906307638382, 0.001548876623583408897, 0.001943105290059727198, 0.002337333956536046149, 0.002731562623012364233, 0.003125791289488683185 ),
 .UNSPECIFIED. ) ;
#536 = CARTESIAN_POINT ( 'NONE',  ( 28.09083731026321473, -49.70284930449766136, -3.499999999999999112 ) ) ;
#537 = CYLINDRICAL_SURFACE ( 'NONE', #1433, 3.049999999999997158 ) ;
#538 = VECTOR ( 'NONE', #1445, 1000.000000000000000 ) ;
#539 = AXIS2_PLACEMENT_3D ( 'NONE', #1401, #682, #295 ) ;
#540 = MANIFOLD_SOLID_BREP ( 'Split1[1]', #621 ) ;
#541 = CARTESIAN_POINT ( 'NONE',  ( 19.03623874616943823, -0.003075300967198560820, -2.017644827096439997 ) ) ;
#542 = CARTESIAN_POINT ( 'NONE',  ( -22.72155102095065971, -26.12959671702552455, -3.499999999999999112 ) ) ;
#543 = CARTESIAN_POINT ( 'NONE',  ( 21.94223424363909913, -62.22999999999998977, 16.85802766456066593 ) ) ;
#544 = DIRECTION ( 'NONE',  ( 0.000000000000000000, 1.000000000000000000, 0.000000000000000000 ) ) ;
#545 = ORIENTED_EDGE ( 'NONE', *, *, #479, .F. ) ;
#546 = CARTESIAN_POINT ( 'NONE',  ( -23.94012427274923738, -39.44389591821977348, 3.454656436144978304 ) ) ;
#547 = CARTESIAN_POINT ( 'NONE',  ( -31.41802440215975167, -61.16780997364128325, 15.09582508011300739 ) ) ;
#548 = EDGE_CURVE ( 'NONE', #2221, #796, #2236, .T. ) ;
#549 = CARTESIAN_POINT ( 'NONE',  ( 26.55258025971882674, -43.68736640581153097, 3.134105647389146654 ) ) ;
#550 = CARTESIAN_POINT ( 'NONE',  ( -23.75000000000412470, -59.09673847883567532, 15.28099108816047824 ) ) ;
#551 = CARTESIAN_POINT ( 'NONE',  ( -28.95702965085360603, -59.96732564913231300, -3.500000000000000000 ) ) ;
#552 = ORIENTED_EDGE ( 'NONE', *, *, #1563, .F. ) ;
#553 = DIRECTION ( 'NONE',  ( 0.000000000000000000, 0.000000000000000000, 1.000000000000000000 ) ) ;
#554 = CARTESIAN_POINT ( 'NONE',  ( 24.87758482090607259, -39.31131406622588997, 2.948968990088888020 ) ) ;
#555 = ORIENTED_EDGE ( 'NONE', *, *, #1518, .F. ) ;
#556 = CARTESIAN_POINT ( 'NONE',  ( -18.10699025176836585, -0.04732715695414964341, 3.247448379735879076 ) ) ;
#557 = CARTESIAN_POINT ( 'NONE',  ( 0.000000000000000000, 0.000000000000000000, 1.500000000000000000 ) ) ;
#558 = CARTESIAN_POINT ( 'NONE',  ( 22.54567729746772642, -40.71349304996855523, 3.500000000000000444 ) ) ;
#559 = DIRECTION ( 'NONE',  ( -0.000000000000000000, 1.000000000000000000, -0.000000000000000000 ) ) ;
#560 = TOROIDAL_SURFACE ( 'NONE', #1397, 17.09999999999999787, 2.000000000000000000 ) ;
#561 = CARTESIAN_POINT ( 'NONE',  ( -21.74999999999994316, -63.42302578008242619, 16.83878776982346537 ) ) ;
#562 = EDGE_CURVE ( 'NONE', #622, #587, #1380, .T. ) ;
#563 = ORIENTED_EDGE ( 'NONE', *, *, #1069, .F. ) ;
#564 = AXIS2_PLACEMENT_3D ( 'NONE', #1268, #881, #1983 ) ;
#565 = CARTESIAN_POINT ( 'NONE',  ( -24.86159914164370122, -36.66312110986629591, -3.499999999999999112 ) ) ;
#566 = ORIENTED_EDGE ( 'NONE', *, *, #232, .T. ) ;
#567 = CARTESIAN_POINT ( 'NONE',  ( 23.65168042401138493, -39.50393889970268901, 3.494639029811185349 ) ) ;
#568 = EDGE_LOOP ( 'NONE', ( #855, #1536, #1198, #1885 ) ) ;
#569 = CARTESIAN_POINT ( 'NONE',  ( 25.04894868472268499, -39.30206505814413731, 2.766058530229219770 ) ) ;
#570 = ORIENTED_EDGE ( 'NONE', *, *, #1205, .F. ) ;
#571 = CARTESIAN_POINT ( 'NONE',  ( -22.67578641480866608, -40.44810805850575264, 3.500000000000001332 ) ) ;
#572 = DIRECTION ( 'NONE',  ( 0.000000000000000000, 0.000000000000000000, -1.000000000000000000 ) ) ;
#573 = CARTESIAN_POINT ( 'NONE',  ( -25.91460337305074901, -41.83742386462852636, -1.500000000000000222 ) ) ;
#574 = CARTESIAN_POINT ( 'NONE',  ( 31.74999999999994316, -62.23000000000000398, 26.49999999999999645 ) ) ;
#575 = ADVANCED_FACE ( 'NONE', ( #823 ), #57, .T. ) ;
#576 = EDGE_CURVE ( 'NONE', #817, #1669, #1221, .T. ) ;
#577 = CARTESIAN_POINT ( 'NONE',  ( -21.74999999999994316, -62.34512681060034822, 18.62723560176160120 ) ) ;
#578 = AXIS2_PLACEMENT_3D ( 'NONE', #278, #782, #1514 ) ;
#579 = VECTOR ( 'NONE', #523, 1000.000000000000000 ) ;
#580 = CARTESIAN_POINT ( 'NONE',  ( 25.91460337305074546, -41.83742386462851215, -1.500000000000001554 ) ) ;
#581 = ORIENTED_EDGE ( 'NONE', *, *, #137, .T. ) ;
#582 = DIRECTION ( 'NONE',  ( 0.000000000000000000, -1.000000000000000000, 0.000000000000000000 ) ) ;
#583 = VECTOR ( 'NONE', #1884, 1000.000000000000000 ) ;
#584 = EDGE_CURVE ( 'NONE', #1417, #1969, #1573, .T. ) ;
#585 = VERTEX_POINT ( 'NONE', #1138 ) ;
#586 = CARTESIAN_POINT ( 'NONE',  ( -17.57499999999997087, -69.98000000000000398, 136.1998800000000074 ) ) ;
#587 = VERTEX_POINT ( 'NONE', #1856 ) ;
#588 = CARTESIAN_POINT ( 'NONE',  ( 11.09999999999999964, 1.359357947053562156E-15, 3.500000000000000000 ) ) ;
#589 = CARTESIAN_POINT ( 'NONE',  ( -21.78768886302310648, -62.23000000000000398, 16.22341664930086225 ) ) ;
#590 = LINE ( 'NONE', #1087, #2144 ) ;
#591 = EDGE_CURVE ( 'NONE', #2209, #622, #602, .T. ) ;
#592 = DIRECTION ( 'NONE',  ( 1.000000000000000000, 0.000000000000000000, 0.000000000000000000 ) ) ;
#593 = CARTESIAN_POINT ( 'NONE',  ( -23.74999999999994316, -62.14326801117844212, 18.40414572650674785 ) ) ;
#594 = ADVANCED_FACE ( 'NONE', ( #1706 ), #70, .F. ) ;
#595 = CARTESIAN_POINT ( 'NONE',  ( 21.17499999999997229, -69.98000000000000398, 136.1998800000000074 ) ) ;
#596 = LINE ( 'NONE', #1900, #1744 ) ;
#597 = FACE_OUTER_BOUND ( 'NONE', #706, .T. ) ;
#598 = ORIENTED_EDGE ( 'NONE', *, *, #1833, .F. ) ;
#599 = VERTEX_POINT ( 'NONE', #83 ) ;
#600 = ADVANCED_FACE ( 'NONE', ( #460 ), #446, .T. ) ;
#601 =( BOUNDED_SURFACE ( )  B_SPLINE_SURFACE ( 3, 2, ( 
 ( #2096, #656, #666 ),
 ( #983, #1172, #290 ),
 ( #820, #1376, #1737 ),
 ( #126, #807, #1703 ),
 ( #2282, #844, #971 ),
 ( #2055, #1010, #2271 ),
 ( #78, #1561, #2083 ),
 ( #1184, #1387, #114 ),
 ( #2106, #794, #478 ),
 ( #1913, #1724, #644 ),
 ( #1540, #2245, #1527 ),
 ( #1714, #1515, #2232 ) ),
 .UNSPECIFIED., .F., .F., .T. ) 
 B_SPLINE_SURFACE_WITH_KNOTS ( ( 4, 2, 2, 2, 2, 4 ),
 ( 3, 3 ),
 ( 0.08007669309765429178, 0.08262691669034666342, 0.08517714028303904894, 0.09027758746842381998, 0.1004784818391933621, 0.1208802705807324462 ),
 ( 0.000000000000000000, 1.000000000000000000 ),
 .UNSPECIFIED. ) 
 GEOMETRIC_REPRESENTATION_ITEM ( )  RATIONAL_B_SPLINE_SURFACE ( (
 ( 1.000000000000000000, 0.7071067811865474617, 1.000000000000000000),
 ( 1.000000000000000000, 0.7071067811865474617, 1.000000000000000000),
 ( 1.000000000000000000, 0.7071067811865474617, 1.000000000000000000),
 ( 1.000000000000000000, 0.7071067811865474617, 1.000000000000000000),
 ( 1.000000000000000000, 0.7071067811865474617, 1.000000000000000000),
 ( 1.000000000000000000, 0.7071067811865474617, 1.000000000000000000),
 ( 1.000000000000000000, 0.7071067811865474617, 1.000000000000000000),
 ( 1.000000000000000000, 0.7071067811865474617, 1.000000000000000000),
 ( 1.000000000000000000, 0.7071067811865474617, 1.000000000000000000),
 ( 1.000000000000000000, 0.7071067811865474617, 1.000000000000000000),
 ( 1.000000000000000000, 0.7071067811865470176, 1.000000000000000000),
 ( 1.000000000000000000, 0.7071067811865470176, 1.000000000000000000) ) ) 
 REPRESENTATION_ITEM ( '' )  SURFACE ( )  );
#602 = LINE ( 'NONE', #1694, #1967 ) ;
#603 = CARTESIAN_POINT ( 'NONE',  ( -22.05606641032062498, -62.23000000000001108, 17.15880910733780951 ) ) ;
#604 = CARTESIAN_POINT ( 'NONE',  ( 21.86409237898788049, -43.23481079455412868, 3.500000000000000000 ) ) ;
#605 = CARTESIAN_POINT ( 'NONE',  ( 25.49815061800186911, -39.26184507765650977, 16.29081546499482158 ) ) ;
#606 = CARTESIAN_POINT ( 'NONE',  ( -23.74999999999786127, -56.49184716722822941, 12.97406310391271589 ) ) ;
#607 = CARTESIAN_POINT ( 'NONE',  ( 22.01101749008088149, -33.02827045380801962, 3.500000000000000444 ) ) ;
#608 = CARTESIAN_POINT ( 'NONE',  ( -31.74999999999994316, -77.72999999999998977, -3.500000000000000000 ) ) ;
#609 = AXIS2_PLACEMENT_3D ( 'NONE', #1882, #2048, #448 ) ;
#610 = CARTESIAN_POINT ( 'NONE',  ( -17.09974235922041785, -0.09386824961390836941, -3.500000000000000000 ) ) ;
#611 = ORIENTED_EDGE ( 'NONE', *, *, #285, .T. ) ;
#612 = ORIENTED_EDGE ( 'NONE', *, *, #98, .F. ) ;
#613 = CARTESIAN_POINT ( 'NONE',  ( 32.00818629107484270, -63.04787783149364344, 17.09117837701376530 ) ) ;
#614 = FACE_OUTER_BOUND ( 'NONE', #1245, .T. ) ;
#615 = CARTESIAN_POINT ( 'NONE',  ( -31.48378028308759724, -62.27082853694768261, -2.505569698349370711 ) ) ;
#616 = CARTESIAN_POINT ( 'NONE',  ( -21.74999999999994316, -48.75392453738549392, 7.645373730120494926 ) ) ;
#617 = CARTESIAN_POINT ( 'NONE',  ( 17.61208841470860165, -5.389082991000638145, -3.500000000000000000 ) ) ;
#618 = FACE_OUTER_BOUND ( 'NONE', #69, .T. ) ;
#619 = CARTESIAN_POINT ( 'NONE',  ( 30.25300348291696650, -62.22999999999999687, 18.50000000000155964 ) ) ;
#620 = LINE ( 'NONE', #1197, #419 ) ;
#621 = CLOSED_SHELL ( 'NONE', ( #2272, #1156, #2222, #239, #2266, #594, #2240, #93, #1216, #1917, #1014, #1874, #2011, #1418, #1748, #654, #2277, #575, #933, #2161, #2253, #968, #1666, #260, #1795, #2327, #1830, #986, #1426, #334, #2026, #600, #1345, #1675, #628, #403 ) ) ;
#622 = VERTEX_POINT ( 'NONE', #1124 ) ;
#623 = ORIENTED_EDGE ( 'NONE', *, *, #835, .T. ) ;
#624 = TOROIDAL_SURFACE ( 'NONE', #659, 17.09999999999999787, 2.000000000000000000 ) ;
#625 = CARTESIAN_POINT ( 'NONE',  ( 30.03641885277405521, -61.97205910175001264, 18.21652221194832677 ) ) ;
#626 = CARTESIAN_POINT ( 'NONE',  ( -17.09974235922041785, -0.09386824961390836941, 3.500000000000000000 ) ) ;
#627 = CARTESIAN_POINT ( 'NONE',  ( 23.74999999999238298, -52.86415590234512507, 8.149076496114945556 ) ) ;
#628 = ADVANCED_FACE ( 'NONE', ( #2211 ), #1227, .F. ) ;
#629 = B_SPLINE_CURVE_WITH_KNOTS ( 'NONE', 3,
 ( #741, #1134, #238, #567 ),
 .UNSPECIFIED., .F., .F.,
 ( 4, 4 ),
 ( 0.02834578673750277195, 0.02836270568475476178 ),
 .UNSPECIFIED. ) ;
#630 = FACE_OUTER_BOUND ( 'NONE', #2005, .T. ) ;
#631 = VERTEX_POINT ( 'NONE', #799 ) ;
#632 = CARTESIAN_POINT ( 'NONE',  ( 0.000000000000000000, -69.98000000000000398, 126.6748799999999875 ) ) ;
#633 = LINE ( 'NONE', #237, #1775 ) ;
#634 = CARTESIAN_POINT ( 'NONE',  ( -31.74999999999994316, -62.23000000000000398, -1.500000000000000000 ) ) ;
#635 = EDGE_LOOP ( 'NONE', ( #240, #1297, #392, #287, #1991 ) ) ;
#636 = ORIENTED_EDGE ( 'NONE', *, *, #534, .T. ) ;
#637 = CARTESIAN_POINT ( 'NONE',  ( 30.10180670893084098, -62.17159615441924103, 18.43527049804379558 ) ) ;
#638 = CARTESIAN_POINT ( 'NONE',  ( 21.75000000000096634, -61.95639750964708981, 18.19869016875195911 ) ) ;
#639 = CARTESIAN_POINT ( 'NONE',  ( -30.01091065991410645, -62.49639434055332288, -3.500000000000032863 ) ) ;
#640 = LINE ( 'NONE', #1357, #1898 ) ;
#641 = VERTEX_POINT ( 'NONE', #1671 ) ;
#642 = CARTESIAN_POINT ( 'NONE',  ( 18.26419205773994392, -10.46037935472173075, -3.500000000000000000 ) ) ;
#643 = CARTESIAN_POINT ( 'NONE',  ( 31.74999999999994316, -62.23000000000000398, 3.500000000000000000 ) ) ;
#644 = CARTESIAN_POINT ( 'NONE',  ( -20.78136002495260470, -26.78943152211880374, 3.500000000000000000 ) ) ;
#645 = AXIS2_PLACEMENT_3D ( 'NONE', #55, #945, #553 ) ;
#646 = VERTEX_POINT ( 'NONE', #588 ) ;
#647 = PRESENTATION_LAYER_ASSIGNMENT (  '', '', ( #1171 ) ) ;
#648 = LINE ( 'NONE', #1367, #167 ) ;
#649 = CARTESIAN_POINT ( 'NONE',  ( 23.74999999999891998, -61.56889045266013483, 17.78051578966398338 ) ) ;
#650 = CARTESIAN_POINT ( 'NONE',  ( -23.74999999999993605, -55.66973641876290912, 12.30588000472291021 ) ) ;
#651 = CARTESIAN_POINT ( 'NONE',  ( 29.74999999999994316, -62.53628588767671914, -3.500000000000000000 ) ) ;
#652 = VERTEX_POINT ( 'NONE', #2235 ) ;
#653 = CARTESIAN_POINT ( 'NONE',  ( 28.09083731026639796, -49.70284930449683714, -1.499999999999999112 ) ) ;
#654 = ADVANCED_FACE ( 'NONE', ( #787 ), #2132, .T. ) ;
#655 = CARTESIAN_POINT ( 'NONE',  ( -25.49233258420231607, -39.23663706894351577, 1.444841795544909990 ) ) ;
#656 = CARTESIAN_POINT ( 'NONE',  ( -19.06714741630660725, 0.3395390353891361013, 3.500000000000000444 ) ) ;
#657 = ORIENTED_EDGE ( 'NONE', *, *, #1351, .T. ) ;
#658 = CARTESIAN_POINT ( 'NONE',  ( 25.36259208612328919, -38.67439197310586962, 3.215426440881259396 ) ) ;
#659 = AXIS2_PLACEMENT_3D ( 'NONE', #557, #408, #963 ) ;
#660 = CARTESIAN_POINT ( 'NONE',  ( -23.74999999999993605, -44.12695099480456662, 5.260084322731895412 ) ) ;
#661 = CARTESIAN_POINT ( 'NONE',  ( 24.14535014993088424, -39.66654649387419340, 3.499999999999999556 ) ) ;
#662 = EDGE_CURVE ( 'NONE', #599, #1652, #1524, .T. ) ;
#663 = LINE ( 'NONE', #1384, #169 ) ;
#664 = ORIENTED_EDGE ( 'NONE', *, *, #9, .T. ) ;
#665 = CARTESIAN_POINT ( 'NONE',  ( -29.63567181968484121, -55.22233737719414393, 11.95010005262911434 ) ) ;
#666 = CARTESIAN_POINT ( 'NONE',  ( -17.07644399844743788, 0.1469256866206067047, 3.500000000000000000 ) ) ;
#667 = VERTEX_POINT ( 'NONE', #2285 ) ;
#668 = CARTESIAN_POINT ( 'NONE',  ( 28.29249637162589437, -50.41731626663646182, 8.611315757549578009 ) ) ;
#669 = DIRECTION ( 'NONE',  ( -0.000000000000000000, -0.000000000000000000, 1.000000000000000000 ) ) ;
#670 = EDGE_CURVE ( 'NONE', #1961, #1640, #648, .T. ) ;
#671 = APPLICATION_CONTEXT ( 'automotive_design' ) ;
#672 = CARTESIAN_POINT ( 'NONE',  ( 24.35281602878123408, -39.81842148469410603, 3.500000000000000000 ) ) ;
#673 = CARTESIAN_POINT ( 'NONE',  ( -29.36342361104784260, -54.26663652045010622, 9.144869546033108421 ) ) ;
#674 = CARTESIAN_POINT ( 'NONE',  ( -21.74999999999993960, -57.69863926666042175, 11.38374960370752653 ) ) ;
#675 = VERTEX_POINT ( 'NONE', #469 ) ;
#676 = B_SPLINE_CURVE_WITH_KNOTS ( 'NONE', 3,
 ( #2213, #233, #778, #549, #1496, #1457, #1267, #426, #1140, #196, #187, #1982, #2173, #1817, #372 ),
 .UNSPECIFIED., .F., .F.,
 ( 4, 2, 1, 2, 2, 2, 2, 4 ),
 ( 2.565529344322888656E-16, 0.003527857857346616572, 0.007055715714692976405, 0.01058357357203933494, 0.01411143142938569607, 0.02116714714407841313, 0.02469500500142477947, 0.02822286285877114234 ),
 .UNSPECIFIED. ) ;
#677 = CARTESIAN_POINT ( 'NONE',  ( 21.74999999999994316, -59.68158886806916286, 13.09667736491731027 ) ) ;
#678 = ADVANCED_FACE ( 'NONE', ( #1760, #690 ), #858, .T. ) ;
#679 = CARTESIAN_POINT ( 'NONE',  ( 19.23181701471051852, -1.343676513886475243, 1.499999999999815703 ) ) ;
#680 = VECTOR ( 'NONE', #1259, 1000.000000000000000 ) ;
#681 = B_SPLINE_CURVE_WITH_KNOTS ( 'NONE', 3,
 ( #1511, #617, #246, #2267, #1710, #1334, #99, #1873 ),
 .UNSPECIFIED., .F., .F.,
 ( 4, 2, 2, 4 ),
 ( 0.000000000000000000, 0.01595448591542286687, 0.03190897183084573374, 0.06381794366169146748 ),
 .UNSPECIFIED. ) ;
#682 = DIRECTION ( 'NONE',  ( 0.000000000000000000, 0.000000000000000000, 1.000000000000000000 ) ) ;
#683 = CARTESIAN_POINT ( 'NONE',  ( -31.74999999999994316, -62.23000000000000398, 136.1998800000000074 ) ) ;
#684 = AXIS2_PLACEMENT_3D ( 'NONE', #762, #1483, #1521 ) ;
#685 = CARTESIAN_POINT ( 'NONE',  ( 17.09974235922041785, -0.09386824961390394240, 3.500000000000000000 ) ) ;
#686 = CARTESIAN_POINT ( 'NONE',  ( 17.62620765162117209, -0.06974302848088854978, -3.446968502194451833 ) ) ;
#687 = ORIENTED_EDGE ( 'NONE', *, *, #1972, .F. ) ;
#688 = CARTESIAN_POINT ( 'NONE',  ( 21.74999999999994316, -42.05871414307296163, 4.391335269770724636 ) ) ;
#689 = CARTESIAN_POINT ( 'NONE',  ( -31.74999999999994316, -62.23000000000000398, 136.1998800000000074 ) ) ;
#690 = FACE_OUTER_BOUND ( 'NONE', #1715, .T. ) ;
#691 = CARTESIAN_POINT ( 'NONE',  ( -30.69749112590537621, -58.82225236719219907, 15.02141607420943004 ) ) ;
#692 = CARTESIAN_POINT ( 'NONE',  ( 20.24742093168275403, -10.20132202651717002, -3.500000000000000888 ) ) ;
#693 = AXIS2_PLACEMENT_3D ( 'NONE', #1410, #850, #1029 ) ;
#694 = DIRECTION ( 'NONE',  ( -0.000000000000000000, -0.000000000000000000, 1.000000000000000000 ) ) ;
#695 = ORIENTED_EDGE ( 'NONE', *, *, #1930, .F. ) ;
#696 =( BOUNDED_SURFACE ( )  B_SPLINE_SURFACE ( 3, 2, ( 
 ( #2031, #421, #2208 ),
 ( #1136, #2154, #2134 ),
 ( #1460, #915, #1081 ),
 ( #199, #1797, #171 ),
 ( #715, #1623, #1611 ),
 ( #519, #377, #1270 ),
 ( #1428, #1787, #190 ),
 ( #1986, #705, #1976 ),
 ( #181, #1649, #727 ),
 ( #1809, #1070, #752 ),
 ( #17, #542, #1249 ),
 ( #1637, #565, #40 ),
 ( #28, #210, #883 ),
 ( #7, #2165, #927 ),
 ( #739, #1449, #2322 ),
 ( #2146, #903, #893 ),
 ( #528, #1237, #1965 ),
 ( #551, #1260, #1093 ),
 ( #2177, #1283, #1999 ),
 ( #388, #1105, #1819 ),
 ( #1954, #343, #356 ),
 ( #1440, #1058, #1776 ) ),
 .UNSPECIFIED., .F., .F., .T. ) 
 B_SPLINE_SURFACE_WITH_KNOTS ( ( 4, 2, 2, 2, 2, 2, 2, 2, 2, 2, 4 ),
 ( 3, 3 ),
 ( 0.07993372677956185612, 0.08196239021083687182, 0.08399105364211190139, 0.08804838050466193278, 0.09616303422976199555, 0.1123923416799621489, 0.1286216491301622744, 0.1367363028552623372, 0.1407936297178123963, 0.1428222931490873981, 0.1448509565803624277 ),
 ( 0.000000000000000000, 1.000000000000000000 ),
 .UNSPECIFIED. ) 
 GEOMETRIC_REPRESENTATION_ITEM ( )  RATIONAL_B_SPLINE_SURFACE ( (
 ( 1.000000000000000000, 0.7071067811865474617, 1.000000000000000000),
 ( 1.000000000000000000, 0.7071067811865474617, 1.000000000000000000),
 ( 1.000000000000000000, 0.7071067811865474617, 1.000000000000000000),
 ( 1.000000000000000000, 0.7071067811865474617, 1.000000000000000000),
 ( 1.000000000000000000, 0.7071067811865474617, 1.000000000000000000),
 ( 1.000000000000000000, 0.7071067811865474617, 1.000000000000000000),
 ( 1.000000000000000000, 0.7071067811865474617, 1.000000000000000000),
 ( 1.000000000000000000, 0.7071067811865474617, 1.000000000000000000),
 ( 1.000000000000000000, 0.7071067811865474617, 1.000000000000000000),
 ( 1.000000000000000000, 0.7071067811865474617, 1.000000000000000000),
 ( 1.000000000000000000, 0.7071067811865476838, 1.000000000000000000),
 ( 1.000000000000000000, 0.7071067811865476838, 1.000000000000000000),
 ( 1.000000000000000000, 0.7071067811865469066, 1.000000000000000000),
 ( 1.000000000000000000, 0.7071067811865469066, 1.000000000000000000),
 ( 1.000000000000000000, 0.7071067811865469066, 1.000000000000000000),
 ( 1.000000000000000000, 0.7071067811865469066, 1.000000000000000000),
 ( 1.000000000000000000, 0.7071067811865481278, 1.000000000000000000),
 ( 1.000000000000000000, 0.7071067811865481278, 1.000000000000000000),
 ( 1.000000000000000000, 0.7071067811865469066, 1.000000000000000000),
 ( 1.000000000000000000, 0.7071067811865469066, 1.000000000000000000),
 ( 1.000000000000000000, 0.7071067811865474617, 1.000000000000000000),
 ( 1.000000000000000000, 0.7071067811865474617, 1.000000000000000000) ) ) 
 REPRESENTATION_ITEM ( '' )  SURFACE ( )  );
#697 = CARTESIAN_POINT ( 'NONE',  ( 23.74999999999994316, -53.01937552867144632, 10.32404998584661016 ) ) ;
#698 = CARTESIAN_POINT ( 'NONE',  ( 19.98211603956005433, -8.056464915821683448, 3.499999999999262368 ) ) ;
#699 = CARTESIAN_POINT ( 'NONE',  ( -31.74999999999994316, -62.23000000000000398, 26.50000000000000000 ) ) ;
#700 = CARTESIAN_POINT ( 'NONE',  ( 24.77499999999997016, -69.98000000000000398, 126.6748799999999875 ) ) ;
#701 = CARTESIAN_POINT ( 'NONE',  ( 30.87075043325476287, -59.38621321078407078, -1.500000000000000000 ) ) ;
#702 = ORIENTED_EDGE ( 'NONE', *, *, #166, .F. ) ;
#703 = DIRECTION ( 'NONE',  ( -1.000000000000000000, -1.224646799147352468E-16, 0.000000000000000000 ) ) ;
#704 = CARTESIAN_POINT ( 'NONE',  ( 23.74999999999993605, -55.67020302880105476, 12.30625409055970287 ) ) ;
#705 = CARTESIAN_POINT ( 'NONE',  ( -20.24742093168712742, -10.20132202651459608, -3.500000000001759481 ) ) ;
#706 = EDGE_LOOP ( 'NONE', ( #1479, #31, #1767, #695 ) ) ;
#707 = CARTESIAN_POINT ( 'NONE',  ( -26.96378480011696865, -52.02723431188523762, 9.617393013722368877 ) ) ;
#708 = ORIENTED_EDGE ( 'NONE', *, *, #1812, .T. ) ;
#709 = LINE ( 'NONE', #1992, #1063 ) ;
#710 = CARTESIAN_POINT ( 'NONE',  ( -29.64121901113102453, -60.75715504997297245, 16.92735032245955296 ) ) ;
#711 = CARTESIAN_POINT ( 'NONE',  ( 31.06662671089899419, -60.02876115236497867, -1.499999999999853451 ) ) ;
#712 = CARTESIAN_POINT ( 'NONE',  ( -19.08703504500411086, -0.0006260631603914933261, -1.762048285359311794 ) ) ;
#713 = B_SPLINE_SURFACE_WITH_KNOTS ( 'NONE', 2, 1, ( 
 ( #1509, #2037 ),
 ( #627, #1332 ),
 ( #990, #1534 ) ),
 .UNSPECIFIED., .F., .F., .F.,
 ( 3, 3 ),
 ( 2, 2 ),
 ( 0.000000000000000000, 0.7836115989704515172 ),
 ( 0.000000000000000000, 1.000000000000000000 ),
 .UNSPECIFIED. ) ;
#714 = CARTESIAN_POINT ( 'NONE',  ( -21.17499999999997229, -69.98000000000000398, 126.6748799999999875 ) ) ;
#715 = CARTESIAN_POINT ( 'NONE',  ( -17.40100152117032195, -3.074598002008535946, -3.500000000000000000 ) ) ;
#716 = VERTEX_POINT ( 'NONE', #335 ) ;
#717 = EDGE_CURVE ( 'NONE', #1711, #817, #1670, .T. ) ;
#718 = CARTESIAN_POINT ( 'NONE',  ( 25.45551203784876293, -39.33566968008472742, 1.994749592316840126 ) ) ;
#719 = ORIENTED_EDGE ( 'NONE', *, *, #1168, .T. ) ;
#720 = CARTESIAN_POINT ( 'NONE',  ( 17.09999999999999787, 2.094146026541973637E-15, 1.500000000000000000 ) ) ;
#721 = CARTESIAN_POINT ( 'NONE',  ( -31.81333717113554016, -62.43160554230114201, 16.41723322649600192 ) ) ;
#722 = CARTESIAN_POINT ( 'NONE',  ( -21.68826536650911407, -21.05231026188706878, -1.500000000000000222 ) ) ;
#723 = CARTESIAN_POINT ( 'NONE',  ( -18.60650920962159915, -0.02366798197269428736, -2.821888124901033024 ) ) ;
#724 = AXIS2_PLACEMENT_3D ( 'NONE', #250, #1876, #806 ) ;
#725 = AXIS2_PLACEMENT_3D ( 'NONE', #720, #1970, #382 ) ;
#726 = CARTESIAN_POINT ( 'NONE',  ( -23.74999999999994316, -61.35357275395529086, 17.55163624377176390 ) ) ;
#727 = CARTESIAN_POINT ( 'NONE',  ( -20.60706958341398476, -12.86371177026927448, -1.499999999998826938 ) ) ;
#728 = ORIENTED_EDGE ( 'NONE', *, *, #670, .T. ) ;
#729 = CARTESIAN_POINT ( 'NONE',  ( -29.74999999999994316, -62.53628588767674756, -3.500000000000000000 ) ) ;
#730 = FACE_OUTER_BOUND ( 'NONE', #804, .T. ) ;
#731 = ORIENTED_EDGE ( 'NONE', *, *, #1842, .T. ) ;
#732 = CARTESIAN_POINT ( 'NONE',  ( 4.450000000000016165, -77.72999999999998977, 136.1998800000000074 ) ) ;
#733 = CARTESIAN_POINT ( 'NONE',  ( 7.500000000000016875, -77.72999999999998977, 136.1998800000000074 ) ) ;
#734 = EDGE_CURVE ( 'NONE', #587, #1066, #502, .T. ) ;
#735 = CARTESIAN_POINT ( 'NONE',  ( 0.000000000000000000, 0.000000000000000000, 3.500000000000000000 ) ) ;
#736 = CARTESIAN_POINT ( 'NONE',  ( -21.17499999999997229, -69.98000000000000398, 126.6748799999999875 ) ) ;
#737 = CARTESIAN_POINT ( 'NONE',  ( -23.74999999999994316, -50.85751488239138496, 8.887532617065879492 ) ) ;
#738 = ORIENTED_EDGE ( 'NONE', *, *, #495, .T. ) ;
#739 = CARTESIAN_POINT ( 'NONE',  ( -26.87118310963539969, -52.82985090900471192, -3.500000000000000000 ) ) ;
#740 = CARTESIAN_POINT ( 'NONE',  ( 24.70266244426299806, -35.82331011669091936, 1.499999999999996225 ) ) ;
#741 = CARTESIAN_POINT ( 'NONE',  ( 23.65543431886118952, -39.51954912103897044, 3.499999999994124700 ) ) ;
#742 = ORIENTED_EDGE ( 'NONE', *, *, #1091, .T. ) ;
#743 = CARTESIAN_POINT ( 'NONE',  ( -27.50471111181992612, -53.86190424465196003, 10.92655791061217663 ) ) ;
#744 = VERTEX_POINT ( 'NONE', #141 ) ;
#745 = CARTESIAN_POINT ( 'NONE',  ( -21.97627561931943418, -42.54597622107370825, 3.500000000000000000 ) ) ;
#746 = EDGE_CURVE ( 'NONE', #229, #1209, #513, .T. ) ;
#747 = DIRECTION ( 'NONE',  ( 0.000000000000000000, 0.3317444628508219862, 0.9433692868478492644 ) ) ;
#748 = CARTESIAN_POINT ( 'NONE',  ( -17.09974235922041785, -0.09386824961390836941, -3.500000000000000000 ) ) ;
#749 = CARTESIAN_POINT ( 'NONE',  ( 0.000000000000000000, 0.000000000000000000, 3.500000000000000000 ) ) ;
#750 = CARTESIAN_POINT ( 'NONE',  ( -21.74999999999994316, -47.74078160729178677, 4.811541846746882456 ) ) ;
#751 = ADVANCED_FACE ( 'NONE', ( #1938, #132 ), #1016, .T. ) ;
#752 = CARTESIAN_POINT ( 'NONE',  ( -21.79175693226983412, -20.83777276462436490, -1.500000000002346123 ) ) ;
#753 = ORIENTED_EDGE ( 'NONE', *, *, #249, .F. ) ;
#754 = DIRECTION ( 'NONE',  ( -0.000000000000000000, -0.000000000000000000, -1.000000000000000000 ) ) ;
#755 = EDGE_CURVE ( 'NONE', #1854, #1159, #1862, .T. ) ;
#756 = EDGE_LOOP ( 'NONE', ( #1790, #785, #1839 ) ) ;
#757 = CARTESIAN_POINT ( 'NONE',  ( 22.17126864804746589, -31.74227037700904575, -1.500000000000000888 ) ) ;
#758 = ORIENTED_EDGE ( 'NONE', *, *, #413, .F. ) ;
#759 = CARTESIAN_POINT ( 'NONE',  ( 31.91065909118911392, -62.73988150117119744, 16.75221764416061632 ) ) ;
#760 = CARTESIAN_POINT ( 'NONE',  ( 24.27195331799715561, -42.04037923865954696, 4.420599593463016674 ) ) ;
#761 = CARTESIAN_POINT ( 'NONE',  ( -31.24407864505300125, -62.23000000000000398, 17.92482642788848324 ) ) ;
#762 = CARTESIAN_POINT ( 'NONE',  ( 0.000000000000000000, -69.98000000000000398, 126.6748799999999875 ) ) ;
#763 = EDGE_CURVE ( 'NONE', #1417, #973, #1472, .T. ) ;
#764 = CARTESIAN_POINT ( 'NONE',  ( -23.39606202089737153, -39.60537737185636331, 3.500000000000001332 ) ) ;
#765 = TOROIDAL_SURFACE ( 'NONE', #724, 17.09999999999999787, 2.000000000000000000 ) ;
#766 = ORIENTED_EDGE ( 'NONE', *, *, #1236, .T. ) ;
#767 = VECTOR ( 'NONE', #800, 1000.000000000000000 ) ;
#768 = CARTESIAN_POINT ( 'NONE',  ( -28.16943374849503101, -50.83357058146104634, 16.29081546499278232 ) ) ;
#769 = ORIENTED_EDGE ( 'NONE', *, *, #3, .T. ) ;
#770 = CYLINDRICAL_SURFACE ( 'NONE', #1843, 2.000000000000000000 ) ;
#771 = CIRCLE ( 'NONE', #1485, 11.09999999999999964 ) ;
#772 = ORIENTED_EDGE ( 'NONE', *, *, #755, .T. ) ;
#773 = CARTESIAN_POINT ( 'NONE',  ( 23.89622326602969693, -39.45243440910856947, 3.464335827784398081 ) ) ;
#774 = ORIENTED_EDGE ( 'NONE', *, *, #1091, .F. ) ;
#775 = DIRECTION ( 'NONE',  ( -1.000000000000000000, 0.000000000000000000, -0.000000000000000000 ) ) ;
#776 = CARTESIAN_POINT ( 'NONE',  ( -23.74999999999994316, -62.23000000000000398, 18.50000000000000355 ) ) ;
#777 = ADVANCED_FACE ( 'NONE', ( #2288 ), #875, .T. ) ;
#778 = CARTESIAN_POINT ( 'NONE',  ( 26.03715871512093116, -41.56468145136118864, 2.270321427153903837 ) ) ;
#779 = PLANE ( 'NONE',  #6 ) ;
#780 = CARTESIAN_POINT ( 'NONE',  ( -21.74999999999994316, -62.18134066581215791, 15.52310842460745022 ) ) ;
#781 = CARTESIAN_POINT ( 'NONE',  ( 28.57118593177671428, -52.11229022479105311, -1.500000000000000222 ) ) ;
#782 = DIRECTION ( 'NONE',  ( 0.000000000000000000, 0.000000000000000000, -1.000000000000000000 ) ) ;
#783 = CARTESIAN_POINT ( 'NONE',  ( 21.74999999999993960, -62.23000000000000398, 3.500000000000000000 ) ) ;
#784 = VERTEX_POINT ( 'NONE', #1597 ) ;
#785 = ORIENTED_EDGE ( 'NONE', *, *, #1505, .T. ) ;
#786 = EDGE_CURVE ( 'NONE', #1263, #879, #1632, .T. ) ;
#787 = FACE_OUTER_BOUND ( 'NONE', #241, .T. ) ;
#788 = CARTESIAN_POINT ( 'NONE',  ( 21.74999999999994316, -51.24269710709732095, 6.755502211104242427 ) ) ;
#789 = CARTESIAN_POINT ( 'NONE',  ( 28.16943374849503101, -50.83357058146104634, 1.500000000000001332 ) ) ;
#790 = DIRECTION ( 'NONE',  ( -1.000000000000000000, 0.000000000000000000, -0.000000000000000000 ) ) ;
#791 = DIRECTION ( 'NONE',  ( -0.000000000000000000, -0.000000000000000000, 1.000000000000000000 ) ) ;
#792 = CARTESIAN_POINT ( 'NONE',  ( -31.74999999999994316, -77.72999999999998977, 26.50000000000000000 ) ) ;
#793 = CIRCLE ( 'NONE', #338, 2.600000000000001421 ) ;
#794 = CARTESIAN_POINT ( 'NONE',  ( -21.11847809000518339, -16.42410136710036284, 3.500000000002211564 ) ) ;
#795 = B_SPLINE_CURVE_WITH_KNOTS ( 'NONE', 3,
 ( #400, #607, #452, #1118, #1324, #943, #1309, #2041 ),
 .UNSPECIFIED., .F., .F.,
 ( 4, 2, 2, 4 ),
 ( 0.02353120688660053847, 0.04351427150446224301, 0.05350580381339309355, 0.06349733612232394409 ),
 .UNSPECIFIED. ) ;
#796 = VERTEX_POINT ( 'NONE', #1193 ) ;
#797 = VERTEX_POINT ( 'NONE', #473 ) ;
#798 = EDGE_CURVE ( 'NONE', #1688, #833, #1586, .T. ) ;
#799 = CARTESIAN_POINT ( 'NONE',  ( 31.75000000028682479, -62.23000000066214454, 1.500000000000001332 ) ) ;
#800 = DIRECTION ( 'NONE',  ( 1.000000000000000000, 0.000000000000000000, 0.000000000000000000 ) ) ;
#801 = CARTESIAN_POINT ( 'NONE',  ( -30.27360927301121407, -62.45620332242479122, -3.447583406534329598 ) ) ;
#802 = DIRECTION ( 'NONE',  ( 0.000000000000000000, -0.000000000000000000, 1.000000000000000000 ) ) ;
#803 = CARTESIAN_POINT ( 'NONE',  ( 28.19078901434338036, -50.90154133310588236, 1.499999999999996225 ) ) ;
#804 = EDGE_LOOP ( 'NONE', ( #948, #1705, #1186, #1987, #1372, #731 ) ) ;
#805 = DIRECTION ( 'NONE',  ( 0.000000000000000000, 0.000000000000000000, -1.000000000000000000 ) ) ;
#806 = DIRECTION ( 'NONE',  ( -1.000000000000000000, 0.000000000000000000, 0.000000000000000000 ) ) ;
#807 = CARTESIAN_POINT ( 'NONE',  ( -19.40645319060102381, -3.023610672851227310, 3.500000000001106226 ) ) ;
#808 = ORIENTED_EDGE ( 'NONE', *, *, #479, .T. ) ;
#809 = ORIENTED_EDGE ( 'NONE', *, *, #321, .F. ) ;
#810 = CIRCLE ( 'NONE', #2239, 3.599999999999999201 ) ;
#811 = CARTESIAN_POINT ( 'NONE',  ( 31.40594133388613329, -61.13504922319015833, 17.32045669160285684 ) ) ;
#812 = CARTESIAN_POINT ( 'NONE',  ( -31.74999999999994316, -77.72999999999998977, 136.1998800000000074 ) ) ;
#813 = CARTESIAN_POINT ( 'NONE',  ( -31.64674945617274204, -62.24583711275163012, -2.147787314881854037 ) ) ;
#814 = CARTESIAN_POINT ( 'NONE',  ( -31.74999999999994316, -77.72999999999998977, 3.500000000000000000 ) ) ;
#815 = B_SPLINE_SURFACE_WITH_KNOTS ( 'NONE', 2, 1, ( 
 ( #605, #245 ),
 ( #1141, #789 ),
 ( #1152, #1127 ) ),
 .UNSPECIFIED., .F., .F., .F.,
 ( 3, 3 ),
 ( 2, 2 ),
 ( 0.5002247035605412728, 0.5007058548345466598 ),
 ( 0.000000000000000000, 1.000000000000000000 ),
 .UNSPECIFIED. ) ;
#816 = CARTESIAN_POINT ( 'NONE',  ( 31.73689884474487144, -62.23200971589008645, -1.763395568065854624 ) ) ;
#817 = VERTEX_POINT ( 'NONE', #672 ) ;
#818 = CARTESIAN_POINT ( 'NONE',  ( 28.79834870698326910, -52.29474590946276891, -1.500000000001173950 ) ) ;
#819 = PLANE ( 'NONE',  #1931 ) ;
#820 = CARTESIAN_POINT ( 'NONE',  ( -19.23182582110723615, -1.343764547658117481, 1.499999999999262812 ) ) ;
#821 = EDGE_LOOP ( 'NONE', ( #545, #1059, #259 ) ) ;
#822 = CARTESIAN_POINT ( 'NONE',  ( 27.44767120350210377, -53.68914220881772792, 10.75178965184646884 ) ) ;
#823 = FACE_OUTER_BOUND ( 'NONE', #204, .T. ) ;
#824 = CARTESIAN_POINT ( 'NONE',  ( -23.74999999999993605, -42.04498077653514088, 4.386505805572996408 ) ) ;
#825 = EDGE_CURVE ( 'NONE', #1998, #444, #2111, .T. ) ;
#826 = FACE_BOUND ( 'NONE', #889, .T. ) ;
#827 = EDGE_LOOP ( 'NONE', ( #433, #766, #1006, #227 ) ) ;
#828 = CARTESIAN_POINT ( 'NONE',  ( 21.79175693226216026, -20.83777276460140726, -3.500000000004692247 ) ) ;
#829 = DIRECTION ( 'NONE',  ( -1.000000000000000000, 0.000000000000000000, 0.000000000000000000 ) ) ;
#830 = PRESENTATION_STYLE_ASSIGNMENT (( #1901 ) ) ;
#831 = EDGE_CURVE ( 'NONE', #157, #2013, #1752, .T. ) ;
#832 = AXIS2_PLACEMENT_3D ( 'NONE', #1886, #1836, #277 ) ;
#833 = VERTEX_POINT ( 'NONE', #699 ) ;
#834 = AXIS2_PLACEMENT_3D ( 'NONE', #1647, #2188, #703 ) ;
#835 = EDGE_CURVE ( 'NONE', #313, #1417, #876, .T. ) ;
#836 = CARTESIAN_POINT ( 'NONE',  ( 27.40654042538245250, -47.06762736631697663, 4.723234732784859169 ) ) ;
#837 = CARTESIAN_POINT ( 'NONE',  ( 21.74999999999994316, -61.80235095120870170, 15.13828498651393772 ) ) ;
#838 = CARTESIAN_POINT ( 'NONE',  ( -23.74999999999993605, -50.13479868607926448, 8.399271600850459762 ) ) ;
#839 = DIRECTION ( 'NONE',  ( -0.000000000000000000, -0.000000000000000000, -1.000000000000000000 ) ) ;
#840 = EDGE_CURVE ( 'NONE', #2216, #784, #360, .T. ) ;
#841 = CARTESIAN_POINT ( 'NONE',  ( -23.74999999999994316, -41.54144356658381554, 4.186800651519120287 ) ) ;
#842 = ORIENTED_EDGE ( 'NONE', *, *, #534, .F. ) ;
#843 = CARTESIAN_POINT ( 'NONE',  ( -28.82623843880089254, -52.36311763564636834, 9.869160338363526463 ) ) ;
#844 = CARTESIAN_POINT ( 'NONE',  ( -19.49721733104573218, -3.863103034637516586, 3.499999999999815703 ) ) ;
#845 = ORIENTED_EDGE ( 'NONE', *, *, #1414, .F. ) ;
#846 = CARTESIAN_POINT ( 'NONE',  ( 28.00672326023691028, -55.55180147691140746, 12.16255140582406824 ) ) ;
#847 = DIRECTION ( 'NONE',  ( -0.000000000000000000, 0.000000000000000000, 1.000000000000000000 ) ) ;
#848 = VECTOR ( 'NONE', #1075, 1000.000000000000000 ) ;
#849 = CARTESIAN_POINT ( 'NONE',  ( 19.14885826280470837, -0.5049614233792439899, 1.500000000000000000 ) ) ;
#850 = DIRECTION ( 'NONE',  ( -0.000000000000000000, 0.000000000000000000, 1.000000000000000000 ) ) ;
#851 = FACE_OUTER_BOUND ( 'NONE', #1732, .T. ) ;
#852 = B_SPLINE_SURFACE_WITH_KNOTS ( 'NONE', 2, 1, ( 
 ( #2243, #101 ),
 ( #768, #415 ),
 ( #1131, #1336 ) ),
 .UNSPECIFIED., .F., .F., .F.,
 ( 3, 3 ),
 ( 2, 2 ),
 ( 0.5002247035605412728, 0.5007058548345466598 ),
 ( 0.000000000000000000, 1.000000000000000000 ),
 .UNSPECIFIED. ) ;
#853 = CARTESIAN_POINT ( 'NONE',  ( -26.59301513114742832, -50.72309672855056562, 8.802863593354173233 ) ) ;
#854 = CARTESIAN_POINT ( 'NONE',  ( 18.10699025176836585, -0.04732715695412936796, -3.247448379735878188 ) ) ;
#855 = ORIENTED_EDGE ( 'NONE', *, *, #1041, .F. ) ;
#856 = CARTESIAN_POINT ( 'NONE',  ( 21.74999999999994316, -49.19389843134249674, 5.542797400299210864 ) ) ;
#857 = CARTESIAN_POINT ( 'NONE',  ( 19.49719693502591866, -3.862916389749394774, 1.500000000000000000 ) ) ;
#858 = PLANE ( 'NONE',  #693 ) ;
#859 = CARTESIAN_POINT ( 'NONE',  ( 23.74999999999238298, -39.91150112489061286, 3.636248116555201193 ) ) ;
#860 = CARTESIAN_POINT ( 'NONE',  ( -23.74999999999994316, -62.23000000000000398, 18.50000000000000355 ) ) ;
#861 = ORIENTED_EDGE ( 'NONE', *, *, #127, .F. ) ;
#862 = AXIS2_PLACEMENT_3D ( 'NONE', #714, #2310, #2143 ) ;
#863 = CARTESIAN_POINT ( 'NONE',  ( 21.74999999999994316, -56.99801508802476491, 10.80641735361425226 ) ) ;
#864 = CARTESIAN_POINT ( 'NONE',  ( 20.78131508202098843, -26.78916470217126289, 3.499999999999999556 ) ) ;
#865 = VECTOR ( 'NONE', #2029, 1000.000000000000000 ) ;
#866 = CARTESIAN_POINT ( 'NONE',  ( -25.06349222410194955, -39.30167083592860422, 2.748167984890161897 ) ) ;
#867 = CARTESIAN_POINT ( 'NONE',  ( -29.74999999999994316, -31.42863518850452920, -3.500000000000000000 ) ) ;
#868 = CARTESIAN_POINT ( 'NONE',  ( 26.07049731311523999, -41.89818183751899028, -1.499999999999999112 ) ) ;
#869 = LINE ( 'NONE', #1204, #1952 ) ;
#870 = CARTESIAN_POINT ( 'NONE',  ( 23.74999999999993605, -53.87446939348522079, 10.93570971750079046 ) ) ;
#871 = B_SPLINE_CURVE_WITH_KNOTS ( 'NONE', 3,
 ( #1789, #2019, #1668, #358, #1452, #1653, #405 ),
 .UNSPECIFIED., .F., .F.,
 ( 4, 3, 4 ),
 ( 7.410741937918042371E-18, 0.0004265939102433253887, 0.0004455792917705320350 ),
 .UNSPECIFIED. ) ;
#872 = EDGE_LOOP ( 'NONE', ( #267, #2255 ) ) ;
#873 = CARTESIAN_POINT ( 'NONE',  ( 21.74999999999994316, -40.57499005054388164, 1.749509542842489607 ) ) ;
#874 = AXIS2_PLACEMENT_3D ( 'NONE', #1349, #1851, #1501 ) ;
#875 = PLANE ( 'NONE',  #391 ) ;
#876 = CIRCLE ( 'NONE', #725, 2.000000000000000000 ) ;
#877 = CARTESIAN_POINT ( 'NONE',  ( -31.74782831515229020, -62.22334765867387318, 16.19437173842789335 ) ) ;
#878 = CARTESIAN_POINT ( 'NONE',  ( 26.15905860967702523, -50.22105728326579310, -3.499999999999998668 ) ) ;
#879 = VERTEX_POINT ( 'NONE', #1454 ) ;
#880 = AXIS2_PLACEMENT_3D ( 'NONE', #109, #123, #1030 ) ;
#881 = DIRECTION ( 'NONE',  ( 0.000000000000000000, 0.000000000000000000, 1.000000000000000000 ) ) ;
#882 = CARTESIAN_POINT ( 'NONE',  ( -21.74999999999994671, -57.01468882799433402, 10.82680997896431840 ) ) ;
#883 = CARTESIAN_POINT ( 'NONE',  ( -26.07049731311500196, -41.89818183751799552, -1.500000000001173062 ) ) ;
#884 = VERTEX_POINT ( 'NONE', #1434 ) ;
#885 = CARTESIAN_POINT ( 'NONE',  ( -25.60490081418274855, -47.16021742186156729, 6.764490143975001146 ) ) ;
#886 = CARTESIAN_POINT ( 'NONE',  ( -18.89742769623198271, -0.009752749220010391643, 2.386805041630744917 ) ) ;
#887 = CARTESIAN_POINT ( 'NONE',  ( -31.55054859283858804, -61.59382447922847348, 15.53104095685895025 ) ) ;
#888 = CARTESIAN_POINT ( 'NONE',  ( 24.12551464083266595, -42.36538225891354159, -3.499999999999998668 ) ) ;
#889 = EDGE_LOOP ( 'NONE', ( #68, #962 ) ) ;
#890 = FACE_OUTER_BOUND ( 'NONE', #322, .T. ) ;
#891 = EDGE_CURVE ( 'NONE', #1094, #1417, #1364, .T. ) ;
#892 = DIRECTION ( 'NONE',  ( -0.000000000000000000, 0.000000000000000000, -1.000000000000000000 ) ) ;
#893 = CARTESIAN_POINT ( 'NONE',  ( -29.91032727022155768, -56.16807144031153598, -1.500000000000000000 ) ) ;
#894 = VERTEX_POINT ( 'NONE', #216 ) ;
#895 = CARTESIAN_POINT ( 'NONE',  ( 24.58174965296879932, -39.34096185688869696, 3.181978438787654184 ) ) ;
#896 = ORIENTED_EDGE ( 'NONE', *, *, #116, .F. ) ;
#897 = CARTESIAN_POINT ( 'NONE',  ( 19.09999999999999432, -3.294017017100045051E-19, 1.632129667175627574 ) ) ;
#898 = CARTESIAN_POINT ( 'NONE',  ( -30.03698064984619620, -61.97377544585906861, 18.21839411776510786 ) ) ;
#899 = CARTESIAN_POINT ( 'NONE',  ( -31.75000000028682479, -62.23000000066214454, 16.20259986579798550 ) ) ;
#900 = VECTOR ( 'NONE', #1490, 1000.000000000000000 ) ;
#901 = DIRECTION ( 'NONE',  ( -0.000000000000000000, -0.000000000000000000, 1.000000000000000000 ) ) ;
#902 = CARTESIAN_POINT ( 'NONE',  ( -23.74999999999994316, -61.55330416624294543, 17.76382114980448179 ) ) ;
#903 = CARTESIAN_POINT ( 'NONE',  ( -29.91032727022161097, -56.16807144030146048, -3.499999999997951416 ) ) ;
#904 = CARTESIAN_POINT ( 'NONE',  ( 21.74999999999994671, -62.22999999999999687, 15.90349598786922769 ) ) ;
#905 = LINE ( 'NONE', #1272, #1320 ) ;
#906 = EDGE_CURVE ( 'NONE', #894, #79, #1893, .T. ) ;
#907 = CARTESIAN_POINT ( 'NONE',  ( -29.48802619770673772, -60.28120066870393146, 16.44534247125223914 ) ) ;
#908 = EDGE_LOOP ( 'NONE', ( #1302, #1147, #2084, #1033 ) ) ;
#909 = CARTESIAN_POINT ( 'NONE',  ( -21.77921720693277052, -43.99819664294651034, 3.500000000000000444 ) ) ;
#910 = DIRECTION ( 'NONE',  ( -0.000000000000000000, -0.000000000000000000, 1.000000000000000000 ) ) ;
#911 = CARTESIAN_POINT ( 'NONE',  ( 21.74999999999993960, -44.97465652933436076, 3.500000000000000000 ) ) ;
#912 = CARTESIAN_POINT ( 'NONE',  ( -18.83601570451702401, -0.01270031827121748461, -2.501652289436711474 ) ) ;
#913 = VECTOR ( 'NONE', #1587, 1000.000000000000000 ) ;
#914 = CARTESIAN_POINT ( 'NONE',  ( -21.74999999999994316, -60.74956648765112988, 16.91968842320273225 ) ) ;
#915 = CARTESIAN_POINT ( 'NONE',  ( -19.18356022278896589, -0.8586847269334577648, -3.500000000000001776 ) ) ;
#916 = ORIENTED_EDGE ( 'NONE', *, *, #1592, .T. ) ;
#917 = LINE ( 'NONE', #1120, #2301 ) ;
#918 = EDGE_CURVE ( 'NONE', #2052, #675, #709, .T. ) ;
#919 = CARTESIAN_POINT ( 'NONE',  ( -23.51492080150865505, -39.56217076829690882, 3.500000000000000444 ) ) ;
#920 = EDGE_LOOP ( 'NONE', ( #1593, #708, #145, #2268, #1889, #1516, #18, #1358, #657, #611, #1552, #808, #916 ) ) ;
#921 = CARTESIAN_POINT ( 'NONE',  ( 18.10699025176834098, -0.04732715695413169249, 3.247448379735898616 ) ) ;
#922 = CYLINDRICAL_SURFACE ( 'NONE', #1377, 3.049999999999997158 ) ;
#923 = CARTESIAN_POINT ( 'NONE',  ( 22.74738597960598696, -40.32143482285907510, 3.500000000000000444 ) ) ;
#924 = EDGE_CURVE ( 'NONE', #1475, #744, #1980, .T. ) ;
#925 = FACE_OUTER_BOUND ( 'NONE', #908, .T. ) ;
#926 = CARTESIAN_POINT ( 'NONE',  ( -21.74999999999994316, -48.80784640000779007, 5.374047526195043112 ) ) ;
#927 = CARTESIAN_POINT ( 'NONE',  ( -28.09083731026622388, -49.70284930449621896, -1.499999999999413580 ) ) ;
#928 = VERTEX_POINT ( 'NONE', #185 ) ;
#929 = CARTESIAN_POINT ( 'NONE',  ( -19.82443154076823078, -21.19169870153136515, -3.500000000000000000 ) ) ;
#930 = EDGE_LOOP ( 'NONE', ( #200, #60, #2196 ) ) ;
#931 = CARTESIAN_POINT ( 'NONE',  ( -29.86994393537113268, -61.46280954450077871, 17.66441845811880995 ) ) ;
#932 = ORIENTED_EDGE ( 'NONE', *, *, #924, .T. ) ;
#933 = ADVANCED_FACE ( 'NONE', ( #1098 ), #369, .T. ) ;
#934 = CARTESIAN_POINT ( 'NONE',  ( 21.74999999999994316, -48.75392453738549392, 7.645373730120494926 ) ) ;
#935 = CARTESIAN_POINT ( 'NONE',  ( 26.42426994485014902, -50.12702259961906037, 8.436812369587501692 ) ) ;
#936 = CARTESIAN_POINT ( 'NONE',  ( -30.25300173744688337, -62.23000000000010346, 18.50000000000001066 ) ) ;
#937 = DIRECTION ( 'NONE',  ( -1.000000000000000000, 0.000000000000000000, 0.000000000000000000 ) ) ;
#938 = AXIS2_PLACEMENT_3D ( 'NONE', #1190, #1892, #2250 ) ;
#939 = EDGE_CURVE ( 'NONE', #716, #1826, #1132, .T. ) ;
#940 = CARTESIAN_POINT ( 'NONE',  ( -23.02207220069141869, -39.93234728252394916, 3.500000000000001332 ) ) ;
#941 = TOROIDAL_SURFACE ( 'NONE', #1699, 17.09999999999999787, 2.000000000000000000 ) ;
#942 = ORIENTED_EDGE ( 'NONE', *, *, #106, .F. ) ;
#943 = CARTESIAN_POINT ( 'NONE',  ( 17.79263602150616563, -6.719901210892417431, 3.500000000000000888 ) ) ;
#944 = ORIENTED_EDGE ( 'NONE', *, *, #2090, .T. ) ;
#945 = DIRECTION ( 'NONE',  ( -0.000000000000000000, -1.000000000000000000, -0.000000000000000000 ) ) ;
#946 = ORIENTED_EDGE ( 'NONE', *, *, #831, .F. ) ;
#947 = LINE ( 'NONE', #1840, #1579 ) ;
#948 = ORIENTED_EDGE ( 'NONE', *, *, #1333, .T. ) ;
#949 = CARTESIAN_POINT ( 'NONE',  ( 29.92655783908276490, -56.23422585372171767, 10.59345124435976437 ) ) ;
#950 = CARTESIAN_POINT ( 'NONE',  ( 21.74999999999994316, -62.23000000000000398, 15.57745309919777910 ) ) ;
#951 = CARTESIAN_POINT ( 'NONE',  ( 21.74999999999994316, -44.53477840871455129, 3.500000000000000444 ) ) ;
#952 = FACE_OUTER_BOUND ( 'NONE', #1347, .T. ) ;
#953 = CARTESIAN_POINT ( 'NONE',  ( -21.75000000000828848, -58.24436978450116698, 14.49310526148381939 ) ) ;
#954 = VECTOR ( 'NONE', #2054, 1000.000000000000000 ) ;
#955 = ORIENTED_EDGE ( 'NONE', *, *, #495, .F. ) ;
#956 = VECTOR ( 'NONE', #847, 1000.000000000000000 ) ;
#957 = FACE_OUTER_BOUND ( 'NONE', #211, .T. ) ;
#958 = EDGE_CURVE ( 'NONE', #1841, #2221, #1129, .T. ) ;
#959 = DIRECTION ( 'NONE',  ( -1.000000000000000000, 0.000000000000000000, 0.000000000000000000 ) ) ;
#960 = CARTESIAN_POINT ( 'NONE',  ( -17.09999999999999787, 0.000000000000000000, 1.500000000000000000 ) ) ;
#961 = ORIENTED_EDGE ( 'NONE', *, *, #1142, .F. ) ;
#962 = ORIENTED_EDGE ( 'NONE', *, *, #1004, .T. ) ;
#963 = DIRECTION ( 'NONE',  ( -1.000000000000000000, 0.000000000000000000, 0.000000000000000000 ) ) ;
#964 = CARTESIAN_POINT ( 'NONE',  ( -31.74999999999994316, -62.23000000000000398, -1.500000000000000000 ) ) ;
#965 = LINE ( 'NONE', #1686, #1322 ) ;
#966 = CARTESIAN_POINT ( 'NONE',  ( -21.74999999999994316, -39.33645190094915733, 3.437432598306927822 ) ) ;
#967 = VERTEX_POINT ( 'NONE', #1661 ) ;
#968 = ADVANCED_FACE ( 'NONE', ( #1269 ), #518, .T. ) ;
#969 = CARTESIAN_POINT ( 'NONE',  ( -22.74159612822009890, -26.37686587572046903, 1.500000000000000000 ) ) ;
#970 = LINE ( 'NONE', #608, #16 ) ;
#971 = CARTESIAN_POINT ( 'NONE',  ( -17.50909521239880817, -4.080820025368040227, 3.500000000000000000 ) ) ;
#972 = ORIENTED_EDGE ( 'NONE', *, *, #2261, .F. ) ;
#973 = VERTEX_POINT ( 'NONE', #463 ) ;
#974 = CARTESIAN_POINT ( 'NONE',  ( 31.72332790039117612, -62.15222573574429532, 18.41404560534114410 ) ) ;
#975 = CARTESIAN_POINT ( 'NONE',  ( -28.12452117455129041, -49.80773241050972899, 6.187137536857264308 ) ) ;
#976 = CARTESIAN_POINT ( 'NONE',  ( -31.33778402724858481, -62.29321113961277234, -2.723154271167797624 ) ) ;
#977 = DIRECTION ( 'NONE',  ( 1.000000000000000000, 0.000000000000000000, 0.000000000000000000 ) ) ;
#978 = CARTESIAN_POINT ( 'NONE',  ( 31.33778402724867718, -62.29321113961281497, -2.723154271167712803 ) ) ;
#979 = EDGE_LOOP ( 'NONE', ( #1528, #570, #526 ) ) ;
#980 = DIRECTION ( 'NONE',  ( 1.000000000000000000, 0.000000000000000000, 0.000000000000000000 ) ) ;
#981 = CARTESIAN_POINT ( 'NONE',  ( 31.72411719003556030, -62.23000000000000398, 16.72257177937378714 ) ) ;
#982 = AXIS2_PLACEMENT_3D ( 'NONE', #2219, #1838, #1462 ) ;
#983 = CARTESIAN_POINT ( 'NONE',  ( -19.14886221654048271, -0.5050022861510500283, 1.500000000000000000 ) ) ;
#984 = ORIENTED_EDGE ( 'NONE', *, *, #38, .T. ) ;
#985 = EDGE_LOOP ( 'NONE', ( #1493, #984, #1935, #1429, #1810, #1110, #2158, #344, #1725, #955, #381, #992 ) ) ;
#986 = ADVANCED_FACE ( 'NONE', ( #258 ), #474, .T. ) ;
#987 = CARTESIAN_POINT ( 'NONE',  ( 32.04056190066829402, -63.14987610095491988, 17.20481979838007547 ) ) ;
#988 = CARTESIAN_POINT ( 'NONE',  ( 21.74999999999994316, -62.14580679184712864, 18.40695153068380918 ) ) ;
#989 = CARTESIAN_POINT ( 'NONE',  ( -31.68559880943270457, -62.23987839220162499, -2.020193707620449253 ) ) ;
#990 = CARTESIAN_POINT ( 'NONE',  ( 23.74999999999238298, -39.75526580160202883, 3.581559080932809724 ) ) ;
#991 = DIRECTION ( 'NONE',  ( 1.000000000000000000, 0.000000000000000000, 0.000000000000000000 ) ) ;
#992 = ORIENTED_EDGE ( 'NONE', *, *, #1500, .T. ) ;
#993 = DIRECTION ( 'NONE',  ( 0.000000000000000000, 0.000000000000000000, 1.000000000000000000 ) ) ;
#994 = CARTESIAN_POINT ( 'NONE',  ( -21.74999999999994316, -62.23000000000000398, 18.50000000000000355 ) ) ;
#995 = FILL_AREA_STYLE_COLOUR ( '', #1090 ) ;
#996 = AXIS2_PLACEMENT_3D ( 'NONE', #529, #1250, #1071 ) ;
#997 = ORIENTED_EDGE ( 'NONE', *, *, #2145, .T. ) ;
#998 =( GEOMETRIC_REPRESENTATION_CONTEXT ( 3 ) GLOBAL_UNCERTAINTY_ASSIGNED_CONTEXT ( ( #2066 ) ) GLOBAL_UNIT_ASSIGNED_CONTEXT ( ( #447, #1717, #270 ) ) REPRESENTATION_CONTEXT ( 'NONE', 'WORKASPACE' ) );
#999 = EDGE_CURVE ( 'NONE', #652, #2071, #1187, .T. ) ;
#1000 = EDGE_CURVE ( 'NONE', #784, #1450, #663, .T. ) ;
#1001 = CARTESIAN_POINT ( 'NONE',  ( 30.74514605024617708, -58.97408778957791498, 12.97861058614961394 ) ) ;
#1002 = CARTESIAN_POINT ( 'NONE',  ( -27.59246717701639184, -47.80359708209976333, 5.069185189965039307 ) ) ;
#1003 = CARTESIAN_POINT ( 'NONE',  ( 21.74999999999994316, -59.70943901791880393, 13.10129299364487920 ) ) ;
#1004 = EDGE_CURVE ( 'NONE', #2234, #1640, #771, .T. ) ;
#1005 = CARTESIAN_POINT ( 'NONE',  ( 30.01091065991431961, -62.49639434055315945, -3.499999999999997780 ) ) ;
#1006 = ORIENTED_EDGE ( 'NONE', *, *, #1823, .T. ) ;
#1007 = CARTESIAN_POINT ( 'NONE',  ( 31.86536121996861581, -62.59717823625632604, -1.500000000000000000 ) ) ;
#1008 = PLANE ( 'NONE',  #2193 ) ;
#1009 = EDGE_CURVE ( 'NONE', #631, #641, #1865, .T. ) ;
#1010 = CARTESIAN_POINT ( 'NONE',  ( -19.77987833865905287, -6.380287523649212034, 3.500000000000369038 ) ) ;
#1011 = ORIENTED_EDGE ( 'NONE', *, *, #1662, .F. ) ;
#1012 = CARTESIAN_POINT ( 'NONE',  ( 26.31782393823865362, -49.74908992632499860, 8.208482942564623741 ) ) ;
#1013 = CARTESIAN_POINT ( 'NONE',  ( 21.74999999999993960, -60.38347734577213544, 16.54796831017148406 ) ) ;
#1014 = ADVANCED_FACE ( 'NONE', ( #630, #826 ), #286, .T. ) ;
#1015 = DIRECTION ( 'NONE',  ( -0.000000000000000000, -1.000000000000000000, -0.000000000000000000 ) ) ;
#1016 = PLANE ( 'NONE',  #506 ) ;
#1017 = CARTESIAN_POINT ( 'NONE',  ( 30.75299491667703933, -62.38281745169818038, -3.249642533008143541 ) ) ;
#1018 = ORIENTED_EDGE ( 'NONE', *, *, #562, .T. ) ;
#1019 = PRODUCT_RELATED_PRODUCT_CATEGORY ( 'part', '', ( #1192 ) ) ;
#1020 = CARTESIAN_POINT ( 'NONE',  ( -25.46172074259228779, -46.62923446229827107, 6.489869452314078302 ) ) ;
#1021 = AXIS2_PLACEMENT_3D ( 'NONE', #156, #1764, #892 ) ;
#1022 = ORIENTED_EDGE ( 'NONE', *, *, #341, .F. ) ;
#1023 = EDGE_CURVE ( 'NONE', #1328, #22, #681, .T. ) ;
#1024 = AXIS2_PLACEMENT_3D ( 'NONE', #398, #1831, #2228 ) ;
#1025 = CARTESIAN_POINT ( 'NONE',  ( 25.75190864895320431, -47.70207572684110886, 7.050166881186192391 ) ) ;
#1026 = CARTESIAN_POINT ( 'NONE',  ( -25.53004717519857181, -39.39987135302541077, 1.500000000000000000 ) ) ;
#1027 = FACE_OUTER_BOUND ( 'NONE', #1229, .T. ) ;
#1028 =( NAMED_UNIT ( * ) SI_UNIT ( $, .STERADIAN. ) SOLID_ANGLE_UNIT ( ) );
#1029 = DIRECTION ( 'NONE',  ( 1.000000000000000000, 0.000000000000000000, 0.000000000000000000 ) ) ;
#1030 = DIRECTION ( 'NONE',  ( 0.000000000000000000, 0.000000000000000000, 1.000000000000000000 ) ) ;
#1031 = CARTESIAN_POINT ( 'NONE',  ( -28.28422347843997997, -50.38678494191160695, 8.592476899199031237 ) ) ;
#1032 = DIRECTION ( 'NONE',  ( 0.000000000000000000, 0.000000000000000000, -1.000000000000000000 ) ) ;
#1033 = ORIENTED_EDGE ( 'NONE', *, *, #2086, .T. ) ;
#1034 = DIRECTION ( 'NONE',  ( 0.000000000000000000, -0.3317444628525949568, -0.9433692868472257631 ) ) ;
#1035 = VECTOR ( 'NONE', #1487, 1000.000000000000000 ) ;
#1036 = CARTESIAN_POINT ( 'NONE',  ( 21.11848485421015909, -16.42413842665878221, 3.499999999999999556 ) ) ;
#1037 = APPLICATION_PROTOCOL_DEFINITION ( 'draft international standard', 'automotive_design', 1998, #310 ) ;
#1038 = DIRECTION ( 'NONE',  ( 0.000000000000000000, -1.000000000000000000, 0.000000000000000000 ) ) ;
#1039 = DIRECTION ( 'NONE',  ( -0.000000000000000000, -0.000000000000000000, 1.000000000000000000 ) ) ;
#1040 = CARTESIAN_POINT ( 'NONE',  ( 23.74999999999993960, -61.47101858489720883, 17.66119054655557363 ) ) ;
#1041 = EDGE_CURVE ( 'NONE', #22, #1066, #2290, .T. ) ;
#1042 = ORIENTED_EDGE ( 'NONE', *, *, #1985, .F. ) ;
#1043 = CARTESIAN_POINT ( 'NONE',  ( 21.74999999999993960, -55.74799792682330235, 12.36823432779305243 ) ) ;
#1044 = CARTESIAN_POINT ( 'NONE',  ( 17.24196910184526033, -1.545010594712965313, 3.500000000000000000 ) ) ;
#1045 = CARTESIAN_POINT ( 'NONE',  ( 31.74999999999994316, -62.23000000000000398, 26.50000000000000000 ) ) ;
#1046 = DIRECTION ( 'NONE',  ( -0.000000000000000000, -0.000000000000000000, -1.000000000000000000 ) ) ;
#1047 = CARTESIAN_POINT ( 'NONE',  ( 19.05337880566247222, 0.4818408044186326955, -3.500000000000000444 ) ) ;
#1048 = CARTESIAN_POINT ( 'NONE',  ( -2.600000000000001421, -69.98000000000000398, 126.6748799999999875 ) ) ;
#1049 = CARTESIAN_POINT ( 'NONE',  ( 18.89742769623198271, -0.009752749220015326931, -2.386805041630745361 ) ) ;
#1050 = ORIENTED_EDGE ( 'NONE', *, *, #81, .T. ) ;
#1051 = AXIS2_PLACEMENT_3D ( 'NONE', #632, #236, #1348 ) ;
#1052 = CARTESIAN_POINT ( 'NONE',  ( 21.74999999999994316, -51.23064877768526770, 6.722121169646058547 ) ) ;
#1053 = CARTESIAN_POINT ( 'NONE',  ( -23.74999999999638334, -62.23000000000000398, 18.50000000000000000 ) ) ;
#1054 = CARTESIAN_POINT ( 'NONE',  ( 24.25174054196295614, -39.73788691542216611, 3.500000000000000000 ) ) ;
#1055 = CARTESIAN_POINT ( 'NONE',  ( 23.74999999999947420, -40.57499005064740771, 3.500000000000000000 ) ) ;
#1056 = CARTESIAN_POINT ( 'NONE',  ( 22.72155102095103629, -26.12959671706490994, -3.499999999999996891 ) ) ;
#1057 = CARTESIAN_POINT ( 'NONE',  ( 17.36229583233002316, -0.08191269648454185814, -3.500000000003046896 ) ) ;
#1058 = CARTESIAN_POINT ( 'NONE',  ( -31.86536121996862292, -62.59717823625636868, -3.500000000000000444 ) ) ;
#1059 = ORIENTED_EDGE ( 'NONE', *, *, #1912, .T. ) ;
#1060 = CARTESIAN_POINT ( 'NONE',  ( -24.26749303962113302, -42.04963527706703985, 4.388142603378873297 ) ) ;
#1061 = EDGE_CURVE ( 'NONE', #1209, #2052, #86, .T. ) ;
#1062 = CARTESIAN_POINT ( 'NONE',  ( -18.69093652004148964, -0.01963998146585673246, 2.718999905640428150 ) ) ;
#1063 = VECTOR ( 'NONE', #1791, 1000.000000000000000 ) ;
#1064 = CARTESIAN_POINT ( 'NONE',  ( 23.74999999998924594, -40.57499005054383190, 1.749509542842600629 ) ) ;
#1065 = CARTESIAN_POINT ( 'NONE',  ( 26.87118310963089840, -52.82985090899596514, -3.500000000000002220 ) ) ;
#1066 = VERTEX_POINT ( 'NONE', #274 ) ;
#1067 = DIRECTION ( 'NONE',  ( -1.000000000000000000, 0.000000000000000000, 0.000000000000000000 ) ) ;
#1068 = CARTESIAN_POINT ( 'NONE',  ( 17.09974235922041785, -0.09386824961390394240, -3.500000000000000000 ) ) ;
#1069 = EDGE_CURVE ( 'NONE', #2071, #1406, #640, .T. ) ;
#1070 = CARTESIAN_POINT ( 'NONE',  ( -21.79175693228061306, -20.83777276462276262, -3.500000000004692247 ) ) ;
#1071 = DIRECTION ( 'NONE',  ( -1.000000000000000000, 0.000000000000000000, 0.000000000000000000 ) ) ;
#1072 = B_SPLINE_SURFACE_WITH_KNOTS ( 'NONE', 2, 1, ( 
 ( #2168, #1122 ),
 ( #214, #757 ),
 ( #1262, #192 ) ),
 .UNSPECIFIED., .F., .F., .F.,
 ( 3, 3 ),
 ( 2, 2 ),
 ( 0.000000000000000000, 1.000000000000000000 ),
 ( 0.000000000000000000, 1.000000000000000000 ),
 .UNSPECIFIED. ) ;
#1073 = CARTESIAN_POINT ( 'NONE',  ( -28.84013543598875273, -58.24159732120974553, 14.49144723662228351 ) ) ;
#1074 = ORIENTED_EDGE ( 'NONE', *, *, #2261, .T. ) ;
#1075 = DIRECTION ( 'NONE',  ( 1.000000000000000000, 0.000000000000000000, 0.000000000000000000 ) ) ;
#1076 = CARTESIAN_POINT ( 'NONE',  ( -31.94377515890049679, -62.84458822525290600, 16.86687058269991013 ) ) ;
#1077 = CARTESIAN_POINT ( 'NONE',  ( 19.81864851452064258, -21.16653517252131422, -3.500000000000000444 ) ) ;
#1078 = CARTESIAN_POINT ( 'NONE',  ( -21.74999999999994316, -62.23000000000000398, 3.500000000000003109 ) ) ;
#1079 = CARTESIAN_POINT ( 'NONE',  ( 23.74999999999993605, -60.68730225011620405, 16.84403622757435315 ) ) ;
#1080 = ADVANCED_FACE ( 'NONE', ( #2078 ), #1720, .F. ) ;
#1081 = CARTESIAN_POINT ( 'NONE',  ( -19.18356022278818784, -0.8586847269334629829, -1.500000000000000888 ) ) ;
#1082 = EDGE_LOOP ( 'NONE', ( #1174, #1749 ) ) ;
#1083 = CARTESIAN_POINT ( 'NONE',  ( 25.52559564167518502, -39.38062857317887477, 1.623376040408622600 ) ) ;
#1084 = ORIENTED_EDGE ( 'NONE', *, *, #1945, .F. ) ;
#1085 = DIRECTION ( 'NONE',  ( -1.000000000000000000, 0.000000000000000000, 0.000000000000000000 ) ) ;
#1086 = CARTESIAN_POINT ( 'NONE',  ( 0.000000000000000000, 0.000000000000000000, 3.500000000000000000 ) ) ;
#1087 = CARTESIAN_POINT ( 'NONE',  ( -17.57499999999997087, -69.98000000000000398, 126.6748799999999875 ) ) ;
#1088 = AXIS2_PLACEMENT_3D ( 'NONE', #735, #1126, #1673 ) ;
#1089 = DIRECTION ( 'NONE',  ( 1.000000000000000000, 0.000000000000000000, 0.000000000000000000 ) ) ;
#1090 = COLOUR_RGB ( '',0.7921568627450980005, 0.8196078431372548767, 0.9333333333333333481 ) ;
#1091 = EDGE_CURVE ( 'NONE', #1523, #394, #1799, .T. ) ;
#1092 = CARTESIAN_POINT ( 'NONE',  ( -21.75000000000621014, -59.09673847882393716, 15.28099108816614304 ) ) ;
#1093 = CARTESIAN_POINT ( 'NONE',  ( -30.87075043325174306, -59.38621321077403792, -1.500000000000293099 ) ) ;
#1094 = VERTEX_POINT ( 'NONE', #685 ) ;
#1095 = CARTESIAN_POINT ( 'NONE',  ( -11.09999999999999964, 0.000000000000000000, 3.500000000000000000 ) ) ;
#1096 = DIRECTION ( 'NONE',  ( 0.000000000000000000, 1.000000000000000000, 0.000000000000000000 ) ) ;
#1097 = ORIENTED_EDGE ( 'NONE', *, *, #891, .F. ) ;
#1098 = FACE_OUTER_BOUND ( 'NONE', #2312, .T. ) ;
#1099 = DIRECTION ( 'NONE',  ( 0.000000000000000000, 0.9433692868478493754, -0.3317444628508220972 ) ) ;
#1100 = B_SPLINE_CURVE_WITH_KNOTS ( 'NONE', 3,
 ( #2027, #429, #969, #222, #1663, #53, #1155, #1689 ),
 .UNSPECIFIED., .F., .F.,
 ( 4, 2, 2, 4 ),
 ( 0.02366566563935087325, 0.04363856793702269865, 0.05362501908585860788, 0.06361147023469451711 ),
 .UNSPECIFIED. ) ;
#1101 = CARTESIAN_POINT ( 'NONE',  ( -30.38177786524778767, -62.22999999999998977, 18.48154583618489610 ) ) ;
#1102 = FACE_OUTER_BOUND ( 'NONE', #253, .T. ) ;
#1103 = VECTOR ( 'NONE', #401, 1000.000000000000000 ) ;
#1104 = CARTESIAN_POINT ( 'NONE',  ( -21.74999999999680966, -60.34053053536672451, 16.50460434162462775 ) ) ;
#1105 = CARTESIAN_POINT ( 'NONE',  ( -31.46258516877266587, -61.31265913741673046, -3.500000000000150102 ) ) ;
#1106 = ORIENTED_EDGE ( 'NONE', *, *, #1404, .F. ) ;
#1107 = CARTESIAN_POINT ( 'NONE',  ( -31.74999999999994316, -77.72999999999998977, 26.50000000000000000 ) ) ;
#1108 = ORIENTED_EDGE ( 'NONE', *, *, #1456, .F. ) ;
#1109 = CARTESIAN_POINT ( 'NONE',  ( -31.74999999999994316, -62.23000000000000398, 26.50000000000000000 ) ) ;
#1110 = ORIENTED_EDGE ( 'NONE', *, *, #9, .F. ) ;
#1111 = ADVANCED_FACE ( 'NONE', ( #851 ), #1403, .F. ) ;
#1112 = CARTESIAN_POINT ( 'NONE',  ( -18.60650920962159560, -0.02366798197270040746, 2.821888124901031247 ) ) ;
#1113 = CARTESIAN_POINT ( 'NONE',  ( 0.000000000000000000, 0.000000000000000000, 136.1998800000000074 ) ) ;
#1114 = CARTESIAN_POINT ( 'NONE',  ( 4.450000000000016165, -62.23000000000000398, 136.1998800000000074 ) ) ;
#1115 = DIRECTION ( 'NONE',  ( 0.000000000000000000, 1.000000000000000000, 0.000000000000000000 ) ) ;
#1116 = CARTESIAN_POINT ( 'NONE',  ( -21.74999999999994316, -61.35357275396201260, 17.55163624376532994 ) ) ;
#1117 = ORIENTED_EDGE ( 'NONE', *, *, #548, .F. ) ;
#1118 = CARTESIAN_POINT ( 'NONE',  ( 19.12657814418319902, -16.62395351280380140, 3.500000000000000888 ) ) ;
#1119 = CARTESIAN_POINT ( 'NONE',  ( 21.78763014564340850, -62.23000000000001108, 16.22491972998199117 ) ) ;
#1120 = CARTESIAN_POINT ( 'NONE',  ( -31.74999999999994316, -62.23000000000000398, 26.49999999999999645 ) ) ;
#1121 = ORIENTED_EDGE ( 'NONE', *, *, #1785, .T. ) ;
#1122 = CARTESIAN_POINT ( 'NONE',  ( 31.74999999999994316, -62.23000000000000398, -1.500000000000000888 ) ) ;
#1123 = ORIENTED_EDGE ( 'NONE', *, *, #825, .F. ) ;
#1124 = CARTESIAN_POINT ( 'NONE',  ( 31.74999999999994316, -77.72999999999998977, 26.50000000000000000 ) ) ;
#1125 = CARTESIAN_POINT ( 'NONE',  ( 24.77499999999997016, -69.98000000000000398, 136.1998800000000074 ) ) ;
#1126 = DIRECTION ( 'NONE',  ( 0.000000000000000000, 0.000000000000000000, 1.000000000000000000 ) ) ;
#1127 = CARTESIAN_POINT ( 'NONE',  ( 31.75000000020868640, -62.23000000069067283, 1.500000000000001332 ) ) ;
#1128 = CIRCLE ( 'NONE', #153, 3.599999999999999201 ) ;
#1129 = LINE ( 'NONE', #2203, #1035 ) ;
#1130 = VECTOR ( 'NONE', #103, 1000.000000000000000 ) ;
#1131 = CARTESIAN_POINT ( 'NONE',  ( -31.75000000020868640, -62.23000000069067283, 16.29081546499278232 ) ) ;
#1132 = B_SPLINE_CURVE_WITH_KNOTS ( 'NONE', 3,
 ( #205, #1803, #909, #34, #745, #1467, #2185, #571, #1289, #940, #1832, #412, #764, #220 ),
 .UNSPECIFIED., .F., .F.,
 ( 4, 2, 2, 2, 2, 2, 4 ),
 ( 0.0009740589362606077561, 0.002437477735197197785, 0.003900896534133787598, 0.005364315333070376543, 0.006096024732538668847, 0.006461879432272818469, 0.006827734132006968090 ),
 .UNSPECIFIED. ) ;
#1133 = CARTESIAN_POINT ( 'NONE',  ( 31.74999999999994316, -77.72999999999998977, 3.500000000000000000 ) ) ;
#1134 = CARTESIAN_POINT ( 'NONE',  ( 23.65418293177752673, -39.51434600053518409, 3.498212277421719918 ) ) ;
#1135 = ORIENTED_EDGE ( 'NONE', *, *, #1921, .T. ) ;
#1136 = CARTESIAN_POINT ( 'NONE',  ( -17.12780103869357973, -0.3838611783662946864, -3.500000000000000000 ) ) ;
#1137 = EDGE_LOOP ( 'NONE', ( #213, #1074, #1700, #636 ) ) ;
#1138 = CARTESIAN_POINT ( 'NONE',  ( 23.74999999999994316, -62.23000000000000398, 18.50000000000000355 ) ) ;
#1139 = CARTESIAN_POINT ( 'NONE',  ( -30.74787302995948579, -58.99679210913880922, 12.95360826557826783 ) ) ;
#1140 = CARTESIAN_POINT ( 'NONE',  ( 29.18831227210679913, -53.66710895883558408, 8.673336495768705134 ) ) ;
#1141 = CARTESIAN_POINT ( 'NONE',  ( 28.16943374849503101, -50.83357058146104634, 16.29081546499482158 ) ) ;
#1142 = EDGE_CURVE ( 'NONE', #1652, #599, #793, .T. ) ;
#1143 = CARTESIAN_POINT ( 'NONE',  ( 31.68559880943272589, -62.23987839220165341, -2.020193707620407508 ) ) ;
#1144 = DIRECTION ( 'NONE',  ( 0.000000000000000000, 1.000000000000000000, -0.000000000000000000 ) ) ;
#1145 = LINE ( 'NONE', #1133, #317 ) ;
#1146 = DIRECTION ( 'NONE',  ( 0.000000000000000000, 0.000000000000000000, -1.000000000000000000 ) ) ;
#1147 = ORIENTED_EDGE ( 'NONE', *, *, #786, .F. ) ;
#1148 = ORIENTED_EDGE ( 'NONE', *, *, #1592, .F. ) ;
#1149 = CARTESIAN_POINT ( 'NONE',  ( 31.54971031875230381, -61.59113859534336655, 15.52825863634140724 ) ) ;
#1150 = CARTESIAN_POINT ( 'NONE',  ( -23.11677714032739672, -62.22999999999998977, 18.35650597009160023 ) ) ;
#1151 = PLANE ( 'NONE',  #938 ) ;
#1152 = CARTESIAN_POINT ( 'NONE',  ( 31.75000000020868640, -62.23000000069067283, 16.29081546499482158 ) ) ;
#1153 = CARTESIAN_POINT ( 'NONE',  ( 31.75000000028682479, -62.23000000066214454, 1.500000000000001332 ) ) ;
#1154 = ORIENTED_EDGE ( 'NONE', *, *, #1930, .T. ) ;
#1155 = CARTESIAN_POINT ( 'NONE',  ( -19.42069090890753458, -3.314414564308183930, 1.500000000000000000 ) ) ;
#1156 = ADVANCED_FACE ( 'NONE', ( #1226 ), #560, .T. ) ;
#1157 = FACE_OUTER_BOUND ( 'NONE', #2283, .T. ) ;
#1158 = DIRECTION ( 'NONE',  ( 0.000000000000000000, -1.000000000000000000, 0.000000000000000000 ) ) ;
#1159 = VERTEX_POINT ( 'NONE', #1048 ) ;
#1160 = ORIENTED_EDGE ( 'NONE', *, *, #2002, .F. ) ;
#1161 = CARTESIAN_POINT ( 'NONE',  ( 23.50420546693769808, -39.51954912105337314, 3.500000000000123013 ) ) ;
#1162 = CARTESIAN_POINT ( 'NONE',  ( -26.54735778350856279, -43.68881548808774085, 3.096636353902199712 ) ) ;
#1163 = CARTESIAN_POINT ( 'NONE',  ( -23.74999999999993960, -60.68719839591542353, 16.84392795830707001 ) ) ;
#1164 = CARTESIAN_POINT ( 'NONE',  ( 0.000000000000000000, -69.98000000000000398, 126.6748799999999875 ) ) ;
#1165 = CARTESIAN_POINT ( 'NONE',  ( -23.79813432402372086, -31.42863518850452920, -3.500000000000000000 ) ) ;
#1166 = ORIENTED_EDGE ( 'NONE', *, *, #1505, .F. ) ;
#1167 = VECTOR ( 'NONE', #2148, 1000.000000000000000 ) ;
#1168 = EDGE_CURVE ( 'NONE', #967, #229, #1215, .T. ) ;
#1169 = CARTESIAN_POINT ( 'NONE',  ( 19.05337880566246866, 0.4818408044186326955, -1.500000000000000000 ) ) ;
#1170 = LINE ( 'NONE', #792, #1894 ) ;
#1171 = STYLED_ITEM ( 'NONE', ( #830 ), #2075 ) ;
#1172 = CARTESIAN_POINT ( 'NONE',  ( -19.14886221654094811, -0.5050022861509991801, 3.500000000000000444 ) ) ;
#1173 = ORIENTED_EDGE ( 'NONE', *, *, #1391, .T. ) ;
#1174 = ORIENTED_EDGE ( 'NONE', *, *, #516, .F. ) ;
#1175 = CARTESIAN_POINT ( 'NONE',  ( 31.94321695941142991, -62.84282431492148646, 16.86493440340591832 ) ) ;
#1176 = EDGE_CURVE ( 'NONE', #1601, #92, #869, .T. ) ;
#1177 = CARTESIAN_POINT ( 'NONE',  ( 23.74999999999994316, -62.34327988226291950, 18.62519441746058035 ) ) ;
#1178 = CARTESIAN_POINT ( 'NONE',  ( -23.74999999999993960, -61.47109202111390402, 17.66127170663614265 ) ) ;
#1179 = EDGE_CURVE ( 'NONE', #1450, #2303, #2289, .T. ) ;
#1180 = CARTESIAN_POINT ( 'NONE',  ( 31.54562117593648196, -62.26134577089504063, -2.390523159351776172 ) ) ;
#1181 = ORIENTED_EDGE ( 'NONE', *, *, #1658, .T. ) ;
#1182 = CARTESIAN_POINT ( 'NONE',  ( 31.46258516876800826, -61.31265913741920315, -3.500000000000879741 ) ) ;
#1183 = FACE_OUTER_BOUND ( 'NONE', #1274, .T. ) ;
#1184 = CARTESIAN_POINT ( 'NONE',  ( -20.63055324792711076, -13.08071136858968586, 1.499999999998526290 ) ) ;
#1185 = EDGE_CURVE ( 'NONE', #1854, #1652, #2112, .T. ) ;
#1186 = ORIENTED_EDGE ( 'NONE', *, *, #763, .T. ) ;
#1187 = CIRCLE ( 'NONE', #1778, 3.599999999999999201 ) ;
#1188 = CARTESIAN_POINT ( 'NONE',  ( 27.68633092396382267, -48.14047705047722303, 5.287699160847078694 ) ) ;
#1189 = CARTESIAN_POINT ( 'NONE',  ( 21.74999999999994316, -63.43005887625129446, 16.84649981358088056 ) ) ;
#1190 = CARTESIAN_POINT ( 'NONE',  ( -31.74999999999994316, -62.23000000000000398, 3.500000000000000000 ) ) ;
#1191 = EDGE_CURVE ( 'NONE', #1669, #585, #371, .T. ) ;
#1192 = PRODUCT ( 'roller_2', 'roller_2', '', ( #108 ) ) ;
#1193 = CARTESIAN_POINT ( 'NONE',  ( -21.74999999999994316, -62.23000000000000398, 15.57745309919777910 ) ) ;
#1194 = DIRECTION ( 'NONE',  ( 0.000000000000000000, 0.000000000000000000, 1.000000000000000000 ) ) ;
#1195 = ORIENTED_EDGE ( 'NONE', *, *, #2324, .F. ) ;
#1196 = EDGE_CURVE ( 'NONE', #313, #414, #417, .T. ) ;
#1197 = CARTESIAN_POINT ( 'NONE',  ( -31.74999999999994316, -62.23000000000000398, 136.1998800000000074 ) ) ;
#1198 = ORIENTED_EDGE ( 'NONE', *, *, #1205, .T. ) ;
#1199 = CARTESIAN_POINT ( 'NONE',  ( 26.02438069402830578, -41.54232763218586655, 2.220206722525139398 ) ) ;
#1200 = CARTESIAN_POINT ( 'NONE',  ( 21.74999999999891998, -61.56889045265395310, 17.78051578967072999 ) ) ;
#1201 = CARTESIAN_POINT ( 'NONE',  ( -2.600000000000001421, -69.98000000000000398, 126.6748799999999875 ) ) ;
#1202 = APPLICATION_PROTOCOL_DEFINITION ( 'draft international standard', 'automotive_design', 1998, #671 ) ;
#1203 = CARTESIAN_POINT ( 'NONE',  ( -25.52118428873027156, -39.36155948317234987, 1.745638332897856193 ) ) ;
#1204 = CARTESIAN_POINT ( 'NONE',  ( -10.55000000000002380, -77.72999999999998977, 136.1998800000000074 ) ) ;
#1205 = EDGE_CURVE ( 'NONE', #1328, #1969, #2063, .T. ) ;
#1206 = CARTESIAN_POINT ( 'NONE',  ( -24.62470071519650006, -43.46023578255380926, 4.965077756569328038 ) ) ;
#1207 = CARTESIAN_POINT ( 'NONE',  ( -31.74999999999994316, -62.23000000000000398, 136.1998800000000074 ) ) ;
#1208 = AXIS2_PLACEMENT_3D ( 'NONE', #294, #1015, #2061 ) ;
#1209 = VERTEX_POINT ( 'NONE', #143 ) ;
#1210 = AXIS2_PLACEMENT_3D ( 'NONE', #1544, #483, #1213 ) ;
#1211 = CARTESIAN_POINT ( 'NONE',  ( 21.74999999999993960, -59.16833073978872193, 15.34939731470214497 ) ) ;
#1212 = CARTESIAN_POINT ( 'NONE',  ( -23.74999999999638334, -39.75526580162228640, 3.581559080939869855 ) ) ;
#1213 = DIRECTION ( 'NONE',  ( 1.000000000000000000, 0.000000000000000000, 0.000000000000000000 ) ) ;
#1214 = CARTESIAN_POINT ( 'NONE',  ( -25.32790094035014050, -39.30967554296348254, 2.330787064789152652 ) ) ;
#1215 = LINE ( 'NONE', #142, #491 ) ;
#1216 = ADVANCED_FACE ( 'NONE', ( #1933 ), #168, .F. ) ;
#1217 = CARTESIAN_POINT ( 'NONE',  ( -25.36271565852810994, -38.67493227550216517, 3.215602843860336346 ) ) ;
#1218 = CYLINDRICAL_SURFACE ( 'NONE', #862, 3.599999999999999201 ) ;
#1219 = VERTEX_POINT ( 'NONE', #860 ) ;
#1220 = CARTESIAN_POINT ( 'NONE',  ( 23.74999999999994316, -48.22814607687713817, 7.296214127620127776 ) ) ;
#1221 = CIRCLE ( 'NONE', #2279, 2.000000000000000000 ) ;
#1222 = CARTESIAN_POINT ( 'NONE',  ( 24.05677818126597600, -33.05452592111354448, 1.500000000011793455 ) ) ;
#1223 = CARTESIAN_POINT ( 'NONE',  ( -24.60939894034791209, -39.33763458506746247, 3.163559234814623977 ) ) ;
#1224 = DIRECTION ( 'NONE',  ( -1.000000000000000000, 0.000000000000000000, 0.000000000000000000 ) ) ;
#1225 = CARTESIAN_POINT ( 'NONE',  ( 29.91032727022311022, -56.16807144031692900, -1.499999999999414912 ) ) ;
#1226 = FACE_OUTER_BOUND ( 'NONE', #1693, .T. ) ;
#1227 = B_SPLINE_SURFACE_WITH_KNOTS ( 'NONE', 2, 1, ( 
 ( #1161, #1519 ),
 ( #2033, #269 ),
 ( #1480, #254 ) ),
 .UNSPECIFIED., .F., .F., .F.,
 ( 3, 3 ),
 ( 2, 2 ),
 ( 0.7906478102504755912, 0.7911159367251100472 ),
 ( 0.000000000000000000, 1.000000000000000000 ),
 .UNSPECIFIED. ) ;
#1228 = CARTESIAN_POINT ( 'NONE',  ( 19.08703504500411796, -0.0006260631603916984571, -1.762048285359312461 ) ) ;
#1229 = EDGE_LOOP ( 'NONE', ( #2280, #138, #702 ) ) ;
#1230 = CARTESIAN_POINT ( 'NONE',  ( 23.74999999999994316, -39.91150112484223911, 3.636248116538188135 ) ) ;
#1231 = CARTESIAN_POINT ( 'NONE',  ( 18.64982017788140212, -13.35853952978927772, 3.499999999999999556 ) ) ;
#1232 = CARTESIAN_POINT ( 'NONE',  ( 21.91106276134879849, -21.55511791912387309, 1.500000000000000444 ) ) ;
#1233 = CARTESIAN_POINT ( 'NONE',  ( -31.56521895342834938, -61.64700309499518482, 17.86348389519806901 ) ) ;
#1234 = CARTESIAN_POINT ( 'NONE',  ( 21.79175693226637733, -20.83777276460077843, -1.500000000003519629 ) ) ;
#1235 = CARTESIAN_POINT ( 'NONE',  ( -17.57499999999997087, -69.98000000000000398, 126.6748799999999875 ) ) ;
#1236 = EDGE_CURVE ( 'NONE', #879, #221, #2124, .T. ) ;
#1237 = CARTESIAN_POINT ( 'NONE',  ( -30.28944101417208046, -57.45676869590596425, -3.499999999998824496 ) ) ;
#1238 = ORIENTED_EDGE ( 'NONE', *, *, #1613, .F. ) ;
#1239 = CIRCLE ( 'NONE', #609, 3.049999999999997158 ) ;
#1240 = CARTESIAN_POINT ( 'NONE',  ( 19.14096046290677933, -16.72395338767977435, 3.499999999999999556 ) ) ;
#1241 = ADVANCED_FACE ( 'NONE', ( #1578 ), #1218, .F. ) ;
#1242 = CARTESIAN_POINT ( 'NONE',  ( 17.09974235922041785, -0.09386824961390394240, 3.500000000000000000 ) ) ;
#1243 = CARTESIAN_POINT ( 'NONE',  ( -31.08633114261080621, -60.09862161526758939, 16.26147123154137830 ) ) ;
#1244 = CARTESIAN_POINT ( 'NONE',  ( 19.31961331331222453, -2.195333433785662258, -3.500000000000000888 ) ) ;
#1245 = EDGE_LOOP ( 'NONE', ( #1323, #2191, #932, #2318 ) ) ;
#1246 = CARTESIAN_POINT ( 'NONE',  ( -18.10699025176837296, -0.04732715695413338558, -3.247448379735878632 ) ) ;
#1247 = EDGE_CURVE ( 'NONE', #1841, #1477, #1786, .T. ) ;
#1248 = CARTESIAN_POINT ( 'NONE',  ( -21.74999999999994316, -46.59061805387485578, 4.221298440656048534 ) ) ;
#1249 = CARTESIAN_POINT ( 'NONE',  ( -22.72155102095187829, -26.12959671702527942, -1.499999999999999112 ) ) ;
#1250 = DIRECTION ( 'NONE',  ( 0.000000000000000000, 0.000000000000000000, -1.000000000000000000 ) ) ;
#1251 = ADVANCED_FACE ( 'NONE', ( #2133 ), #517, .T. ) ;
#1252 = CARTESIAN_POINT ( 'NONE',  ( 25.32166104588233679, -39.30894501832271715, 2.343929387442820200 ) ) ;
#1253 = ORIENTED_EDGE ( 'NONE', *, *, #232, .F. ) ;
#1254 = CARTESIAN_POINT ( 'NONE',  ( -19.09999999999999432, 5.293955920339369897E-20, 1.632129667175625798 ) ) ;
#1255 = VECTOR ( 'NONE', #839, 1000.000000000000000 ) ;
#1256 = DIRECTION ( 'NONE',  ( -1.000000000000000000, 2.540190280342358164E-13, 0.000000000000000000 ) ) ;
#1257 = CARTESIAN_POINT ( 'NONE',  ( 17.19339900046547598, -1.056869883082708128, -3.500000000000000000 ) ) ;
#1258 = DIRECTION ( 'NONE',  ( 0.000000000000000000, 0.000000000000000000, 1.000000000000000000 ) ) ;
#1259 = DIRECTION ( 'NONE',  ( 0.000000000000000000, 1.000000000000000000, 0.000000000000000000 ) ) ;
#1260 = CARTESIAN_POINT ( 'NONE',  ( -30.87075043325050316, -59.38621321077441451, -3.500000000000583089 ) ) ;
#1261 = CARTESIAN_POINT ( 'NONE',  ( 22.58492852273558427, -62.23000000000000398, 17.98257430025655168 ) ) ;
#1262 = CARTESIAN_POINT ( 'NONE',  ( 19.09999999999999787, 0.000000000000000000, 1.500000000000000000 ) ) ;
#1263 = VERTEX_POINT ( 'NONE', #1235 ) ;
#1264 = CARTESIAN_POINT ( 'NONE',  ( -18.32990998892936219, -0.03680818956224463090, 3.098512950549819234 ) ) ;
#1265 = CARTESIAN_POINT ( 'NONE',  ( -32.00876709341505943, -63.04970875370333516, 17.09320870129245051 ) ) ;
#1266 = ADVANCED_BREP_SHAPE_REPRESENTATION ( 'roller_2', ( #540, #2075, #1210 ), #2227 ) ;
#1267 = CARTESIAN_POINT ( 'NONE',  ( 28.12896428519206893, -49.80611717543732198, 6.227717916864214054 ) ) ;
#1268 = CARTESIAN_POINT ( 'NONE',  ( -21.17499999999997229, -69.98000000000000398, 136.1998800000000074 ) ) ;
#1269 = FACE_OUTER_BOUND ( 'NONE', #1777, .T. ) ;
#1270 = CARTESIAN_POINT ( 'NONE',  ( -19.60700558130008986, -4.866722970465430009, -1.500000000000586420 ) ) ;
#1271 = EDGE_LOOP ( 'NONE', ( #961, #1388 ) ) ;
#1272 = CARTESIAN_POINT ( 'NONE',  ( 31.74999999999994316, -62.23000000000000398, 3.500000000000000000 ) ) ;
#1273 = CARTESIAN_POINT ( 'NONE',  ( 25.50957092362222767, -39.36352335041352291, 1.749858894404810572 ) ) ;
#1274 = EDGE_LOOP ( 'NONE', ( #33, #2116, #2126, #2079, #1253, #291, #842, #1313 ) ) ;
#1275 = CIRCLE ( 'NONE', #1466, 2.000000000000000000 ) ;
#1276 = CARTESIAN_POINT ( 'NONE',  ( -23.82147443160555156, -39.46741464497386431, 3.478165439796754299 ) ) ;
#1277 = CARTESIAN_POINT ( 'NONE',  ( 31.74999999999994316, -77.72999999999998977, 26.50000000000000000 ) ) ;
#1278 = DIRECTION ( 'NONE',  ( -0.000000000000000000, -0.000000000000000000, 1.000000000000000000 ) ) ;
#1279 = AXIS2_PLACEMENT_3D ( 'NONE', #2302, #364, #1943 ) ;
#1280 = AXIS2_PLACEMENT_3D ( 'NONE', #385, #1032, #1974 ) ;
#1281 = CARTESIAN_POINT ( 'NONE',  ( -21.74999999999994316, -62.14326801117940136, 18.40414572650600888 ) ) ;
#1282 = ORIENTED_EDGE ( 'NONE', *, *, #330, .T. ) ;
#1283 = CARTESIAN_POINT ( 'NONE',  ( -31.06662671089553029, -60.02876115236439603, -3.499999999999856559 ) ) ;
#1284 = ORIENTED_EDGE ( 'NONE', *, *, #1996, .T. ) ;
#1285 = CARTESIAN_POINT ( 'NONE',  ( -23.70016834998195066, -39.49343466113590750, 3.490377983779241244 ) ) ;
#1286 = ORIENTED_EDGE ( 'NONE', *, *, #1061, .T. ) ;
#1287 = FACE_OUTER_BOUND ( 'NONE', #635, .T. ) ;
#1288 = ORIENTED_EDGE ( 'NONE', *, *, #2097, .F. ) ;
#1289 = CARTESIAN_POINT ( 'NONE',  ( -22.79728806525668361, -40.22833976662722222, 3.500000000000000888 ) ) ;
#1290 = CARTESIAN_POINT ( 'NONE',  ( -29.70701090823933654, -55.46305852385189183, 10.04133522001800394 ) ) ;
#1291 = CIRCLE ( 'NONE', #281, 2.000000000000000000 ) ;
#1292 = CARTESIAN_POINT ( 'NONE',  ( -31.74999999999994316, -77.72999999999998977, 26.50000000000000000 ) ) ;
#1293 =( LENGTH_UNIT ( ) NAMED_UNIT ( * ) SI_UNIT ( .MILLI., .METRE. ) );
#1294 = VECTOR ( 'NONE', #316, 1000.000000000000000 ) ;
#1295 = CARTESIAN_POINT ( 'NONE',  ( -21.74999999999994316, -44.48794590912436320, 3.229187535839177503 ) ) ;
#1296 = CARTESIAN_POINT ( 'NONE',  ( 19.09999999999999787, 0.000000000000000000, -1.500000000000000000 ) ) ;
#1297 = ORIENTED_EDGE ( 'NONE', *, *, #1061, .F. ) ;
#1298 = B_SPLINE_CURVE_WITH_KNOTS ( 'NONE', 3,
 ( #2163, #1458, #2142, #352, #1437, #1784 ),
 .UNSPECIFIED., .F., .F.,
 ( 4, 2, 4 ),
 ( 0.000000000000000000, 0.01183283281967543663, 0.02366566563935087325 ),
 .UNSPECIFIED. ) ;
#1299 = CARTESIAN_POINT ( 'NONE',  ( -31.74999999999994316, -77.72999999999998977, 3.500000000000000000 ) ) ;
#1300 = ORIENTED_EDGE ( 'NONE', *, *, #1822, .F. ) ;
#1301 = CARTESIAN_POINT ( 'NONE',  ( -29.99639991440155740, -61.85047887551249346, 18.08056201901041504 ) ) ;
#1302 = ORIENTED_EDGE ( 'NONE', *, *, #1236, .F. ) ;
#1303 = CARTESIAN_POINT ( 'NONE',  ( 30.43345253534242190, -57.94218505477505232, 14.21971516989372475 ) ) ;
#1304 = DIRECTION ( 'NONE',  ( -0.000000000000000000, 1.000000000000000000, -0.000000000000000000 ) ) ;
#1305 = CARTESIAN_POINT ( 'NONE',  ( -31.74999999993270805, -62.22999999999999687, 16.46451535712462899 ) ) ;
#1306 = FACE_OUTER_BOUND ( 'NONE', #2104, .T. ) ;
#1307 = CARTESIAN_POINT ( 'NONE',  ( -21.74999999999994316, -62.80640914698086874, 16.17709280590725740 ) ) ;
#1308 = ORIENTED_EDGE ( 'NONE', *, *, #1179, .F. ) ;
#1309 = CARTESIAN_POINT ( 'NONE',  ( 17.42059851695093187, -3.409990698649751018, 3.499999999999999556 ) ) ;
#1310 = DIRECTION ( 'NONE',  ( -0.000000000000000000, -1.000000000000000000, -0.000000000000000000 ) ) ;
#1311 = CARTESIAN_POINT ( 'NONE',  ( -26.57079670068228694, -52.38239516086228775, -3.500000000000000000 ) ) ;
#1312 = EDGE_CURVE ( 'NONE', #716, #796, #1530, .T. ) ;
#1313 = ORIENTED_EDGE ( 'NONE', *, *, #1853, .T. ) ;
#1314 = FACE_OUTER_BOUND ( 'NONE', #1581, .T. ) ;
#1315 = ORIENTED_EDGE ( 'NONE', *, *, #734, .T. ) ;
#1316 = CARTESIAN_POINT ( 'NONE',  ( 0.000000000000000000, 0.000000000000000000, 26.50000000000000000 ) ) ;
#1317 = CARTESIAN_POINT ( 'NONE',  ( -31.25603652102438446, -60.65778501281206303, 14.52821439288795702 ) ) ;
#1318 = CARTESIAN_POINT ( 'NONE',  ( 22.11298290682820067, -41.95807909857934703, 3.500000000000000444 ) ) ;
#1319 = DIRECTION ( 'NONE',  ( -1.000000000000000000, -0.000000000000000000, -0.000000000000000000 ) ) ;
#1320 = VECTOR ( 'NONE', #1811, 1000.000000000000000 ) ;
#1321 = CARTESIAN_POINT ( 'NONE',  ( -21.74999999999994316, -56.83587726369409410, 10.67640974185298575 ) ) ;
#1322 = VECTOR ( 'NONE', #1319, 1000.000000000000000 ) ;
#1323 = ORIENTED_EDGE ( 'NONE', *, *, #321, .T. ) ;
#1324 = CARTESIAN_POINT ( 'NONE',  ( 18.64607626534826323, -13.32644845561867974, 3.499999999999999556 ) ) ;
#1325 = CARTESIAN_POINT ( 'NONE',  ( -31.74999999999994316, -77.72999999999998977, 26.50000000000000000 ) ) ;
#1326 = CARTESIAN_POINT ( 'NONE',  ( 23.60377284771315587, -39.51441968771766255, 3.498236741020544827 ) ) ;
#1327 = ORIENTED_EDGE ( 'NONE', *, *, #1438, .F. ) ;
#1328 = VERTEX_POINT ( 'NONE', #1068 ) ;
#1329 = CARTESIAN_POINT ( 'NONE',  ( 31.65940953152767534, -61.94840341913373294, 18.18933669195715908 ) ) ;
#1330 = CARTESIAN_POINT ( 'NONE',  ( 25.33721362152975942, -46.17784893082111353, 6.237734935083724785 ) ) ;
#1331 = CARTESIAN_POINT ( 'NONE',  ( -20.73350240951058510, -26.51557902183664694, 3.500000000000000888 ) ) ;
#1332 = CARTESIAN_POINT ( 'NONE',  ( 30.15921817198618982, -52.86415590234512507, 8.149076496114945556 ) ) ;
#1333 = EDGE_CURVE ( 'NONE', #1066, #1969, #262, .T. ) ;
#1334 = CARTESIAN_POINT ( 'NONE',  ( 23.91411849260539668, -42.07148955356526443, -3.500000000000000000 ) ) ;
#1335 = CIRCLE ( 'NONE', #1676, 17.09999999999999787 ) ;
#1336 = CARTESIAN_POINT ( 'NONE',  ( -31.75000000020868640, -62.23000000069067283, 1.500000000000001332 ) ) ;
#1337 = CARTESIAN_POINT ( 'NONE',  ( 31.51867894876428977, -62.23000000000000398, 17.47834057233583138 ) ) ;
#1338 = LINE ( 'NONE', #1551, #1130 ) ;
#1339 = ORIENTED_EDGE ( 'NONE', *, *, #2090, .F. ) ;
#1340 = ORIENTED_EDGE ( 'NONE', *, *, #1575, .T. ) ;
#1341 = CARTESIAN_POINT ( 'NONE',  ( 31.69072382087019335, -62.04836074213135078, 18.29925631548155707 ) ) ;
#1342 = CARTESIAN_POINT ( 'NONE',  ( 21.74999999999994316, -63.82629991608310149, 17.28331082366863924 ) ) ;
#1343 = CARTESIAN_POINT ( 'NONE',  ( 21.74999999999995026, -48.17106897269566446, 5.017711108089221383 ) ) ;
#1344 = CARTESIAN_POINT ( 'NONE',  ( 0.000000000000000000, 0.000000000000000000, 1.500000000000000000 ) ) ;
#1345 = ADVANCED_FACE ( 'NONE', ( #957 ), #88, .T. ) ;
#1346 = DIRECTION ( 'NONE',  ( 0.000000000000000000, 0.000000000000000000, -1.000000000000000000 ) ) ;
#1347 = EDGE_LOOP ( 'NONE', ( #1011, #2169, #1424, #399 ) ) ;
#1348 = DIRECTION ( 'NONE',  ( 1.000000000000000000, 0.000000000000000000, 0.000000000000000000 ) ) ;
#1349 = CARTESIAN_POINT ( 'NONE',  ( -31.74999999999994316, -77.72999999999998977, 3.500000000000000000 ) ) ;
#1350 = CARTESIAN_POINT ( 'NONE',  ( -4.450000000000009948, -62.23000000000000398, 136.1998800000000074 ) ) ;
#1351 = EDGE_CURVE ( 'NONE', #884, #1094, #795, .T. ) ;
#1352 = VERTEX_POINT ( 'NONE', #2190 ) ;
#1353 = VERTEX_POINT ( 'NONE', #261 ) ;
#1354 = CARTESIAN_POINT ( 'NONE',  ( 31.21410386375368873, -60.51479019583994301, 16.67875681990403791 ) ) ;
#1355 = CARTESIAN_POINT ( 'NONE',  ( -29.18145739972556996, -53.62461101840609246, 8.687302460499772394 ) ) ;
#1356 = CARTESIAN_POINT ( 'NONE',  ( 21.74999999999994316, -62.23000000000000398, 15.57745309919777910 ) ) ;
#1357 = CARTESIAN_POINT ( 'NONE',  ( 17.57499999999997087, -69.98000000000000398, 126.6748799999999875 ) ) ;
#1358 = ORIENTED_EDGE ( 'NONE', *, *, #298, .F. ) ;
#1359 = CIRCLE ( 'NONE', #982, 11.09999999999999964 ) ;
#1360 = CARTESIAN_POINT ( 'NONE',  ( 17.77412905143120625, -6.434139002965003407, -3.500000000000000000 ) ) ;
#1361 = DIRECTION ( 'NONE',  ( -1.000000000000000000, 0.000000000000000000, 0.000000000000000000 ) ) ;
#1362 = PRODUCT_DEFINITION_FORMATION_WITH_SPECIFIED_SOURCE ( 'ANY', '', #1192, .NOT_KNOWN. ) ;
#1363 = SURFACE_STYLE_FILL_AREA ( #2258 ) ;
#1364 = B_SPLINE_CURVE_WITH_KNOTS ( 'NONE', 3,
 ( #1242, #2007, #1444, #921, #2150, #2170, #12, #395, #522, #1656, #1958, #347, #897, #1631 ),
 .UNSPECIFIED., .F., .F.,
 ( 4, 2, 2, 2, 2, 2, 4 ),
 ( -2.803804232169059400E-05, 0.0007604192906309620303, 0.001548876623583614678, 0.001943105290059937533, 0.002337333956536260388, 0.002731562623012583242, 0.003125791289488906097 ),
 .UNSPECIFIED. ) ;
#1365 = EDGE_CURVE ( 'NONE', #2303, #1475, #2223, .T. ) ;
#1366 = ORIENTED_EDGE ( 'NONE', *, *, #1023, .T. ) ;
#1367 = CARTESIAN_POINT ( 'NONE',  ( -11.09999999999999964, 0.000000000000000000, 3.500000000000000000 ) ) ;
#1368 = SURFACE_SIDE_STYLE ('',( #304 ) ) ;
#1369 = CARTESIAN_POINT ( 'NONE',  ( 21.74999999999994671, -55.61833976802998336, 9.744321318342436200 ) ) ;
#1370 = DIRECTION ( 'NONE',  ( 1.000000000000000000, 0.000000000000000000, 0.000000000000000000 ) ) ;
#1371 = CARTESIAN_POINT ( 'NONE',  ( 31.25304991473479888, -62.30619961320088862, -2.825831524285693952 ) ) ;
#1372 = ORIENTED_EDGE ( 'NONE', *, *, #1009, .F. ) ;
#1373 = CARTESIAN_POINT ( 'NONE',  ( 19.38982234969710206, -2.863385269058709159, -1.499999999999853451 ) ) ;
#1374 = VECTOR ( 'NONE', #2178, 1000.000000000000000 ) ;
#1375 = CARTESIAN_POINT ( 'NONE',  ( -26.56644537170224396, -43.76984696030160649, 3.125255163877393105 ) ) ;
#1376 = CARTESIAN_POINT ( 'NONE',  ( -19.23182582110622363, -1.343764547658222508, 3.499999999998894218 ) ) ;
#1377 = AXIS2_PLACEMENT_3D ( 'NONE', #733, #1304, #1684 ) ;
#1378 = ORIENTED_EDGE ( 'NONE', *, *, #1812, .F. ) ;
#1379 = CARTESIAN_POINT ( 'NONE',  ( 0.000000000000000000, -69.98000000000000398, 136.1998800000000074 ) ) ;
#1380 = LINE ( 'NONE', #1566, #2125 ) ;
#1381 = CARTESIAN_POINT ( 'NONE',  ( -23.74999999999993605, -39.91150112491071411, 3.636248116562269317 ) ) ;
#1382 = EDGE_CURVE ( 'NONE', #1406, #498, #1614, .T. ) ;
#1383 = CARTESIAN_POINT ( 'NONE',  ( 31.74999999999994316, -31.42863518850452920, -1.500000000000000000 ) ) ;
#1384 = CARTESIAN_POINT ( 'NONE',  ( 31.74999999999994316, -62.23000000000000398, 136.1998800000000074 ) ) ;
#1385 = ORIENTED_EDGE ( 'NONE', *, *, #98, .T. ) ;
#1386 = CARTESIAN_POINT ( 'NONE',  ( -28.00104307311547558, -55.51877089890531636, 12.18469243782312006 ) ) ;
#1387 = CARTESIAN_POINT ( 'NONE',  ( -20.63055324792430767, -13.08071136859004824, 3.499999999997788880 ) ) ;
#1388 = ORIENTED_EDGE ( 'NONE', *, *, #662, .F. ) ;
#1389 = CARTESIAN_POINT ( 'NONE',  ( 24.63138356438540910, -43.48647305873896585, 4.976105038735946451 ) ) ;
#1390 = CARTESIAN_POINT ( 'NONE',  ( 21.74999999999994316, -62.34327988226291950, 18.62519441746057680 ) ) ;
#1391 = EDGE_CURVE ( 'NONE', #646, #2234, #2204, .T. ) ;
#1392 = LINE ( 'NONE', #1759, #1167 ) ;
#1393 = CARTESIAN_POINT ( 'NONE',  ( 24.35281602878123408, -39.81842148469410603, 3.500000000000000000 ) ) ;
#1394 = DIRECTION ( 'NONE',  ( -0.000000000000000000, -0.000000000000000000, 1.000000000000000000 ) ) ;
#1395 = CARTESIAN_POINT ( 'NONE',  ( -29.09676773677066208, -53.33025930325461417, 10.54044607091303298 ) ) ;
#1396 = CARTESIAN_POINT ( 'NONE',  ( -21.74999999999994671, -59.70970079381981321, 13.10153879446984426 ) ) ;
#1397 = AXIS2_PLACEMENT_3D ( 'NONE', #308, #133, #1942 ) ;
#1398 = ORIENTED_EDGE ( 'NONE', *, *, #1903, .T. ) ;
#1399 = CARTESIAN_POINT ( 'NONE',  ( 21.75000000000403588, -44.15225641666610557, 5.270739575676969046 ) ) ;
#1400 = CARTESIAN_POINT ( 'NONE',  ( 25.58429053372842432, -39.63393068031772515, 3.500000000000002665 ) ) ;
#1401 = CARTESIAN_POINT ( 'NONE',  ( 0.000000000000000000, -69.98000000000000398, 126.6748799999999875 ) ) ;
#1402 = CARTESIAN_POINT ( 'NONE',  ( -29.83977097369528053, -61.36939368982255161, 17.56833469923738278 ) ) ;
#1403 = CYLINDRICAL_SURFACE ( 'NONE', #2300, 3.599999999999999201 ) ;
#1404 = EDGE_CURVE ( 'NONE', #2058, #1601, #525, .T. ) ;
#1405 = CARTESIAN_POINT ( 'NONE',  ( 23.74999999999993605, -48.18187691244622073, 7.271397447297846206 ) ) ;
#1406 = VERTEX_POINT ( 'NONE', #248 ) ;
#1407 = CARTESIAN_POINT ( 'NONE',  ( 23.75000000000198597, -56.62590857458710047, 13.08641024907270634 ) ) ;
#1408 = VECTOR ( 'NONE', #1729, 1000.000000000000000 ) ;
#1409 = CARTESIAN_POINT ( 'NONE',  ( -23.74999999999993605, -39.91150112491071411, 3.636248116562269317 ) ) ;
#1410 = CARTESIAN_POINT ( 'NONE',  ( 0.000000000000000000, 0.000000000000000000, 136.1998800000000074 ) ) ;
#1411 = CARTESIAN_POINT ( 'NONE',  ( -31.59684374072223179, -61.74831909874848179, 17.97246248702229821 ) ) ;
#1412 = B_SPLINE_CURVE_WITH_KNOTS ( 'NONE', 3,
 ( #1285, #2001, #301, #1691 ),
 .UNSPECIFIED., .F., .F.,
 ( 4, 4 ),
 ( 5.306326515599825601E-05, 0.0002500180815791098587 ),
 .UNSPECIFIED. ) ;
#1413 = CARTESIAN_POINT ( 'NONE',  ( 18.62619410724434488, -13.14019456385091011, -3.500000000000000444 ) ) ;
#1414 = EDGE_CURVE ( 'NONE', #157, #79, #1100, .T. ) ;
#1415 = ADVANCED_FACE ( 'NONE', ( #1701 ), #1712, .F. ) ;
#1416 = CARTESIAN_POINT ( 'NONE',  ( 21.74999999999993960, -31.42863518850452920, 3.500000000000000000 ) ) ;
#1417 = VERTEX_POINT ( 'NONE', #2230 ) ;
#1418 = ADVANCED_FACE ( 'NONE', ( #618 ), #852, .F. ) ;
#1419 = CARTESIAN_POINT ( 'NONE',  ( 23.65543431886118952, -39.51954912103897044, 3.499999999994124700 ) ) ;
#1420 = ADVANCED_FACE ( 'NONE', ( #1850 ), #2053, .F. ) ;
#1421 = CARTESIAN_POINT ( 'NONE',  ( -18.83601570451702045, -0.01270031827118155328, 2.501652289436710142 ) ) ;
#1422 = LINE ( 'NONE', #867, #579 ) ;
#1423 = CARTESIAN_POINT ( 'NONE',  ( 28.95702965085833824, -59.96732564914182717, -3.500000000000000000 ) ) ;
#1424 = ORIENTED_EDGE ( 'NONE', *, *, #1185, .T. ) ;
#1425 = FACE_OUTER_BOUND ( 'NONE', #920, .T. ) ;
#1426 = ADVANCED_FACE ( 'NONE', ( #1678 ), #1807, .T. ) ;
#1427 = CARTESIAN_POINT ( 'NONE',  ( 18.60650920962159915, -0.02366798197269413123, -2.821888124901032135 ) ) ;
#1428 = CARTESIAN_POINT ( 'NONE',  ( -17.77412905143086874, -6.434139002962803389, -3.500000000000000000 ) ) ;
#1429 = ORIENTED_EDGE ( 'NONE', *, *, #127, .T. ) ;
#1430 = AXIS2_PLACEMENT_3D ( 'NONE', #441, #1144, #2217 ) ;
#1431 = CARTESIAN_POINT ( 'NONE',  ( 19.77985104834032626, -6.380054516940274034, 3.500000000000000888 ) ) ;
#1432 = EDGE_LOOP ( 'NONE', ( #563, #368, #457, #1558 ) ) ;
#1433 = AXIS2_PLACEMENT_3D ( 'NONE', #2174, #559, #1258 ) ;
#1434 = CARTESIAN_POINT ( 'NONE',  ( 23.50510742828296529, -39.51954912105302498, 3.500000000000000000 ) ) ;
#1435 = CARTESIAN_POINT ( 'NONE',  ( -29.50783958346600144, -60.34298767971036881, 16.50695514771627970 ) ) ;
#1436 = CARTESIAN_POINT ( 'NONE',  ( 31.06662671090027317, -60.02876115236223598, -3.499999999999120259 ) ) ;
#1437 = CARTESIAN_POINT ( 'NONE',  ( -26.41900441236469632, -43.24259394184051786, 1.500000000000000222 ) ) ;
#1438 = EDGE_CURVE ( 'NONE', #1477, #667, #149, .T. ) ;
#1439 = CARTESIAN_POINT ( 'NONE',  ( 17.09974235922041785, -0.09386824961390394240, -3.500000000000000000 ) ) ;
#1440 = CARTESIAN_POINT ( 'NONE',  ( -29.95731782627250084, -63.19665334647579868, -3.500000000000000000 ) ) ;
#1441 = CARTESIAN_POINT ( 'NONE',  ( 21.74999999999994316, -62.23000000000000398, 15.57745309919777910 ) ) ;
#1442 = DIRECTION ( 'NONE',  ( 0.000000000000000000, 0.000000000000000000, 1.000000000000000000 ) ) ;
#1443 = ORIENTED_EDGE ( 'NONE', *, *, #1822, .T. ) ;
#1444 = CARTESIAN_POINT ( 'NONE',  ( 17.62620765162112235, -0.06974302848089213025, 3.446968502194463824 ) ) ;
#1445 = DIRECTION ( 'NONE',  ( 1.000000000000000000, 0.000000000000000000, 0.000000000000000000 ) ) ;
#1446 = CARTESIAN_POINT ( 'NONE',  ( -30.12099221867212862, -62.23000000000000398, 18.50000000000000355 ) ) ;
#1447 = CARTESIAN_POINT ( 'NONE',  ( -19.03623874616943468, -0.003075300967198408598, -2.017644827096439553 ) ) ;
#1448 = CARTESIAN_POINT ( 'NONE',  ( -21.74999999999994316, -53.93136763041344750, 8.520756233324558337 ) ) ;
#1449 = CARTESIAN_POINT ( 'NONE',  ( -28.79834870698582350, -52.29474590949219248, -3.500000000004107825 ) ) ;
#1450 = VERTEX_POINT ( 'NONE', #14 ) ;
#1451 = CARTESIAN_POINT ( 'NONE',  ( -23.91411849260539668, -42.07148955356528575, -3.500000000000000000 ) ) ;
#1452 = CARTESIAN_POINT ( 'NONE',  ( -23.74858186027836737, -39.89963594200162333, 3.632076310666608965 ) ) ;
#1453 = VERTEX_POINT ( 'NONE', #1292 ) ;
#1454 = CARTESIAN_POINT ( 'NONE',  ( -24.77499999999997016, -69.98000000000000398, 126.6748799999999875 ) ) ;
#1455 = DIRECTION ( 'NONE',  ( 1.000000000000000000, 0.000000000000000000, 0.000000000000000000 ) ) ;
#1456 = EDGE_CURVE ( 'NONE', #646, #1961, #2265, .T. ) ;
#1457 = CARTESIAN_POINT ( 'NONE',  ( 27.59955221390631053, -47.80847071841869678, 5.111436512472955052 ) ) ;
#1458 = CARTESIAN_POINT ( 'NONE',  ( -30.56737129183332868, -58.46586224791434461, 1.499999999999999778 ) ) ;
#1459 = CARTESIAN_POINT ( 'NONE',  ( -21.74999999999994316, -50.89828929307287098, 6.565165042804012252 ) ) ;
#1460 = CARTESIAN_POINT ( 'NONE',  ( -17.19339900046750458, -1.056869883078582317, -3.500000000000001332 ) ) ;
#1461 = CARTESIAN_POINT ( 'NONE',  ( 23.74999999999994316, -62.23000000000000398, 18.50000000000000355 ) ) ;
#1462 = DIRECTION ( 'NONE',  ( 1.000000000000000000, 0.000000000000000000, 0.000000000000000000 ) ) ;
#1463 = ORIENTED_EDGE ( 'NONE', *, *, #1179, .T. ) ;
#1464 = CARTESIAN_POINT ( 'NONE',  ( -28.31111263605140138, -56.53509749751363245, 13.01082378017366814 ) ) ;
#1465 = VERTEX_POINT ( 'NONE', #1446 ) ;
#1466 = AXIS2_PLACEMENT_3D ( 'NONE', #960, #2167, #1651 ) ;
#1467 = CARTESIAN_POINT ( 'NONE',  ( -22.21318013018441206, -41.58641703098097508, 3.499999999999999112 ) ) ;
#1468 = DIRECTION ( 'NONE',  ( -1.000000000000000000, 0.000000000000000000, 0.000000000000000000 ) ) ;
#1469 = FACE_OUTER_BOUND ( 'NONE', #366, .T. ) ;
#1470 = AXIS2_PLACEMENT_3D ( 'NONE', #1207, #1158, #454 ) ;
#1471 = CARTESIAN_POINT ( 'NONE',  ( -19.09999999999999076, -3.294017017100045051E-19, -1.632129667175625132 ) ) ;
#1472 = B_SPLINE_CURVE_WITH_KNOTS ( 'NONE', 3,
 ( #2089, #1568, #162, #1232, #1948, #306 ),
 .UNSPECIFIED., .F., .F.,
 ( 4, 2, 4 ),
 ( 0.000000000000000000, 0.01630357385150467409, 0.03260714770300934817 ),
 .UNSPECIFIED. ) ;
#1473 = CARTESIAN_POINT ( 'NONE',  ( -21.74999999999785061, -46.82717037445878105, 6.591196091391454459 ) ) ;
#1474 = CARTESIAN_POINT ( 'NONE',  ( -7.500000000000016875, -62.23000000000000398, 136.1998800000000074 ) ) ;
#1475 = VERTEX_POINT ( 'NONE', #1114 ) ;
#1476 = CARTESIAN_POINT ( 'NONE',  ( -29.74999999999994316, -31.42863518850452920, -1.500000000000000000 ) ) ;
#1477 = VERTEX_POINT ( 'NONE', #218 ) ;
#1478 = CARTESIAN_POINT ( 'NONE',  ( 23.65168042401138493, -39.50393889970268901, 3.494639029811185349 ) ) ;
#1479 = ORIENTED_EDGE ( 'NONE', *, *, #1589, .F. ) ;
#1480 = CARTESIAN_POINT ( 'NONE',  ( 23.50420546693769808, -39.50384523040320772, 3.494606876298661735 ) ) ;
#1481 = CARTESIAN_POINT ( 'NONE',  ( 0.000000000000000000, 0.000000000000000000, 3.500000000000000000 ) ) ;
#1482 = CARTESIAN_POINT ( 'NONE',  ( 22.45859379049761984, -40.91795869687367571, 3.500000000000000000 ) ) ;
#1483 = DIRECTION ( 'NONE',  ( -0.000000000000000000, -0.000000000000000000, 1.000000000000000000 ) ) ;
#1484 = COLOUR_RGB ( '',0.7921568627450980005, 0.8196078431372548767, 0.9333333333333333481 ) ;
#1485 = AXIS2_PLACEMENT_3D ( 'NONE', #1557, #1194, #1545 ) ;
#1486 = EDGE_CURVE ( 'NONE', #1263, #1783, #590, .T. ) ;
#1487 = DIRECTION ( 'NONE',  ( -1.000000000000000000, 0.000000000000000000, 0.000000000000000000 ) ) ;
#1488 = CARTESIAN_POINT ( 'NONE',  ( 31.74999999999994316, -62.23000000000000398, -1.500000000000000000 ) ) ;
#1489 = CARTESIAN_POINT ( 'NONE',  ( -19.09999999999999787, 0.000000000000000000, 1.500000000000000000 ) ) ;
#1490 = DIRECTION ( 'NONE',  ( -0.000000000000000000, -0.000000000000000000, -1.000000000000000000 ) ) ;
#1491 = EDGE_LOOP ( 'NONE', ( #520, #2246, #1135, #1966, #1385, #1154 ) ) ;
#1492 = CARTESIAN_POINT ( 'NONE',  ( 24.47553782364411745, -39.35478044833914169, 3.246475023462416676 ) ) ;
#1493 = ORIENTED_EDGE ( 'NONE', *, *, #1168, .F. ) ;
#1494 = CARTESIAN_POINT ( 'NONE',  ( 29.50660095468347777, -60.33913572879271925, 16.50306965140926252 ) ) ;
#1495 = FACE_OUTER_BOUND ( 'NONE', #930, .T. ) ;
#1496 = CARTESIAN_POINT ( 'NONE',  ( 27.07256554619497990, -45.77916387426918021, 4.059678144501764230 ) ) ;
#1497 = EDGE_CURVE ( 'NONE', #1352, #2052, #146, .T. ) ;
#1498 = DIRECTION ( 'NONE',  ( 0.000000000000000000, 0.000000000000000000, -1.000000000000000000 ) ) ;
#1499 = CARTESIAN_POINT ( 'NONE',  ( -23.74999999999994316, -60.74956648766458045, 16.91968842318988209 ) ) ;
#1500 = EDGE_CURVE ( 'NONE', #1465, #229, #1630, .T. ) ;
#1501 = DIRECTION ( 'NONE',  ( 0.000000000000000000, -0.000000000000000000, 1.000000000000000000 ) ) ;
#1502 = DIRECTION ( 'NONE',  ( 0.000000000000000000, 1.000000000000000000, 0.000000000000000000 ) ) ;
#1503 = ORIENTED_EDGE ( 'NONE', *, *, #2038, .T. ) ;
#1504 = ORIENTED_EDGE ( 'NONE', *, *, #1312, .F. ) ;
#1505 = EDGE_CURVE ( 'NONE', #641, #797, #676, .T. ) ;
#1506 = DIRECTION ( 'NONE',  ( -1.000000000000000000, 0.000000000000000000, 0.000000000000000000 ) ) ;
#1507 = CARTESIAN_POINT ( 'NONE',  ( 27.50937967930186545, -53.89535820664296750, 10.90650696027345923 ) ) ;
#1508 = CARTESIAN_POINT ( 'NONE',  ( -18.64801844416296106, -13.34057270598390055, 3.500000000000001776 ) ) ;
#1509 = CARTESIAN_POINT ( 'NONE',  ( 23.74999999999238298, -62.23000000000000398, 18.50000000000000000 ) ) ;
#1510 = VECTOR ( 'NONE', #1039, 1000.000000000000000 ) ;
#1511 = CARTESIAN_POINT ( 'NONE',  ( 17.09974235922041785, -0.09386824961390394240, -3.500000000000000000 ) ) ;
#1512 = AXIS2_PLACEMENT_3D ( 'NONE', #616, #977, #2062 ) ;
#1513 = CARTESIAN_POINT ( 'NONE',  ( 11.09999999999999964, 1.359357947053562156E-15, 3.500000000000000000 ) ) ;
#1514 = DIRECTION ( 'NONE',  ( -1.000000000000000000, 0.000000000000000000, 0.000000000000000000 ) ) ;
#1515 = CARTESIAN_POINT ( 'NONE',  ( -25.58428986781111902, -39.63392781203349813, 3.500000000000002665 ) ) ;
#1516 = ORIENTED_EDGE ( 'NONE', *, *, #330, .F. ) ;
#1517 = ORIENTED_EDGE ( 'NONE', *, *, #510, .T. ) ;
#1518 = EDGE_CURVE ( 'NONE', #1450, #1998, #1994, .T. ) ;
#1519 = CARTESIAN_POINT ( 'NONE',  ( 23.65633628020467327, -39.51954912105337314, 3.500000000000123013 ) ) ;
#1520 = CARTESIAN_POINT ( 'NONE',  ( 21.74999999999994316, -46.58790589933358461, 4.220087846955816957 ) ) ;
#1521 = DIRECTION ( 'NONE',  ( 1.000000000000000000, 0.000000000000000000, 0.000000000000000000 ) ) ;
#1522 = CARTESIAN_POINT ( 'NONE',  ( 31.74999999999995737, -62.23000000000003240, -1.632829154734510180 ) ) ;
#1523 = VERTEX_POINT ( 'NONE', #748 ) ;
#1524 = CIRCLE ( 'NONE', #1562, 2.600000000000001421 ) ;
#1525 = CARTESIAN_POINT ( 'NONE',  ( 21.17499999999997229, -69.98000000000000398, 126.6748799999999875 ) ) ;
#1526 = CARTESIAN_POINT ( 'NONE',  ( 31.74999999999994316, -62.23000000000000398, 16.20259986580002831 ) ) ;
#1527 = CARTESIAN_POINT ( 'NONE',  ( -22.09847012155710289, -33.46322280828925244, 3.499999999999998668 ) ) ;
#1528 = ORIENTED_EDGE ( 'NONE', *, *, #2145, .F. ) ;
#1529 = ORIENTED_EDGE ( 'NONE', *, *, #1312, .T. ) ;
#1530 = B_SPLINE_CURVE_WITH_KNOTS ( 'NONE', 3,
 ( #1951, #1248, #1571, #342, #355, #2292, #1774, #882, #674, #1396, #180, #2321 ),
 .UNSPECIFIED., .F., .F.,
 ( 4, 2, 2, 2, 2, 4 ),
 ( 0.000000000000000000, 0.005307682704160610228, 0.01061536540832122046, 0.01326920676040151646, 0.01592304811248181073, 0.02123073081664240275 ),
 .UNSPECIFIED. ) ;
#1531 = CARTESIAN_POINT ( 'NONE',  ( 31.46958571620948319, -61.34006155724448206, 17.53589088210677005 ) ) ;
#1532 = CARTESIAN_POINT ( 'NONE',  ( 23.74999999999994316, -60.38347734576479553, 16.54796831017892700 ) ) ;
#1533 = CARTESIAN_POINT ( 'NONE',  ( -17.42095178241326536, -3.413641778742432908, 3.500000000000000444 ) ) ;
#1534 = CARTESIAN_POINT ( 'NONE',  ( 30.15921817198618982, -39.75526580160202883, 3.581559080932809724 ) ) ;
#1535 = CARTESIAN_POINT ( 'NONE',  ( 31.64674945617275270, -62.24583711275162301, -2.147787314881802967 ) ) ;
#1536 = ORIENTED_EDGE ( 'NONE', *, *, #1023, .F. ) ;
#1537 = ADVANCED_FACE ( 'NONE', ( #1469 ), #1151, .F. ) ;
#1538 = CARTESIAN_POINT ( 'NONE',  ( 17.33033597580725171, -2.402202284603993210, -3.500000000000000000 ) ) ;
#1539 = DIRECTION ( 'NONE',  ( 0.000000000000000000, 0.000000000000000000, 1.000000000000000000 ) ) ;
#1540 = CARTESIAN_POINT ( 'NONE',  ( -24.05667646645429514, -33.05408751968519709, 1.500000000007370771 ) ) ;
#1541 = EDGE_LOOP ( 'NONE', ( #598, #2233, #1284 ) ) ;
#1542 = CARTESIAN_POINT ( 'NONE',  ( 28.24857681594223280, -50.25083586274644887, 6.489652634458122904 ) ) ;
#1543 = CARTESIAN_POINT ( 'NONE',  ( -22.01826025130587894, -33.06396186254570324, 3.500000000000000444 ) ) ;
#1544 = CARTESIAN_POINT ( 'NONE',  ( 0.000000000000000000, 0.000000000000000000, 0.000000000000000000 ) ) ;
#1545 = DIRECTION ( 'NONE',  ( 1.000000000000000000, 0.000000000000000000, 0.000000000000000000 ) ) ;
#1546 = ORIENTED_EDGE ( 'NONE', *, *, #1842, .F. ) ;
#1547 = VECTOR ( 'NONE', #544, 1000.000000000000000 ) ;
#1548 = CARTESIAN_POINT ( 'NONE',  ( 31.86536121996861581, -62.59717823625632604, -3.500000000000000888 ) ) ;
#1549 = CARTESIAN_POINT ( 'NONE',  ( -29.90442167628808789, -56.14870631585809946, 12.68923078331083865 ) ) ;
#1550 = CIRCLE ( 'NONE', #834, 2.000000000000000000 ) ;
#1551 = CARTESIAN_POINT ( 'NONE',  ( -31.74999999999994316, -62.23000000000000398, 136.1998800000000074 ) ) ;
#1552 = ORIENTED_EDGE ( 'NONE', *, *, #1196, .T. ) ;
#1553 = CARTESIAN_POINT ( 'NONE',  ( 25.49220454218958309, -39.23608218682864646, 1.444655194990956959 ) ) ;
#1554 = CARTESIAN_POINT ( 'NONE',  ( -28.91761705221710343, -52.68546707992320677, 8.039967157683381771 ) ) ;
#1555 = CARTESIAN_POINT ( 'NONE',  ( -23.74999999999993605, -48.18080543322641773, 7.270802719911899636 ) ) ;
#1556 = CARTESIAN_POINT ( 'NONE',  ( -25.53004717519857181, -39.39987135302541077, 1.500000000000000000 ) ) ;
#1557 = CARTESIAN_POINT ( 'NONE',  ( 0.000000000000000000, 0.000000000000000000, -3.500000000000000000 ) ) ;
#1558 = ORIENTED_EDGE ( 'NONE', *, *, #516, .T. ) ;
#1559 = AXIS2_PLACEMENT_3D ( 'NONE', #1086, #1792, #1256 ) ;
#1560 = CARTESIAN_POINT ( 'NONE',  ( -27.15806486926434715, -52.68457182586798382, 10.09051754334313067 ) ) ;
#1561 = CARTESIAN_POINT ( 'NONE',  ( -19.98214375736080228, -8.056687053124518272, 3.500000000001106226 ) ) ;
#1562 = AXIS2_PLACEMENT_3D ( 'NONE', #1379, #2099, #129 ) ;
#1563 = EDGE_CURVE ( 'NONE', #1629, #2052, #144, .T. ) ;
#1564 = ORIENTED_EDGE ( 'NONE', *, *, #1176, .T. ) ;
#1565 = CARTESIAN_POINT ( 'NONE',  ( 26.57308475268845527, -43.79685941755329281, 3.136681488533148432 ) ) ;
#1566 = CARTESIAN_POINT ( 'NONE',  ( 31.74999999999994316, -77.72999999999998977, 3.500000000000000000 ) ) ;
#1567 = CARTESIAN_POINT ( 'NONE',  ( 19.14885826280664460, -0.5049614233790558071, 3.500000000000000444 ) ) ;
#1568 = CARTESIAN_POINT ( 'NONE',  ( 19.62353789845261076, -5.410885021686057783, 1.500000000000000000 ) ) ;
#1569 = CARTESIAN_POINT ( 'NONE',  ( -31.74999999999994316, -62.23000000000000398, 136.1998800000000074 ) ) ;
#1570 = CARTESIAN_POINT ( 'NONE',  ( -26.39576866543234956, -43.07704125510915105, 4.800143574752663511 ) ) ;
#1571 = CARTESIAN_POINT ( 'NONE',  ( -21.74999999999994316, -48.17265842686596500, 5.018550918961840246 ) ) ;
#1572 = ORIENTED_EDGE ( 'NONE', *, *, #1903, .F. ) ;
#1573 = LINE ( 'NONE', #499, #1103 ) ;
#1574 = CARTESIAN_POINT ( 'NONE',  ( 17.41772329957872145, -3.235703043369640763, 3.500000000000000000 ) ) ;
#1575 = EDGE_CURVE ( 'NONE', #404, #1477, #1746, .T. ) ;
#1576 = DIRECTION ( 'NONE',  ( 1.000000000000000000, 0.000000000000000000, 0.000000000000000000 ) ) ;
#1577 = CARTESIAN_POINT ( 'NONE',  ( 23.74999999999994316, -44.12829596910528096, 5.260688197930412535 ) ) ;
#1578 = FACE_OUTER_BOUND ( 'NONE', #827, .T. ) ;
#1579 = VECTOR ( 'NONE', #1978, 1000.000000000000000 ) ;
#1580 = AXIS2_PLACEMENT_3D ( 'NONE', #312, #1609, #1067 ) ;
#1581 = EDGE_LOOP ( 'NONE', ( #1288, #1572, #1820, #351 ) ) ;
#1582 = AXIS2_PLACEMENT_3D ( 'NONE', #443, #1877, #90 ) ;
#1583 = CARTESIAN_POINT ( 'NONE',  ( 21.74999999999994316, -55.12738606024750254, 9.373518282485520103 ) ) ;
#1584 = EDGE_CURVE ( 'NONE', #2209, #797, #1859, .T. ) ;
#1585 = CARTESIAN_POINT ( 'NONE',  ( 19.23181701471105853, -1.343676513886419066, 3.499999999999815703 ) ) ;
#1586 = LINE ( 'NONE', #1907, #1255 ) ;
#1587 = DIRECTION ( 'NONE',  ( -0.000000000000000000, 1.000000000000000000, -0.000000000000000000 ) ) ;
#1588 = CARTESIAN_POINT ( 'NONE',  ( 30.87075043325405233, -59.38621321077924620, -3.499999999998680611 ) ) ;
#1589 = EDGE_CURVE ( 'NONE', #22, #2184, #482, .T. ) ;
#1590 = CARTESIAN_POINT ( 'NONE',  ( 18.69093652004148964, -0.01963998146583771642, -2.718999905640428594 ) ) ;
#1591 = CIRCLE ( 'NONE', #578, 17.09999999999999787 ) ;
#1592 = EDGE_CURVE ( 'NONE', #894, #1826, #2056, .T. ) ;
#1593 = ORIENTED_EDGE ( 'NONE', *, *, #939, .F. ) ;
#1594 = AXIS2_PLACEMENT_3D ( 'NONE', #1055, #910, #1224 ) ;
#1595 = CARTESIAN_POINT ( 'NONE',  ( 21.75000000000402167, -56.62590857457396964, 13.08641024908573414 ) ) ;
#1596 = CARTESIAN_POINT ( 'NONE',  ( 17.99715479142601637, -8.301517300376815456, 3.499999999999999556 ) ) ;
#1597 = CARTESIAN_POINT ( 'NONE',  ( 31.74999999999994316, -77.72999999999998977, 136.1998800000000074 ) ) ;
#1598 = EDGE_CURVE ( 'NONE', #2216, #744, #1239, .T. ) ;
#1599 = CARTESIAN_POINT ( 'NONE',  ( -32.07364526203650712, -63.25391797666844695, 17.32054501884562470 ) ) ;
#1600 = CARTESIAN_POINT ( 'NONE',  ( 17.06267538780330284, 0.2892274556501032157, -3.500000000000000000 ) ) ;
#1601 = VERTEX_POINT ( 'NONE', #437 ) ;
#1602 = CARTESIAN_POINT ( 'NONE',  ( -17.62620765162117209, -0.06974302848090306595, -3.446968502194451833 ) ) ;
#1603 = CARTESIAN_POINT ( 'NONE',  ( -24.77499999999997016, -69.98000000000000398, 126.6748799999999875 ) ) ;
#1604 = ORIENTED_EDGE ( 'NONE', *, *, #345, .F. ) ;
#1605 = CARTESIAN_POINT ( 'NONE',  ( -26.42013440845581584, -50.11233056204137171, 8.427951306564683165 ) ) ;
#1606 = CARTESIAN_POINT ( 'NONE',  ( -24.17234585351391019, -39.40163292554201746, 3.386047249147138505 ) ) ;
#1607 = CARTESIAN_POINT ( 'NONE',  ( -31.40653495852833998, -61.13696319868051177, 17.32246014028348213 ) ) ;
#1608 = CARTESIAN_POINT ( 'NONE',  ( 17.40100152117064525, -3.074598002011672992, -3.500000000000000000 ) ) ;
#1609 = DIRECTION ( 'NONE',  ( 0.000000000000000000, 0.000000000000000000, -1.000000000000000000 ) ) ;
#1610 = CARTESIAN_POINT ( 'NONE',  ( 0.000000000000000000, 0.000000000000000000, 3.500000000000000000 ) ) ;
#1611 = CARTESIAN_POINT ( 'NONE',  ( -19.38982234969676810, -2.863385269055592985, -1.499999999999706901 ) ) ;
#1612 = CARTESIAN_POINT ( 'NONE',  ( -10.55000000000002380, -77.72999999999998977, 136.1998800000000074 ) ) ;
#1613 = EDGE_CURVE ( 'NONE', #1352, #394, #268, .T. ) ;
#1614 = CIRCLE ( 'NONE', #1765, 3.599999999999999201 ) ;
#1615 = CARTESIAN_POINT ( 'NONE',  ( -19.09999999999999787, 0.000000000000000000, -1.500000000000000000 ) ) ;
#1616 = ORIENTED_EDGE ( 'NONE', *, *, #2002, .T. ) ;
#1617 = AXIS2_PLACEMENT_3D ( 'NONE', #1674, #1498, #937 ) ;
#1618 = CARTESIAN_POINT ( 'NONE',  ( -19.03623874616943823, -0.003075300967203005182, 2.017644827096440441 ) ) ;
#1619 = CARTESIAN_POINT ( 'NONE',  ( -30.74685533383786762, -58.97979003041059087, 12.98363809001158664 ) ) ;
#1620 = CARTESIAN_POINT ( 'NONE',  ( 21.93069858394364147, -42.80641396163881751, 3.500000000000000000 ) ) ;
#1621 = CARTESIAN_POINT ( 'NONE',  ( -18.99778941211833327, -0.004928225145879684688, -2.144648354790277711 ) ) ;
#1622 = CARTESIAN_POINT ( 'NONE',  ( -21.74999999999994316, -60.46982655724951172, 13.82622542913557595 ) ) ;
#1623 = CARTESIAN_POINT ( 'NONE',  ( -19.38982234969601492, -2.863385269055674698, -3.499999999999560796 ) ) ;
#1624 = CARTESIAN_POINT ( 'NONE',  ( 22.37838941835604345, -62.23000000000001108, 17.72407761295157869 ) ) ;
#1625 = DIRECTION ( 'NONE',  ( -0.000000000000000000, -0.000000000000000000, -1.000000000000000000 ) ) ;
#1626 = EDGE_CURVE ( 'NONE', #1219, #46, #1941, .T. ) ;
#1627 = B_SPLINE_CURVE_WITH_KNOTS ( 'NONE', 2,
 ( #29, #740, #2000 ),
 .UNSPECIFIED., .F., .F.,
 ( 3, 3 ),
 ( 0.3715743614556091257, 0.4871191875455850306 ),
 .UNSPECIFIED. ) ;
#1628 = CARTESIAN_POINT ( 'NONE',  ( -30.12099221867212862, -62.23000000000000398, 18.50000000000000355 ) ) ;
#1629 = VERTEX_POINT ( 'NONE', #2110 ) ;
#1630 = B_SPLINE_CURVE_WITH_KNOTS ( 'NONE', 3,
 ( #384, #936, #1101, #2187, #1646, #2010, #409, #761, #25, #2035, #1846, #1829, #1305, #899 ),
 .UNSPECIFIED., .F., .F.,
 ( 4, 2, 2, 2, 2, 2, 4 ),
 ( 0.000000000000000000, 0.0003900861433513361644, 0.0007801722867026723287, 0.001170258430054008656, 0.001560344573405344657, 0.002340516860107997796, 0.003120689146810650717 ),
 .UNSPECIFIED. ) ;
#1631 = CARTESIAN_POINT ( 'NONE',  ( 19.09999999999999787, 0.000000000000000000, 1.500000000000000000 ) ) ;
#1632 = CIRCLE ( 'NONE', #2311, 3.599999999999999201 ) ;
#1633 = CARTESIAN_POINT ( 'NONE',  ( -22.59755017709219160, -62.23000000000000398, 17.96547692499255078 ) ) ;
#1634 = CARTESIAN_POINT ( 'NONE',  ( -20.12136484234875411, -10.55604139351869009, -1.499999999999999778 ) ) ;
#1635 =( NAMED_UNIT ( * ) SI_UNIT ( $, .STERADIAN. ) SOLID_ANGLE_UNIT ( ) );
#1636 = CARTESIAN_POINT ( 'NONE',  ( -23.74999999999994316, -53.74197970694136473, 10.83843416516526759 ) ) ;
#1637 = CARTESIAN_POINT ( 'NONE',  ( -22.90867366837341024, -37.09593764419327044, -3.499999999999998668 ) ) ;
#1638 = CARTESIAN_POINT ( 'NONE',  ( 22.05656900375808860, -62.23000000000000398, 17.16029598471686768 ) ) ;
#1639 = DIRECTION ( 'NONE',  ( 1.000000000000000000, 0.000000000000000000, 0.000000000000000000 ) ) ;
#1640 = VERTEX_POINT ( 'NONE', #2128 ) ;
#1641 = B_SPLINE_CURVE_WITH_KNOTS ( 'NONE', 3,
 ( #776, #436, #35, #1150, #231, #62, #1633, #206, #1993, #603, #2186, #589, #1871, #425 ),
 .UNSPECIFIED., .F., .F.,
 ( 4, 2, 2, 2, 2, 2, 4 ),
 ( 0.000000000000000000, 0.0004889422427501020517, 0.0009778844855002041033, 0.001466826728250306047, 0.001955768971000408207, 0.002933653456500612093, 0.003911537942000816413 ),
 .UNSPECIFIED. ) ;
#1642 = CARTESIAN_POINT ( 'NONE',  ( 25.53004717519609912, -39.39987135301476684, 1.499999999999996225 ) ) ;
#1643 = EDGE_LOOP ( 'NONE', ( #11, #2057, #1181 ) ) ;
#1644 = CARTESIAN_POINT ( 'NONE',  ( -17.36229583233005513, -0.08191269648553078930, 3.500000000003039347 ) ) ;
#1645 = CARTESIAN_POINT ( 'NONE',  ( 28.83745899639995613, -58.23302697286074192, 14.48379244128328835 ) ) ;
#1646 = CARTESIAN_POINT ( 'NONE',  ( -30.75219091903522894, -62.23000000000001108, 18.34927386352049083 ) ) ;
#1647 = CARTESIAN_POINT ( 'NONE',  ( 17.09999999999999787, 2.094146026541973637E-15, -1.500000000000000000 ) ) ;
#1648 = CARTESIAN_POINT ( 'NONE',  ( -21.75000000000411404, -47.85567935711431886, 7.133390394768022169 ) ) ;
#1649 = CARTESIAN_POINT ( 'NONE',  ( -20.60706958340859885, -12.86371177027007739, -3.499999999997653877 ) ) ;
#1650 = ORIENTED_EDGE ( 'NONE', *, *, #662, .T. ) ;
#1651 = DIRECTION ( 'NONE',  ( 0.000000000000000000, 0.000000000000000000, -1.000000000000000000 ) ) ;
#1652 = VERTEX_POINT ( 'NONE', #2287 ) ;
#1653 = CARTESIAN_POINT ( 'NONE',  ( -23.74929095844433036, -39.90556863915303154, 3.634161903527283410 ) ) ;
#1654 = ORIENTED_EDGE ( 'NONE', *, *, #918, .T. ) ;
#1655 = CIRCLE ( 'NONE', #645, 2.000000000000000000 ) ;
#1656 = CARTESIAN_POINT ( 'NONE',  ( 18.99778941211832262, -0.004928225145880138318, 2.144648354790287037 ) ) ;
#1657 = CARTESIAN_POINT ( 'NONE',  ( 30.12099221867410037, -62.23000000000000398, 18.50000000000000355 ) ) ;
#1658 = EDGE_CURVE ( 'NONE', #585, #2093, #1392, .T. ) ;
#1659 = CARTESIAN_POINT ( 'NONE',  ( 23.00377663136334050, -39.95941402477522075, 3.500000000000000000 ) ) ;
#1660 = FACE_OUTER_BOUND ( 'NONE', #378, .T. ) ;
#1661 = CARTESIAN_POINT ( 'NONE',  ( -31.74999999999994316, -62.23000000000000398, 26.50000000000000000 ) ) ;
#1662 = EDGE_CURVE ( 'NONE', #1159, #599, #512, .T. ) ;
#1663 = CARTESIAN_POINT ( 'NONE',  ( -20.65130964605310737, -13.22459720191806909, 1.500000000000000666 ) ) ;
#1664 = CARTESIAN_POINT ( 'NONE',  ( -31.74999999999994316, -62.23000000000000398, 26.49999999999999645 ) ) ;
#1665 = CYLINDRICAL_SURFACE ( 'NONE', #189, 2.000000000000000000 ) ;
#1666 = ADVANCED_FACE ( 'NONE', ( #1027 ), #1956, .T. ) ;
#1667 = ORIENTED_EDGE ( 'NONE', *, *, #374, .F. ) ;
#1668 = CARTESIAN_POINT ( 'NONE',  ( -23.73194227010651502, -39.76039253895380199, 3.583142688989535252 ) ) ;
#1669 = VERTEX_POINT ( 'NONE', #1740 ) ;
#1670 = B_SPLINE_CURVE_WITH_KNOTS ( 'NONE', 3,
 ( #1753, #2129, #1770, #661, #1054, #1393 ),
 .UNSPECIFIED., .F., .F.,
 ( 4, 2, 4 ),
 ( 0.0002213042965019245149, 0.0006064560175071535050, 0.0009916077385123825763 ),
 .UNSPECIFIED. ) ;
#1671 = CARTESIAN_POINT ( 'NONE',  ( 25.53004717519609912, -39.39987135301476684, 1.499999999999996225 ) ) ;
#1672 = CARTESIAN_POINT ( 'NONE',  ( -29.74999999999994316, -77.72999999999998977, -3.500000000000000000 ) ) ;
#1673 = DIRECTION ( 'NONE',  ( 1.000000000000000000, 0.000000000000000000, 0.000000000000000000 ) ) ;
#1674 = CARTESIAN_POINT ( 'NONE',  ( 0.000000000000000000, 0.000000000000000000, -1.500000000000000000 ) ) ;
#1675 = ADVANCED_FACE ( 'NONE', ( #1937 ), #296, .T. ) ;
#1676 = AXIS2_PLACEMENT_3D ( 'NONE', #1481, #2225, #1468 ) ;
#1677 = CARTESIAN_POINT ( 'NONE',  ( -23.75000000000202860, -58.24436978448436975, 14.49310526151153766 ) ) ;
#1678 = FACE_OUTER_BOUND ( 'NONE', #568, .T. ) ;
#1679 = CARTESIAN_POINT ( 'NONE',  ( 30.38213933672592049, -62.23000000000000398, 18.48155083152057898 ) ) ;
#1680 = CARTESIAN_POINT ( 'NONE',  ( 31.74999999999994316, -62.23000000000000398, 26.49999999999999645 ) ) ;
#1681 = ORIENTED_EDGE ( 'NONE', *, *, #345, .T. ) ;
#1682 = EDGE_LOOP ( 'NONE', ( #1123, #555, #1914, #100 ) ) ;
#1683 = CARTESIAN_POINT ( 'NONE',  ( 32.07302114631769285, -63.25195525466573088, 17.31836189365564138 ) ) ;
#1684 = DIRECTION ( 'NONE',  ( 0.000000000000000000, 0.000000000000000000, 1.000000000000000000 ) ) ;
#1685 = CARTESIAN_POINT ( 'NONE',  ( -31.73689884474486433, -62.23200971589005803, -1.763395568065876162 ) ) ;
#1686 = CARTESIAN_POINT ( 'NONE',  ( -31.74999999999994316, -62.23000000000000398, 136.1998800000000074 ) ) ;
#1687 = CARTESIAN_POINT ( 'NONE',  ( -23.74999999999994316, -39.33645190094915733, 3.437432598306930487 ) ) ;
#1688 = VERTEX_POINT ( 'NONE', #689 ) ;
#1689 = CARTESIAN_POINT ( 'NONE',  ( -19.09999999999999787, 0.000000000000000000, 1.500000000000000000 ) ) ;
#1690 = CARTESIAN_POINT ( 'NONE',  ( 30.75258092679242949, -62.22999999999999687, 18.34911098691527087 ) ) ;
#1691 = CARTESIAN_POINT ( 'NONE',  ( -23.51492080150865505, -39.56217076829690882, 3.500000000000000444 ) ) ;
#1692 = ORIENTED_EDGE ( 'NONE', *, *, #831, .T. ) ;
#1693 = EDGE_LOOP ( 'NONE', ( #2273, #1979, #774 ) ) ;
#1694 = CARTESIAN_POINT ( 'NONE',  ( 31.74999999999994316, -62.23000000000000398, 26.50000000000000000 ) ) ;
#1695 = CARTESIAN_POINT ( 'NONE',  ( -31.54562117593645709, -62.26134577089504063, -2.390523159351841009 ) ) ;
#1696 = DIRECTION ( 'NONE',  ( 1.000000000000000000, 0.000000000000000000, -0.000000000000000000 ) ) ;
#1697 = VECTOR ( 'NONE', #669, 1000.000000000000000 ) ;
#1698 = CARTESIAN_POINT ( 'NONE',  ( 31.74999999999994316, -62.23000000000000398, -1.500000000000000000 ) ) ;
#1699 = AXIS2_PLACEMENT_3D ( 'NONE', #1344, #1883, #50 ) ;
#1700 = ORIENTED_EDGE ( 'NONE', *, *, #2014, .T. ) ;
#1701 = FACE_OUTER_BOUND ( 'NONE', #1432, .T. ) ;
#1702 = DIRECTION ( 'NONE',  ( 1.000000000000000000, 0.000000000000000000, 0.000000000000000000 ) ) ;
#1703 = CARTESIAN_POINT ( 'NONE',  ( -17.41774046587264024, -3.235864835491256919, 3.500000000000000000 ) ) ;
#1704 = ORIENTED_EDGE ( 'NONE', *, *, #1000, .T. ) ;
#1705 = ORIENTED_EDGE ( 'NONE', *, *, #584, .F. ) ;
#1706 = FACE_OUTER_BOUND ( 'NONE', #2247, .T. ) ;
#1707 = CARTESIAN_POINT ( 'NONE',  ( 21.74999999999994316, -63.62845232423071451, 17.06465404619693160 ) ) ;
#1708 = CARTESIAN_POINT ( 'NONE',  ( -17.79344996328669026, -6.727109372669954901, 3.500000000000002220 ) ) ;
#1709 = FACE_OUTER_BOUND ( 'NONE', #756, .T. ) ;
#1710 = CARTESIAN_POINT ( 'NONE',  ( 20.74446901765679740, -26.42989376601756391, -3.500000000000000000 ) ) ;
#1711 = VERTEX_POINT ( 'NONE', #1419 ) ;
#1712 = CYLINDRICAL_SURFACE ( 'NONE', #376, 3.599999999999999201 ) ;
#1713 = CARTESIAN_POINT ( 'NONE',  ( 0.000000000000000000, 0.000000000000000000, 26.50000000000000000 ) ) ;
#1714 = CARTESIAN_POINT ( 'NONE',  ( -25.58428986781111902, -39.63392781203349813, 1.499999999999999112 ) ) ;
#1715 = EDGE_LOOP ( 'NONE', ( #172, #1503, #1084, #566 ) ) ;
#1716 = CARTESIAN_POINT ( 'NONE',  ( 24.07908952634742050, -41.29623170828671164, 4.091359669403581201 ) ) ;
#1717 =( NAMED_UNIT ( * ) PLANE_ANGLE_UNIT ( ) SI_UNIT ( $, .RADIAN. ) );
#1718 = CARTESIAN_POINT ( 'NONE',  ( 31.74999999999994316, -62.23000000000000398, 3.500000000000000000 ) ) ;
#1719 =( NAMED_UNIT ( * ) PLANE_ANGLE_UNIT ( ) SI_UNIT ( $, .RADIAN. ) );
#1720 = PLANE ( 'NONE',  #880 ) ;
#1721 = ORIENTED_EDGE ( 'NONE', *, *, #591, .T. ) ;
#1722 = CARTESIAN_POINT ( 'NONE',  ( 19.60700558130190174, -4.866722970467550091, -3.500000000000293543 ) ) ;
#1723 = DIRECTION ( 'NONE',  ( -0.000000000000000000, -0.000000000000000000, -1.000000000000000000 ) ) ;
#1724 = CARTESIAN_POINT ( 'NONE',  ( -22.74818355444626050, -26.42395616164236927, 3.499999999995577760 ) ) ;
#1725 = ORIENTED_EDGE ( 'NONE', *, *, #548, .T. ) ;
#1726 = CARTESIAN_POINT ( 'NONE',  ( 28.53055409276187149, -51.28645883976948028, 7.126289508495085911 ) ) ;
#1727 = CARTESIAN_POINT ( 'NONE',  ( 21.74999999999994316, -62.21616463712337008, 15.55903028143435307 ) ) ;
#1728 = CARTESIAN_POINT ( 'NONE',  ( -23.74999999999993605, -59.07518864321319541, 15.26160915193708689 ) ) ;
#1729 = DIRECTION ( 'NONE',  ( -0.000000000000000000, -0.000000000000000000, -1.000000000000000000 ) ) ;
#1730 = EDGE_CURVE ( 'NONE', #46, #1465, #456, .T. ) ;
#1731 = DIRECTION ( 'NONE',  ( -0.000000000000000000, -0.000000000000000000, 1.000000000000000000 ) ) ;
#1732 = EDGE_LOOP ( 'NONE', ( #2182, #252, #184, #1022 ) ) ;
#1733 = VECTOR ( 'NONE', #694, 1000.000000000000000 ) ;
#1734 = UNCERTAINTY_MEASURE_WITH_UNIT (LENGTH_MEASURE( 1.000000000000000082E-05 ), #165, 'distance_accuracy_value', 'NONE');
#1735 = CARTESIAN_POINT ( 'NONE',  ( -27.67795585453884399, -48.10859607682627370, 5.270456503542837901 ) ) ;
#1736 = MECHANICAL_DESIGN_GEOMETRIC_PRESENTATION_REPRESENTATION (  '', ( #1171 ), #1953 ) ;
#1737 = CARTESIAN_POINT ( 'NONE',  ( -17.24197796542405570, -1.545099200151385244, 3.500000000000000000 ) ) ;
#1738 = ORIENTED_EDGE ( 'NONE', *, *, #2252, .T. ) ;
#1739 = CARTESIAN_POINT ( 'NONE',  ( 29.37111309700818751, -54.31366894907613130, 9.129289401876661714 ) ) ;
#1740 = CARTESIAN_POINT ( 'NONE',  ( 23.74999999999238298, -39.91150112489061286, 3.636248116555201193 ) ) ;
#1741 = DIRECTION ( 'NONE',  ( -0.000000000000000000, 0.000000000000000000, 1.000000000000000000 ) ) ;
#1742 = DIRECTION ( 'NONE',  ( 0.000000000000000000, -1.000000000000000000, 0.000000000000000000 ) ) ;
#1743 = B_SPLINE_CURVE_WITH_KNOTS ( 'NONE', 3,
 ( #1441, #904, #1119, #543, #1638, #1624, #1261, #1837, #2166, #191, #223, #1461 ),
 .UNSPECIFIED., .F., .F.,
 ( 4, 2, 2, 2, 2, 4 ),
 ( 0.000000000000000000, 0.0009708417572433056687, 0.001941683514486611337, 0.002912525271729917223, 0.003397946150351569949, 0.003883367028973222675 ),
 .UNSPECIFIED. ) ;
#1744 = VECTOR ( 'NONE', #416, 1000.000000000000000 ) ;
#1745 = CARTESIAN_POINT ( 'NONE',  ( -26.30982981903542850, -49.72059795923320991, 8.191503805648983061 ) ) ;
#1746 = B_SPLINE_CURVE_WITH_KNOTS ( 'NONE', 3,
 ( #1356, #2088, #1003, #84, #2275, #1369, #2074, #2264, #788, #1343, #1520, #472 ),
 .UNSPECIFIED., .F., .F.,
 ( 4, 2, 2, 2, 2, 4 ),
 ( 0.000000000000000000, 0.005290037354455520528, 0.007935056031683271685, 0.01058007470891102371, 0.01587011206336652949, 0.02116014941782203354 ),
 .UNSPECIFIED. ) ;
#1747 = AXIS2_PLACEMENT_3D ( 'NONE', #1064, #1099, #747 ) ;
#1748 = ADVANCED_FACE ( 'NONE', ( #1287 ), #492, .F. ) ;
#1749 = ORIENTED_EDGE ( 'NONE', *, *, #1382, .F. ) ;
#1750 = CARTESIAN_POINT ( 'NONE',  ( 23.74999999999994316, -50.19037501411375501, 8.432445376346256793 ) ) ;
#1751 = CARTESIAN_POINT ( 'NONE',  ( 20.63054301623810005, -13.08064683699444331, 1.500000000001473932 ) ) ;
#1752 = B_SPLINE_CURVE_WITH_KNOTS ( 'NONE', 3,
 ( #1556, #1203, #2276, #1214, #1919, #2297, #866, #1928, #2119, #1223, #2306, #1780, #1606, #546, #1276, #194 ),
 .UNSPECIFIED., .F., .F.,
 ( 4, 2, 2, 2, 2, 2, 2, 4 ),
 ( -1.596611753742830294E-05, 0.0007303263410026268523, 0.001103472570272657962, 0.001476618799542688855, 0.001849765028812719531, 0.002222911258082750641, 0.002596057487352781534, 0.002969203716622812426 ),
 .UNSPECIFIED. ) ;
#1753 = CARTESIAN_POINT ( 'NONE',  ( 23.65543431886118952, -39.51954912103897044, 3.499999999994124700 ) ) ;
#1754 = CARTESIAN_POINT ( 'NONE',  ( 23.74999999998924594, -42.04593786200986472, 4.386842373456235400 ) ) ;
#1755 = DIRECTION ( 'NONE',  ( -0.000000000000000000, -0.000000000000000000, 1.000000000000000000 ) ) ;
#1756 = EDGE_CURVE ( 'NONE', #1453, #833, #1968, .T. ) ;
#1757 = VERTEX_POINT ( 'NONE', #380 ) ;
#1758 = CARTESIAN_POINT ( 'NONE',  ( 21.74999999999994316, -57.90860148938637053, 11.55134184104421458 ) ) ;
#1759 = CARTESIAN_POINT ( 'NONE',  ( 21.74999999999994316, -62.23000000000000398, 18.50000000000000355 ) ) ;
#1760 = FACE_BOUND ( 'NONE', #1271, .T. ) ;
#1761 = DIRECTION ( 'NONE',  ( -1.000000000000000000, 0.000000000000000000, 0.000000000000000000 ) ) ;
#1762 = CARTESIAN_POINT ( 'NONE',  ( 29.91032727022877680, -56.16807144032066645, -3.500000000000587974 ) ) ;
#1763 = DIRECTION ( 'NONE',  ( -0.000000000000000000, -0.000000000000000000, -1.000000000000000000 ) ) ;
#1764 = DIRECTION ( 'NONE',  ( 1.000000000000000000, 0.000000000000000000, -0.000000000000000000 ) ) ;
#1765 = AXIS2_PLACEMENT_3D ( 'NONE', #595, #993, #980 ) ;
#1766 = CIRCLE ( 'NONE', #226, 11.09999999999999964 ) ;
#1767 = ORIENTED_EDGE ( 'NONE', *, *, #734, .F. ) ;
#1768 = CARTESIAN_POINT ( 'NONE',  ( 21.74999999999584688, -48.22814607685529609, 7.296214127683613881 ) ) ;
#1769 = CARTESIAN_POINT ( 'NONE',  ( 19.77985104833751961, -6.380054516940588449, 1.500000000000000000 ) ) ;
#1770 = CARTESIAN_POINT ( 'NONE',  ( 23.91329928142241457, -39.55720058261763228, 3.500000000000000444 ) ) ;
#1771 = CYLINDRICAL_SURFACE ( 'NONE', #2156, 11.09999999999999964 ) ;
#1772 = CARTESIAN_POINT ( 'NONE',  ( 20.75455814281488287, -26.49317212035847291, -3.500000000000000000 ) ) ;
#1773 = EDGE_CURVE ( 'NONE', #2013, #46, #871, .T. ) ;
#1774 = CARTESIAN_POINT ( 'NONE',  ( -21.74999999999994671, -55.61905829175139360, 9.744862026340534555 ) ) ;
#1775 = VECTOR ( 'NONE', #1702, 1000.000000000000000 ) ;
#1776 = CARTESIAN_POINT ( 'NONE',  ( -31.86536121996862292, -62.59717823625636157, -1.500000000000000000 ) ) ;
#1777 = EDGE_LOOP ( 'NONE', ( #1160, #1955, #2293, #738, #1504, #128 ) ) ;
#1778 = AXIS2_PLACEMENT_3D ( 'NONE', #2229, #439, #991 ) ;
#1779 = CARTESIAN_POINT ( 'NONE',  ( -24.79763108503579261, -44.12976432637567825, 5.261678826249161389 ) ) ;
#1780 = CARTESIAN_POINT ( 'NONE',  ( -24.28687191785797239, -39.38275364537704348, 3.340433143880602529 ) ) ;
#1781 = CARTESIAN_POINT ( 'NONE',  ( -31.69131966134802880, -62.05026124521081243, 18.30135671256616803 ) ) ;
#1782 = CARTESIAN_POINT ( 'NONE',  ( 19.38982234969633822, -2.863385269058938754, -3.499999999999853451 ) ) ;
#1783 = VERTEX_POINT ( 'NONE', #586 ) ;
#1784 = CARTESIAN_POINT ( 'NONE',  ( -25.53004717519857181, -39.39987135302541077, 1.500000000000000000 ) ) ;
#1785 = EDGE_CURVE ( 'NONE', #1878, #967, #1800, .T. ) ;
#1786 = LINE ( 'NONE', #1416, #680 ) ;
#1787 = CARTESIAN_POINT ( 'NONE',  ( -19.76053588514255921, -6.201191031479424964, -3.499999999999120259 ) ) ;
#1788 = CARTESIAN_POINT ( 'NONE',  ( -31.74999999999994316, -77.72999999999998977, 136.1998800000000074 ) ) ;
#1789 = CARTESIAN_POINT ( 'NONE',  ( -23.70016834998195066, -39.49343466113590750, 3.490377983779241244 ) ) ;
#1790 = ORIENTED_EDGE ( 'NONE', *, *, #1009, .T. ) ;
#1791 = DIRECTION ( 'NONE',  ( 0.000000000000000000, -1.000000000000000000, -0.000000000000000000 ) ) ;
#1792 = DIRECTION ( 'NONE',  ( -0.000000000000000000, -0.000000000000000000, 1.000000000000000000 ) ) ;
#1793 = CARTESIAN_POINT ( 'NONE',  ( 19.76053588514385950, -6.201191031482360394, -1.500000000000000000 ) ) ;
#1794 = CARTESIAN_POINT ( 'NONE',  ( -18.69093652004149320, -0.01963998146589591987, -2.718999905640428150 ) ) ;
#1795 = ADVANCED_FACE ( 'NONE', ( #730 ), #1072, .F. ) ;
#1796 = CARTESIAN_POINT ( 'NONE',  ( -23.74999999999994316, -55.59169356139543083, 12.24290545114840256 ) ) ;
#1797 = CARTESIAN_POINT ( 'NONE',  ( -19.31961331331074661, -2.195333433783608346, -3.500000000000001776 ) ) ;
#1798 = FACE_OUTER_BOUND ( 'NONE', #468, .T. ) ;
#1799 = CIRCLE ( 'NONE', #1989, 17.09999999999999787 ) ;
#1800 = LINE ( 'NONE', #45, #1547 ) ;
#1801 = ORIENTED_EDGE ( 'NONE', *, *, #1773, .F. ) ;
#1802 = CIRCLE ( 'NONE', #1582, 3.599999999999999201 ) ;
#1803 = CARTESIAN_POINT ( 'NONE',  ( -21.74999999999994316, -44.48523780104954284, 3.500000000000001332 ) ) ;
#1804 = LINE ( 'NONE', #195, #913 ) ;
#1805 = CARTESIAN_POINT ( 'NONE',  ( -31.74999999999994316, -62.23000000000000398, -1.500000000000000000 ) ) ;
#1806 = CARTESIAN_POINT ( 'NONE',  ( -17.36229583233006224, -0.08191269648548997473, -3.500000000003055334 ) ) ;
#1807 =( BOUNDED_SURFACE ( )  B_SPLINE_SURFACE ( 3, 2, ( 
 ( #1169, #1047, #1600 ),
 ( #515, #2308, #1950 ),
 ( #2317, #2269, #1257 ),
 ( #337, #1244, #1538 ),
 ( #1373, #1782, #1608 ),
 ( #1940, #1722, #327 ),
 ( #1793, #1960, #1360 ),
 ( #2131, #692, #642 ),
 ( #2256, #524, #1413 ),
 ( #1234, #828, #1077 ),
 ( #2152, #1056, #1772 ),
 ( #177, #2140, #164 ),
 ( #868, #112, #888 ),
 ( #653, #536, #878 ),
 ( #818, #349, #1065 ),
 ( #1225, #1762, #465 ),
 ( #152, #1, #1973 ),
 ( #701, #1588, #1423 ),
 ( #711, #1436, #2080 ),
 ( #2121, #1182, #362 ),
 ( #1899, #504, #288 ),
 ( #1007, #1548, #2023 ) ),
 .UNSPECIFIED., .F., .F., .T. ) 
 B_SPLINE_SURFACE_WITH_KNOTS ( ( 4, 2, 2, 2, 2, 2, 2, 2, 2, 2, 4 ),
 ( 3, 3 ),
 ( 0.07993372677956507577, 0.08196239021083998044, 0.08399105364211489899, 0.08804838050466473609, 0.09616303422976441029, 0.1123923416799637587, 0.1286216491301631071, 0.1367363028552627813, 0.1407936297178126184, 0.1428222931490875369, 0.1448509565803624555 ),
 ( 0.000000000000000000, 1.000000000000000000 ),
 .UNSPECIFIED. ) 
 GEOMETRIC_REPRESENTATION_ITEM ( )  RATIONAL_B_SPLINE_SURFACE ( (
 ( 1.000000000000000000, 0.7071067811865474617, 1.000000000000000000),
 ( 1.000000000000000000, 0.7071067811865474617, 1.000000000000000000),
 ( 1.000000000000000000, 0.7071067811865474617, 1.000000000000000000),
 ( 1.000000000000000000, 0.7071067811865474617, 1.000000000000000000),
 ( 1.000000000000000000, 0.7071067811865474617, 1.000000000000000000),
 ( 1.000000000000000000, 0.7071067811865474617, 1.000000000000000000),
 ( 1.000000000000000000, 0.7071067811865474617, 1.000000000000000000),
 ( 1.000000000000000000, 0.7071067811865474617, 1.000000000000000000),
 ( 1.000000000000000000, 0.7071067811865474617, 1.000000000000000000),
 ( 1.000000000000000000, 0.7071067811865474617, 1.000000000000000000),
 ( 1.000000000000000000, 0.7071067811865481278, 1.000000000000000000),
 ( 1.000000000000000000, 0.7071067811865481278, 1.000000000000000000),
 ( 1.000000000000000000, 0.7071067811865476838, 1.000000000000000000),
 ( 1.000000000000000000, 0.7071067811865476838, 1.000000000000000000),
 ( 1.000000000000000000, 0.7071067811865473507, 1.000000000000000000),
 ( 1.000000000000000000, 0.7071067811865473507, 1.000000000000000000),
 ( 1.000000000000000000, 0.7071067811865474617, 1.000000000000000000),
 ( 1.000000000000000000, 0.7071067811865474617, 1.000000000000000000),
 ( 1.000000000000000000, 0.7071067811865474617, 1.000000000000000000),
 ( 1.000000000000000000, 0.7071067811865474617, 1.000000000000000000),
 ( 1.000000000000000000, 0.7071067811865474617, 1.000000000000000000),
 ( 1.000000000000000000, 0.7071067811865474617, 1.000000000000000000) ) ) 
 REPRESENTATION_ITEM ( '' )  SURFACE ( )  );
#1808 = CARTESIAN_POINT ( 'NONE',  ( -21.74999999999994316, -54.91669732909628721, 9.219193478812625742 ) ) ;
#1809 = CARTESIAN_POINT ( 'NONE',  ( -19.81864851453909182, -21.16653517254734851, -3.500000000000000000 ) ) ;
#1810 = ORIENTED_EDGE ( 'NONE', *, *, #1658, .F. ) ;
#1811 = DIRECTION ( 'NONE',  ( -0.000000000000000000, -0.000000000000000000, -1.000000000000000000 ) ) ;
#1812 = EDGE_CURVE ( 'NONE', #716, #2221, #947, .T. ) ;
#1813 = CARTESIAN_POINT ( 'NONE',  ( 25.26237348171581587, -39.30400378409758844, 2.456630549045668577 ) ) ;
#1814 = EDGE_LOOP ( 'NONE', ( #552, #1604, #896, #2194 ) ) ;
#1815 = DIRECTION ( 'NONE',  ( 0.000000000000000000, 0.000000000000000000, -1.000000000000000000 ) ) ;
#1816 = CARTESIAN_POINT ( 'NONE',  ( 28.04632588681541705, -55.68083229974121195, 12.27007117259585556 ) ) ;
#1817 = CARTESIAN_POINT ( 'NONE',  ( 31.50274749640198024, -61.44303070308900061, 15.36448932129900413 ) ) ;
#1818 = CARTESIAN_POINT ( 'NONE',  ( -21.74999999999993960, -50.85751488239566953, 8.887532617059395790 ) ) ;
#1819 = CARTESIAN_POINT ( 'NONE',  ( -31.46258516876966027, -61.31265913741765416, -1.500000000000000000 ) ) ;
#1820 = ORIENTED_EDGE ( 'NONE', *, *, #1563, .T. ) ;
#1821 = CARTESIAN_POINT ( 'NONE',  ( -20.74446901765679740, -26.42989376601758522, -3.499999999999999556 ) ) ;
#1822 = EDGE_CURVE ( 'NONE', #928, #641, #339, .T. ) ;
#1823 = EDGE_CURVE ( 'NONE', #221, #1783, #1128, .T. ) ;
#1824 = ORIENTED_EDGE ( 'NONE', *, *, #137, .F. ) ;
#1825 = CARTESIAN_POINT ( 'NONE',  ( -31.74999999999994316, -62.23000000000000398, 1.500000000000001332 ) ) ;
#1826 = VERTEX_POINT ( 'NONE', #919 ) ;
#1827 = DIRECTION ( 'NONE',  ( 0.000000000000000000, -1.000000000000000000, 0.000000000000000000 ) ) ;
#1828 = CARTESIAN_POINT ( 'NONE',  ( 25.87954523958878639, -48.16834247435292582, 7.304653212014288854 ) ) ;
#1829 = CARTESIAN_POINT ( 'NONE',  ( -31.72414762121505305, -62.23000000000000398, 16.72350350787811379 ) ) ;
#1830 = ADVANCED_FACE ( 'NONE', ( #1314 ), #696, .T. ) ;
#1831 = DIRECTION ( 'NONE',  ( -0.000000000000000000, -0.000000000000000000, 1.000000000000000000 ) ) ;
#1832 = CARTESIAN_POINT ( 'NONE',  ( -23.10420391786173155, -39.83912992740025771, 3.500000000000000000 ) ) ;
#1833 = EDGE_CURVE ( 'NONE', #884, #928, #2136, .T. ) ;
#1834 = ORIENTED_EDGE ( 'NONE', *, *, #507, .F. ) ;
#1835 = B_SPLINE_CURVE_WITH_KNOTS ( 'NONE', 3,
 ( #1657, #71, #2034, #2212, #1645, #1816, #1507, #217, #935, #1828, #1330, #2200, #760, #2009, #2047 ),
 .UNSPECIFIED., .F., .F.,
 ( 4, 2, 2, 2, 2, 1, 2, 4 ),
 ( -5.999999999406083784E-08, 0.003489992632603865913, 0.006980045265207728000, 0.01396015053041545738, 0.01745020316301932120, 0.02094025579562318676, 0.02443030842822704884, 0.02792036106083091093 ),
 .UNSPECIFIED. ) ;
#1836 = DIRECTION ( 'NONE',  ( 0.000000000000000000, 1.000000000000000000, 0.000000000000000000 ) ) ;
#1837 = CARTESIAN_POINT ( 'NONE',  ( 22.97668484321595272, -62.23000000000001108, 18.27708174691786169 ) ) ;
#1838 = DIRECTION ( 'NONE',  ( 0.000000000000000000, 0.000000000000000000, 1.000000000000000000 ) ) ;
#1839 = ORIENTED_EDGE ( 'NONE', *, *, #1908, .T. ) ;
#1840 = CARTESIAN_POINT ( 'NONE',  ( -21.74999999999994316, -31.42863518850452920, 3.500000000000000000 ) ) ;
#1841 = VERTEX_POINT ( 'NONE', #783 ) ;
#1842 = EDGE_CURVE ( 'NONE', #631, #1066, #905, .T. ) ;
#1843 = AXIS2_PLACEMENT_3D ( 'NONE', #1852, #1502, #19 ) ;
#1844 = DIRECTION ( 'NONE',  ( -0.000000000000000000, -0.000000000000000000, -1.000000000000000000 ) ) ;
#1845 = CARTESIAN_POINT ( 'NONE',  ( 21.74999999999994316, -62.23000000000000398, 136.1998800000000074 ) ) ;
#1846 = CARTESIAN_POINT ( 'NONE',  ( -31.60746659596976116, -62.22999999999999687, 17.23412235635272793 ) ) ;
#1847 = CIRCLE ( 'NONE', #1024, 19.09999999999999787 ) ;
#1848 = EDGE_CURVE ( 'NONE', #1640, #2234, #1359, .T. ) ;
#1849 = CARTESIAN_POINT ( 'NONE',  ( -21.74999999999994316, -63.01306715614750686, 16.39663681532301354 ) ) ;
#1850 = FACE_OUTER_BOUND ( 'NONE', #2242, .T. ) ;
#1851 = DIRECTION ( 'NONE',  ( 0.000000000000000000, 1.000000000000000000, 0.000000000000000000 ) ) ;
#1852 = CARTESIAN_POINT ( 'NONE',  ( 29.74999999999994671, -31.42863518850452920, -1.500000000000000000 ) ) ;
#1853 = EDGE_CURVE ( 'NONE', #87, #1453, #390, .T. ) ;
#1854 = VERTEX_POINT ( 'NONE', #1867 ) ;
#1855 = EDGE_LOOP ( 'NONE', ( #2155, #2032 ) ) ;
#1856 = CARTESIAN_POINT ( 'NONE',  ( 31.74999999999994316, -77.72999999999998977, -1.500000000000000000 ) ) ;
#1857 = CARTESIAN_POINT ( 'NONE',  ( -29.96907379404324701, -56.36353759391622020, 10.74903831330957082 ) ) ;
#1858 = AXIS2_PLACEMENT_3D ( 'NONE', #683, #2139, #336 ) ;
#1859 = LINE ( 'NONE', #1718, #42 ) ;
#1860 = B_SPLINE_CURVE_WITH_KNOTS ( 'NONE', 3,
 ( #729, #1311, #1451, #1821, #929, #2180, #1988, #610 ),
 .UNSPECIFIED., .F., .F.,
 ( 4, 2, 2, 4 ),
 ( 0.000000000000000000, 0.03191001176994360394, 0.04786501765491540938, 0.06382002353988720789 ),
 .UNSPECIFIED. ) ;
#1861 = CARTESIAN_POINT ( 'NONE',  ( 10.55000000000001847, -62.23000000000000398, 136.1998800000000074 ) ) ;
#1862 = CIRCLE ( 'NONE', #539, 2.600000000000001421 ) ;
#1863 = CARTESIAN_POINT ( 'NONE',  ( 30.97586496639809539, -62.34867717309996493, -3.101626733060601993 ) ) ;
#1864 = DIRECTION ( 'NONE',  ( -0.000000000000000000, -0.000000000000000000, -1.000000000000000000 ) ) ;
#1865 = B_SPLINE_CURVE_WITH_KNOTS ( 'NONE', 2,
 ( #1153, #803, #2254 ),
 .UNSPECIFIED., .F., .F.,
 ( 3, 3 ),
 ( 0.000000000000000000, 0.3715743614556091257 ),
 .UNSPECIFIED. ) ;
#1866 = FACE_OUTER_BOUND ( 'NONE', #357, .T. ) ;
#1867 = CARTESIAN_POINT ( 'NONE',  ( 2.600000000000001421, -69.98000000000000398, 126.6748799999999875 ) ) ;
#1868 = ORIENTED_EDGE ( 'NONE', *, *, #763, .F. ) ;
#1869 = ORIENTED_EDGE ( 'NONE', *, *, #175, .F. ) ;
#1870 = CARTESIAN_POINT ( 'NONE',  ( 31.01558761972648526, -59.86386714821493626, 13.80516261014819612 ) ) ;
#1871 = CARTESIAN_POINT ( 'NONE',  ( -21.74999999999994316, -62.23000000000000398, 15.90364305719015015 ) ) ;
#1872 = CARTESIAN_POINT ( 'NONE',  ( -29.74999999999994316, -62.53628588767674756, -3.500000000000000000 ) ) ;
#1873 = CARTESIAN_POINT ( 'NONE',  ( 29.74999999999994316, -62.53628588767671914, -3.500000000000000000 ) ) ;
#1874 = ADVANCED_FACE ( 'NONE', ( #597 ), #770, .T. ) ;
#1875 = DIRECTION ( 'NONE',  ( 1.000000000000000000, 0.000000000000000000, 0.000000000000000000 ) ) ;
#1876 = DIRECTION ( 'NONE',  ( 0.000000000000000000, 0.000000000000000000, -1.000000000000000000 ) ) ;
#1877 = DIRECTION ( 'NONE',  ( 0.000000000000000000, 0.000000000000000000, 1.000000000000000000 ) ) ;
#1878 = VERTEX_POINT ( 'NONE', #1107 ) ;
#1879 = ORIENTED_EDGE ( 'NONE', *, *, #670, .F. ) ;
#1880 = DIRECTION ( 'NONE',  ( 0.000000000000000000, -1.000000000000000000, 0.000000000000000000 ) ) ;
#1881 = CARTESIAN_POINT ( 'NONE',  ( -21.74999999999994316, -62.23000000000000398, 136.1998800000000074 ) ) ;
#1882 = CARTESIAN_POINT ( 'NONE',  ( 7.500000000000016875, -77.72999999999998977, 136.1998800000000074 ) ) ;
#1883 = DIRECTION ( 'NONE',  ( 0.000000000000000000, 0.000000000000000000, -1.000000000000000000 ) ) ;
#1884 = DIRECTION ( 'NONE',  ( -0.000000000000000000, -0.000000000000000000, -1.000000000000000000 ) ) ;
#1885 = ORIENTED_EDGE ( 'NONE', *, *, #1333, .F. ) ;
#1886 = CARTESIAN_POINT ( 'NONE',  ( 7.500000000000016875, -62.23000000000000398, 136.1998800000000074 ) ) ;
#1887 = PLANE ( 'NONE',  #874 ) ;
#1888 = CYLINDRICAL_SURFACE ( 'NONE', #155, 3.599999999999999201 ) ;
#1889 = ORIENTED_EDGE ( 'NONE', *, *, #1438, .T. ) ;
#1890 = CARTESIAN_POINT ( 'NONE',  ( 30.69553432383559866, -58.81577977550504954, 15.01532453896325592 ) ) ;
#1891 = FILL_AREA_STYLE ('',( #2286 ) ) ;
#1892 = DIRECTION ( 'NONE',  ( 1.000000000000000000, 0.000000000000000000, -0.000000000000000000 ) ) ;
#1893 = B_SPLINE_CURVE_WITH_KNOTS ( 'NONE', 3,
 ( #2159, #1644, #532, #556, #1264, #1112, #1062, #1421, #886, #2328, #1618, #23, #1254, #2138 ),
 .UNSPECIFIED., .F., .F.,
 ( 4, 2, 2, 2, 2, 2, 4 ),
 ( -2.803804232173501919E-05, 0.0007604192906309074950, 0.001548876623583550060, 0.001943105290059867060, 0.002337333956536184493, 0.002731562623012501276, 0.003125791289488818493 ),
 .UNSPECIFIED. ) ;
#1894 = VECTOR ( 'NONE', #829, 1000.000000000000000 ) ;
#1895 = CARTESIAN_POINT ( 'NONE',  ( -21.74999999999994316, -42.26112215474790190, 2.319040679520413484 ) ) ;
#1896 = AXIS2_PLACEMENT_3D ( 'NONE', #1113, #243, #1455 ) ;
#1897 = ORIENTED_EDGE ( 'NONE', *, *, #1518, .T. ) ;
#1898 = VECTOR ( 'NONE', #1731, 1000.000000000000000 ) ;
#1899 = CARTESIAN_POINT ( 'NONE',  ( 31.66275643121835870, -61.95231621927513288, -1.500000000000000000 ) ) ;
#1900 = CARTESIAN_POINT ( 'NONE',  ( -19.09999999999999787, 0.000000000000000000, 3.500000000000000000 ) ) ;
#1901 = SURFACE_STYLE_USAGE ( .BOTH. , #467 ) ;
#1902 = ORIENTED_EDGE ( 'NONE', *, *, #1756, .F. ) ;
#1903 = EDGE_CURVE ( 'NONE', #1629, #1523, #1860, .T. ) ;
#1904 = CARTESIAN_POINT ( 'NONE',  ( 27.20821315314636024, -46.30061247106682032, 6.322628782234426481 ) ) ;
#1905 = CARTESIAN_POINT ( 'NONE',  ( 21.74999999999994316, -63.02919230850374532, 16.41390865159459977 ) ) ;
#1906 = DIRECTION ( 'NONE',  ( -0.000000000000000000, -0.000000000000000000, -1.000000000000000000 ) ) ;
#1907 = CARTESIAN_POINT ( 'NONE',  ( -31.74999999999994316, -62.23000000000000398, 3.500000000000000000 ) ) ;
#1908 = EDGE_CURVE ( 'NONE', #797, #631, #379, .T. ) ;
#1909 = CARTESIAN_POINT ( 'NONE',  ( 30.27360927301142368, -62.45620332242475570, -3.447583406534270978 ) ) ;
#1910 = ORIENTED_EDGE ( 'NONE', *, *, #1365, .F. ) ;
#1911 = CARTESIAN_POINT ( 'NONE',  ( -28.52198563751396421, -51.25520999766833086, 7.106555689601483650 ) ) ;
#1912 = EDGE_CURVE ( 'NONE', #414, #79, #1275, .T. ) ;
#1913 = CARTESIAN_POINT ( 'NONE',  ( -22.74818355445562901, -26.42395616164084160, 1.499999999997051470 ) ) ;
#1914 = ORIENTED_EDGE ( 'NONE', *, *, #1000, .F. ) ;
#1915 = CARTESIAN_POINT ( 'NONE',  ( 25.87355146955405871, -40.90849749979241778, 3.944826053039681923 ) ) ;
#1916 = DIRECTION ( 'NONE',  ( 1.000000000000000000, 0.000000000000000000, 0.000000000000000000 ) ) ;
#1917 = ADVANCED_FACE ( 'NONE', ( #67 ), #1665, .T. ) ;
#1918 = CARTESIAN_POINT ( 'NONE',  ( 19.98211603956070093, -8.056464915821598183, 1.499999999999262590 ) ) ;
#1919 = CARTESIAN_POINT ( 'NONE',  ( -25.27031083520179777, -39.30455788177577148, 2.442194868422930210 ) ) ;
#1920 = DIRECTION ( 'NONE',  ( 0.000000000000000000, 0.000000000000000000, -1.000000000000000000 ) ) ;
#1921 = EDGE_CURVE ( 'NONE', #1878, #675, #2043, .T. ) ;
#1922 = VECTOR ( 'NONE', #754, 1000.000000000000000 ) ;
#1923 = CARTESIAN_POINT ( 'NONE',  ( -27.20000649824094197, -46.26850756961361810, 6.306664489996529177 ) ) ;
#1924 = CIRCLE ( 'NONE', #564, 3.599999999999999201 ) ;
#1925 = EDGE_LOOP ( 'NONE', ( #1042, #91, #972, #1106, #406, #1910, #1308, #1897 ) ) ;
#1926 = CARTESIAN_POINT ( 'NONE',  ( 23.74999999999790390, -58.33607512933261319, 14.57699115261626410 ) ) ;
#1927 = CARTESIAN_POINT ( 'NONE',  ( 25.58429053372842432, -39.63393068031772515, 1.499999999999999556 ) ) ;
#1928 = CARTESIAN_POINT ( 'NONE',  ( -24.89690253118948959, -39.30995238227144029, 2.930282448886416091 ) ) ;
#1929 = DIRECTION ( 'NONE',  ( -1.000000000000000000, -0.000000000000000000, -0.000000000000000000 ) ) ;
#1930 = EDGE_CURVE ( 'NONE', #2184, #587, #1655, .T. ) ;
#1931 = AXIS2_PLACEMENT_3D ( 'NONE', #643, #1361, #430 ) ;
#1932 = CARTESIAN_POINT ( 'NONE',  ( -30.19870583221778304, -57.14513967226081803, 11.38637477717029078 ) ) ;
#1933 = FACE_OUTER_BOUND ( 'NONE', #488, .T. ) ;
#1934 = STYLED_ITEM ( 'NONE', ( #130 ), #540 ) ;
#1935 = ORIENTED_EDGE ( 'NONE', *, *, #1584, .T. ) ;
#1936 = CARTESIAN_POINT ( 'NONE',  ( 23.74999999999994316, -42.05871414303735634, 4.391335269870879188 ) ) ;
#1937 = FACE_OUTER_BOUND ( 'NONE', #193, .T. ) ;
#1938 = FACE_BOUND ( 'NONE', #1082, .T. ) ;
#1939 = CARTESIAN_POINT ( 'NONE',  ( -28.28063384040099493, -56.43607912670670146, 12.92733573687131354 ) ) ;
#1940 = CARTESIAN_POINT ( 'NONE',  ( 19.60700558130038473, -4.866722970468009279, -1.500000000000293099 ) ) ;
#1941 = B_SPLINE_CURVE_WITH_KNOTS ( 'NONE', 3,
 ( #462, #1178, #1163, #1728, #107, #650, #119, #2101, #838, #1555, #660, #824, #1381 ),
 .UNSPECIFIED., .F., .F.,
 ( 4, 2, 1, 2, 2, 2, 4 ),
 ( -5.999999999624738722E-08, 0.003393265542082747090, 0.006786591084165490353, 0.01017991662624823448, 0.01357324216833097688, 0.02035989325249646514, 0.02714654433666194994 ),
 .UNSPECIFIED. ) ;
#1942 = DIRECTION ( 'NONE',  ( -1.000000000000000000, 0.000000000000000000, 0.000000000000000000 ) ) ;
#1943 = DIRECTION ( 'NONE',  ( 1.000000000000000000, 0.000000000000000000, -0.000000000000000000 ) ) ;
#1944 = ORIENTED_EDGE ( 'NONE', *, *, #1662, .T. ) ;
#1945 = EDGE_CURVE ( 'NONE', #1353, #2058, #201, .T. ) ;
#1946 = CARTESIAN_POINT ( 'NONE',  ( 21.74999999999586109, -50.19037501411516189, 8.432445376348237431 ) ) ;
#1947 = CARTESIAN_POINT ( 'NONE',  ( 17.50907468362236941, -4.080632165597336325, 3.500000000000000000 ) ) ;
#1948 = CARTESIAN_POINT ( 'NONE',  ( 22.86506749045987874, -26.90637067677595340, 1.500000000000000000 ) ) ;
#1949 = CARTESIAN_POINT ( 'NONE',  ( -30.00420966900856001, -61.87360354208244928, 18.10940436675337040 ) ) ;
#1950 = CARTESIAN_POINT ( 'NONE',  ( 17.12780103869454251, -0.3838611783687722045, -3.500000000000000000 ) ) ;
#1951 = CARTESIAN_POINT ( 'NONE',  ( -21.74999999999994316, -44.97465652933435365, 3.500000000000000000 ) ) ;
#1952 = VECTOR ( 'NONE', #1742, 1000.000000000000000 ) ;
#1953 =( GEOMETRIC_REPRESENTATION_CONTEXT ( 3 ) GLOBAL_UNCERTAINTY_ASSIGNED_CONTEXT ( ( #1734 ) ) GLOBAL_UNIT_ASSIGNED_CONTEXT ( ( #165, #2319, #1635 ) ) REPRESENTATION_CONTEXT ( 'NONE', 'WORKASPACE' ) );
#1954 = CARTESIAN_POINT ( 'NONE',  ( -29.75463143793327347, -62.55153160969115334, -3.500000000000000000 ) ) ;
#1955 = ORIENTED_EDGE ( 'NONE', *, *, #1773, .T. ) ;
#1956 = B_SPLINE_SURFACE_WITH_KNOTS ( 'NONE', 2, 1, ( 
 ( #1053, #2137 ),
 ( #1957, #490 ),
 ( #1212, #2296 ) ),
 .UNSPECIFIED., .F., .F., .F.,
 ( 3, 3 ),
 ( 2, 2 ),
 ( 0.000000000000000000, 0.7836115989698458906 ),
 ( 0.000000000000000000, 1.000000000000000000 ),
 .UNSPECIFIED. ) ;
#1957 = CARTESIAN_POINT ( 'NONE',  ( -23.74999999999638334, -52.86415590235237261, 8.149076496122946267 ) ) ;
#1958 = CARTESIAN_POINT ( 'NONE',  ( 19.03623874616943823, -0.003075300967232040984, 2.017644827096448434 ) ) ;
#1959 = CARTESIAN_POINT ( 'NONE',  ( -31.65997372960426048, -61.95020559871042565, 18.19129995060695393 ) ) ;
#1960 = CARTESIAN_POINT ( 'NONE',  ( 19.76053588514523796, -6.201191031482194305, -3.500000000000000888 ) ) ;
#1961 = VERTEX_POINT ( 'NONE', #1095 ) ;
#1962 = CARTESIAN_POINT ( 'NONE',  ( -18.89742769623197916, -0.009752749220015290502, -2.386805041630744473 ) ) ;
#1963 = CARTESIAN_POINT ( 'NONE',  ( 18.32990998892936574, -0.03680818956223774058, -3.098512950549819678 ) ) ;
#1964 = CIRCLE ( 'NONE', #1559, 17.09999999999999787 ) ;
#1965 = CARTESIAN_POINT ( 'NONE',  ( -30.28944101416959356, -57.45676869590671032, -1.499999999999413802 ) ) ;
#1966 = ORIENTED_EDGE ( 'NONE', *, *, #116, .T. ) ;
#1967 = VECTOR ( 'NONE', #1880, 1000.000000000000000 ) ;
#1968 = LINE ( 'NONE', #1109, #455 ) ;
#1969 = VERTEX_POINT ( 'NONE', #2017 ) ;
#1970 = DIRECTION ( 'NONE',  ( -1.224646799147353207E-16, 1.000000000000000000, 0.000000000000000000 ) ) ;
#1971 = CARTESIAN_POINT ( 'NONE',  ( -31.01760346066569696, -59.87044885529736860, 13.81147647933597433 ) ) ;
#1972 = EDGE_CURVE ( 'NONE', #1353, #92, #2181, .T. ) ;
#1973 = CARTESIAN_POINT ( 'NONE',  ( 28.37195797270878472, -58.02539368803054032, -3.500000000000000000 ) ) ;
#1974 = DIRECTION ( 'NONE',  ( -1.000000000000000000, 0.000000000000000000, -0.000000000000000000 ) ) ;
#1975 = DIRECTION ( 'NONE',  ( -1.000000000000000000, 0.000000000000000000, 0.000000000000000000 ) ) ;
#1976 = CARTESIAN_POINT ( 'NONE',  ( -20.24742093168524804, -10.20132202651482345, -1.500000000001172618 ) ) ;
#1977 = LINE ( 'NONE', #1664, #1374 ) ;
#1978 = DIRECTION ( 'NONE',  ( 0.000000000000000000, -1.000000000000000000, 0.000000000000000000 ) ) ;
#1979 = ORIENTED_EDGE ( 'NONE', *, *, #1613, .T. ) ;
#1980 = LINE ( 'NONE', #732, #134 ) ;
#1981 = PLANE ( 'NONE',  #1858 ) ;
#1982 = CARTESIAN_POINT ( 'NONE',  ( 30.74394969478209561, -58.96926545809913733, 12.97631543207548432 ) ) ;
#1983 = DIRECTION ( 'NONE',  ( 1.000000000000000000, 0.000000000000000000, 0.000000000000000000 ) ) ;
#1984 = CARTESIAN_POINT ( 'NONE',  ( -21.74999999999994316, -61.94959741346735171, 18.19123364291681710 ) ) ;
#1985 = EDGE_CURVE ( 'NONE', #833, #1998, #917, .T. ) ;
#1986 = CARTESIAN_POINT ( 'NONE',  ( -18.26419205773963128, -10.46037935471796310, -3.500000000000000000 ) ) ;
#1987 = ORIENTED_EDGE ( 'NONE', *, *, #3, .F. ) ;
#1988 = CARTESIAN_POINT ( 'NONE',  ( -17.61208841470860165, -5.389082991000641698, -3.500000000000000000 ) ) ;
#1989 = AXIS2_PLACEMENT_3D ( 'NONE', #494, #1920, #2299 ) ;
#1990 = CARTESIAN_POINT ( 'NONE',  ( -22.17126864804746589, -31.74227037700905285, 1.500000000000001332 ) ) ;
#1991 = ORIENTED_EDGE ( 'NONE', *, *, #175, .T. ) ;
#1992 = CARTESIAN_POINT ( 'NONE',  ( -31.74999999999994316, -31.42863518850452920, -1.500000000000000000 ) ) ;
#1993 = CARTESIAN_POINT ( 'NONE',  ( -22.29611467941547076, -62.23000000000000398, 17.58024377454239939 ) ) ;
#1994 = LINE ( 'NONE', #207, #82 ) ;
#1995 = PLANE ( 'NONE',  #1280 ) ;
#1996 = EDGE_CURVE ( 'NONE', #1711, #928, #629, .T. ) ;
#1997 = CARTESIAN_POINT ( 'NONE',  ( -21.74999999999994316, -53.74197970693008841, 10.83843416517906100 ) ) ;
#1998 = VERTEX_POINT ( 'NONE', #1680 ) ;
#1999 = CARTESIAN_POINT ( 'NONE',  ( -31.06662671089853234, -60.02876115236347943, -1.500000000000000000 ) ) ;
#2000 = CARTESIAN_POINT ( 'NONE',  ( 23.96215628939068765, -32.23000000000013188, 1.500000000000000000 ) ) ;
#2001 = CARTESIAN_POINT ( 'NONE',  ( -23.63848056032457023, -39.51693790336599932, 3.496815300410229366 ) ) ;
#2002 = EDGE_CURVE ( 'NONE', #2013, #1826, #1412, .T. ) ;
#2003 = ORIENTED_EDGE ( 'NONE', *, *, #1196, .F. ) ;
#2004 = CARTESIAN_POINT ( 'NONE',  ( -28.04302593575147640, -55.65680926930902217, 12.29559976631357543 ) ) ;
#2005 = EDGE_LOOP ( 'NONE', ( #612, #1681, #1398, #742, #581, #1050, #1366, #275 ) ) ;
#2006 = CIRCLE ( 'NONE', #996, 17.09999999999999787 ) ;
#2007 = CARTESIAN_POINT ( 'NONE',  ( 17.36229583233007645, -0.08191269648680869764, 3.500000000003061551 ) ) ;
#2008 = CIRCLE ( 'NONE', #1747, 2.000000000000000444 ) ;
#2009 = CARTESIAN_POINT ( 'NONE',  ( 24.00905107664331695, -40.98182654320851270, 4.012637867554182058 ) ) ;
#2010 = CARTESIAN_POINT ( 'NONE',  ( -30.96988386433836027, -62.23000000000001819, 18.20574255573953693 ) ) ;
#2011 = ADVANCED_FACE ( 'NONE', ( #30 ), #251, .F. ) ;
#2012 = CARTESIAN_POINT ( 'NONE',  ( -21.75000000000412825, -43.69051663786540729, 5.065358938075585016 ) ) ;
#2013 = VERTEX_POINT ( 'NONE', #264 ) ;
#2014 = EDGE_CURVE ( 'NONE', #1688, #87, #1338, .T. ) ;
#2015 = CARTESIAN_POINT ( 'NONE',  ( 21.68826536650910342, -21.05231026188702970, -1.500000000000000666 ) ) ;
#2016 = ORIENTED_EDGE ( 'NONE', *, *, #798, .T. ) ;
#2017 = CARTESIAN_POINT ( 'NONE',  ( 19.09999999999999787, 0.000000000000000000, -1.500000000000000000 ) ) ;
#2018 = ORIENTED_EDGE ( 'NONE', *, *, #906, .T. ) ;
#2019 = CARTESIAN_POINT ( 'NONE',  ( -23.71604038764200340, -39.62696896963160498, 3.536604919328568020 ) ) ;
#2020 = ORIENTED_EDGE ( 'NONE', *, *, #576, .F. ) ;
#2021 = CARTESIAN_POINT ( 'NONE',  ( 31.56468005140475341, -61.64527556656253893, 17.86163050513749440 ) ) ;
#2022 = CARTESIAN_POINT ( 'NONE',  ( -17.09999999999999787, 0.000000000000000000, 3.500000000000000000 ) ) ;
#2023 = CARTESIAN_POINT ( 'NONE',  ( 29.95731782627249729, -63.19665334647575605, -3.500000000000000000 ) ) ;
#2024 = DIRECTION ( 'NONE',  ( 0.000000000000000000, 0.000000000000000000, 1.000000000000000000 ) ) ;
#2025 = CARTESIAN_POINT ( 'NONE',  ( -23.74999999999785771, -60.34053053536086253, 16.50460434162746637 ) ) ;
#2026 = ADVANCED_FACE ( 'NONE', ( #279 ), #601, .T. ) ;
#2027 = CARTESIAN_POINT ( 'NONE',  ( -25.53004717519857181, -39.39987135302541077, 1.500000000000000000 ) ) ;
#2028 = CARTESIAN_POINT ( 'NONE',  ( -25.53004717519857181, -39.39987135302541077, 1.500000000000000000 ) ) ;
#2029 = DIRECTION ( 'NONE',  ( -0.000000000000000000, 1.000000000000000000, -0.000000000000000000 ) ) ;
#2030 = ORIENTED_EDGE ( 'NONE', *, *, #1004, .F. ) ;
#2031 = CARTESIAN_POINT ( 'NONE',  ( -17.06267538780299375, 0.2892274556532820062, -3.500000000000000000 ) ) ;
#2032 = ORIENTED_EDGE ( 'NONE', *, *, #1823, .F. ) ;
#2033 = CARTESIAN_POINT ( 'NONE',  ( 23.50420546693769808, -39.51169784364123672, 3.497302406152506205 ) ) ;
#2034 = CARTESIAN_POINT ( 'NONE',  ( 29.61568748036512133, -60.68087516921461599, 16.83735150872844955 ) ) ;
#2035 = CARTESIAN_POINT ( 'NONE',  ( -31.51868957816823880, -62.23000000000000398, 17.47863137181488824 ) ) ;
#2036 = AXIS2_PLACEMENT_3D ( 'NONE', #749, #2049, #257 ) ;
#2037 = CARTESIAN_POINT ( 'NONE',  ( 30.15921817198618982, -62.23000000000000398, 18.50000000000000000 ) ) ;
#2038 = EDGE_CURVE ( 'NONE', #1475, #2058, #620, .T. ) ;
#2039 = CARTESIAN_POINT ( 'NONE',  ( -21.74999999999994316, -63.62587425303910038, 17.06180481900027601 ) ) ;
#2040 = ORIENTED_EDGE ( 'NONE', *, *, #1191, .F. ) ;
#2041 = CARTESIAN_POINT ( 'NONE',  ( 17.09974235922041785, -0.09386824961390394240, 3.500000000000000000 ) ) ;
#2042 = DIRECTION ( 'NONE',  ( -1.000000000000000000, 0.000000000000000000, -0.000000000000000000 ) ) ;
#2043 = LINE ( 'NONE', #1299, #900 ) ;
#2044 = ORIENTED_EDGE ( 'NONE', *, *, #159, .T. ) ;
#2045 = EDGE_LOOP ( 'NONE', ( #440, #302, #728, #2030 ) ) ;
#2046 = CARTESIAN_POINT ( 'NONE',  ( 30.00365121335776308, -61.87189550784417236, 18.10755073632055812 ) ) ;
#2047 = CARTESIAN_POINT ( 'NONE',  ( 23.74999999999238298, -39.91150112489061286, 3.636248116555201193 ) ) ;
#2048 = DIRECTION ( 'NONE',  ( 0.000000000000000000, 1.000000000000000000, 0.000000000000000000 ) ) ;
#2049 = DIRECTION ( 'NONE',  ( -0.000000000000000000, -0.000000000000000000, -1.000000000000000000 ) ) ;
#2050 = AXIS2_PLACEMENT_3D ( 'NONE', #934, #1085, #1815 ) ;
#2051 = EDGE_CURVE ( 'NONE', #2071, #652, #1802, .T. ) ;
#2052 = VERTEX_POINT ( 'NONE', #634 ) ;
#2053 = CYLINDRICAL_SURFACE ( 'NONE', #1051, 2.600000000000001421 ) ;
#2054 = DIRECTION ( 'NONE',  ( -1.000000000000000000, 0.000000000000000000, 0.000000000000000000 ) ) ;
#2055 = CARTESIAN_POINT ( 'NONE',  ( -19.77987833865931933, -6.380287523649181836, 1.500000000000368594 ) ) ;
#2056 = B_SPLINE_CURVE_WITH_KNOTS ( 'NONE', 3,
 ( #626, #1533, #1708, #1508, #2226, #1331, #1543, #96 ),
 .UNSPECIFIED., .F., .F.,
 ( 4, 2, 2, 4 ),
 ( 0.000000000000000000, 0.01000248008808872664, 0.02000496017617745328, 0.04000992035235489963 ),
 .UNSPECIFIED. ) ;
#2057 = ORIENTED_EDGE ( 'NONE', *, *, #1191, .T. ) ;
#2058 = VERTEX_POINT ( 'NONE', #1350 ) ;
#2059 = DIRECTION ( 'NONE',  ( 0.000000000000000000, 0.000000000000000000, -1.000000000000000000 ) ) ;
#2060 = DIRECTION ( 'NONE',  ( -0.000000000000000000, -0.000000000000000000, -1.000000000000000000 ) ) ;
#2061 = DIRECTION ( 'NONE',  ( 0.000000000000000000, 0.000000000000000000, -1.000000000000000000 ) ) ;
#2062 = DIRECTION ( 'NONE',  ( 0.000000000000000000, 0.000000000000000000, -1.000000000000000000 ) ) ;
#2063 = B_SPLINE_CURVE_WITH_KNOTS ( 'NONE', 3,
 ( #1439, #1057, #686, #854, #1963, #1427, #1590, #508, #1049, #2115, #541, #1228, #527, #2153 ),
 .UNSPECIFIED., .F., .F.,
 ( 4, 2, 2, 2, 2, 2, 4 ),
 ( -2.803804233030843257E-05, 0.0007604192906225085060, 0.001548876623575325302, 0.001943105290051729472, 0.002337333956528134075, 0.002731562623004538028, 0.003125791289480943282 ),
 .UNSPECIFIED. ) ;
#2064 = DIRECTION ( 'NONE',  ( -1.000000000000000000, 0.000000000000000000, 0.000000000000000000 ) ) ;
#2065 = ORIENTED_EDGE ( 'NONE', *, *, #2324, .T. ) ;
#2066 = UNCERTAINTY_MEASURE_WITH_UNIT (LENGTH_MEASURE( 1.000000000000000082E-05 ), #447, 'distance_accuracy_value', 'NONE');
#2067 = CARTESIAN_POINT ( 'NONE',  ( -24.77499999999997016, -69.98000000000000398, 136.1998800000000074 ) ) ;
#2068 = CARTESIAN_POINT ( 'NONE',  ( 17.57499999999997087, -69.98000000000000398, 126.6748799999999875 ) ) ;
#2069 = B_SPLINE_CURVE_WITH_KNOTS ( 'NONE', 3,
 ( #24, #1317, #1139, #1857, #1290, #1355, #1554, #975, #1002, #1162, #470, #1026 ),
 .UNSPECIFIED., .F., .F.,
 ( 4, 2, 2, 2, 2, 4 ),
 ( 0.000000000000000000, 0.007033179797951284555, 0.01054976969692691946, 0.01406635959590255523, 0.02109953939385382157, 0.02813271919180509312 ),
 .UNSPECIFIED. ) ;
#2070 = ORIENTED_EDGE ( 'NONE', *, *, #786, .T. ) ;
#2071 = VERTEX_POINT ( 'NONE', #2068 ) ;
#2072 = CARTESIAN_POINT ( 'NONE',  ( 31.59630158202379491, -61.74658316711625616, 17.97059074340479157 ) ) ;
#2073 = CARTESIAN_POINT ( 'NONE',  ( 21.17499999999997229, -69.98000000000000398, 136.1998800000000074 ) ) ;
#2074 = CARTESIAN_POINT ( 'NONE',  ( 21.74999999999994316, -54.90558426394206748, 9.218604202201436948 ) ) ;
#2075 = MANIFOLD_SOLID_BREP ( 'Split1[2]', #2123 ) ;
#2076 = PRODUCT_DEFINITION_SHAPE ( 'NONE', 'NONE',  #350 ) ;
#2077 = AXIS2_PLACEMENT_3D ( 'NONE', #814, #1115, #802 ) ;
#2078 = FACE_OUTER_BOUND ( 'NONE', #1682, .T. ) ;
#2079 = ORIENTED_EDGE ( 'NONE', *, *, #1598, .T. ) ;
#2080 = CARTESIAN_POINT ( 'NONE',  ( 29.15417239048673181, -60.61402801269606755, -3.500000000000000000 ) ) ;
#2081 = ADVANCED_FACE ( 'NONE', ( #925 ), #1888, .F. ) ;
#2082 = LINE ( 'NONE', #1325, #2309 ) ;
#2083 = CARTESIAN_POINT ( 'NONE',  ( -17.99718269025446205, -8.301740888526808249, 3.500000000000000444 ) ) ;
#2084 = ORIENTED_EDGE ( 'NONE', *, *, #1486, .T. ) ;
#2085 = DIRECTION ( 'NONE',  ( -0.000000000000000000, -0.000000000000000000, -1.000000000000000000 ) ) ;
#2086 = EDGE_CURVE ( 'NONE', #1783, #221, #1924, .T. ) ;
#2087 = CARTESIAN_POINT ( 'NONE',  ( 23.75000000000096989, -61.95639750964090808, 18.19869016875871282 ) ) ;
#2088 = CARTESIAN_POINT ( 'NONE',  ( 21.74999999999994316, -60.99590682656852181, 14.30921778864100880 ) ) ;
#2089 = CARTESIAN_POINT ( 'NONE',  ( 19.09999999999999787, 0.000000000000000000, 1.500000000000000000 ) ) ;
#2090 = EDGE_CURVE ( 'NONE', #79, #1417, #459, .T. ) ;
#2091 = CARTESIAN_POINT ( 'NONE',  ( -23.74999999999994316, -43.69051663784498629, 5.065358938136866662 ) ) ;
#2092 = PRESENTATION_LAYER_ASSIGNMENT (  '', '', ( #1934 ) ) ;
#2093 = VERTEX_POINT ( 'NONE', #37 ) ;
#2094 = AXIS2_PLACEMENT_3D ( 'NONE', #1165, #2278, #790 ) ;
#2095 = CARTESIAN_POINT ( 'NONE',  ( -25.74347889369252940, -47.67114720058944499, 7.033547763714607548 ) ) ;
#2096 = CARTESIAN_POINT ( 'NONE',  ( -19.06714741630660725, 0.3395390353891361013, 1.500000000000000000 ) ) ;
#2097 = EDGE_CURVE ( 'NONE', #1523, #1352, #535, .T. ) ;
#2098 = ORIENTED_EDGE ( 'NONE', *, *, #840, .T. ) ;
#2099 = DIRECTION ( 'NONE',  ( 0.000000000000000000, 0.000000000000000000, 1.000000000000000000 ) ) ;
#2100 = CARTESIAN_POINT ( 'NONE',  ( 21.74999999999994316, -62.82715331682990723, 16.19907795054392352 ) ) ;
#2101 = CARTESIAN_POINT ( 'NONE',  ( -23.74999999999993605, -52.95200114132180147, 10.27710603665001443 ) ) ;
#2102 = CARTESIAN_POINT ( 'NONE',  ( 0.000000000000000000, 0.000000000000000000, 136.1998800000000074 ) ) ;
#2103 = CARTESIAN_POINT ( 'NONE',  ( -21.74999999999994316, -39.98000400915387331, 1.543800985763120748 ) ) ;
#2104 = EDGE_LOOP ( 'NONE', ( #1378, #1529, #1117 ) ) ;
#2105 = CARTESIAN_POINT ( 'NONE',  ( -25.87136057194945238, -40.89889966340921745, 3.941716400821277944 ) ) ;
#2106 = CARTESIAN_POINT ( 'NONE',  ( -21.11847809000050091, -16.42410136710112312, 1.500000000001474376 ) ) ;
#2107 = ORIENTED_EDGE ( 'NONE', *, *, #1912, .F. ) ;
#2108 = CARTESIAN_POINT ( 'NONE',  ( 27.47800405900258269, -47.34680780768611186, 6.859288571516985122 ) ) ;
#2109 = CARTESIAN_POINT ( 'NONE',  ( 23.75000000000045475, -61.37362105465661699, 17.57288385202645031 ) ) ;
#2110 = CARTESIAN_POINT ( 'NONE',  ( -29.74999999999994316, -62.53628588767674756, -3.500000000000000000 ) ) ;
#2111 = LINE ( 'NONE', #1045, #354 ) ;
#2112 = LINE ( 'NONE', #318, #1510 ) ;
#2113 = VECTOR ( 'NONE', #1864, 1000.000000000000000 ) ;
#2114 = CARTESIAN_POINT ( 'NONE',  ( -29.92091670082450960, -56.19975984343444964, 10.61602194486826889 ) ) ;
#2115 = CARTESIAN_POINT ( 'NONE',  ( 18.99778941211833327, -0.004928225145879776628, -2.144648354790278155 ) ) ;
#2116 = ORIENTED_EDGE ( 'NONE', *, *, #202, .F. ) ;
#2117 = DIRECTION ( 'NONE',  ( 0.2154620349383080113, -0.9212116344975841420, 0.3239525211609454725 ) ) ;
#2118 = CARTESIAN_POINT ( 'NONE',  ( 19.06714892637629433, 0.3395234284703704253, 1.500000000000000000 ) ) ;
#2119 = CARTESIAN_POINT ( 'NONE',  ( -24.80448043857542828, -39.31727126520412696, 3.014811890129597494 ) ) ;
#2120 = CARTESIAN_POINT ( 'NONE',  ( -30.16768724096056786, -62.37697056377481886, 18.66242861263808095 ) ) ;
#2121 = CARTESIAN_POINT ( 'NONE',  ( 31.46258516876929079, -61.31265913741646045, -1.500000000000146549 ) ) ;
#2122 = DIRECTION ( 'NONE',  ( 1.000000000000000000, 0.000000000000000000, 0.000000000000000000 ) ) ;
#2123 = CLOSED_SHELL ( 'NONE', ( #1111, #1420, #1241, #1080, #309, #1537, #161, #751, #678, #423, #2210, #410, #2081, #777, #2295, #2259, #1415, #1251, #170 ) ) ;
#2124 = LINE ( 'NONE', #1603, #1733 ) ;
#2125 = VECTOR ( 'NONE', #2060, 1000.000000000000000 ) ;
#2126 = ORIENTED_EDGE ( 'NONE', *, *, #840, .F. ) ;
#2127 = CARTESIAN_POINT ( 'NONE',  ( 21.74999999999994316, -42.79691653784028205, 2.530870372772726640 ) ) ;
#2128 = CARTESIAN_POINT ( 'NONE',  ( -11.09999999999999964, 0.000000000000000000, -3.500000000000000000 ) ) ;
#2129 = CARTESIAN_POINT ( 'NONE',  ( 23.78534485109202734, -39.51954912105365025, 3.500000000000000000 ) ) ;
#2130 = CARTESIAN_POINT ( 'NONE',  ( -28.83233347853506245, -58.21708422518236148, 14.46791731290438143 ) ) ;
#2131 = CARTESIAN_POINT ( 'NONE',  ( 20.24742093168551804, -10.20132202651683428, -1.500000000000000000 ) ) ;
#2132 =( BOUNDED_SURFACE ( )  B_SPLINE_SURFACE ( 3, 2, ( 
 ( #1683, #974, #424 ),
 ( #987, #1341, #2224 ),
 ( #613, #1329, #637 ),
 ( #1175, #2072, #625 ),
 ( #759, #2021, #2046 ),
 ( #435, #1531, #61 ),
 ( #94, #811, #47 ),
 ( #1149, #1354, #2198 ),
 ( #2248, #407, #1494 ),
 ( #1870, #1890, #282 ),
 ( #1001, #1303, #230 ),
 ( #949, #2274, #846 ),
 ( #1739, #480, #822 ),
 ( #1726, #668, #105 ),
 ( #1542, #2262, #1012 ),
 ( #1188, #2108, #1025 ),
 ( #836, #1904, #117 ),
 ( #1565, #292, #1389 ),
 ( #1199, #1915, #1716 ),
 ( #1553, #658, #303 ) ),
 .UNSPECIFIED., .F., .F., .F. ) 
 B_SPLINE_SURFACE_WITH_KNOTS ( ( 4, 2, 2, 2, 2, 2, 2, 2, 2, 4 ),
 ( 3, 3 ),
 ( 0.03962729848806685606, 0.04009689833384958574, 0.04056649817963231541, 0.04150569787119778170, 0.04338409725432870734, 0.04714089602059055861, 0.05465449355311425422, 0.05841129231937609856, 0.06216809108563794983, 0.06968168861816165238 ),
 ( 0.000000000000000000, 1.000000000000000000 ),
 .UNSPECIFIED. ) 
 GEOMETRIC_REPRESENTATION_ITEM ( )  RATIONAL_B_SPLINE_SURFACE ( (
 ( 1.000000000000000000, 0.7825278824872863304, 1.000000000000000000),
 ( 1.000000000000000000, 0.7825320358271913301, 1.000000000000000000),
 ( 1.000000000000000000, 0.7822757794599719539, 1.000000000000000000),
 ( 1.000000000000000000, 0.7817896922027902651, 1.000000000000000000),
 ( 1.000000000000000000, 0.7815455972394486084, 1.000000000000000000),
 ( 1.000000000000000000, 0.7808101950165792227, 1.000000000000000000),
 ( 1.000000000000000000, 0.7803157676119113484, 1.000000000000000000),
 ( 1.000000000000000000, 0.7788203191669725856, 1.000000000000000000),
 ( 1.000000000000000000, 0.7778062968312607905, 1.000000000000000000),
 ( 1.000000000000000000, 0.7747248002213829032, 1.000000000000000000),
 ( 1.000000000000000000, 0.7726201253134099556, 1.000000000000000000),
 ( 1.000000000000000000, 0.7661918826541237459, 1.000000000000000000),
 ( 1.000000000000000000, 0.7617519024056410570, 1.000000000000000000),
 ( 1.000000000000000000, 0.7550549095788294807, 1.000000000000000000),
 ( 1.000000000000000000, 0.7528125580498069569, 1.000000000000000000),
 ( 1.000000000000000000, 0.7483767247645652931, 1.000000000000000000),
 ( 1.000000000000000000, 0.7461870839375561726, 1.000000000000000000),
 ( 1.000000000000000000, 0.7397553682064715863, 1.000000000000000000),
 ( 1.000000000000000000, 0.7356449230807097228, 1.000000000000000000),
 ( 1.000000000000000000, 0.7318633345954076441, 1.000000000000000000) ) ) 
 REPRESENTATION_ITEM ( '' )  SURFACE ( )  );
#2133 = FACE_OUTER_BOUND ( 'NONE', #872, .T. ) ;
#2134 = CARTESIAN_POINT ( 'NONE',  ( -19.11856243467632410, -0.1918470468957996222, -1.500000000000000000 ) ) ;
#2135 = EDGE_LOOP ( 'NONE', ( #58, #1738, #1869, #944 ) ) ;
#2136 = B_SPLINE_CURVE_WITH_KNOTS ( 'NONE', 3,
 ( #365, #43, #1326, #212 ),
 .UNSPECIFIED., .F., .F.,
 ( 4, 4 ),
 ( 5.278129581319486335E-16, 0.0001472637192867080381 ),
 .UNSPECIFIED. ) ;
#2137 = CARTESIAN_POINT ( 'NONE',  ( -30.15921817198490018, -62.23000000000000398, 18.50000000000000000 ) ) ;
#2138 = CARTESIAN_POINT ( 'NONE',  ( -19.09999999999999787, 0.000000000000000000, 1.500000000000000000 ) ) ;
#2139 = DIRECTION ( 'NONE',  ( 0.000000000000000000, -1.000000000000000000, 0.000000000000000000 ) ) ;
#2140 = CARTESIAN_POINT ( 'NONE',  ( 24.86159914164397122, -36.66312110983007955, -3.499999999999996891 ) ) ;
#2141 = ORIENTED_EDGE ( 'NONE', *, *, #746, .F. ) ;
#2142 = CARTESIAN_POINT ( 'NONE',  ( -29.45712814792587153, -54.68098436487709080, 1.500000000000000222 ) ) ;
#2143 = DIRECTION ( 'NONE',  ( 1.000000000000000000, 0.000000000000000000, 0.000000000000000000 ) ) ;
#2144 = VECTOR ( 'NONE', #1278, 1000.000000000000000 ) ;
#2145 = EDGE_CURVE ( 'NONE', #1969, #1757, #1550, .T. ) ;
#2146 = CARTESIAN_POINT ( 'NONE',  ( -27.99038556253015386, -56.72833922368813120, -3.500000000000000000 ) ) ;
#2147 = ORIENTED_EDGE ( 'NONE', *, *, #1575, .F. ) ;
#2148 = DIRECTION ( 'NONE',  ( 1.000000000000000000, 0.000000000000000000, 0.000000000000000000 ) ) ;
#2149 = ORIENTED_EDGE ( 'NONE', *, *, #825, .T. ) ;
#2150 = CARTESIAN_POINT ( 'NONE',  ( 18.32990998892934442, -0.03680818956222667304, 3.098512950549837885 ) ) ;
#2151 = CARTESIAN_POINT ( 'NONE',  ( -31.21491772814216858, -60.51743228825933585, 16.68144389428978513 ) ) ;
#2152 = CARTESIAN_POINT ( 'NONE',  ( 22.72155102095955925, -26.12959671706317621, -1.500000000000000000 ) ) ;
#2153 = CARTESIAN_POINT ( 'NONE',  ( 19.09999999999999787, 0.000000000000000000, -1.500000000000000000 ) ) ;
#2154 = CARTESIAN_POINT ( 'NONE',  ( -19.11856243467714833, -0.1918470468956659514, -3.500000000000000444 ) ) ;
#2155 = ORIENTED_EDGE ( 'NONE', *, *, #2086, .F. ) ;
#2156 = AXIS2_PLACEMENT_3D ( 'NONE', #2316, #1046, #1761 ) ;
#2157 = CARTESIAN_POINT ( 'NONE',  ( -19.09999999999999787, 0.000000000000000000, 1.500000000000001332 ) ) ;
#2158 = ORIENTED_EDGE ( 'NONE', *, *, #507, .T. ) ;
#2159 = CARTESIAN_POINT ( 'NONE',  ( -17.09974235922041785, -0.09386824961390836941, 3.500000000000000000 ) ) ;
#2160 = FACE_OUTER_BOUND ( 'NONE', #1925, .T. ) ;
#2161 = ADVANCED_FACE ( 'NONE', ( #1425, #26 ), #1995, .F. ) ;
#2162 = CARTESIAN_POINT ( 'NONE',  ( 22.22751852356592650, -41.53794412905263300, 3.500000000000000000 ) ) ;
#2163 = CARTESIAN_POINT ( 'NONE',  ( -31.75000000028682479, -62.23000000066214454, 1.500000000000001332 ) ) ;
#2164 = CARTESIAN_POINT ( 'NONE',  ( -21.74999999999993960, -52.79256591959300948, 10.16546245915759528 ) ) ;
#2165 = CARTESIAN_POINT ( 'NONE',  ( -28.09083731026305131, -49.70284930449702898, -3.499999999999416911 ) ) ;
#2166 = CARTESIAN_POINT ( 'NONE',  ( 23.11893306185390529, -62.23000000000000398, 18.35766930603272584 ) ) ;
#2167 = DIRECTION ( 'NONE',  ( -0.000000000000000000, -1.000000000000000000, -0.000000000000000000 ) ) ;
#2168 = CARTESIAN_POINT ( 'NONE',  ( 31.74999999999994316, -62.23000000000000398, 1.500000000000000000 ) ) ;
#2169 = ORIENTED_EDGE ( 'NONE', *, *, #755, .F. ) ;
#2170 = CARTESIAN_POINT ( 'NONE',  ( 18.60650920962157784, -0.02366798197268523210, 2.821888124901049455 ) ) ;
#2171 = EDGE_CURVE ( 'NONE', #1209, #157, #1298, .T. ) ;
#2172 = CARTESIAN_POINT ( 'NONE',  ( -17.09999999999999787, 0.000000000000000000, -3.500000000000000000 ) ) ;
#2173 = CARTESIAN_POINT ( 'NONE',  ( 31.25132633589445419, -60.63178283933838486, 14.54943833844230738 ) ) ;
#2174 = CARTESIAN_POINT ( 'NONE',  ( -7.500000000000016875, -77.72999999999998977, 136.1998800000000074 ) ) ;
#2175 = CARTESIAN_POINT ( 'NONE',  ( -23.74999999999994316, -49.87018995191275650, 8.281242299646287108 ) ) ;
#2176 = ORIENTED_EDGE ( 'NONE', *, *, #1985, .T. ) ;
#2177 = CARTESIAN_POINT ( 'NONE',  ( -29.15417239048198184, -60.61402801269588281, -3.500000000000000000 ) ) ;
#2178 = DIRECTION ( 'NONE',  ( 1.000000000000000000, 0.000000000000000000, 0.000000000000000000 ) ) ;
#2179 = VECTOR ( 'NONE', #1625, 1000.000000000000000 ) ;
#2180 = CARTESIAN_POINT ( 'NONE',  ( -18.25690690749769374, -10.66801029156572689, -3.500000000000000000 ) ) ;
#2181 = CIRCLE ( 'NONE', #122, 3.049999999999997158 ) ;
#2182 = ORIENTED_EDGE ( 'NONE', *, *, #2051, .F. ) ;
#2183 = CARTESIAN_POINT ( 'NONE',  ( -29.10147041596381712, -59.07116877113165287, 15.25779546937155295 ) ) ;
#2184 = VERTEX_POINT ( 'NONE', #179 ) ;
#2185 = CARTESIAN_POINT ( 'NONE',  ( -22.36199388953885503, -41.11615210528244546, 3.499999999999999112 ) ) ;
#2186 = CARTESIAN_POINT ( 'NONE',  ( -21.93982907659696480, -62.23000000000000398, 16.84989535210746681 ) ) ;
#2187 = CARTESIAN_POINT ( 'NONE',  ( -30.63258431069714049, -62.23000000000000398, 18.40613666327287135 ) ) ;
#2188 = DIRECTION ( 'NONE',  ( -1.224646799147353207E-16, 1.000000000000000000, 0.000000000000000000 ) ) ;
#2189 = CARTESIAN_POINT ( 'NONE',  ( -23.74999999999994316, -46.82717037446899155, 6.591196091360818521 ) ) ;
#2190 = CARTESIAN_POINT ( 'NONE',  ( -19.09999999999999787, 0.000000000000000000, -1.500000000000000000 ) ) ;
#2191 = ORIENTED_EDGE ( 'NONE', *, *, #1365, .T. ) ;
#2192 = DIRECTION ( 'NONE',  ( 0.000000000000000000, 0.000000000000000000, -1.000000000000000000 ) ) ;
#2193 = AXIS2_PLACEMENT_3D ( 'NONE', #1713, #89, #2042 ) ;
#2194 = ORIENTED_EDGE ( 'NONE', *, *, #918, .F. ) ;
#2195 = CARTESIAN_POINT ( 'NONE',  ( 24.13362768864929109, -39.40829367238801240, 3.399799724495253361 ) ) ;
#2196 = ORIENTED_EDGE ( 'NONE', *, *, #891, .T. ) ;
#2197 = AXIS2_PLACEMENT_3D ( 'NONE', #1316, #2059, #775 ) ;
#2198 = CARTESIAN_POINT ( 'NONE',  ( 29.64037532991123314, -60.75454343169842986, 16.92466228892841684 ) ) ;
#2199 = AXIS2_PLACEMENT_3D ( 'NONE', #74, #1346, #2064 ) ;
#2200 = CARTESIAN_POINT ( 'NONE',  ( 24.80216021179372277, -44.12460670010455743, 5.298088759417545646 ) ) ;
#2201 = CARTESIAN_POINT ( 'NONE',  ( 21.77368729255320190, -44.09898340048533072, 3.499999999999999112 ) ) ;
#2202 = FACE_OUTER_BOUND ( 'NONE', #1491, .T. ) ;
#2203 = CARTESIAN_POINT ( 'NONE',  ( -23.79813432402372086, -62.23000000000000398, 3.500000000000000000 ) ) ;
#2204 = LINE ( 'NONE', #1513, #2113 ) ;
#2205 = LINE ( 'NONE', #994, #954 ) ;
#2206 = CARTESIAN_POINT ( 'NONE',  ( 31.75000000028682479, -62.23000000066214454, 136.1999049999999727 ) ) ;
#2207 = ORIENTED_EDGE ( 'NONE', *, *, #374, .T. ) ;
#2208 = CARTESIAN_POINT ( 'NONE',  ( -19.05337880566215958, 0.4818408044218114861, -1.500000000000000000 ) ) ;
#2209 = VERTEX_POINT ( 'NONE', #574 ) ;
#2210 = ADVANCED_FACE ( 'NONE', ( #890 ), #537, .F. ) ;
#2211 = FACE_OUTER_BOUND ( 'NONE', #1541, .T. ) ;
#2212 = CARTESIAN_POINT ( 'NONE',  ( 29.09879841004435974, -59.06274658664253252, 15.24977026092354038 ) ) ;
#2213 = CARTESIAN_POINT ( 'NONE',  ( 25.53004717519609912, -39.39987135301476684, 1.499999999999996225 ) ) ;
#2214 = CARTESIAN_POINT ( 'NONE',  ( -21.17499999999997229, -69.98000000000000398, 126.6748799999999875 ) ) ;
#2215 = CARTESIAN_POINT ( 'NONE',  ( -21.74999999999160138, -56.49184716721143928, 12.97406310394042350 ) ) ;
#2216 = VERTEX_POINT ( 'NONE', #363 ) ;
#2217 = DIRECTION ( 'NONE',  ( 0.000000000000000000, 0.000000000000000000, 1.000000000000000000 ) ) ;
#2218 = DIRECTION ( 'NONE',  ( 1.000000000000000000, 0.000000000000000000, 0.000000000000000000 ) ) ;
#2219 = CARTESIAN_POINT ( 'NONE',  ( 0.000000000000000000, 0.000000000000000000, -3.500000000000000000 ) ) ;
#2220 = ORIENTED_EDGE ( 'NONE', *, *, #249, .T. ) ;
#2221 = VERTEX_POINT ( 'NONE', #1078 ) ;
#2222 = ADVANCED_FACE ( 'NONE', ( #1102 ), #208, .F. ) ;
#2223 = CIRCLE ( 'NONE', #832, 3.049999999999997158 ) ;
#2224 = CARTESIAN_POINT ( 'NONE',  ( 30.13387486434184837, -62.27063605531359514, 18.54491006850685864 ) ) ;
#2225 = DIRECTION ( 'NONE',  ( -0.000000000000000000, -0.000000000000000000, 1.000000000000000000 ) ) ;
#2226 = CARTESIAN_POINT ( 'NONE',  ( -19.12920881560101805, -16.64161578749895654, 3.500000000000001332 ) ) ;
#2227 =( GEOMETRIC_REPRESENTATION_CONTEXT ( 3 ) GLOBAL_UNCERTAINTY_ASSIGNED_CONTEXT ( ( #276 ) ) GLOBAL_UNIT_ASSIGNED_CONTEXT ( ( #1293, #1719, #1028 ) ) REPRESENTATION_CONTEXT ( 'NONE', 'WORKASPACE' ) );
#2228 = DIRECTION ( 'NONE',  ( -1.000000000000000000, 0.000000000000000000, 0.000000000000000000 ) ) ;
#2229 = CARTESIAN_POINT ( 'NONE',  ( 21.17499999999997229, -69.98000000000000398, 126.6748799999999875 ) ) ;
#2230 = CARTESIAN_POINT ( 'NONE',  ( 19.09999999999999787, 0.000000000000000000, 1.500000000000000000 ) ) ;
#2231 = DIRECTION ( 'NONE',  ( 0.000000000000000000, 0.000000000000000000, 1.000000000000000000 ) ) ;
#2232 = CARTESIAN_POINT ( 'NONE',  ( -23.63610528171198411, -40.08622950171169208, 3.499999999999998668 ) ) ;
#2233 = ORIENTED_EDGE ( 'NONE', *, *, #298, .T. ) ;
#2234 = VERTEX_POINT ( 'NONE', #64 ) ;
#2235 = CARTESIAN_POINT ( 'NONE',  ( 24.77499999999997016, -69.98000000000000398, 126.6748799999999875 ) ) ;
#2236 = LINE ( 'NONE', #1881, #956 ) ;
#2237 = DIRECTION ( 'NONE',  ( 0.000000000000000000, -1.000000000000000000, 0.000000000000000000 ) ) ;
#2238 = PLANE ( 'NONE',  #1512 ) ;
#2239 = AXIS2_PLACEMENT_3D ( 'NONE', #2073, #461, #1916 ) ;
#2240 = ADVANCED_FACE ( 'NONE', ( #2202 ), #273, .F. ) ;
#2241 = CARTESIAN_POINT ( 'NONE',  ( -31.74999999999994316, -62.23000000000000398, 3.500000000000000000 ) ) ;
#2242 = EDGE_LOOP ( 'NONE', ( #753, #1944, #1650, #464 ) ) ;
#2243 = CARTESIAN_POINT ( 'NONE',  ( -25.49815061800186911, -39.26184507765650977, 16.29081546499278232 ) ) ;
#2244 = CARTESIAN_POINT ( 'NONE',  ( 31.08009899044698798, -62.23000000000000398, 18.13288504433621284 ) ) ;
#2245 = CARTESIAN_POINT ( 'NONE',  ( -24.05667646647713553, -33.05408751968035830, 3.499999999976412646 ) ) ;
#2246 = ORIENTED_EDGE ( 'NONE', *, *, #106, .T. ) ;
#2247 = EDGE_LOOP ( 'NONE', ( #44, #509, #942, #299 ) ) ;
#2248 = CARTESIAN_POINT ( 'NONE',  ( 31.41679372118999680, -61.16384756346162987, 15.09180234340164617 ) ) ;
#2249 = CARTESIAN_POINT ( 'NONE',  ( 21.74999999999994316, -60.54398957804387749, 13.89708870924237161 ) ) ;
#2250 = DIRECTION ( 'NONE',  ( -0.000000000000000000, 0.000000000000000000, -1.000000000000000000 ) ) ;
#2251 = DIRECTION ( 'NONE',  ( 0.000000000000000000, 0.000000000000000000, 1.000000000000000000 ) ) ;
#2252 = EDGE_CURVE ( 'NONE', #1969, #1352, #1847, .T. ) ;
#2253 = ADVANCED_FACE ( 'NONE', ( #1306 ), #2238, .T. ) ;
#2254 = CARTESIAN_POINT ( 'NONE',  ( 25.53004717519609912, -39.39987135301476684, 1.499999999999996225 ) ) ;
#2255 = ORIENTED_EDGE ( 'NONE', *, *, #2051, .T. ) ;
#2256 = CARTESIAN_POINT ( 'NONE',  ( 20.60706958341624428, -12.86371177028461155, -1.499999999998240963 ) ) ;
#2257 = CARTESIAN_POINT ( 'NONE',  ( -29.74999999999994316, -77.72999999999998977, -1.500000000000000000 ) ) ;
#2258 = FILL_AREA_STYLE ('',( #995 ) ) ;
#2259 = ADVANCED_FACE ( 'NONE', ( #85 ), #779, .T. ) ;
#2260 = ORIENTED_EDGE ( 'NONE', *, *, #1404, .T. ) ;
#2261 = EDGE_CURVE ( 'NONE', #1601, #1688, #965, .T. ) ;
#2262 = CARTESIAN_POINT ( 'NONE',  ( 28.02039550304215254, -49.40602674544233963, 8.004265959196080971 ) ) ;
#2263 = SURFACE_STYLE_USAGE ( .BOTH. , #1368 ) ;
#2264 = CARTESIAN_POINT ( 'NONE',  ( 21.74999999999994316, -52.73448461854653857, 7.696890517820889066 ) ) ;
#2265 = CIRCLE ( 'NONE', #1088, 11.09999999999999964 ) ;
#2266 = ADVANCED_FACE ( 'NONE', ( #234 ), #941, .T. ) ;
#2267 = CARTESIAN_POINT ( 'NONE',  ( 19.82443154076822722, -21.19169870153135804, -3.499999999999998224 ) ) ;
#2268 = ORIENTED_EDGE ( 'NONE', *, *, #1247, .T. ) ;
#2269 = CARTESIAN_POINT ( 'NONE',  ( 19.18356022278810613, -0.8586847269374908720, -3.500000000000000888 ) ) ;
#2270 = CARTESIAN_POINT ( 'NONE',  ( -28.01273097979405335, -49.37734276200786354, 7.987464427942501111 ) ) ;
#2271 = CARTESIAN_POINT ( 'NONE',  ( -17.79359737401842523, -6.614400565403275145, 3.500000000000000000 ) ) ;
#2272 = ADVANCED_FACE ( 'NONE', ( #1660 ), #307, .T. ) ;
#2273 = ORIENTED_EDGE ( 'NONE', *, *, #2097, .T. ) ;
#2274 = CARTESIAN_POINT ( 'NONE',  ( 29.63873810669451103, -55.24797925017369238, 11.92067825318564722 ) ) ;
#2275 = CARTESIAN_POINT ( 'NONE',  ( 21.74999999999994316, -57.01412924756767353, 10.82635986504821624 ) ) ;
#2276 = CARTESIAN_POINT ( 'NONE',  ( -25.46788064097149018, -39.33366003279739687, 1.989739753998776894 ) ) ;
#2277 = ADVANCED_FACE ( 'NONE', ( #73 ), #713, .F. ) ;
#2278 = DIRECTION ( 'NONE',  ( 0.000000000000000000, 0.000000000000000000, -1.000000000000000000 ) ) ;
#2279 = AXIS2_PLACEMENT_3D ( 'NONE', #158, #2117, #1034 ) ;
#2280 = ORIENTED_EDGE ( 'NONE', *, *, #1626, .T. ) ;
#2281 = CARTESIAN_POINT ( 'NONE',  ( -27.43992948011409538, -53.64354891963430561, 10.76681249496891191 ) ) ;
#2282 = CARTESIAN_POINT ( 'NONE',  ( -19.49721733104560073, -3.863103034637532129, 1.499999999999815703 ) ) ;
#2283 = EDGE_LOOP ( 'NONE', ( #2176, #2149, #2044, #422 ) ) ;
#2284 = B_SPLINE_CURVE_WITH_KNOTS ( 'NONE', 3,
 ( #1526, #77, #981, #466, #1337, #113, #2244, #1690, #442, #1679, #619, #453 ),
 .UNSPECIFIED., .F., .F.,
 ( 4, 2, 2, 2, 2, 4 ),
 ( 0.000000000000000000, 0.0007774879190877207434, 0.001554975838175441487, 0.002332463757263172205, 0.002721207716807033661, 0.003109951676350894683 ),
 .UNSPECIFIED. ) ;
#2285 = CARTESIAN_POINT ( 'NONE',  ( 23.00377663136334050, -39.95941402477522075, 3.500000000000000000 ) ) ;
#2286 = FILL_AREA_STYLE_COLOUR ( '', #1484 ) ;
#2287 = CARTESIAN_POINT ( 'NONE',  ( 2.600000000000001421, -69.98000000000000398, 136.1998800000000074 ) ) ;
#2288 = FACE_OUTER_BOUND ( 'NONE', #331, .T. ) ;
#2289 = LINE ( 'NONE', #1569, #224 ) ;
#2290 = B_SPLINE_CURVE_WITH_KNOTS ( 'NONE', 3,
 ( #651, #1005, #1909, #1017, #1863, #1371, #978, #297, #1180, #1535, #1143, #816, #1522, #1698 ),
 .UNSPECIFIED., .F., .F.,
 ( 4, 2, 2, 2, 2, 2, 4 ),
 ( -1.636286656776890773E-05, 0.0007754586750032025581, 0.001567280216574174065, 0.001963190987359657216, 0.002359101758145140150, 0.002755012528930623084, 0.003150923299716106019 ),
 .UNSPECIFIED. ) ;
#2291 = CARTESIAN_POINT ( 'NONE',  ( -24.07677888841097769, -41.28653168958221897, 4.088143297396910292 ) ) ;
#2292 = CARTESIAN_POINT ( 'NONE',  ( -21.74999999999994316, -54.90638517509297856, 9.219186772977527866 ) ) ;
#2293 = ORIENTED_EDGE ( 'NONE', *, *, #1626, .F. ) ;
#2294 = CARTESIAN_POINT ( 'NONE',  ( 23.74999999999994316, -55.74799792680870780, 12.36823432781210741 ) ) ;
#2295 = ADVANCED_FACE ( 'NONE', ( #952 ), #219, .F. ) ;
#2296 = CARTESIAN_POINT ( 'NONE',  ( -30.15921817198490018, -39.75526580162228640, 3.581559080939869855 ) ) ;
#2297 = CARTESIAN_POINT ( 'NONE',  ( -25.13814278644693445, -39.30060617001644374, 2.650526752248577811 ) ) ;
#2298 = CARTESIAN_POINT ( 'NONE',  ( 23.65543431886118952, -39.51954912105301787, 3.500000000000000444 ) ) ;
#2299 = DIRECTION ( 'NONE',  ( -1.000000000000000000, 0.000000000000000000, 0.000000000000000000 ) ) ;
#2300 = AXIS2_PLACEMENT_3D ( 'NONE', #154, #1394, #2122 ) ;
#2301 = VECTOR ( 'NONE', #1639, 1000.000000000000000 ) ;
#2302 = CARTESIAN_POINT ( 'NONE',  ( 21.17499999999997229, -69.98000000000000398, 126.6748799999999875 ) ) ;
#2303 = VERTEX_POINT ( 'NONE', #1861 ) ;
#2304 = CARTESIAN_POINT ( 'NONE',  ( 21.74999999999994316, -44.96658550330572979, 3.442074497329429938 ) ) ;
#2305 = CARTESIAN_POINT ( 'NONE',  ( 17.07644550851712850, 0.1469100797018409732, 3.500000000000000000 ) ) ;
#2306 = CARTESIAN_POINT ( 'NONE',  ( -24.50594458527911002, -39.35069500777524354, 3.228788194635995978 ) ) ;
#2307 = LINE ( 'NONE', #700, #471 ) ;
#2308 = CARTESIAN_POINT ( 'NONE',  ( 19.11856243467809335, -0.1918470468980847943, -3.500000000000000444 ) ) ;
#2309 = VECTOR ( 'NONE', #959, 1000.000000000000000 ) ;
#2310 = DIRECTION ( 'NONE',  ( -0.000000000000000000, -0.000000000000000000, 1.000000000000000000 ) ) ;
#2311 = AXIS2_PLACEMENT_3D ( 'NONE', #121, #493, #1370 ) ;
#2312 = EDGE_LOOP ( 'NONE', ( #1834, #1340, #215 ) ) ;
#2313 = CARTESIAN_POINT ( 'NONE',  ( 23.74999999999994316, -53.94501350645103344, 10.98715092594833465 ) ) ;
#2314 = CARTESIAN_POINT ( 'NONE',  ( 17.15830938251762916, -0.6991719536049905148, 3.500000000000000000 ) ) ;
#2315 = CARTESIAN_POINT ( 'NONE',  ( -31.75000000028682479, -62.23000000066214454, 136.1998800000000074 ) ) ;
#2316 = CARTESIAN_POINT ( 'NONE',  ( 0.000000000000000000, 0.000000000000000000, 3.500000000000000000 ) ) ;
#2317 = CARTESIAN_POINT ( 'NONE',  ( 19.18356022278858575, -0.8586847269373686364, -1.500000000000000000 ) ) ;
#2318 = ORIENTED_EDGE ( 'NONE', *, *, #1598, .F. ) ;
#2319 =( NAMED_UNIT ( * ) PLANE_ANGLE_UNIT ( ) SI_UNIT ( $, .RADIAN. ) );
#2320 = EDGE_CURVE ( 'NONE', #879, #1263, #340, .T. ) ;
#2321 = CARTESIAN_POINT ( 'NONE',  ( -21.74999999999994316, -62.23000000000000398, 15.57745309919777910 ) ) ;
#2322 = CARTESIAN_POINT ( 'NONE',  ( -28.79834870698594429, -52.29474590947204149, -1.500000000000000000 ) ) ;
#2323 = EDGE_LOOP ( 'NONE', ( #809, #2098, #1704, #1463 ) ) ;
#2324 = EDGE_CURVE ( 'NONE', #1961, #646, #1766, .T. ) ;
#2325 = CARTESIAN_POINT ( 'NONE',  ( -25.87641457351330843, -48.15690484992016707, 7.298415730564208559 ) ) ;
#2326 = EDGE_LOOP ( 'NONE', ( #247, #8, #1801, #946, #124 ) ) ;
#2327 = ADVANCED_FACE ( 'NONE', ( #1709 ), #815, .T. ) ;
#2328 = CARTESIAN_POINT ( 'NONE',  ( -18.99778941211833683, -0.004928225145874937617, 2.144648354790279043 ) ) ;
#2329 = CARTESIAN_POINT ( 'NONE',  ( -31.72394679891952407, -62.15419730338870608, 18.41622453822745342 ) ) ;
ENDSEC;
END-ISO-10303-21;
