ISO-10303-21;
HEADER;
FILE_DESCRIPTION (( 'STEP AP214' ),
    '1' );
FILE_NAME ('roller_2_narrow.STEP',
    '2026-06-09T03:17:25',
    ( '' ),
    ( '' ),
    'SwSTEP 2.0',
    'SolidWorks 2025',
    '' );
FILE_SCHEMA (( 'AUTOMOTIVE_DESIGN' ));
ENDSEC;

DATA;
#1 = CARTESIAN_POINT ( 'NONE',  ( -1.246565213827447893, -2.439067567687849714, -0.05905511811023622659 ) ) ;
#2 = VERTEX_POINT ( 'NONE', #1020 ) ;
#3 = CARTESIAN_POINT ( 'NONE',  ( -0.7494582183531275366, -0.0001210748412286815490, 0.07943483571245828212 ) ) ;
#4 = FACE_OUTER_BOUND ( 'NONE', #184, .T. ) ;
#5 = CARTESIAN_POINT ( 'NONE',  ( -0.8562992125984231206, -2.244672788503713878, 0.4262523613765479835 ) ) ;
#6 = AXIS2_PLACEMENT_3D ( 'NONE', #189, #543, #2145 ) ;
#7 = VECTOR ( 'NONE', #100, 39.37007874015748143 ) ;
#8 = AXIS2_PLACEMENT_3D ( 'NONE', #590, #2221, #755 ) ;
#9 = DIRECTION ( 'NONE',  ( 0.000000000000000000, 0.000000000000000000, 1.000000000000000000 ) ) ;
#10 = CARTESIAN_POINT ( 'NONE',  ( -1.203439814639121641, -2.301805600311632283, 0.05905511811023621271 ) ) ;
#11 = ORIENTED_EDGE ( 'NONE', *, *, #2054, .T. ) ;
#12 = CARTESIAN_POINT ( 'NONE',  ( 0.2952755905511817991, -2.863385826771653875, 4.849999999999999645 ) ) ;
#13 = CARTESIAN_POINT ( 'NONE',  ( -1.177571939772403820, -2.211341395287513389, -0.05905511811024776597 ) ) ;
#14 = ORIENTED_EDGE ( 'NONE', *, *, #364, .F. ) ;
#15 = CARTESIAN_POINT ( 'NONE',  ( 0.9311685206311508534, -1.555273185027493899, 0.1375842137720352520 ) ) ;
#16 = CARTESIAN_POINT ( 'NONE',  ( 1.165971948046913953, -2.389010833433292458, 0.6628878546741456823 ) ) ;
#17 = CARTESIAN_POINT ( 'NONE',  ( 1.171259842519682959, -2.863385826771653875, -0.05905511811023622659 ) ) ;
#18 = CARTESIAN_POINT ( 'NONE',  ( 0.8562992125984230096, -1.834169523595811091, 0.1661451908250321796 ) ) ;
#19 = B_SPLINE_CURVE_WITH_KNOTS ( 'NONE', 3,
 ( #1712, #92, #2250, #621, #1355, #1893, #281, #403, #1135, #1000, #2220, #762, #1494, #1503, #306, #145 ),
 .UNSPECIFIED., .F., .F.,
 ( 4, 2, 2, 2, 2, 2, 2, 4 ),
 ( -1.596611747129796742E-05, 0.0007303263410484313583, 0.001103472570308295471, 0.001476618799568159800, 0.001849765028828023478, 0.002222911258087887591, 0.002596057487347751703, 0.002969203716607615381 ),
 .UNSPECIFIED. ) ;
#20 = CARTESIAN_POINT ( 'NONE',  ( 1.230542863824386934, -2.450000000000000178, 0.7058733340771006226 ) ) ;
#21 = ORIENTED_EDGE ( 'NONE', *, *, #2309, .T. ) ;
#22 = CARTESIAN_POINT ( 'NONE',  ( 0.7640329187100680652, -0.1190334616618563823, 0.1377952755905511861 ) ) ;
#23 = CARTESIAN_POINT ( 'NONE',  ( -0.8113019521029438685, -0.5064453452863993954, -0.05905511811023625435 ) ) ;
#24 = ORIENTED_EDGE ( 'NONE', *, *, #278, .T. ) ;
#25 = CARTESIAN_POINT ( 'NONE',  ( 1.236881642625684119, -2.408025494817650269, 0.5941654465903745130 ) ) ;
#26 = FACE_OUTER_BOUND ( 'NONE', #1160, .T. ) ;
#27 = EDGE_CURVE ( 'NONE', #1064, #1543, #2067, .T. ) ;
#28 = CARTESIAN_POINT ( 'NONE',  ( 0.8562992125984228986, -1.738277811679326268, 0.2075094321130087627 ) ) ;
#29 = DIRECTION ( 'NONE',  ( -1.000000000000000000, -1.434605958141871223E-14, 0.000000000000000000 ) ) ;
#30 = CARTESIAN_POINT ( 'NONE',  ( -1.081493120683283626, -1.862823095318201005, 0.2694046591942533264 ) ) ;
#31 = ORIENTED_EDGE ( 'NONE', *, *, #224, .T. ) ;
#32 = DIRECTION ( 'NONE',  ( 0.000000000000000000, 0.000000000000000000, 1.000000000000000000 ) ) ;
#33 = ORIENTED_EDGE ( 'NONE', *, *, #884, .F. ) ;
#34 = CARTESIAN_POINT ( 'NONE',  ( -1.249999999999997780, -2.450000000000000178, 4.849999999999999645 ) ) ;
#35 = LINE ( 'NONE', #2082, #2115 ) ;
#36 = CARTESIAN_POINT ( 'NONE',  ( 0.8562992125984230096, -2.505057178119383110, 0.6718367734724588480 ) ) ;
#37 = CARTESIAN_POINT ( 'NONE',  ( 0.8705898782216646703, -1.651892877896496525, 0.1377952755905512139 ) ) ;
#38 = ADVANCED_FACE ( 'NONE', ( #1569 ), #1530, .F. ) ;
#39 = TOROIDAL_SURFACE ( 'NONE', #1358, 0.6732283464566928277, 0.07874015748031495954 ) ;
#40 = AXIS2_PLACEMENT_3D ( 'NONE', #1702, #783, #254 ) ;
#41 = AXIS2_PLACEMENT_3D ( 'NONE', #839, #1010, #117 ) ;
#42 = CARTESIAN_POINT ( 'NONE',  ( -1.104056139201697428, -2.191212963358353250, 0.4840787309568810870 ) ) ;
#43 = ORIENTED_EDGE ( 'NONE', *, *, #795, .F. ) ;
#44 = DIRECTION ( 'NONE',  ( 0.000000000000000000, 0.000000000000000000, -1.000000000000000000 ) ) ;
#45 = ORIENTED_EDGE ( 'NONE', *, *, #1697, .T. ) ;
#46 = DIRECTION ( 'NONE',  ( 0.000000000000000000, 0.000000000000000000, -1.000000000000000000 ) ) ;
#47 = CARTESIAN_POINT ( 'NONE',  ( 1.249890431572710181, -2.449661505701171027, 0.6374920525452550946 ) ) ;
#48 = CARTESIAN_POINT ( 'NONE',  ( 1.249999999999997780, -2.863385826771653875, 4.849999999999999645 ) ) ;
#49 = CARTESIAN_POINT ( 'NONE',  ( 0.9350393700787380524, -1.571318941921547863, 0.1431593746663742950 ) ) ;
#50 = CARTESIAN_POINT ( 'NONE',  ( 0.8562992125984230096, -2.450000000000000178, 0.6132855550865268235 ) ) ;
#51 = ADVANCED_FACE ( 'NONE', ( #1391 ), #423, .F. ) ;
#52 = CARTESIAN_POINT ( 'NONE',  ( -1.185865835381351818, -2.450000000000000178, 0.7283464566929135353 ) ) ;
#53 = EDGE_CURVE ( 'NONE', #1465, #641, #1954, .T. ) ;
#54 = ORIENTED_EDGE ( 'NONE', *, *, #2204, .F. ) ;
#55 = FACE_OUTER_BOUND ( 'NONE', #102, .T. ) ;
#56 = VERTEX_POINT ( 'NONE', #1125 ) ;
#57 = CARTESIAN_POINT ( 'NONE',  ( 1.002185513299139741, -1.548648412591092205, 0.07853344851479920896 ) ) ;
#58 = LINE ( 'NONE', #2040, #2032 ) ;
#59 = B_SPLINE_CURVE_WITH_KNOTS ( 'NONE', 3,
 ( #332, #1091, #2180, #1776, #163, #20, #1259, #2171, #730, #1810, #875, #1637 ),
 .UNSPECIFIED., .F., .F.,
 ( 4, 2, 2, 2, 2, 4 ),
 ( 3.698015086489301255E-14, 0.0007774879191098145069, 0.001554975838182648829, 0.002332463757255483043, 0.002721207716791904270, 0.003109951676328325497 ),
 .UNSPECIFIED. ) ;
#60 = CARTESIAN_POINT ( 'NONE',  ( 0.8562992125984230096, -2.512846453389104617, 0.6804453080184571512 ) ) ;
#61 = CARTESIAN_POINT ( 'NONE',  ( 0.9045938914651653340, -2.450000000000000622, 0.7195701475164330008 ) ) ;
#62 = DIRECTION ( 'NONE',  ( 0.000000000000000000, 0.000000000000000000, 1.000000000000000000 ) ) ;
#63 = ORIENTED_EDGE ( 'NONE', *, *, #611, .T. ) ;
#64 = CARTESIAN_POINT ( 'NONE',  ( 0.000000000000000000, 0.000000000000000000, -0.1377952755905511861 ) ) ;
#65 = EDGE_CURVE ( 'NONE', #585, #1767, #1416, .T. ) ;
#66 = EDGE_CURVE ( 'NONE', #217, #1987, #2212, .T. ) ;
#67 = ORIENTED_EDGE ( 'NONE', *, *, #1119, .F. ) ;
#68 = CARTESIAN_POINT ( 'NONE',  ( 0.7606146973744971618, -0.08643045014904182644, -0.1377952755905512139 ) ) ;
#69 = CARTESIAN_POINT ( 'NONE',  ( 1.187679492370611989, -2.455708472551561439, 0.7346553341511292690 ) ) ;
#70 = CARTESIAN_POINT ( 'NONE',  ( -0.7506750951301812691, 0.01336767855862904843, 0.05905511811023622659 ) ) ;
#71 = CARTESIAN_POINT ( 'NONE',  ( 0.9350393700787181794, -2.439228248410916677, 0.7164838649116065383 ) ) ;
#72 = CARTESIAN_POINT ( 'NONE',  ( 0.7494582183531275366, -0.0001210748412282897996, -0.07943483571245826824 ) ) ;
#73 = CARTESIAN_POINT ( 'NONE',  ( -0.9269112077247815273, -1.537502542828805163, 0.1315657691066704493 ) ) ;
#74 = VECTOR ( 'NONE', #1692, 39.37007874015748143 ) ;
#75 = EDGE_LOOP ( 'NONE', ( #1477, #1522, #1499, #1924, #1564, #1480 ) ) ;
#76 = LINE ( 'NONE', #790, #1402 ) ;
#77 = AXIS2_PLACEMENT_3D ( 'NONE', #1395, #279, #2249 ) ;
#78 = VERTEX_POINT ( 'NONE', #192 ) ;
#79 = DIRECTION ( 'NONE',  ( 1.000000000000000000, 0.000000000000000000, 0.000000000000000000 ) ) ;
#80 = CARTESIAN_POINT ( 'NONE',  ( -0.6893344571811170773, -0.1606622057232263978, 0.1377952755905512139 ) ) ;
#81 = LENGTH_MEASURE_WITH_UNIT ( LENGTH_MEASURE( 0.02539999999999999897 ), #1701 );
#82 = DIRECTION ( 'NONE',  ( 0.000000000000000000, 1.000000000000000000, 0.000000000000000000 ) ) ;
#83 = CARTESIAN_POINT ( 'NONE',  ( -1.248974283422576770, -2.447015641865544655, 0.7250482101662175660 ) ) ;
#84 = DIRECTION ( 'NONE',  ( 0.000000000000000000, 0.000000000000000000, 1.000000000000000000 ) ) ;
#85 = ORIENTED_EDGE ( 'NONE', *, *, #954, .F. ) ;
#86 = CARTESIAN_POINT ( 'NONE',  ( -1.249999999999997780, -2.450000000000000178, 4.849999999999999645 ) ) ;
#87 = ORIENTED_EDGE ( 'NONE', *, *, #1640, .T. ) ;
#88 = CARTESIAN_POINT ( 'NONE',  ( 0.6717588735355630725, 0.01138690770275996994, -0.1377952755905511861 ) ) ;
#89 = CARTESIAN_POINT ( 'NONE',  ( 0.8336614173228334979, -2.656692913385826582, 4.474999999999999645 ) ) ;
#90 = DIRECTION ( 'NONE',  ( 1.000000000000000000, 0.000000000000000000, 0.000000000000000000 ) ) ;
#91 = LINE ( 'NONE', #291, #1476 ) ;
#92 = CARTESIAN_POINT ( 'NONE',  ( -1.004771033756058030, -1.549667690856492142, 0.06872591774433405021 ) ) ;
#93 = ADVANCED_FACE ( 'NONE', ( #1838 ), #148, .T. ) ;
#94 = CARTESIAN_POINT ( 'NONE',  ( -1.210506115477568700, -2.322038977479801591, 0.5111668541296615631 ) ) ;
#95 = CARTESIAN_POINT ( 'NONE',  ( -1.249999999999997780, -2.450000000000000178, -0.05905511811023622659 ) ) ;
#96 = ORIENTED_EDGE ( 'NONE', *, *, #139, .T. ) ;
#97 = DIRECTION ( 'NONE',  ( 1.000000000000000000, 0.000000000000000000, 0.000000000000000000 ) ) ;
#98 = ORIENTED_EDGE ( 'NONE', *, *, #1515, .F. ) ;
#99 = CARTESIAN_POINT ( 'NONE',  ( 0.6936849643509757080, -0.2004319931179583680, -0.1377952755905511861 ) ) ;
#100 = DIRECTION ( 'NONE',  ( 0.000000000000000000, -1.000000000000000000, 0.000000000000000000 ) ) ;
#101 = LINE ( 'NONE', #483, #1627 ) ;
#102 = EDGE_LOOP ( 'NONE', ( #1082, #2143, #96 ) ) ;
#103 = PRESENTATION_STYLE_ASSIGNMENT (( #1200 ) ) ;
#104 = CARTESIAN_POINT ( 'NONE',  ( -0.9350393700787380524, -1.843589384821000099, 0.2594959091083858249 ) ) ;
#105 = CARTESIAN_POINT ( 'NONE',  ( -0.6732182031189141158, -0.003695600378500330310, -0.1377952755905511861 ) ) ;
#106 = EDGE_CURVE ( 'NONE', #1987, #809, #1462, .T. ) ;
#107 = CARTESIAN_POINT ( 'NONE',  ( -0.8562992125984230096, -1.770655768871431279, 0.1377952755905511861 ) ) ;
#108 = CARTESIAN_POINT ( 'NONE',  ( 1.047308637809525766, -1.998165395596293470, 0.3473179935390189876 ) ) ;
#109 = CARTESIAN_POINT ( 'NONE',  ( 1.117006219397983724, -2.284464318426399299, -0.1377952755905511861 ) ) ;
#110 = ORIENTED_EDGE ( 'NONE', *, *, #631, .T. ) ;
#111 = PLANE ( 'NONE',  #627 ) ;
#112 = AXIS2_PLACEMENT_3D ( 'NONE', #2119, #523, #1039 ) ;
#113 = ORIENTED_EDGE ( 'NONE', *, *, #954, .T. ) ;
#114 = CARTESIAN_POINT ( 'NONE',  ( 0.8579431863099035160, -0.8203847545118669871, -0.1377952755904588988 ) ) ;
#115 = AXIS2_PLACEMENT_3D ( 'NONE', #2160, #2311, #679 ) ;
#116 = CARTESIAN_POINT ( 'NONE',  ( -1.007255506606800077, -1.560390858741748099, 0.1377952755905512139 ) ) ;
#117 = DIRECTION ( 'NONE',  ( -0.000000000000000000, 0.000000000000000000, -1.000000000000000000 ) ) ;
#118 = FACE_OUTER_BOUND ( 'NONE', #725, .T. ) ;
#119 = CARTESIAN_POINT ( 'NONE',  ( -0.8562992125984230096, -1.751493933430352312, 0.1271333675526939433 ) ) ;
#120 = APPLICATION_PROTOCOL_DEFINITION ( 'draft international standard', 'automotive_design', 1998, #752 ) ;
#121 = CARTESIAN_POINT ( 'NONE',  ( -1.198232325533512554, -2.281407702714214114, 0.5600208712650143195 ) ) ;
#122 = CARTESIAN_POINT ( 'NONE',  ( -0.8803934602180645275, -1.618746145877266951, 0.1377952755905511584 ) ) ;
#123 = ORIENTED_EDGE ( 'NONE', *, *, #1948, .T. ) ;
#124 = CARTESIAN_POINT ( 'NONE',  ( 0.000000000000000000, 0.000000000000000000, 4.849999999999999645 ) ) ;
#125 = EDGE_CURVE ( 'NONE', #641, #809, #1661, .T. ) ;
#126 = EDGE_LOOP ( 'NONE', ( #1841, #1130 ) ) ;
#127 = CARTESIAN_POINT ( 'NONE',  ( -0.8314361452757806914, -0.6466181640601533775, 0.05905511811032330277 ) ) ;
#128 = FACE_OUTER_BOUND ( 'NONE', #1844, .T. ) ;
#129 = ORIENTED_EDGE ( 'NONE', *, *, #224, .F. ) ;
#130 = LINE ( 'NONE', #973, #255 ) ;
#131 = B_SPLINE_CURVE_WITH_KNOTS ( 'NONE', 3,
 ( #146, #858, #1070, #1415, #2135, #883, #173, #703 ),
 .UNSPECIFIED., .F., .F.,
 ( 4, 2, 2, 4 ),
 ( 0.000000000000000000, 0.01000248008808872664, 0.02000496017617744982, 0.04000992035235489963 ),
 .UNSPECIFIED. ) ;
#132 = CARTESIAN_POINT ( 'NONE',  ( -0.9350393700785737394, -2.224088471150658108, 0.5107898859807671332 ) ) ;
#133 = CARTESIAN_POINT ( 'NONE',  ( -1.249999999999997780, -2.863385826771653875, 0.1377952755905511861 ) ) ;
#134 = CARTESIAN_POINT ( 'NONE',  ( -1.221165490624631200, -2.357104285792761544, 0.5437589165106516687 ) ) ;
#135 = CARTESIAN_POINT ( 'NONE',  ( -1.109032824743345635, -2.001321676434836050, 0.6413706875986173728 ) ) ;
#136 = CARTESIAN_POINT ( 'NONE',  ( 0.8728845924428136893, -1.249695684134214391, 0.05905511811023622659 ) ) ;
#137 =( BOUNDED_SURFACE ( )  B_SPLINE_SURFACE ( 3, 2, ( 
 ( #1293, #2211, #73 ),
 ( #2193, #1312, #562 ),
 ( #1518, #1829, #2011 ),
 ( #787, #203, #2234 ),
 ( #214, #30, #1148 ),
 ( #740, #1505, #1659 ),
 ( #1303, #393, #227 ),
 ( #1672, #2030, #257 ),
 ( #2268, #450, #808 ),
 ( #424, #1540, #2084 ),
 ( #1207, #844, #1403 ),
 ( #94, #121, #282 ),
 ( #134, #833, #1002 ),
 ( #2251, #978, #1180 ),
 ( #1568, #1528, #1919 ),
 ( #2281, #1581, #2064 ),
 ( #1030, #1894, #462 ),
 ( #1191, #2243, #1390 ),
 ( #1703, #625, #1357 ),
 ( #652, #2110, #1156 ),
 ( #475, #1713, #612 ),
 ( #1376, #83, #798 ) ),
 .UNSPECIFIED., .F., .F., .F. ) 
 B_SPLINE_SURFACE_WITH_KNOTS ( ( 4, 2, 2, 2, 2, 2, 2, 2, 2, 2, 4 ),
 ( 3, 3 ),
 ( 0.04659275208181078848, 0.05409767248228869452, 0.05785013268252764407, 0.06160259288276659362, 0.06535505308300554317, 0.06910751328324449272, 0.07285997348348344227, 0.07473620358360291704, 0.07567431863366266831, 0.07614337615869254394, 0.07661243368372240570 ),
 ( 0.000000000000000000, 1.000000000000000000 ),
 .UNSPECIFIED. ) 
 GEOMETRIC_REPRESENTATION_ITEM ( )  RATIONAL_B_SPLINE_SURFACE ( (
 ( 1.000000000000000000, 0.7318642449093822888, 1.000000000000000000),
 ( 1.000000000000000000, 0.7356291575252487114, 1.000000000000000000),
 ( 1.000000000000000000, 0.7397052903832093129, 1.000000000000000000),
 ( 1.000000000000000000, 0.7461208177714507839, 1.000000000000000000),
 ( 1.000000000000000000, 0.7483109996170431710, 1.000000000000000000),
 ( 1.000000000000000000, 0.7527495573207305668, 1.000000000000000000),
 ( 1.000000000000000000, 0.7549867263020664243, 1.000000000000000000),
 ( 1.000000000000000000, 0.7594593633073107863, 1.000000000000000000),
 ( 1.000000000000000000, 0.7616947670658859026, 1.000000000000000000),
 ( 1.000000000000000000, 0.7661283268355419951, 1.000000000000000000),
 ( 1.000000000000000000, 0.7683290420578688940, 1.000000000000000000),
 ( 1.000000000000000000, 0.7726335233816016279, 1.000000000000000000),
 ( 1.000000000000000000, 0.7747403829585755020, 1.000000000000000000),
 ( 1.000000000000000000, 0.7778156987989285343, 1.000000000000000000),
 ( 1.000000000000000000, 0.7788266931107049595, 1.000000000000000000),
 ( 1.000000000000000000, 0.7803203830301868038, 1.000000000000000000),
 ( 1.000000000000000000, 0.7808144826071831135, 1.000000000000000000),
 ( 1.000000000000000000, 0.7815497602161155521, 1.000000000000000000),
 ( 1.000000000000000000, 0.7817938743250810729, 1.000000000000000000),
 ( 1.000000000000000000, 0.7822801190039122554, 1.000000000000000000),
 ( 1.000000000000000000, 0.7825338690877244874, 1.000000000000000000),
 ( 1.000000000000000000, 0.7825293795452313850, 1.000000000000000000) ) ) 
 REPRESENTATION_ITEM ( '' )  SURFACE ( )  );
#138 = ORIENTED_EDGE ( 'NONE', *, *, #610, .F. ) ;
#139 = EDGE_CURVE ( 'NONE', #1465, #1490, #1428, .T. ) ;
#140 = CARTESIAN_POINT ( 'NONE',  ( -1.248982189812188670, -2.450000000000000178, 0.6584056499169852472 ) ) ;
#141 = CARTESIAN_POINT ( 'NONE',  ( -0.7526993084518239785, -0.007553033342356104199, -0.05905511811023622659 ) ) ;
#142 = ORIENTED_EDGE ( 'NONE', *, *, #1119, .T. ) ;
#143 = CYLINDRICAL_SURFACE ( 'NONE', #112, 0.1023622047244095723 ) ;
#144 = CARTESIAN_POINT ( 'NONE',  ( -0.9330774940950776752, -1.554859632327690200, 0.1374164560541651370 ) ) ;
#145 = CARTESIAN_POINT ( 'NONE',  ( -0.9330774940950776752, -1.554859632327690200, 0.1374164560541651370 ) ) ;
#146 = CARTESIAN_POINT ( 'NONE',  ( -0.6732182031189141158, -0.003695600378500330310, 0.1377952755905511861 ) ) ;
#147 = CARTESIAN_POINT ( 'NONE',  ( 1.145734991291343041, -2.101049968766800280, 0.4141429684406807143 ) ) ;
#148 = PLANE ( 'NONE',  #152 ) ;
#149 = CARTESIAN_POINT ( 'NONE',  ( -1.040162771984817880, -1.972926400079654696, 0.3318091065570630271 ) ) ;
#150 = ORIENTED_EDGE ( 'NONE', *, *, #1321, .F. ) ;
#151 = DIRECTION ( 'NONE',  ( 1.000000000000000000, 0.000000000000000000, 0.000000000000000000 ) ) ;
#152 = AXIS2_PLACEMENT_3D ( 'NONE', #1658, #1635, #1221 ) ;
#153 = EDGE_CURVE ( 'NONE', #1560, #1597, #716, .T. ) ;
#154 = AXIS2_PLACEMENT_3D ( 'NONE', #527, #502, #1986 ) ;
#155 = CARTESIAN_POINT ( 'NONE',  ( -1.147802062617492957, -2.386379055617762646, -0.1377952755905511861 ) ) ;
#156 = B_SPLINE_CURVE_WITH_KNOTS ( 'NONE', 3,
 ( #1256, #1972, #1078, #891, #1623, #936, #1513, #760 ),
 .UNSPECIFIED., .F., .F.,
 ( 4, 2, 2, 4 ),
 ( 0.000000000000000000, 0.01595448591542286687, 0.03190897183084573374, 0.06381794366169146748 ),
 .UNSPECIFIED. ) ;
#157 = DIRECTION ( 'NONE',  ( 0.000000000000000000, 0.000000000000000000, 1.000000000000000000 ) ) ;
#158 = CARTESIAN_POINT ( 'NONE',  ( -1.107264613172022072, -1.960934346870725431, 0.2435880920023661966 ) ) ;
#159 = CARTESIAN_POINT ( 'NONE',  ( -0.9350393700787380524, -2.078447477149099498, 0.4002150574466230015 ) ) ;
#160 = DIRECTION ( 'NONE',  ( -1.000000000000000000, 0.000000000000000000, -0.000000000000000000 ) ) ;
#161 = AXIS2_PLACEMENT_3D ( 'NONE', #701, #497, #1434 ) ;
#162 = PLANE ( 'NONE',  #1167 ) ;
#163 = CARTESIAN_POINT ( 'NONE',  ( 1.240892871998694469, -2.450000000000000178, 0.6881236445810307023 ) ) ;
#164 = ORIENTED_EDGE ( 'NONE', *, *, #1001, .F. ) ;
#165 = CARTESIAN_POINT ( 'NONE',  ( 0.8314364115828442037, -0.6466196230963359159, 0.1377952755905801907 ) ) ;
#166 = CARTESIAN_POINT ( 'NONE',  ( -0.7971425563655577529, -0.4016268514375652687, -0.05905511811028237718 ) ) ;
#167 = ORIENTED_EDGE ( 'NONE', *, *, #692, .F. ) ;
#168 = CARTESIAN_POINT ( 'NONE',  ( -0.7325397326622676841, -0.0009318103138843936671, 0.1110979576732690211 ) ) ;
#169 = CARTESIAN_POINT ( 'NONE',  ( -0.9753937007874003973, -2.656692913385826582, 4.474999999999999645 ) ) ;
#170 = DIRECTION ( 'NONE',  ( -1.000000000000000000, 0.000000000000000000, 0.000000000000000000 ) ) ;
#171 = CARTESIAN_POINT ( 'NONE',  ( -0.1023622047244095723, -2.656692913385826582, 4.474999999999999645 ) ) ;
#172 = EDGE_CURVE ( 'NONE', #1767, #484, #2299, .T. ) ;
#173 = CARTESIAN_POINT ( 'NONE',  ( -0.8668606398151921244, -1.301730781989988373, 0.1377952755905511584 ) ) ;
#174 = CARTESIAN_POINT ( 'NONE',  ( 0.9350393700787376083, -1.737334486970987024, 0.2071137085791905086 ) ) ;
#175 = ORIENTED_EDGE ( 'NONE', *, *, #2252, .F. ) ;
#176 = CARTESIAN_POINT ( 'NONE',  ( 1.149146152447628300, -2.112878305475506036, 0.3414699407849444701 ) ) ;
#177 = CARTESIAN_POINT ( 'NONE',  ( -0.9788031158127440401, -1.443429964956104872, -0.1377952755905512416 ) ) ;
#178 = ORIENTED_EDGE ( 'NONE', *, *, #1860, .T. ) ;
#179 = CARTESIAN_POINT ( 'NONE',  ( 1.039454960984085075, -1.696980313434050203, 0.1894071078560700117 ) ) ;
#180 = CARTESIAN_POINT ( 'NONE',  ( -1.005119967527565050, -1.551176037520955342, 0.05905511811023624741 ) ) ;
#181 = DIRECTION ( 'NONE',  ( 1.000000000000000000, 0.000000000000000000, 0.000000000000000000 ) ) ;
#182 = CARTESIAN_POINT ( 'NONE',  ( -0.9343284361124978288, -1.565369784964935507, 0.1410686097910002490 ) ) ;
#183 = CARTESIAN_POINT ( 'NONE',  ( 0.7519685039370078705, 0.000000000000000000, 0.05905511811023622659 ) ) ;
#184 = EDGE_LOOP ( 'NONE', ( #1594, #980, #2326, #969, #920, #2236, #696, #416 ) ) ;
#185 = DIRECTION ( 'NONE',  ( -0.000000000000000000, 1.000000000000000000, -0.000000000000000000 ) ) ;
#186 = CARTESIAN_POINT ( 'NONE',  ( -1.179421961664271601, -2.488057218365187673, -0.1377952755905511861 ) ) ;
#187 = ORIENTED_EDGE ( 'NONE', *, *, #535, .F. ) ;
#188 = CARTESIAN_POINT ( 'NONE',  ( -0.9350393700787380524, -2.081265980406759475, 0.3208297833110274611 ) ) ;
#189 = CARTESIAN_POINT ( 'NONE',  ( -1.171259842519682737, -2.863385826771653875, -0.05905511811023622659 ) ) ;
#190 = PLANE ( 'NONE',  #1206 ) ;
#191 = VECTOR ( 'NONE', #557, 39.37007874015748143 ) ;
#192 = CARTESIAN_POINT ( 'NONE',  ( -1.005119967527565050, -1.551176037520955342, 0.05905511811023624741 ) ) ;
#193 = AXIS2_PLACEMENT_3D ( 'NONE', #604, #1336, #1478 ) ;
#194 = CARTESIAN_POINT ( 'NONE',  ( -1.005119967527565050, -1.551176037520955342, 0.05905511811023624741 ) ) ;
#195 = VERTEX_POINT ( 'NONE', #751 ) ;
#196 = CARTESIAN_POINT ( 'NONE',  ( 0.8314364115829784296, -0.6466196230963140446, 0.05905511811026522423 ) ) ;
#197 = EDGE_CURVE ( 'NONE', #983, #1199, #571, .T. ) ;
#198 = CARTESIAN_POINT ( 'NONE',  ( -0.7719293535944881102, -0.1916032665537243940, -0.05905511811028239799 ) ) ;
#199 = VERTEX_POINT ( 'NONE', #1302 ) ;
#200 = CARTESIAN_POINT ( 'NONE',  ( 1.228901727050572656, -2.382472055046869652, 0.6566439692010722640 ) ) ;
#201 = DIRECTION ( 'NONE',  ( 0.000000000000000000, 0.000000000000000000, 1.000000000000000000 ) ) ;
#202 = CARTESIAN_POINT ( 'NONE',  ( 0.8607910385428548805, -1.702157905297215112, 0.1377952755905512139 ) ) ;
#203 = CARTESIAN_POINT ( 'NONE',  ( -1.070866397783618140, -1.821594786007904920, 0.2482938772706836106 ) ) ;
#204 = ORIENTED_EDGE ( 'NONE', *, *, #206, .T. ) ;
#205 = CARTESIAN_POINT ( 'NONE',  ( 0.000000000000000000, 0.000000000000000000, -0.1377952755905511861 ) ) ;
#206 = EDGE_CURVE ( 'NONE', #1778, #199, #1031, .T. ) ;
#207 = EDGE_CURVE ( 'NONE', #852, #1662, #373, .T. ) ;
#208 = EDGE_LOOP ( 'NONE', ( #1273, #239, #11 ) ) ;
#209 = CARTESIAN_POINT ( 'NONE',  ( -0.9350393700787380524, -1.565167944943480771, 0.1410062630283348273 ) ) ;
#210 = LINE ( 'NONE', #1994, #1771 ) ;
#211 = LINE ( 'NONE', #926, #1442 ) ;
#212 = CARTESIAN_POINT ( 'NONE',  ( 0.8562992125984230096, -2.473509973103491077, 0.6377589744307319286 ) ) ;
#213 = CARTESIAN_POINT ( 'NONE',  ( 0.9312177808448609539, -1.555478054859451120, 0.1376545388744536413 ) ) ;
#214 = CARTESIAN_POINT ( 'NONE',  ( -1.089683301327911247, -1.894039215501050144, 0.2074982874699071445 ) ) ;
#215 = ORIENTED_EDGE ( 'NONE', *, *, #1515, .T. ) ;
#216 = CARTESIAN_POINT ( 'NONE',  ( 0.9313518220578677065, -1.555887760672058917, 0.1377952755907849436 ) ) ;
#217 = VERTEX_POINT ( 'NONE', #50 ) ;
#218 = CARTESIAN_POINT ( 'NONE',  ( 1.000702211218680304, -1.548219651212567660, 0.08320989157445260465 ) ) ;
#219 = DIRECTION ( 'NONE',  ( 0.000000000000000000, -1.000000000000000000, 0.000000000000000000 ) ) ;
#220 = CARTESIAN_POINT ( 'NONE',  ( 0.9350393700787380524, -2.450000000000000178, 0.7283464566929134243 ) ) ;
#221 = CARTESIAN_POINT ( 'NONE',  ( 0.8562992125984228986, -1.898745908536097593, 0.2872525247112401314 ) ) ;
#222 = CARTESIAN_POINT ( 'NONE',  ( 0.9312670445590065516, -1.555682913407905321, 0.1377248928122251637 ) ) ;
#223 = AXIS2_PLACEMENT_3D ( 'NONE', #2330, #700, #1433 ) ;
#224 = EDGE_CURVE ( 'NONE', #272, #1863, #2210, .T. ) ;
#225 = AXIS2_PLACEMENT_3D ( 'NONE', #205, #32, #1455 ) ;
#226 = AXIS2_PLACEMENT_3D ( 'NONE', #1231, #331, #345 ) ;
#227 = CARTESIAN_POINT ( 'NONE',  ( -1.046969099115953261, -1.996972312248274761, 0.3465694328752160769 ) ) ;
#228 = ORIENTED_EDGE ( 'NONE', *, *, #1399, .F. ) ;
#229 = CARTESIAN_POINT ( 'NONE',  ( -0.6939451831346917787, -0.002745788522870701905, -0.1357074213462382550 ) ) ;
#230 = ORIENTED_EDGE ( 'NONE', *, *, #1967, .F. ) ;
#231 = LINE ( 'NONE', #948, #478 ) ;
#232 = FACE_OUTER_BOUND ( 'NONE', #656, .T. ) ;
#233 = DIRECTION ( 'NONE',  ( 0.000000000000000000, 0.000000000000000000, 1.000000000000000000 ) ) ;
#234 = CARTESIAN_POINT ( 'NONE',  ( 0.6835549540287432224, -0.003224909310504279602, 0.1377952755906717008 ) ) ;
#235 = CARTESIAN_POINT ( 'NONE',  ( 0.8810389534785647569, -2.450000000000000622, 0.6977983312185371823 ) ) ;
#236 = B_SPLINE_SURFACE_WITH_KNOTS ( 'NONE', 2, 1, ( 
 ( #1750, #2295 ),
 ( #136, #514 ),
 ( #183, #2149 ) ),
 .UNSPECIFIED., .F., .F., .F.,
 ( 3, 3 ),
 ( 2, 2 ),
 ( 0.000000000000000000, 1.000000000000000000 ),
 ( 0.000000000000000000, 1.000000000000000000 ),
 .UNSPECIFIED. ) ;
#237 = EDGE_CURVE ( 'NONE', #2215, #1025, #581, .T. ) ;
#238 = CARTESIAN_POINT ( 'NONE',  ( -1.160945913294408882, -2.373275616878284033, 0.6474544280020660958 ) ) ;
#239 = ORIENTED_EDGE ( 'NONE', *, *, #1079, .T. ) ;
#240 = DIRECTION ( 'NONE',  ( -1.000000000000000000, 0.000000000000000000, 0.000000000000000000 ) ) ;
#241 = EDGE_LOOP ( 'NONE', ( #1506, #758, #1716, #1802, #659 ) ) ;
#242 = CARTESIAN_POINT ( 'NONE',  ( 0.9969157892073488014, -1.547596260559724213, 0.09228068454429143308 ) ) ;
#243 = CARTESIAN_POINT ( 'NONE',  ( -0.9350393700787377194, -1.973810971891724719, 0.3306799842847381043 ) ) ;
#244 = CARTESIAN_POINT ( 'NONE',  ( 0.7216499995641474374, -0.001449141321347506691, 0.1219886988405448069 ) ) ;
#245 = CARTESIAN_POINT ( 'NONE',  ( 0.8577807143954087055, -2.450000000000000622, 0.6387763673221161786 ) ) ;
#246 = B_SPLINE_CURVE_WITH_KNOTS ( 'NONE', 3,
 ( #1269, #538, #1427, #907, #1279, #2334, #704, #355, #719, #1440, #1975, #1945, #2161, #1453 ),
 .UNSPECIFIED., .F., .F.,
 ( 4, 2, 2, 2, 2, 2, 4 ),
 ( -1.636286656776890773E-05, 0.0007754586750032024496, 0.001567280216574173848, 0.001963190987359656782, 0.002359101758145139716, 0.002755012528930622651, 0.003150923299716105585 ),
 .UNSPECIFIED. ) ;
#247 = CARTESIAN_POINT ( 'NONE',  ( 1.250000000007589485, -2.450000000026785418, 0.05905511811023135549 ) ) ;
#248 = ORIENTED_EDGE ( 'NONE', *, *, #678, .F. ) ;
#249 = LINE ( 'NONE', #966, #74 ) ;
#250 = EDGE_LOOP ( 'NONE', ( #324, #1298, #765, #1107 ) ) ;
#251 = DIRECTION ( 'NONE',  ( 0.000000000000000000, -1.000000000000000000, 0.000000000000000000 ) ) ;
#252 = CARTESIAN_POINT ( 'NONE',  ( -0.6857378136170354521, -0.1273962533658045682, 0.1377952755905511861 ) ) ;
#253 = CARTESIAN_POINT ( 'NONE',  ( 0.8562992125984228986, -2.454459837884372941, 0.7332753707661711084 ) ) ;
#254 = DIRECTION ( 'NONE',  ( 1.000000000000000000, 0.000000000000000000, 0.000000000000000000 ) ) ;
#255 = VECTOR ( 'NONE', #2079, 39.37007874015748143 ) ;
#256 = AXIS2_PLACEMENT_3D ( 'NONE', #2283, #654, #2255 ) ;
#257 = CARTESIAN_POINT ( 'NONE',  ( -1.069215152868027152, -2.074195741076662713, 0.3972644701452308635 ) ) ;
#258 = AXIS2_PLACEMENT_3D ( 'NONE', #1624, #9, #1615 ) ;
#259 = CARTESIAN_POINT ( 'NONE',  ( -0.8320305612958045494, -0.6503953504831706534, 0.05905511811023625435 ) ) ;
#260 = VERTEX_POINT ( 'NONE', #806 ) ;
#261 = CARTESIAN_POINT ( 'NONE',  ( 1.169803778739018529, -2.184953661315727658, 0.3946481632299915776 ) ) ;
#262 = VERTEX_POINT ( 'NONE', #1858 ) ;
#263 = CARTESIAN_POINT ( 'NONE',  ( 1.020259975316958556, -1.647142671835768235, -0.05905511811023628210 ) ) ;
#264 = EDGE_CURVE ( 'NONE', #217, #1235, #1257, .T. ) ;
#265 = ADVANCED_FACE ( 'NONE', ( #1867 ), #2242, .T. ) ;
#266 = CARTESIAN_POINT ( 'NONE',  ( -0.7571584968939881755, -0.05290411604955611025, 0.05905511811023622659 ) ) ;
#267 = DIRECTION ( 'NONE',  ( 0.000000000000000000, 0.000000000000000000, -1.000000000000000000 ) ) ;
#268 = FACE_OUTER_BOUND ( 'NONE', #1908, .T. ) ;
#269 = CARTESIAN_POINT ( 'NONE',  ( 0.9285580759535940754, -2.450000000000000622, 0.7283464566929136463 ) ) ;
#270 = CARTESIAN_POINT ( 'NONE',  ( 1.249999999999997780, -2.450000000000000178, 4.849999999999999645 ) ) ;
#271 = CARTESIAN_POINT ( 'NONE',  ( -1.249999999999997780, -2.450000000000000178, 0.1377952755905511861 ) ) ;
#272 = VERTEX_POINT ( 'NONE', #609 ) ;
#273 = FACE_OUTER_BOUND ( 'NONE', #2318, .T. ) ;
#274 = VERTEX_POINT ( 'NONE', #588 ) ;
#275 = CARTESIAN_POINT ( 'NONE',  ( 0.7802617525405524113, -0.8333281563984773488, -0.1377952755905512416 ) ) ;
#276 = CARTESIAN_POINT ( 'NONE',  ( 0.4153543307086621228, -2.863385826771653875, 4.849999999999999645 ) ) ;
#277 = ADVANCED_FACE ( 'NONE', ( #1341 ), #1281, .T. ) ;
#278 = EDGE_CURVE ( 'NONE', #2113, #1348, #952, .T. ) ;
#279 = DIRECTION ( 'NONE',  ( -0.000000000000000000, -0.000000000000000000, 1.000000000000000000 ) ) ;
#280 = EDGE_LOOP ( 'NONE', ( #1705, #1755, #204, #1116 ) ) ;
#281 = CARTESIAN_POINT ( 'NONE',  ( -0.9867516623650786078, -1.547309875427367087, 0.1081955899568793206 ) ) ;
#282 = CARTESIAN_POINT ( 'NONE',  ( -1.135131237987941466, -2.292011190181923119, 0.5696030440003876372 ) ) ;
#283 = CARTESIAN_POINT ( 'NONE',  ( 1.238684455463358036, -2.413884218008522264, -0.05905511811024199281 ) ) ;
#284 = ORIENTED_EDGE ( 'NONE', *, *, #2137, .T. ) ;
#285 = CARTESIAN_POINT ( 'NONE',  ( -0.7921797182027068285, -0.4155921808471925161, -0.05905511811023621271 ) ) ;
#286 = ORIENTED_EDGE ( 'NONE', *, *, #2273, .T. ) ;
#287 = CARTESIAN_POINT ( 'NONE',  ( 0.9498234110564042210, -1.667928435390297004, -0.1377952755905511306 ) ) ;
#288 = CARTESIAN_POINT ( 'NONE',  ( 0.000000000000000000, 0.000000000000000000, -0.1377952755905511861 ) ) ;
#289 = CARTESIAN_POINT ( 'NONE',  ( 0.8562992125984227876, -1.237347842067107129, 0.1377952755905511861 ) ) ;
#290 = B_SPLINE_CURVE_WITH_KNOTS ( 'NONE', 3,
 ( #1740, #915, #1470, #2199, #544, #568, #1460, #1795 ),
 .UNSPECIFIED., .F., .F.,
 ( 4, 2, 2, 4 ),
 ( 0.000000000000000000, 0.03191001176994360394, 0.04786501765491540938, 0.06382002353988720789 ),
 .UNSPECIFIED. ) ;
#291 = CARTESIAN_POINT ( 'NONE',  ( 0.4370078740157480879, 5.351802941155756685E-17, 0.1377952755905511861 ) ) ;
#292 = CARTESIAN_POINT ( 'NONE',  ( -0.9350393700787380524, -2.188649352810879911, 0.4820041516200386233 ) ) ;
#293 = CARTESIAN_POINT ( 'NONE',  ( -0.8336614173228334979, -2.656692913385826582, 4.474999999999999645 ) ) ;
#294 = PRESENTATION_STYLE_ASSIGNMENT (( #817 ) ) ;
#295 = EDGE_CURVE ( 'NONE', #78, #333, #19, .T. ) ;
#296 = DIRECTION ( 'NONE',  ( 1.000000000000000000, 0.000000000000000000, 0.000000000000000000 ) ) ;
#297 = CARTESIAN_POINT ( 'NONE',  ( -0.8619119481668183758, -1.694038693586233713, 0.1377952755905512139 ) ) ;
#298 = ORIENTED_EDGE ( 'NONE', *, *, #1890, .F. ) ;
#299 = FACE_OUTER_BOUND ( 'NONE', #250, .T. ) ;
#300 = AXIS2_PLACEMENT_3D ( 'NONE', #981, #44, #240 ) ;
#301 = EDGE_LOOP ( 'NONE', ( #129, #43, #2206, #1854 ) ) ;
#302 = CIRCLE ( 'NONE', #338, 0.1200787401574802127 ) ;
#303 = CARTESIAN_POINT ( 'NONE',  ( -0.9471132467111690323, -1.301342028335685574, 0.05905511811023624047 ) ) ;
#304 = CARTESIAN_POINT ( 'NONE',  ( -0.7501330238449670507, 0.01897011041030753978, -0.1377952755905511861 ) ) ;
#305 = CARTESIAN_POINT ( 'NONE',  ( 0.000000000000000000, 0.000000000000000000, 0.1377952755905511861 ) ) ;
#306 = CARTESIAN_POINT ( 'NONE',  ( -0.9378533240792389369, -1.553835222242555103, 0.1369356472360230559 ) ) ;
#307 = FILL_AREA_STYLE_COLOUR ( '', #2157 ) ;
#308 = FACE_OUTER_BOUND ( 'NONE', #1185, .T. ) ;
#309 = ADVANCED_FACE ( 'NONE', ( #1028 ), #689, .T. ) ;
#310 = EDGE_CURVE ( 'NONE', #1287, #1628, #290, .T. ) ;
#311 = CARTESIAN_POINT ( 'NONE',  ( 1.179421961664271601, -2.488057218365187229, -0.1377952755905511861 ) ) ;
#312 = ORIENTED_EDGE ( 'NONE', *, *, #2287, .F. ) ;
#313 = DIRECTION ( 'NONE',  ( -1.000000000000000000, 0.000000000000000000, 0.000000000000000000 ) ) ;
#314 = ORIENTED_EDGE ( 'NONE', *, *, #2230, .F. ) ;
#315 = CARTESIAN_POINT ( 'NONE',  ( -1.223222034050281515, -2.450000000000000622, 0.7132991816163239962 ) ) ;
#316 = DIRECTION ( 'NONE',  ( 1.000000000000000000, 0.000000000000000000, 0.000000000000000000 ) ) ;
#317 = CARTESIAN_POINT ( 'NONE',  ( 1.046184439092726404, -1.724285803878987888, 0.1234913970790438159 ) ) ;
#318 = CYLINDRICAL_SURFACE ( 'NONE', #161, 0.07874015748031495954 ) ;
#319 = CARTESIAN_POINT ( 'NONE',  ( -0.8562992125984230096, -2.480829415596345733, 0.6455368824930384219 ) ) ;
#320 = DIRECTION ( 'NONE',  ( 1.000000000000000000, 0.000000000000000000, 0.000000000000000000 ) ) ;
#321 = DIRECTION ( 'NONE',  ( -0.000000000000000000, -0.000000000000000000, 1.000000000000000000 ) ) ;
#322 = CARTESIAN_POINT ( 'NONE',  ( 0.000000000000000000, 0.000000000000000000, -0.05905511811023622659 ) ) ;
#323 = EDGE_CURVE ( 'NONE', #1282, #1454, #1836, .T. ) ;
#324 = ORIENTED_EDGE ( 'NONE', *, *, #1019, .F. ) ;
#325 = CARTESIAN_POINT ( 'NONE',  ( -0.9101093362333581016, -2.449999999999999734, 0.7226970854366748798 ) ) ;
#326 = CARTESIAN_POINT ( 'NONE',  ( -1.101983683564178751, -2.233399182034595309, -0.1377952755905511861 ) ) ;
#327 = FACE_OUTER_BOUND ( 'NONE', #1304, .T. ) ;
#328 = CARTESIAN_POINT ( 'NONE',  ( 1.018879733843021107, -1.896391435995966601, 0.2875847721254256029 ) ) ;
#329 = CARTESIAN_POINT ( 'NONE',  ( -0.8562992125984228986, -2.326643247197732745, 0.6016138223690984388 ) ) ;
#330 = CARTESIAN_POINT ( 'NONE',  ( 0.4370078740157480879, 5.351802941155756685E-17, -0.1377952755905511861 ) ) ;
#331 = DIRECTION ( 'NONE',  ( -0.000000000000000000, -0.000000000000000000, 1.000000000000000000 ) ) ;
#332 = CARTESIAN_POINT ( 'NONE',  ( 1.250000000010173418, -2.450000000026628211, 0.6378976325121988866 ) ) ;
#333 = VERTEX_POINT ( 'NONE', #1267 ) ;
#334 = CARTESIAN_POINT ( 'NONE',  ( 0.7676061785443264451, -0.1520833224310695342, 0.05905511811023622659 ) ) ;
#335 = VECTOR ( 'NONE', #1599, 39.37007874015748143 ) ;
#336 = AXIS2_PLACEMENT_3D ( 'NONE', #646, #468, #1384 ) ;
#337 = EDGE_CURVE ( 'NONE', #1025, #195, #1805, .T. ) ;
#338 = AXIS2_PLACEMENT_3D ( 'NONE', #1188, #2106, #1891 ) ;
#339 = CARTESIAN_POINT ( 'NONE',  ( -0.7552582764877545651, -0.03380648531233802073, -0.1377952755905511861 ) ) ;
#340 = ORIENTED_EDGE ( 'NONE', *, *, #2091, .F. ) ;
#341 = DIRECTION ( 'NONE',  ( -0.000000000000000000, -0.000000000000000000, 1.000000000000000000 ) ) ;
#342 = CARTESIAN_POINT ( 'NONE',  ( -1.249999999999997780, -2.863385826771653875, 0.1377952755905511861 ) ) ;
#343 = CARTESIAN_POINT ( 'NONE',  ( -0.9350393700787380524, -1.884081864453102995, 0.2808421415264452659 ) ) ;
#344 = DIRECTION ( 'NONE',  ( 1.000000000000000000, 0.000000000000000000, 0.000000000000000000 ) ) ;
#345 = DIRECTION ( 'NONE',  ( 1.000000000000000000, 0.000000000000000000, 0.000000000000000000 ) ) ;
#346 = CARTESIAN_POINT ( 'NONE',  ( 0.9350393700787377194, -2.260580707979157999, 0.5405957080976689921 ) ) ;
#347 = EDGE_LOOP ( 'NONE', ( #496, #889 ) ) ;
#348 = CARTESIAN_POINT ( 'NONE',  ( 0.7571581501853584806, -0.05290065015300825929, 0.1377952755905511861 ) ) ;
#349 = CARTESIAN_POINT ( 'NONE',  ( -1.105938476782146074, -1.956805090728241048, -0.05905511811021313395 ) ) ;
#350 = VERTEX_POINT ( 'NONE', #1275 ) ;
#351 = CARTESIAN_POINT ( 'NONE',  ( 1.024581917148906562, -1.635524710189855124, 0.08740971265710154037 ) ) ;
#352 = CARTESIAN_POINT ( 'NONE',  ( 0.9452382313625753429, -1.613457737918853496, 0.1579778688002679565 ) ) ;
#353 = CARTESIAN_POINT ( 'NONE',  ( -0.9257842835239629142, -1.557565778279405899, 0.1377952755905512139 ) ) ;
#354 = CARTESIAN_POINT ( 'NONE',  ( -1.249999999999997780, -2.450000000000000178, 4.849999999999999645 ) ) ;
#355 = CARTESIAN_POINT ( 'NONE',  ( 1.239518908782978546, -2.451607422714477735, -0.09864447631296445473 ) ) ;
#356 = VERTEX_POINT ( 'NONE', #1818 ) ;
#357 = CARTESIAN_POINT ( 'NONE',  ( 0.7342448888932008311, -0.5259267531416584873, 0.1377952755905512139 ) ) ;
#358 = CARTESIAN_POINT ( 'NONE',  ( -1.246565213827662832, -2.439067567687712934, -0.1377952755905511861 ) ) ;
#359 = ORIENTED_EDGE ( 'NONE', *, *, #1381, .T. ) ;
#360 = CARTESIAN_POINT ( 'NONE',  ( -1.187370794173219890, -2.450000000000000178, 0.7283464566929134243 ) ) ;
#361 = CARTESIAN_POINT ( 'NONE',  ( -1.249999999999997780, -2.450000000000000178, 1.043307086614173151 ) ) ;
#362 = FACE_BOUND ( 'NONE', #1813, .T. ) ;
#363 = CARTESIAN_POINT ( 'NONE',  ( 0.8562992125984230096, -2.450000000000000178, 0.6132855550865268235 ) ) ;
#364 = EDGE_CURVE ( 'NONE', #2, #2238, #1648, .T. ) ;
#365 = LINE ( 'NONE', #1417, #901 ) ;
#366 = ORIENTED_EDGE ( 'NONE', *, *, #27, .T. ) ;
#367 = DIRECTION ( 'NONE',  ( 0.000000000000000000, 1.000000000000000000, -0.000000000000000000 ) ) ;
#368 = CARTESIAN_POINT ( 'NONE',  ( -0.9019162861564334888, -1.460469985992600028, -0.1377952755905512416 ) ) ;
#369 = ORIENTED_EDGE ( 'NONE', *, *, #125, .F. ) ;
#370 = CARTESIAN_POINT ( 'NONE',  ( 1.185110500376354015, -2.447700635996874929, 0.7257980510997045220 ) ) ;
#371 = DIRECTION ( 'NONE',  ( 0.000000000000000000, 0.000000000000000000, 1.000000000000000000 ) ) ;
#372 = PRODUCT_DEFINITION_FORMATION_WITH_SPECIFIED_SOURCE ( 'ANY', '', #775, .NOT_KNOWN. ) ;
#373 = CIRCLE ( 'NONE', #40, 0.1023622047244095723 ) ;
#374 = CARTESIAN_POINT ( 'NONE',  ( 0.8876250904516870266, -1.602893427163667672, 0.1377952755905511584 ) ) ;
#375 = AXIS2_PLACEMENT_3D ( 'NONE', #2288, #1900, #90 ) ;
#376 = CARTESIAN_POINT ( 'NONE',  ( -0.9554131117965150022, -1.655497451850964419, 0.1727615198172368915 ) ) ;
#377 = EDGE_CURVE ( 'NONE', #217, #1064, #210, .T. ) ;
#378 = ORIENTED_EDGE ( 'NONE', *, *, #546, .T. ) ;
#379 = CARTESIAN_POINT ( 'NONE',  ( 0.6723010042723278623, 0.005783861405584290495, 0.1377952755905511861 ) ) ;
#380 = ORIENTED_EDGE ( 'NONE', *, *, #1697, .F. ) ;
#381 = CARTESIAN_POINT ( 'NONE',  ( 0.000000000000000000, 0.000000000000000000, 0.1377952755905511861 ) ) ;
#382 = CARTESIAN_POINT ( 'NONE',  ( 0.9350393700787380524, -2.229366479314363936, 0.5152130019319287602 ) ) ;
#383 = DIRECTION ( 'NONE',  ( 0.000000000000000000, 1.000000000000000000, 0.000000000000000000 ) ) ;
#384 = CARTESIAN_POINT ( 'NONE',  ( 1.109032824743345635, -2.001321676434836050, 0.6413706875986108225 ) ) ;
#385 = ORIENTED_EDGE ( 'NONE', *, *, #364, .T. ) ;
#386 = EDGE_CURVE ( 'NONE', #1662, #852, #1730, .T. ) ;
#387 = CARTESIAN_POINT ( 'NONE',  ( 0.9253624199581618193, -1.555887760672058917, 0.1377952755907849436 ) ) ;
#388 = ORIENTED_EDGE ( 'NONE', *, *, #153, .T. ) ;
#389 = DIRECTION ( 'NONE',  ( 1.000000000000000000, 0.000000000000000000, 0.000000000000000000 ) ) ;
#390 = CARTESIAN_POINT ( 'NONE',  ( -0.9350393700787380524, -2.450000000000000178, 0.7283464566929135353 ) ) ;
#391 = CARTESIAN_POINT ( 'NONE',  ( 0.9350393700787780205, -2.377302257707031963, 0.6514948153611325177 ) ) ;
#392 = DIRECTION ( 'NONE',  ( -1.000000000000000000, 0.000000000000000000, 0.000000000000000000 ) ) ;
#393 = CARTESIAN_POINT ( 'NONE',  ( -1.113552105120869884, -1.983731690479637155, 0.3382864923196016171 ) ) ;
#394 = ORIENTED_EDGE ( 'NONE', *, *, #2230, .T. ) ;
#395 = CARTESIAN_POINT ( 'NONE',  ( -0.7479444650440292275, -0.0001940246120426766287, -0.08443497459804248650 ) ) ;
#396 = DIMENSIONAL_EXPONENTS ( 1.000000000000000000, 0.000000000000000000, 0.000000000000000000, 0.000000000000000000, 0.000000000000000000, 0.000000000000000000, 0.000000000000000000 ) ;
#397 = ORIENTED_EDGE ( 'NONE', *, *, #754, .F. ) ;
#398 = CARTESIAN_POINT ( 'NONE',  ( -0.4370078740157480879, 0.000000000000000000, -0.1377952755905511861 ) ) ;
#399 = B_SPLINE_CURVE_WITH_KNOTS ( 'NONE', 3,
 ( #1360, #1334, #426, #259, #979, #2086, #451, #1182 ),
 .UNSPECIFIED., .F., .F.,
 ( 4, 2, 2, 4 ),
 ( 0.02366566563934383027, 0.04363856793701915981, 0.05362501908585681765, 0.06361147023469448936 ),
 .UNSPECIFIED. ) ;
#400 = ADVANCED_FACE ( 'NONE', ( #2332, #362 ), #190, .F. ) ;
#401 = EDGE_CURVE ( 'NONE', #1576, #1767, #715, .T. ) ;
#402 = CARTESIAN_POINT ( 'NONE',  ( 0.8562992125984228986, -2.416284293490658541, 0.6918458209455196073 ) ) ;
#403 = CARTESIAN_POINT ( 'NONE',  ( -0.9801930130380013262, -1.547635920559756739, 0.1153654507440030064 ) ) ;
#404 = CIRCLE ( 'NONE', #519, 0.07874015748031495954 ) ;
#405 = AXIS2_PLACEMENT_3D ( 'NONE', #1670, #383, #1113 ) ;
#406 = FACE_OUTER_BOUND ( 'NONE', #2337, .T. ) ;
#407 = ORIENTED_EDGE ( 'NONE', *, *, #1872, .T. ) ;
#408 = DIRECTION ( 'NONE',  ( -1.000000000000000000, 0.000000000000000000, 0.000000000000000000 ) ) ;
#409 = ORIENTED_EDGE ( 'NONE', *, *, #2216, .T. ) ;
#410 = CARTESIAN_POINT ( 'NONE',  ( 1.186373026088451743, -2.451599844706715992, 0.7301145696365242133 ) ) ;
#411 = CARTESIAN_POINT ( 'NONE',  ( -0.9350393700787376083, -1.896882103668962261, 0.2862520755863210975 ) ) ;
#412 = CARTESIAN_POINT ( 'NONE',  ( 0.8562992125982616942, -2.329461840149315677, 0.6043069808940222387 ) ) ;
#413 = CARTESIAN_POINT ( 'NONE',  ( 0.8891704142808876110, -2.450000000000000178, 0.7079753661517922403 ) ) ;
#414 = EDGE_CURVE ( 'NONE', #720, #1532, #1645, .T. ) ;
#415 = DIRECTION ( 'NONE',  ( -0.000000000000000000, 1.000000000000000000, -0.000000000000000000 ) ) ;
#416 = ORIENTED_EDGE ( 'NONE', *, *, #795, .T. ) ;
#417 = CARTESIAN_POINT ( 'NONE',  ( -0.7494582183531275366, -0.0001210748412285003923, -0.07943483571245824049 ) ) ;
#418 = ORIENTED_EDGE ( 'NONE', *, *, #561, .T. ) ;
#419 = CARTESIAN_POINT ( 'NONE',  ( -1.249999999999997780, -2.863385826771653875, 1.043307086614173151 ) ) ;
#420 = CARTESIAN_POINT ( 'NONE',  ( -0.6788180301348064605, -0.06083067717133851249, 0.1377952755905511861 ) ) ;
#421 = CARTESIAN_POINT ( 'NONE',  ( 0.9350393700787380524, -2.123819429387129532, 0.4325649970840532155 ) ) ;
#422 = CARTESIAN_POINT ( 'NONE',  ( 0.8562992125984230096, -1.919445847928562765, 0.3009989657527754048 ) ) ;
#423 = B_SPLINE_SURFACE_WITH_KNOTS ( 'NONE', 2, 1, ( 
 ( #1210, #1749 ),
 ( #135, #846 ),
 ( #2244, #1582 ) ),
 .UNSPECIFIED., .F., .F., .F.,
 ( 3, 3 ),
 ( 2, 2 ),
 ( 0.5002247035605393854, 0.5007058548345448834 ),
 ( 0.000000000000000000, 1.000000000000000000 ),
 .UNSPECIFIED. ) ;
#424 = CARTESIAN_POINT ( 'NONE',  ( -1.177988846389515842, -2.212588969866314148, 0.4179536198396106017 ) ) ;
#425 = EDGE_CURVE ( 'NONE', #1033, #1025, #1840, .T. ) ;
#426 = CARTESIAN_POINT ( 'NONE',  ( -0.8953384302449191035, -1.038459286445870600, 0.05905511811023626823 ) ) ;
#427 = EDGE_LOOP ( 'NONE', ( #2048, #864, #1193, #2089 ) ) ;
#428 = CARTESIAN_POINT ( 'NONE',  ( -0.7519685039370078705, 0.000000000000000000, -0.05905511811023622659 ) ) ;
#429 = VERTEX_POINT ( 'NONE', #353 ) ;
#430 = DIRECTION ( 'NONE',  ( -0.000000000000000000, -0.000000000000000000, 1.000000000000000000 ) ) ;
#431 = CARTESIAN_POINT ( 'NONE',  ( -0.8562992125984230096, -2.450000000000000178, 4.849999999999999645 ) ) ;
#432 = CARTESIAN_POINT ( 'NONE',  ( -1.249999999999997780, -2.863385826771653875, 1.043307086614173151 ) ) ;
#433 = DIRECTION ( 'NONE',  ( 0.000000000000000000, 0.000000000000000000, -1.000000000000000000 ) ) ;
#434 = B_SPLINE_CURVE_WITH_KNOTS ( 'NONE', 3,
 ( #1607, #376, #2001, #695, #1762, #149, #863, #929, #42, #2055, #1851, #917, #238, #582, #1104, #2044, #52 ),
 .UNSPECIFIED., .F., .F.,
 ( 4, 2, 2, 1, 2, 2, 2, 2, 4 ),
 ( 5.549929150310530060E-17, 0.006950556484223806980, 0.01042583472633568271, 0.01390111296844755845, 0.01737639121055943592, 0.02085166945267130992, 0.02432694769478318392, 0.02606458681583912265, 0.02780222593689506139 ),
 .UNSPECIFIED. ) ;
#435 = VECTOR ( 'NONE', #1155, 39.37007874015748143 ) ;
#436 = CYLINDRICAL_SURFACE ( 'NONE', #1356, 0.1417322834645668994 ) ;
#437 = VECTOR ( 'NONE', #1386, 39.37007874015748143 ) ;
#438 = CARTESIAN_POINT ( 'NONE',  ( 1.215383875324990814, -2.338039890188349457, -0.05905511811023622659 ) ) ;
#439 = ORIENTED_EDGE ( 'NONE', *, *, #1984, .T. ) ;
#440 = LINE ( 'NONE', #825, #2159 ) ;
#441 = EDGE_CURVE ( 'NONE', #2073, #2215, #1784, .T. ) ;
#442 = AXIS2_PLACEMENT_3D ( 'NONE', #1803, #341, #675 ) ;
#443 = ORIENTED_EDGE ( 'NONE', *, *, #986, .T. ) ;
#444 = LINE ( 'NONE', #2239, #1808 ) ;
#445 = CARTESIAN_POINT ( 'NONE',  ( -0.8700185087187716215, -1.317449716864417253, 0.1377952755905512139 ) ) ;
#446 = PLANE ( 'NONE',  #1664 ) ;
#447 = EDGE_LOOP ( 'NONE', ( #1617, #1876, #21 ) ) ;
#448 = FACE_OUTER_BOUND ( 'NONE', #947, .T. ) ;
#449 = CARTESIAN_POINT ( 'NONE',  ( 0.7514580726379573861, -2.464815592093301012E-05, -0.06937197973855561972 ) ) ;
#450 = CARTESIAN_POINT ( 'NONE',  ( -1.145542037105426569, -2.099616507762476214, 0.4149781920199049345 ) ) ;
#451 = CARTESIAN_POINT ( 'NONE',  ( -0.7645941302719523325, -0.1304887623743613834, 0.05905511811023623353 ) ) ;
#452 = ORIENTED_EDGE ( 'NONE', *, *, #1538, .F. ) ;
#453 = CARTESIAN_POINT ( 'NONE',  ( 1.005119967527404734, -1.551176037520262341, 0.05905511811023606700 ) ) ;
#454 = VERTEX_POINT ( 'NONE', #1435 ) ;
#455 = CARTESIAN_POINT ( 'NONE',  ( 0.7552582764877205923, -0.03380648531249964145, -0.1377952755905512139 ) ) ;
#456 = CARTESIAN_POINT ( 'NONE',  ( -1.219286766312551507, -2.450000000000001066, 0.7167615179418797000 ) ) ;
#457 = ADVANCED_FACE ( 'NONE', ( #26 ), #2007, .T. ) ;
#458 = LINE ( 'NONE', #829, #2075 ) ;
#459 = ORIENTED_EDGE ( 'NONE', *, *, #1850, .T. ) ;
#460 = FILL_AREA_STYLE_COLOUR ( '', #1015 ) ;
#461 = CARTESIAN_POINT ( 'NONE',  ( -0.9350393700787380524, -2.326643247198276310, 0.6016138223685457698 ) ) ;
#462 = CARTESIAN_POINT ( 'NONE',  ( -1.177389847692215996, -2.424093348162591699, 0.7001467774300313973 ) ) ;
#463 = DIRECTION ( 'NONE',  ( 1.000000000000000000, 0.000000000000000000, 0.000000000000000000 ) ) ;
#464 = ORIENTED_EDGE ( 'NONE', *, *, #2136, .T. ) ;
#465 = CARTESIAN_POINT ( 'NONE',  ( -1.020259975316958334, -1.647142671835768457, -0.05905511811023623353 ) ) ;
#466 = EDGE_LOOP ( 'NONE', ( #380, #686, #2150, #930 ) ) ;
#467 = CARTESIAN_POINT ( 'NONE',  ( 0.8113019521029003478, -0.5064453452867838656, -0.1377952755905974269 ) ) ;
#468 = DIRECTION ( 'NONE',  ( 0.000000000000000000, 0.000000000000000000, 1.000000000000000000 ) ) ;
#469 = CARTESIAN_POINT ( 'NONE',  ( -0.7519685039370078705, 0.000000000000000000, -0.05905511811023622659 ) ) ;
#470 = CARTESIAN_POINT ( 'NONE',  ( -0.1023622047244095723, -2.656692913385826582, 4.849999999999999645 ) ) ;
#471 = CARTESIAN_POINT ( 'NONE',  ( -0.9350393700787791307, -2.438960528088914170, 0.7161903009024732647 ) ) ;
#472 = EDGE_CURVE ( 'NONE', #1778, #1382, #156, .T. ) ;
#473 = ADVANCED_FACE ( 'NONE', ( #1524 ), #1689, .F. ) ;
#474 = PLANE ( 'NONE',  #1775 ) ;
#475 = CARTESIAN_POINT ( 'NONE',  ( -1.261463178852555655, -2.486290325455488670, 0.6774382330354319359 ) ) ;
#476 = DIRECTION ( 'NONE',  ( -1.000000000000000000, 0.000000000000000000, 0.000000000000000000 ) ) ;
#477 = CARTESIAN_POINT ( 'NONE',  ( 0.9292823955797895330, -1.555685814477017370, 0.1377258559456716325 ) ) ;
#478 = VECTOR ( 'NONE', #251, 39.37007874015748143 ) ;
#479 = VECTOR ( 'NONE', #2276, 39.37007874015748143 ) ;
#480 = ORIENTED_EDGE ( 'NONE', *, *, #2091, .T. ) ;
#481 = AXIS2_PLACEMENT_3D ( 'NONE', #1115, #1679, #1137 ) ;
#482 = CARTESIAN_POINT ( 'NONE',  ( -0.8562992125984230096, -2.450000000000000178, 0.6132855550865268235 ) ) ;
#483 = CARTESIAN_POINT ( 'NONE',  ( 1.171259842519682959, -1.237347842067107129, -0.1377952755905511861 ) ) ;
#484 = VERTEX_POINT ( 'NONE', #1709 ) ;
#485 = CARTESIAN_POINT ( 'NONE',  ( 0.000000000000000000, 0.000000000000000000, 4.849999999999999645 ) ) ;
#486 = CARTESIAN_POINT ( 'NONE',  ( -0.8562992125984230096, -1.921568755905511683, 0.2115766742595136252 ) ) ;
#487 = CARTESIAN_POINT ( 'NONE',  ( 0.000000000000000000, 0.000000000000000000, 0.000000000000000000 ) ) ;
#488 = CARTESIAN_POINT ( 'NONE',  ( -1.219522242771574172, -2.454672329649607132, -0.1221112887031768762 ) ) ;
#489 = CARTESIAN_POINT ( 'NONE',  ( 1.102626899925647441, -2.187078798317349193, 0.4788406065400483413 ) ) ;
#490 = CARTESIAN_POINT ( 'NONE',  ( -0.9257842835239629142, -1.557565778279405899, 0.1377952755905512139 ) ) ;
#491 = CARTESIAN_POINT ( 'NONE',  ( 0.8562992125984227876, -1.753337732626508938, 0.1377952755905512416 ) ) ;
#492 = DIRECTION ( 'NONE',  ( -0.000000000000000000, 0.000000000000000000, 1.000000000000000000 ) ) ;
#493 = ORIENTED_EDGE ( 'NONE', *, *, #1399, .T. ) ;
#494 = CARTESIAN_POINT ( 'NONE',  ( -0.9305553260517166470, -1.578198011878686913, 0.1377952755905512139 ) ) ;
#495 = CARTESIAN_POINT ( 'NONE',  ( -0.9350393700787377194, -1.571318941923411261, 0.1431593746670296319 ) ) ;
#496 = ORIENTED_EDGE ( 'NONE', *, *, #896, .T. ) ;
#497 = DIRECTION ( 'NONE',  ( 0.000000000000000000, 1.000000000000000000, 0.000000000000000000 ) ) ;
#498 = CARTESIAN_POINT ( 'NONE',  ( -0.9350393700787380524, -2.446585354770832943, 0.7245726663979343840 ) ) ;
#499 = CARTESIAN_POINT ( 'NONE',  ( 0.9350393700788508511, -1.597440553170854205, 0.06887832845830503536 ) ) ;
#500 = B_SPLINE_CURVE_WITH_KNOTS ( 'NONE', 3,
 ( #1587, #1065, #16, #2168, #1412, #1087, #2305, #533, #727, #328, #2131, #904, #1783, #352, #1459 ),
 .UNSPECIFIED., .F., .F.,
 ( 4, 2, 2, 2, 2, 1, 2, 4 ),
 ( -5.999999999839065851E-08, 0.003489992632614867096, 0.006980045265229735570, 0.01396015053045946731, 0.01745020316307433275, 0.02094025579568919646, 0.02443030842830406363, 0.02792036106091893080 ),
 .UNSPECIFIED. ) ;
#501 = CARTESIAN_POINT ( 'NONE',  ( -1.239518908782976325, -2.451607422714476403, -0.09864447631296738295 ) ) ;
#502 = DIRECTION ( 'NONE',  ( 1.000000000000000000, 0.000000000000000000, -0.000000000000000000 ) ) ;
#503 = EDGE_CURVE ( 'NONE', #1763, #2056, #2240, .T. ) ;
#504 = VERTEX_POINT ( 'NONE', #2060 ) ;
#505 = CARTESIAN_POINT ( 'NONE',  ( 1.025084988785173845, -1.636404781551290988, 0.08938273335299874722 ) ) ;
#506 = CARTESIAN_POINT ( 'NONE',  ( -0.7606146973744387640, -0.08643045014896370837, -0.1377952755905511861 ) ) ;
#507 = VERTEX_POINT ( 'NONE', #48 ) ;
#508 = DIRECTION ( 'NONE',  ( 0.000000000000000000, 0.000000000000000000, 1.000000000000000000 ) ) ;
#509 = CARTESIAN_POINT ( 'NONE',  ( -1.148876275580433592, -2.111205158204922938, 0.3420197819095779912 ) ) ;
#510 = CARTESIAN_POINT ( 'NONE',  ( -0.8562992125984230096, -2.237632963137751396, 0.4203310921987480353 ) ) ;
#511 = CARTESIAN_POINT ( 'NONE',  ( -1.181531915744635119, -2.460487966163420026, -0.1377952755905524906 ) ) ;
#512 = CARTESIAN_POINT ( 'NONE',  ( 1.013854671174075017, -1.878034477442912298, 0.2775656252482627262 ) ) ;
#513 = CARTESIAN_POINT ( 'NONE',  ( -0.9063807953027904762, -1.572139656792306273, 0.1377952755905511584 ) ) ;
#514 = CARTESIAN_POINT ( 'NONE',  ( 0.8728845924428136893, -1.249695684134214391, -0.05905511811023625435 ) ) ;
#515 = ORIENTED_EDGE ( 'NONE', *, *, #2324, .T. ) ;
#516 = ADVANCED_FACE ( 'NONE', ( #1310 ), #2027, .T. ) ;
#517 = CARTESIAN_POINT ( 'NONE',  ( 1.086596543855038011, -1.882223256636680109, 0.2012376579745256411 ) ) ;
#518 = VECTOR ( 'NONE', #389, 39.37007874015748143 ) ;
#519 = AXIS2_PLACEMENT_3D ( 'NONE', #578, #1307, #2025 ) ;
#520 = CIRCLE ( 'NONE', #193, 0.1417322834645668994 ) ;
#521 = CARTESIAN_POINT ( 'NONE',  ( -0.7719293535944584672, -0.1916032665537391599, -0.1377952755906088900 ) ) ;
#522 = ORIENTED_EDGE ( 'NONE', *, *, #1363, .F. ) ;
#523 = DIRECTION ( 'NONE',  ( -0.000000000000000000, -0.000000000000000000, 1.000000000000000000 ) ) ;
#524 = CARTESIAN_POINT ( 'NONE',  ( -1.138488860324200935, -2.074230987398846704, 0.3165341400664291038 ) ) ;
#525 = CARTESIAN_POINT ( 'NONE',  ( -0.8562992125984231206, -2.350775621803929738, 0.5158086139555054794 ) ) ;
#526 = DIRECTION ( 'NONE',  ( 0.000000000000000000, -1.000000000000000000, 0.000000000000000000 ) ) ;
#527 = CARTESIAN_POINT ( 'NONE',  ( -1.249999999999997780, -2.450000000000000178, 0.1377952755905511861 ) ) ;
#528 = EDGE_LOOP ( 'NONE', ( #918, #1611, #98 ) ) ;
#529 = DIRECTION ( 'NONE',  ( 0.000000000000000000, 0.000000000000000000, 1.000000000000000000 ) ) ;
#530 = CARTESIAN_POINT ( 'NONE',  ( -0.9788031158128401854, -1.443429964956085332, -0.05905511811023625435 ) ) ;
#531 = EDGE_LOOP ( 'NONE', ( #674, #541, #826 ) ) ;
#532 = FACE_OUTER_BOUND ( 'NONE', #879, .T. ) ;
#533 = CARTESIAN_POINT ( 'NONE',  ( 1.051049641595056316, -2.011268845482413692, 0.3556362458436828633 ) ) ;
#534 = CARTESIAN_POINT ( 'NONE',  ( -0.8562992125984231206, -2.189726704399661106, 0.3836559852889974143 ) ) ;
#535 = EDGE_CURVE ( 'NONE', #262, #1707, #1244, .T. ) ;
#536 = CARTESIAN_POINT ( 'NONE',  ( 0.7530148875662676655, -0.6544863587718031672, 0.1377952755905512139 ) ) ;
#537 = CARTESIAN_POINT ( 'NONE',  ( 1.036134800761783437, -1.958625587642221832, 0.3231686197812686512 ) ) ;
#538 = CARTESIAN_POINT ( 'NONE',  ( 1.181531915744658212, -2.460487966163510176, -0.1377952755905511306 ) ) ;
#539 = ORIENTED_EDGE ( 'NONE', *, *, #323, .T. ) ;
#540 = CARTESIAN_POINT ( 'NONE',  ( 0.6732283464566928277, 8.244669395834542983E-17, 0.05905511811023622659 ) ) ;
#541 = ORIENTED_EDGE ( 'NONE', *, *, #1219, .T. ) ;
#542 = CARTESIAN_POINT ( 'NONE',  ( -1.187370794173219890, -2.081265980406759475, 0.3208297833110274611 ) ) ;
#543 = DIRECTION ( 'NONE',  ( -0.000000000000000000, -1.000000000000000000, -0.000000000000000000 ) ) ;
#544 = CARTESIAN_POINT ( 'NONE',  ( -0.7804894307389066421, -0.8343188465169830703, -0.1377952755905511584 ) ) ;
#545 = CARTESIAN_POINT ( 'NONE',  ( 0.8562992125984230096, -2.076160811753799518, 0.3030271857409799208 ) ) ;
#546 = EDGE_CURVE ( 'NONE', #1543, #1454, #793, .T. ) ;
#547 = EDGE_CURVE ( 'NONE', #1742, #1863, #58, .T. ) ;
#548 = CARTESIAN_POINT ( 'NONE',  ( 0.1751968503937014476, -2.863385826771653875, 4.849999999999999645 ) ) ;
#549 = B_SPLINE_CURVE_WITH_KNOTS ( 'NONE', 3,
 ( #2256, #285, #1021, #465, #1558, #1725 ),
 .UNSPECIFIED., .F., .F.,
 ( 4, 2, 4 ),
 ( 0.000000000000000000, 0.03180522897417654982, 0.06361045794835309963 ),
 .UNSPECIFIED. ) ;
#550 = ORIENTED_EDGE ( 'NONE', *, *, #941, .T. ) ;
#551 = CARTESIAN_POINT ( 'NONE',  ( 0.8122261030017833283, -0.5149860959450049958, 0.1377952755904931770 ) ) ;
#552 =( GEOMETRIC_REPRESENTATION_CONTEXT ( 3 ) GLOBAL_UNCERTAINTY_ASSIGNED_CONTEXT ( ( #1931 ) ) GLOBAL_UNIT_ASSIGNED_CONTEXT ( ( #1915, #815, #1178 ) ) REPRESENTATION_CONTEXT ( 'NONE', 'WORKASPACE' ) );
#553 = ORIENTED_EDGE ( 'NONE', *, *, #2164, .T. ) ;
#554 = CARTESIAN_POINT ( 'NONE',  ( 1.004944709844956652, -1.550418445785818555, 0.06391244221103788148 ) ) ;
#555 = CARTESIAN_POINT ( 'NONE',  ( 1.161677202940261333, -2.375556524755212173, 0.6497271516300215932 ) ) ;
#556 = VECTOR ( 'NONE', #476, 39.37007874015748143 ) ;
#557 = DIRECTION ( 'NONE',  ( -1.000000000000000000, -0.000000000000000000, -0.000000000000000000 ) ) ;
#558 = AXIS2_PLACEMENT_3D ( 'NONE', #653, #84, #463 ) ;
#559 = CARTESIAN_POINT ( 'NONE',  ( 0.8562992125984228986, -2.393039816514795248, 0.6674958226523884930 ) ) ;
#560 = CARTESIAN_POINT ( 'NONE',  ( 0.9313163117687389692, -1.555887760672045816, 0.1377952755907780047 ) ) ;
#561 = EDGE_CURVE ( 'NONE', #983, #1496, #1006, .T. ) ;
#562 = CARTESIAN_POINT ( 'NONE',  ( -0.9479046878788349728, -1.625454001984775187, 0.1609505230044825652 ) ) ;
#563 = ORIENTED_EDGE ( 'NONE', *, *, #2203, .T. ) ;
#564 = CARTESIAN_POINT ( 'NONE',  ( 1.240265649464963760, -2.419016956813161645, 0.6049011543814702963 ) ) ;
#565 = ORIENTED_EDGE ( 'NONE', *, *, #1984, .F. ) ;
#566 = LINE ( 'NONE', #2016, #518 ) ;
#567 = CARTESIAN_POINT ( 'NONE',  ( -1.249999999999997780, -2.863385826771653875, 4.849999999999999645 ) ) ;
#568 = CARTESIAN_POINT ( 'NONE',  ( -0.7187758624999094348, -0.4200004051797531224, -0.1377952755905511861 ) ) ;
#569 = B_SPLINE_CURVE_WITH_KNOTS ( 'NONE', 3,
 ( #1556, #2270, #1905, #297, #1018, #1739, #122, #845, #1045, #513, #860, #2293, #2188, #490 ),
 .UNSPECIFIED., .F., .F.,
 ( 4, 2, 2, 2, 2, 2, 4 ),
 ( 0.0009740589362606077561, 0.002437477735197353043, 0.003900896534134098981, 0.005364315333070844918, 0.006096024732539225693, 0.006461879432273417816, 0.006827734132007608203 ),
 .UNSPECIFIED. ) ;
#570 = CARTESIAN_POINT ( 'NONE',  ( 0.9350393700787380524, -2.454459837884372941, 0.7332753707661713305 ) ) ;
#571 = LINE ( 'NONE', #1592, #669 ) ;
#572 = B_SPLINE_CURVE_WITH_KNOTS ( 'NONE', 3,
 ( #1760, #1080, #182, #1796, #1424, #1787, #1452 ),
 .UNSPECIFIED., .F., .F.,
 ( 4, 3, 4 ),
 ( 5.893624545061726471E-15, 0.0004265939101155305328, 0.0004455792916306406271 ),
 .UNSPECIFIED. ) ;
#573 = CARTESIAN_POINT ( 'NONE',  ( -0.1751968503937012256, -2.450000000000000178, 4.849999999999999645 ) ) ;
#574 = ORIENTED_EDGE ( 'NONE', *, *, #1948, .F. ) ;
#575 = DIRECTION ( 'NONE',  ( -0.000000000000000000, -0.000000000000000000, -1.000000000000000000 ) ) ;
#576 = ADVANCED_FACE ( 'NONE', ( #596 ), #1176, .T. ) ;
#577 = VERTEX_POINT ( 'NONE', #828 ) ;
#578 = CARTESIAN_POINT ( 'NONE',  ( -0.6732283464566928277, 0.000000000000000000, 0.05905511811023622659 ) ) ;
#579 = DIRECTION ( 'NONE',  ( -0.000000000000000000, -0.000000000000000000, -1.000000000000000000 ) ) ;
#580 = CARTESIAN_POINT ( 'NONE',  ( 0.9350393700787380524, -2.446685306765700396, 0.7246831311293723266 ) ) ;
#581 = LINE ( 'NONE', #2233, #435 ) ;
#582 = CARTESIAN_POINT ( 'NONE',  ( -1.165983118575851574, -2.388930027446666937, 0.6632885724422775686 ) ) ;
#583 = ORIENTED_EDGE ( 'NONE', *, *, #1811, .F. ) ;
#584 = CARTESIAN_POINT ( 'NONE',  ( -0.7514580726379572750, -2.464815592114181391E-05, -0.06937197973855557809 ) ) ;
#585 = VERTEX_POINT ( 'NONE', #276 ) ;
#586 = CARTESIAN_POINT ( 'NONE',  ( -0.9350393700787377194, -1.737281535226750551, 0.2070899339650240922 ) ) ;
#587 = CARTESIAN_POINT ( 'NONE',  ( 0.7358636425213179733, -0.0007732276167650902008, 0.1070472403795451055 ) ) ;
#588 = CARTESIAN_POINT ( 'NONE',  ( 0.1023622047244095723, -2.656692913385826582, 4.474999999999999645 ) ) ;
#589 = CIRCLE ( 'NONE', #2116, 0.6732283464566928277 ) ;
#590 = CARTESIAN_POINT ( 'NONE',  ( -0.2952755905511817991, -2.863385826771653875, 4.849999999999999645 ) ) ;
#591 = EDGE_LOOP ( 'NONE', ( #63, #1650, #1264, #31 ) ) ;
#592 = CARTESIAN_POINT ( 'NONE',  ( -1.249999999999997780, -2.450000000000000178, 4.849999999999999645 ) ) ;
#593 = ORIENTED_EDGE ( 'NONE', *, *, #1147, .F. ) ;
#594 = CARTESIAN_POINT ( 'NONE',  ( 0.6769054724592707961, -0.04160905051506724739, -0.1377952755905511861 ) ) ;
#595 = CARTESIAN_POINT ( 'NONE',  ( 1.252471176923967366, -2.457866062435779320, 0.6462712127327793210 ) ) ;
#596 = FACE_OUTER_BOUND ( 'NONE', #756, .T. ) ;
#597 = CARTESIAN_POINT ( 'NONE',  ( 0.7439932163870855986, -0.0003839665047250374430, 0.09396870242640778526 ) ) ;
#598 = CARTESIAN_POINT ( 'NONE',  ( 0.8638674899070458713, -2.449999999999999734, 0.6637018765574882462 ) ) ;
#599 = EDGE_CURVE ( 'NONE', #1282, #1543, #996, .T. ) ;
#600 = B_SPLINE_SURFACE_WITH_KNOTS ( 'NONE', 2, 1, ( 
 ( #1265, #360 ),
 ( #188, #542 ),
 ( #209, #1108 ) ),
 .UNSPECIFIED., .F., .F., .F.,
 ( 3, 3 ),
 ( 2, 2 ),
 ( 0.000000000000000000, 0.7836115989715757291 ),
 ( 0.000000000000000000, 1.000000000000000000 ),
 .UNSPECIFIED. ) ;
#601 = CARTESIAN_POINT ( 'NONE',  ( 1.003864197558665516, -1.545741932190326962, 0.6413706875986108225 ) ) ;
#602 = CARTESIAN_POINT ( 'NONE',  ( 1.254541780313725097, -2.464455836073083717, -0.1377952755905512139 ) ) ;
#603 = ORIENTED_EDGE ( 'NONE', *, *, #323, .F. ) ;
#604 = CARTESIAN_POINT ( 'NONE',  ( 0.8336614173228334979, -2.656692913385826582, 4.474999999999999645 ) ) ;
#605 = ORIENTED_EDGE ( 'NONE', *, *, #2216, .F. ) ;
#606 = FACE_OUTER_BOUND ( 'NONE', #280, .T. ) ;
#607 = DIRECTION ( 'NONE',  ( -0.000000000000000000, -0.000000000000000000, -1.000000000000000000 ) ) ;
#608 = CARTESIAN_POINT ( 'NONE',  ( -0.8336614173228334979, -2.656692913385826582, 4.474999999999999645 ) ) ;
#609 = CARTESIAN_POINT ( 'NONE',  ( -1.249999999999997780, -2.863385826771653875, 1.043307086614173151 ) ) ;
#610 = EDGE_CURVE ( 'NONE', #1048, #1778, #2000, .T. ) ;
#611 = EDGE_CURVE ( 'NONE', #1863, #1665, #1050, .T. ) ;
#612 = CARTESIAN_POINT ( 'NONE',  ( -1.186396815938775662, -2.451674753771594606, 0.7301973574763419572 ) ) ;
#613 = ORIENTED_EDGE ( 'NONE', *, *, #1921, .T. ) ;
#614 = CARTESIAN_POINT ( 'NONE',  ( 1.249999999999997780, -2.450000000000000178, 1.043307086614173151 ) ) ;
#615 = ORIENTED_EDGE ( 'NONE', *, *, #1973, .F. ) ;
#616 = CARTESIAN_POINT ( 'NONE',  ( -1.249999999999997780, -2.863385826771653875, -0.1377952755905511861 ) ) ;
#617 = CARTESIAN_POINT ( 'NONE',  ( -0.7005353296856542400, -0.2604094710788311118, 0.1377952755905512139 ) ) ;
#618 = FACE_OUTER_BOUND ( 'NONE', #2094, .T. ) ;
#619 = VERTEX_POINT ( 'NONE', #2316 ) ;
#620 = PLANE ( 'NONE',  #1957 ) ;
#621 = CARTESIAN_POINT ( 'NONE',  ( -0.9971614543438408473, -1.547625021377084131, 0.09176327026894499916 ) ) ;
#622 = FACE_OUTER_BOUND ( 'NONE', #1520, .T. ) ;
#623 = AXIS2_PLACEMENT_3D ( 'NONE', #890, #1622, #736 ) ;
#624 = AXIS2_PLACEMENT_3D ( 'NONE', #422, #989, #974 ) ;
#625 = CARTESIAN_POINT ( 'NONE',  ( -1.243970226007343971, -2.431036184997259042, 0.7075772632792682870 ) ) ;
#626 = AXIS2_PLACEMENT_3D ( 'NONE', #799, #1344, #628 ) ;
#627 = AXIS2_PLACEMENT_3D ( 'NONE', #124, #492, #2284 ) ;
#628 = DIRECTION ( 'NONE',  ( -1.000000000000000000, -1.224646799147352468E-16, 0.000000000000000000 ) ) ;
#629 = ORIENTED_EDGE ( 'NONE', *, *, #377, .T. ) ;
#630 = LINE ( 'NONE', #1194, #1247 ) ;
#631 = EDGE_CURVE ( 'NONE', #2, #195, #1409, .T. ) ;
#632 = ORIENTED_EDGE ( 'NONE', *, *, #547, .F. ) ;
#633 = CARTESIAN_POINT ( 'NONE',  ( 0.9019162861557054045, -1.460469985990436204, -0.1377952755905511861 ) ) ;
#634 = CARTESIAN_POINT ( 'NONE',  ( -1.191063060529933049, -2.449999999999999734, 0.7283464566929179762 ) ) ;
#635 = B_SPLINE_CURVE_WITH_KNOTS ( 'NONE', 3,
 ( #2151, #877, #505, #1061, #697, #517, #1249, #1966, #176, #261, #931, #1853, #1663, #564, #1326 ),
 .UNSPECIFIED., .F., .F.,
 ( 4, 2, 1, 2, 2, 2, 2, 4 ),
 ( 1.439297883147029704E-16, 0.003527857857411900722, 0.007055715714823657461, 0.01058357357223541420, 0.01411143142964717094, 0.02116714714447068268, 0.02469500500188244810, 0.02822286285929421351 ),
 .UNSPECIFIED. ) ;
#636 = CARTESIAN_POINT ( 'NONE',  ( -0.4153543307086623448, -2.863385826771653875, 4.849999999999999645 ) ) ;
#637 = DIRECTION ( 'NONE',  ( -0.000000000000000000, -0.000000000000000000, -1.000000000000000000 ) ) ;
#638 = CARTESIAN_POINT ( 'NONE',  ( -0.8562992125984226766, -2.345927170599559020, 0.5121945124443639807 ) ) ;
#639 = DIRECTION ( 'NONE',  ( -0.000000000000000000, -0.000000000000000000, -1.000000000000000000 ) ) ;
#640 = DIRECTION ( 'NONE',  ( -0.000000000000000000, -0.000000000000000000, 1.000000000000000000 ) ) ;
#641 = VERTEX_POINT ( 'NONE', #849 ) ;
#642 = CARTESIAN_POINT ( 'NONE',  ( 0.9311685206311508534, -1.555273185027493899, 0.1375842137720352520 ) ) ;
#643 = VERTEX_POINT ( 'NONE', #1367 ) ;
#644 = CARTESIAN_POINT ( 'NONE',  ( 0.9788031158123899900, -1.443429964953864664, -0.05905511811023622659 ) ) ;
#645 = EDGE_CURVE ( 'NONE', #903, #2033, #972, .T. ) ;
#646 = CARTESIAN_POINT ( 'NONE',  ( -0.8336614173228334979, -2.656692913385826582, 4.849999999999999645 ) ) ;
#647 = CARTESIAN_POINT ( 'NONE',  ( -0.1023622047244095723, -2.656692913385826582, 4.474999999999999645 ) ) ;
#648 = CARTESIAN_POINT ( 'NONE',  ( 0.9753937007874003973, -2.656692913385826582, 4.474999999999999645 ) ) ;
#649 = CARTESIAN_POINT ( 'NONE',  ( -0.9350393700787380524, -2.002264365448454875, 0.3499028589395919986 ) ) ;
#650 = FACE_OUTER_BOUND ( 'NONE', #1887, .T. ) ;
#651 = FACE_OUTER_BOUND ( 'NONE', #1557, .T. ) ;
#652 = CARTESIAN_POINT ( 'NONE',  ( -1.260187680834683466, -2.482271998149054415, 0.6729609724861079778 ) ) ;
#653 = CARTESIAN_POINT ( 'NONE',  ( 0.8336614173228334979, -2.656692913385826582, 4.849999999999999645 ) ) ;
#654 = DIRECTION ( 'NONE',  ( -1.000000000000000000, 0.000000000000000000, 0.000000000000000000 ) ) ;
#655 = LINE ( 'NONE', #614, #2192 ) ;
#656 = EDGE_LOOP ( 'NONE', ( #522, #992, #683, #175 ) ) ;
#657 = CARTESIAN_POINT ( 'NONE',  ( -0.8122265058238031799, -0.5149886365587540427, 0.1377952755906091953 ) ) ;
#658 = CARTESIAN_POINT ( 'NONE',  ( 1.171259842519682737, -2.462058499514831578, -0.1377952755905511861 ) ) ;
#659 = ORIENTED_EDGE ( 'NONE', *, *, #1079, .F. ) ;
#660 = CARTESIAN_POINT ( 'NONE',  ( -0.6835549540287445547, -0.003224909310496973380, 0.1377952755906717008 ) ) ;
#661 = LINE ( 'NONE', #432, #932 ) ;
#662 = CARTESIAN_POINT ( 'NONE',  ( -0.8562992125984230096, -2.003869657207325350, 0.2584710646771295472 ) ) ;
#663 =( LENGTH_UNIT ( ) NAMED_UNIT ( * ) SI_UNIT ( $, .METRE. ) );
#664 =( LENGTH_UNIT ( ) NAMED_UNIT ( * ) SI_UNIT ( $, .METRE. ) );
#665 = DIRECTION ( 'NONE',  ( -1.000000000000000000, 0.000000000000000000, 0.000000000000000000 ) ) ;
#666 = VECTOR ( 'NONE', #1299, 39.37007874015748143 ) ;
#667 = CARTESIAN_POINT ( 'NONE',  ( 0.8634133300765609587, -1.685291888253259485, 0.1377952755905511861 ) ) ;
#668 = DIRECTION ( 'NONE',  ( -1.000000000000000000, 0.000000000000000000, 0.000000000000000000 ) ) ;
#669 = VECTOR ( 'NONE', #392, 39.37007874015748143 ) ;
#670 = EDGE_LOOP ( 'NONE', ( #744, #734, #480, #1365 ) ) ;
#671 = AXIS2_PLACEMENT_3D ( 'NONE', #1380, #1392, #1222 ) ;
#672 = CARTESIAN_POINT ( 'NONE',  ( -1.196132986821225597, -2.450000000000000178, 0.7276199148103142944 ) ) ;
#673 = DIRECTION ( 'NONE',  ( -1.000000000000000000, 0.000000000000000000, 0.000000000000000000 ) ) ;
#674 = ORIENTED_EDGE ( 'NONE', *, *, #807, .T. ) ;
#675 = DIRECTION ( 'NONE',  ( -1.000000000000000000, 0.000000000000000000, 0.000000000000000000 ) ) ;
#676 = CARTESIAN_POINT ( 'NONE',  ( 0.6919291338582667095, -2.656692913385826582, 4.474999999999999645 ) ) ;
#677 = CARTESIAN_POINT ( 'NONE',  ( -0.8562992125984230096, -2.162074697995411743, 0.3629603731815485568 ) ) ;
#678 = EDGE_CURVE ( 'NONE', #983, #1454, #1687, .T. ) ;
#679 = DIRECTION ( 'NONE',  ( 1.000000000000000000, 0.000000000000000000, 0.000000000000000000 ) ) ;
#680 = DIRECTION ( 'NONE',  ( 1.000000000000000000, 0.000000000000000000, 0.000000000000000000 ) ) ;
#681 = CARTESIAN_POINT ( 'NONE',  ( 0.9506043366147077789, -1.561675058815792605, 0.1377952755905511584 ) ) ;
#682 = PLANE ( 'NONE',  #154 ) ;
#683 = ORIENTED_EDGE ( 'NONE', *, *, #1872, .F. ) ;
#684 = CARTESIAN_POINT ( 'NONE',  ( -0.9350393700787380524, -2.450000000000000178, 0.7283464566929135353 ) ) ;
#685 = CARTESIAN_POINT ( 'NONE',  ( -0.7333147286314677382, -0.5173304946393312287, -0.1377952755905512416 ) ) ;
#686 = ORIENTED_EDGE ( 'NONE', *, *, #1487, .T. ) ;
#687 = CARTESIAN_POINT ( 'NONE',  ( 0.4370078740157480879, 5.351802941155756685E-17, 0.1377952755905511861 ) ) ;
#688 = CARTESIAN_POINT ( 'NONE',  ( -1.210546182281438288, -2.322708350753920126, 0.5099845773851683361 ) ) ;
#689 =( BOUNDED_SURFACE ( )  B_SPLINE_SURFACE ( 3, 2, ( 
 ( #842, #2290, #1229 ),
 ( #2306, #1942, #498 ),
 ( #872, #1240, #471 ),
 ( #319, #855, #2108 ),
 ( #1553, #1388, #1414 ),
 ( #816, #1423, #2132 ),
 ( #1746, #1201, #2266 ),
 ( #690, #329, #461 ),
 ( #638, #1053, #2146 ),
 ( #1901, #2320, #132 ),
 ( #510, #1588, #292 ),
 ( #677, #1372, #1916 ),
 ( #1578, #1770, #159 ),
 ( #1600, #1956, #649 ),
 ( #662, #1041, #2096 ),
 ( #486, #1013, #343 ),
 ( #1733, #1721, #104 ),
 ( #119, #1217, #832 ),
 ( #1566, #2280, #1398 ),
 ( #2120, #1758, #1930 ) ),
 .UNSPECIFIED., .F., .F., .T. ) 
 B_SPLINE_SURFACE_WITH_KNOTS ( ( 4, 2, 2, 2, 2, 2, 2, 2, 2, 4 ),
 ( 3, 3 ),
 ( 0.007234373425318083375, 0.008138787432125458438, 0.009043201438932835234, 0.01085202945254758883, 0.01446968547977709255, 0.01808734150700659626, 0.02170499753423609998, 0.02532265356146560370, 0.02894030958869511089, 0.03617562164315411832 ),
 ( 0.000000000000000000, 1.000000000000000000 ),
 .UNSPECIFIED. ) 
 GEOMETRIC_REPRESENTATION_ITEM ( )  RATIONAL_B_SPLINE_SURFACE ( (
 ( 1.000000000000000000, 0.7071067811865482389, 1.000000000000000000),
 ( 1.000000000000000000, 0.7071067811865482389, 1.000000000000000000),
 ( 1.000000000000000000, 0.7071067811865482389, 1.000000000000000000),
 ( 1.000000000000000000, 0.7071067811865482389, 1.000000000000000000),
 ( 1.000000000000000000, 0.7071067811865482389, 1.000000000000000000),
 ( 1.000000000000000000, 0.7071067811865482389, 1.000000000000000000),
 ( 1.000000000000000000, 0.7071067811865473507, 1.000000000000000000),
 ( 1.000000000000000000, 0.7071067811865473507, 1.000000000000000000),
 ( 1.000000000000000000, 0.7071067811865476838, 1.000000000000000000),
 ( 1.000000000000000000, 0.7071067811865476838, 1.000000000000000000),
 ( 1.000000000000000000, 0.7071067811865489050, 1.000000000000000000),
 ( 1.000000000000000000, 0.7071067811865489050, 1.000000000000000000),
 ( 1.000000000000000000, 0.7071067811865482389, 1.000000000000000000),
 ( 1.000000000000000000, 0.7071067811865482389, 1.000000000000000000),
 ( 1.000000000000000000, 0.7071067811865475727, 1.000000000000000000),
 ( 1.000000000000000000, 0.7071067811865475727, 1.000000000000000000),
 ( 1.000000000000000000, 0.7071067811865476838, 1.000000000000000000),
 ( 1.000000000000000000, 0.7071067811865476838, 1.000000000000000000),
 ( 1.000000000000000000, 0.7071067811865482389, 1.000000000000000000),
 ( 1.000000000000000000, 0.7071067811865482389, 1.000000000000000000) ) ) 
 REPRESENTATION_ITEM ( '' )  SURFACE ( )  );
#690 = CARTESIAN_POINT ( 'NONE',  ( -0.8562992125984230096, -2.380701832962517361, 0.5443395838243800799 ) ) ;
#691 = FACE_OUTER_BOUND ( 'NONE', #2045, .T. ) ;
#692 = EDGE_CURVE ( 'NONE', #1199, #577, #1441, .T. ) ;
#693 = ADVANCED_FACE ( 'NONE', ( #1083 ), #1800, .F. ) ;
#694 = DIRECTION ( 'NONE',  ( 1.000000000000000000, 0.000000000000000000, 0.000000000000000000 ) ) ;
#695 = CARTESIAN_POINT ( 'NONE',  ( -1.008066961187244592, -1.856701473300444771, 0.2663185096046248868 ) ) ;
#696 = ORIENTED_EDGE ( 'NONE', *, *, #1921, .F. ) ;
#697 = CARTESIAN_POINT ( 'NONE',  ( 1.065849037254554377, -1.802329286392681196, 0.1598298482107400886 ) ) ;
#698 = CARTESIAN_POINT ( 'NONE',  ( -0.7971425563654499502, -0.4016268514375784249, -0.1377952755906204363 ) ) ;
#699 = ORIENTED_EDGE ( 'NONE', *, *, #172, .F. ) ;
#700 = DIRECTION ( 'NONE',  ( -0.000000000000000000, -0.000000000000000000, 1.000000000000000000 ) ) ;
#701 = CARTESIAN_POINT ( 'NONE',  ( 1.171259842519682959, -1.237347842067107129, -0.05905511811023622659 ) ) ;
#702 = CARTESIAN_POINT ( 'NONE',  ( 1.109873583241864692, -2.003997690279756938, 0.05905511811023606700 ) ) ;
#703 = CARTESIAN_POINT ( 'NONE',  ( -0.9257842835239629142, -1.557565778279405899, 0.1377952755905512139 ) ) ;
#704 = CARTESIAN_POINT ( 'NONE',  ( 1.233771024694829910, -2.452488627543811806, -0.1072107980774689995 ) ) ;
#705 = ORIENTED_EDGE ( 'NONE', *, *, #310, .F. ) ;
#706 = FACE_OUTER_BOUND ( 'NONE', #712, .T. ) ;
#707 = PRESENTATION_LAYER_ASSIGNMENT (  '', '', ( #1729 ) ) ;
#708 = ADVANCED_FACE ( 'NONE', ( #706 ), #1989, .T. ) ;
#709 = AXIS2_PLACEMENT_3D ( 'NONE', #17, #728, #201 ) ;
#710 = AXIS2_PLACEMENT_3D ( 'NONE', #1585, #267, #673 ) ;
#711 = CARTESIAN_POINT ( 'NONE',  ( -1.254541780313725097, -2.464455836073084161, -0.1377952755905511861 ) ) ;
#712 = EDGE_LOOP ( 'NONE', ( #2166, #1429, #1682, #1906, #789, #1189 ) ) ;
#713 = CARTESIAN_POINT ( 'NONE',  ( -0.7514580726379573861, -2.464815592132316028E-05, 0.06937197973855563360 ) ) ;
#714 = CARTESIAN_POINT ( 'NONE',  ( -0.9282159286659101838, -1.556681845875706793, 0.1377952755905532400 ) ) ;
#715 = LINE ( 'NONE', #34, #191 ) ;
#716 = B_SPLINE_CURVE_WITH_KNOTS ( 'NONE', 3,
 ( #940, #739, #1292, #536, #928, #2010, #1761, #1485 ),
 .UNSPECIFIED., .F., .F.,
 ( 4, 2, 2, 4 ),
 ( 0.02353120688660053847, 0.04351427150446224301, 0.05350580381339309355, 0.06349733612232394409 ),
 .UNSPECIFIED. ) ;
#717 = B_SPLINE_CURVE_WITH_KNOTS ( 'NONE', 3,
 ( #1161, #1510, #263, #2275, #2090, #2049 ),
 .UNSPECIFIED., .F., .F.,
 ( 4, 2, 4 ),
 ( 0.000000000000000000, 0.03180573511734725162, 0.06361147023469451711 ),
 .UNSPECIFIED. ) ;
#718 = FACE_OUTER_BOUND ( 'NONE', #957, .T. ) ;
#719 = CARTESIAN_POINT ( 'NONE',  ( 1.241953589603798536, -2.451234085468308788, -0.09411508501384946435 ) ) ;
#720 = VERTEX_POINT ( 'NONE', #721 ) ;
#721 = CARTESIAN_POINT ( 'NONE',  ( -0.4153543307086624004, -2.450000000000000178, 4.849999999999999645 ) ) ;
#722 = EDGE_CURVE ( 'NONE', #2329, #2056, #1351, .T. ) ;
#723 = CARTESIAN_POINT ( 'NONE',  ( -0.8171085882997836114, -1.043038272452768478, -0.1377952755905512416 ) ) ;
#724 = ADVANCED_FACE ( 'NONE', ( #2173 ), #1271, .T. ) ;
#725 = EDGE_LOOP ( 'NONE', ( #908, #1789, #1620, #1105 ) ) ;
#726 = CARTESIAN_POINT ( 'NONE',  ( 1.005119967527404734, -1.551176037520262341, 0.05905511811023606700 ) ) ;
#727 = CARTESIAN_POINT ( 'NONE',  ( 1.040325588380918376, -1.973504826754762131, 0.3321579673055309323 ) ) ;
#728 = DIRECTION ( 'NONE',  ( -0.000000000000000000, -1.000000000000000000, -0.000000000000000000 ) ) ;
#729 = CARTESIAN_POINT ( 'NONE',  ( 0.8562992125984227876, -2.017429019964461112, 0.2659646539804816912 ) ) ;
#730 = CARTESIAN_POINT ( 'NONE',  ( 1.206075174137672956, -2.450000000000000178, 0.7246261164183326331 ) ) ;
#731 = VERTEX_POINT ( 'NONE', #2141 ) ;
#732 = CARTESIAN_POINT ( 'NONE',  ( 0.7571581501854521834, -0.05290065015299853096, 0.05905511811023622659 ) ) ;
#733 = CARTESIAN_POINT ( 'NONE',  ( -0.7802617525405399768, -0.8333281563991322693, -0.1377952755905512416 ) ) ;
#734 = ORIENTED_EDGE ( 'NONE', *, *, #172, .T. ) ;
#735 = CARTESIAN_POINT ( 'NONE',  ( -0.9753937007874003973, -2.656692913385826582, 4.849999999999999645 ) ) ;
#736 = DIRECTION ( 'NONE',  ( -1.000000000000000000, 2.540190280342358164E-13, 0.000000000000000000 ) ) ;
#737 = CARTESIAN_POINT ( 'NONE',  ( 1.249999999999997780, -2.450000000000000178, 1.043307086614173151 ) ) ;
#738 = CARTESIAN_POINT ( 'NONE',  ( 0.8562992125984228986, -2.087376989316553022, 0.4064586608594549788 ) ) ;
#739 = CARTESIAN_POINT ( 'NONE',  ( 0.8665754917354678843, -1.300325608417638446, 0.1377952755905512139 ) ) ;
#740 = CARTESIAN_POINT ( 'NONE',  ( -1.111836004141416145, -1.977222744819419287, 0.2548043842566698469 ) ) ;
#741 = ORIENTED_EDGE ( 'NONE', *, *, #2123, .F. ) ;
#742 = CARTESIAN_POINT ( 'NONE',  ( -0.6835549540287432224, -0.003224909310472715007, -0.1377952755906714788 ) ) ;
#743 = CIRCLE ( 'NONE', #623, 0.6732283464566928277 ) ;
#744 = ORIENTED_EDGE ( 'NONE', *, *, #65, .T. ) ;
#745 = DIRECTION ( 'NONE',  ( -0.000000000000000000, -0.000000000000000000, -1.000000000000000000 ) ) ;
#746 = CARTESIAN_POINT ( 'NONE',  ( 1.242703939056965634, -2.426979353014364182, 0.7032137993863252223 ) ) ;
#747 = CARTESIAN_POINT ( 'NONE',  ( -0.8562992125984230096, -2.450000000000000178, 0.6132855550865268235 ) ) ;
#748 = VECTOR ( 'NONE', #79, 39.37007874015748143 ) ;
#749 = VECTOR ( 'NONE', #2093, 39.37007874015748143 ) ;
#750 = CARTESIAN_POINT ( 'NONE',  ( 0.8562992125984230096, -2.244016342048146040, 0.4254495021105350605 ) ) ;
#751 = CARTESIAN_POINT ( 'NONE',  ( 1.249999999999997780, -2.450000000000000178, -0.05905511811023622659 ) ) ;
#752 = APPLICATION_CONTEXT ( 'automotive_design' ) ;
#753 = AXIS2_PLACEMENT_3D ( 'NONE', #1076, #157, #1970 ) ;
#754 = EDGE_CURVE ( 'NONE', #2238, #504, #635, .T. ) ;
#755 = DIRECTION ( 'NONE',  ( 0.000000000000000000, 0.000000000000000000, -1.000000000000000000 ) ) ;
#756 = EDGE_LOOP ( 'NONE', ( #54, #1914, #1004, #1092, #2296 ) ) ;
#757 = LINE ( 'NONE', #592, #1809 ) ;
#758 = ORIENTED_EDGE ( 'NONE', *, *, #106, .F. ) ;
#759 = CARTESIAN_POINT ( 'NONE',  ( 1.248949917337611071, -2.446938021092027959, 0.7249624254068084417 ) ) ;
#760 = CARTESIAN_POINT ( 'NONE',  ( 1.171259842519682737, -2.462058499514831578, -0.1377952755905511861 ) ) ;
#761 = CARTESIAN_POINT ( 'NONE',  ( 0.8562992125984228986, -1.571318941921547863, 0.1431593746663741840 ) ) ;
#762 = CARTESIAN_POINT ( 'NONE',  ( -0.9561760597580034604, -1.550502112022318357, 0.1315131159008450235 ) ) ;
#763 = CARTESIAN_POINT ( 'NONE',  ( -1.185865835381351818, -2.450000000000000178, 0.7283464566929135353 ) ) ;
#764 = DIMENSIONAL_EXPONENTS ( 1.000000000000000000, 0.000000000000000000, 0.000000000000000000, 0.000000000000000000, 0.000000000000000000, 0.000000000000000000, 0.000000000000000000 ) ;
#765 = ORIENTED_EDGE ( 'NONE', *, *, #1751, .F. ) ;
#766 = CARTESIAN_POINT ( 'NONE',  ( 0.9253624199581618193, -1.555578655261794507, 0.1376890711084792218 ) ) ;
#767 = EDGE_CURVE ( 'NONE', #2073, #504, #1706, .T. ) ;
#768 = ORIENTED_EDGE ( 'NONE', *, *, #1785, .F. ) ;
#769 = CARTESIAN_POINT ( 'NONE',  ( 0.9794324732638485242, -1.547689530162810190, 0.1161011413414765325 ) ) ;
#770 = CARTESIAN_POINT ( 'NONE',  ( -0.9350393700787378304, -2.420121733114655171, 0.6953256577415081185 ) ) ;
#771 = CARTESIAN_POINT ( 'NONE',  ( 0.8562992125984230096, -1.770338011940365774, 0.1355147439889086425 ) ) ;
#772 = CARTESIAN_POINT ( 'NONE',  ( -1.249999999999997780, -2.450000000000000178, 1.043307086614173151 ) ) ;
#773 = CYLINDRICAL_SURFACE ( 'NONE', #786, 0.4370078740157480879 ) ;
#774 = EDGE_LOOP ( 'NONE', ( #452, #24, #1457, #1571, #1011, #912 ) ) ;
#775 = PRODUCT ( 'roller_2_narrow', 'roller_2_narrow', '', ( #1401 ) ) ;
#776 = CYLINDRICAL_SURFACE ( 'NONE', #1625, 0.1200787401574802127 ) ;
#777 = ORIENTED_EDGE ( 'NONE', *, *, #139, .F. ) ;
#778 = CARTESIAN_POINT ( 'NONE',  ( 0.7719293535943784201, -0.1916032665538290047, -0.1377952755905627324 ) ) ;
#779 = ADVANCED_FACE ( 'NONE', ( #1842 ), #2158, .T. ) ;
#780 = CARTESIAN_POINT ( 'NONE',  ( 1.257606966899467160, -2.474126941509922073, 0.6639737954131436082 ) ) ;
#781 = CARTESIAN_POINT ( 'NONE',  ( -0.7538922132496247430, -0.01988197976972071526, 0.05905511811023622659 ) ) ;
#782 = CARTESIAN_POINT ( 'NONE',  ( 0.8562992125984235647, -2.497246412450742525, 0.6632480241565095191 ) ) ;
#783 = DIRECTION ( 'NONE',  ( 0.000000000000000000, 0.000000000000000000, 1.000000000000000000 ) ) ;
#784 = VECTOR ( 'NONE', #1111, 39.37007874015748143 ) ;
#785 = VECTOR ( 'NONE', #579, 39.37007874015748143 ) ;
#786 = AXIS2_PLACEMENT_3D ( 'NONE', #1126, #1486, #1859 ) ;
#787 = CARTESIAN_POINT ( 'NONE',  ( -1.078662469765909515, -1.851759258562326593, 0.1852927125870101333 ) ) ;
#788 = CARTESIAN_POINT ( 'NONE',  ( 1.140040537435367707, -2.360918332643378914, -0.1377952755905511861 ) ) ;
#789 = ORIENTED_EDGE ( 'NONE', *, *, #2324, .F. ) ;
#790 = CARTESIAN_POINT ( 'NONE',  ( -1.249999999999997780, -2.450000000000000178, 4.849999999999999645 ) ) ;
#791 = ORIENTED_EDGE ( 'NONE', *, *, #1539, .F. ) ;
#792 = CARTESIAN_POINT ( 'NONE',  ( 0.7633788326653025980, -0.1127317035062632145, -0.1377952755905454130 ) ) ;
#793 = LINE ( 'NONE', #431, #1912 ) ;
#794 = EDGE_CURVE ( 'NONE', #484, #1183, #757, .T. ) ;
#795 = EDGE_CURVE ( 'NONE', #1927, #272, #1489, .T. ) ;
#796 = CARTESIAN_POINT ( 'NONE',  ( 0.7519685039370078705, 0.000000000000000000, 0.05905511811023622659 ) ) ;
#797 = CARTESIAN_POINT ( 'NONE',  ( 0.7479444650440288944, -0.0001940246120425108813, -0.08443497459804244487 ) ) ;
#798 = CARTESIAN_POINT ( 'NONE',  ( -1.187704222085578909, -2.455786242668124064, 0.7347412839618955305 ) ) ;
#799 = CARTESIAN_POINT ( 'NONE',  ( 0.6732283464566928277, 8.244669395834542983E-17, -0.05905511811023622659 ) ) ;
#800 = ORIENTED_EDGE ( 'NONE', *, *, #599, .F. ) ;
#801 = CARTESIAN_POINT ( 'NONE',  ( 0.9433919798972711934, -1.268897637795280975, 0.05905511811023622659 ) ) ;
#802 = ORIENTED_EDGE ( 'NONE', *, *, #27, .F. ) ;
#803 = CARTESIAN_POINT ( 'NONE',  ( 0.7971425563654627178, -0.4016268514380534893, -0.1377952755905742788 ) ) ;
#804 = DIRECTION ( 'NONE',  ( 1.000000000000000000, 0.000000000000000000, 0.000000000000000000 ) ) ;
#805 = FACE_BOUND ( 'NONE', #1632, .T. ) ;
#806 = CARTESIAN_POINT ( 'NONE',  ( 1.249999999999997780, -2.863385826771653875, 1.043307086614173151 ) ) ;
#807 = EDGE_CURVE ( 'NONE', #1628, #350, #892, .T. ) ;
#808 = CARTESIAN_POINT ( 'NONE',  ( -1.080312184006450904, -2.111950744912767242, 0.4238902557416314720 ) ) ;
#809 = VERTEX_POINT ( 'NONE', #2225 ) ;
#810 = CARTESIAN_POINT ( 'NONE',  ( 1.249999999999997780, -2.863385826771653875, -0.05905511811023622659 ) ) ;
#811 = ORIENTED_EDGE ( 'NONE', *, *, #1250, .T. ) ;
#812 = CARTESIAN_POINT ( 'NONE',  ( 0.8945492527937128902, -1.028724280199482255, -0.05905511811023622659 ) ) ;
#813 = CARTESIAN_POINT ( 'NONE',  ( -0.8562992125984230096, -1.237347842067107129, 0.1377952755905511861 ) ) ;
#814 = DIRECTION ( 'NONE',  ( 0.000000000000000000, -1.000000000000000000, 0.000000000000000000 ) ) ;
#815 =( NAMED_UNIT ( * ) PLANE_ANGLE_UNIT ( ) SI_UNIT ( $, .RADIAN. ) );
#816 = CARTESIAN_POINT ( 'NONE',  ( -0.8562992125984230096, -2.448084278181387408, 0.6111460009686435768 ) ) ;
#817 = SURFACE_STYLE_USAGE ( .BOTH. , #1580 ) ;
#818 = AXIS2_PLACEMENT_3D ( 'NONE', #2279, #1745, #2241 ) ;
#819 = VECTOR ( 'NONE', #2169, 39.37007874015748143 ) ;
#820 = FACE_OUTER_BOUND ( 'NONE', #1075, .T. ) ;
#821 = ADVANCED_FACE ( 'NONE', ( #2013 ), #776, .F. ) ;
#822 = AXIS2_PLACEMENT_3D ( 'NONE', #2088, #1886, #668 ) ;
#823 = CARTESIAN_POINT ( 'NONE',  ( 1.147802062617587993, -2.386379055617955380, -0.1377952755905511861 ) ) ;
#824 = ORIENTED_EDGE ( 'NONE', *, *, #65, .F. ) ;
#825 = CARTESIAN_POINT ( 'NONE',  ( -1.249999999999997780, -2.450000000000000178, 1.043307086614173151 ) ) ;
#826 = ORIENTED_EDGE ( 'NONE', *, *, #941, .F. ) ;
#827 = CARTESIAN_POINT ( 'NONE',  ( 1.105938476782016400, -1.956805090728254370, -0.1377952755905511584 ) ) ;
#828 = CARTESIAN_POINT ( 'NONE',  ( -1.250000000010173418, -2.450000000026628211, 0.6378976325122054369 ) ) ;
#829 = CARTESIAN_POINT ( 'NONE',  ( 0.1023622047244095723, -2.656692913385826582, 4.474999999999999645 ) ) ;
#830 = ORIENTED_EDGE ( 'NONE', *, *, #106, .T. ) ;
#831 = CYLINDRICAL_SURFACE ( 'NONE', #818, 0.1023622047244095723 ) ;
#832 = CARTESIAN_POINT ( 'NONE',  ( -0.9350393700787380524, -1.720099080230306221, 0.1994235802417193282 ) ) ;
#833 = CARTESIAN_POINT ( 'NONE',  ( -1.208562643055992591, -2.315836707090146440, 0.5913943337631673014 ) ) ;
#834 = ORIENTED_EDGE ( 'NONE', *, *, #1572, .F. ) ;
#835 = CARTESIAN_POINT ( 'NONE',  ( -1.249999999999997780, -2.450000000000000178, 4.849999999999999645 ) ) ;
#836 = ADVANCED_FACE ( 'NONE', ( #55 ), #1329, .F. ) ;
#837 = ORIENTED_EDGE ( 'NONE', *, *, #401, .F. ) ;
#838 = CARTESIAN_POINT ( 'NONE',  ( -0.8942257733757871252, -2.450000000000000178, 0.7117629151423474632 ) ) ;
#839 = CARTESIAN_POINT ( 'NONE',  ( -1.249999999999997780, -2.450000000000000178, 0.1377952755905511861 ) ) ;
#840 = ORIENTED_EDGE ( 'NONE', *, *, #561, .F. ) ;
#841 = CARTESIAN_POINT ( 'NONE',  ( 0.8336614173228334979, -2.656692913385826582, 4.849999999999999645 ) ) ;
#842 = CARTESIAN_POINT ( 'NONE',  ( -0.8562992125984230096, -2.512919167103172757, 0.6805256696051072973 ) ) ;
#843 = FILL_AREA_STYLE ('',( #307 ) ) ;
#844 = CARTESIAN_POINT ( 'NONE',  ( -1.177339437118008370, -2.210578988912400789, 0.4995760147423244923 ) ) ;
#845 = CARTESIAN_POINT ( 'NONE',  ( -0.8927474966460008377, -1.592445199153786684, 0.1377952755905511584 ) ) ;
#846 = CARTESIAN_POINT ( 'NONE',  ( -1.109032824743345635, -2.001321676434836050, 0.05905511811023627516 ) ) ;
#847 = CARTESIAN_POINT ( 'NONE',  ( 0.9725457655221646514, -1.410366540027199411, 0.05905511811023606700 ) ) ;
#848 = ORIENTED_EDGE ( 'NONE', *, *, #692, .T. ) ;
#849 = CARTESIAN_POINT ( 'NONE',  ( 0.9587722846013058131, -1.567654389163696260, 0.1377952755905511861 ) ) ;
#850 = EDGE_CURVE ( 'NONE', #1306, #1048, #589, .T. ) ;
#851 = CARTESIAN_POINT ( 'NONE',  ( -0.8562992125984230096, -2.450000000000000178, 0.6132855550865268235 ) ) ;
#852 = VERTEX_POINT ( 'NONE', #1831 ) ;
#853 = CARTESIAN_POINT ( 'NONE',  ( -0.7519685039370078705, 0.000000000000000000, 0.05905511811023622659 ) ) ;
#854 = PLANE ( 'NONE',  #1874 ) ;
#855 = CARTESIAN_POINT ( 'NONE',  ( -0.8562992125983406311, -2.423358431741569952, 0.6993630373941891465 ) ) ;
#856 =( CONVERSION_BASED_UNIT ( 'INCH', #1202 ) LENGTH_UNIT ( ) NAMED_UNIT ( #396 ) );
#857 = DIRECTION ( 'NONE',  ( 0.000000000000000000, 1.000000000000000000, 0.000000000000000000 ) ) ;
#858 = CARTESIAN_POINT ( 'NONE',  ( -0.6858642434020969514, -0.1343953456197807816, 0.1377952755905511584 ) ) ;
#859 = VECTOR ( 'NONE', #1077, 39.37007874015748143 ) ;
#860 = CARTESIAN_POINT ( 'NONE',  ( -0.9096143274748353935, -1.568469682181148572, 0.1377952755905511861 ) ) ;
#861 = AXIS2_PLACEMENT_3D ( 'NONE', #12, #185, #529 ) ;
#862 = CARTESIAN_POINT ( 'NONE',  ( 0.9056604972981464607, -1.573205276565496691, 0.1377952755905511861 ) ) ;
#863 = CARTESIAN_POINT ( 'NONE',  ( -1.061566319310666362, -2.048316310829580544, 0.3786375260883995120 ) ) ;
#864 = ORIENTED_EDGE ( 'NONE', *, *, #1785, .T. ) ;
#865 = CARTESIAN_POINT ( 'NONE',  ( 1.057920594867358233, -2.079915390117951457, -0.1377952755905512694 ) ) ;
#866 = CARTESIAN_POINT ( 'NONE',  ( -0.8577830261032717285, -2.450000000000000178, 0.6387171909173559037 ) ) ;
#867 = VECTOR ( 'NONE', #1266, 39.37007874015748143 ) ;
#868 = CARTESIAN_POINT ( 'NONE',  ( -1.223095539799110565, -2.363337053242513086, -0.05905511811023622659 ) ) ;
#869 = ORIENTED_EDGE ( 'NONE', *, *, #1738, .F. ) ;
#870 = CARTESIAN_POINT ( 'NONE',  ( -0.6939451831346917787, -0.002745788522870691931, 0.1357074213462382273 ) ) ;
#871 = CARTESIAN_POINT ( 'NONE',  ( 0.4153543307086621228, -2.450000000000000178, 4.849999999999999645 ) ) ;
#872 = CARTESIAN_POINT ( 'NONE',  ( -0.8562992125984230096, -2.496969518900877816, 0.6629444003867241975 ) ) ;
#873 = EDGE_CURVE ( 'NONE', #454, #1149, #1139, .T. ) ;
#874 = CARTESIAN_POINT ( 'NONE',  ( -0.8562992125984230096, -1.919445847928562765, 0.3009989657527754048 ) ) ;
#875 = CARTESIAN_POINT ( 'NONE',  ( 1.191063129249215313, -2.450000000000000178, 0.7283464566930941686 ) ) ;
#876 = ORIENTED_EDGE ( 'NONE', *, *, #1890, .T. ) ;
#877 = CARTESIAN_POINT ( 'NONE',  ( 1.015028420521733699, -1.594007609785458746, 0.07359750833071428133 ) ) ;
#878 = CARTESIAN_POINT ( 'NONE',  ( -0.8579431863097746191, -0.8203847545123550411, -0.05905511811023625435 ) ) ;
#879 = EDGE_LOOP ( 'NONE', ( #418, #1752, #2303 ) ) ;
#880 = CARTESIAN_POINT ( 'NONE',  ( -0.7358636425213185284, -0.0007732276167653468315, 0.1070472403795444671 ) ) ;
#881 = CARTESIAN_POINT ( 'NONE',  ( 0.6732182031189141158, -0.003695600378500155537, -0.1377952755905511861 ) ) ;
#882 = CARTESIAN_POINT ( 'NONE',  ( -0.8562992125984227876, -2.271599971128363205, 0.4481791182562018805 ) ) ;
#883 = CARTESIAN_POINT ( 'NONE',  ( -0.8162796224216759544, -1.043920433930576319, 0.1377952755905511584 ) ) ;
#884 = EDGE_CURVE ( 'NONE', #1576, #1665, #249, .T. ) ;
#885 = CARTESIAN_POINT ( 'NONE',  ( 0.9350393700787376083, -2.084751009706720559, 0.4046290820550823564 ) ) ;
#886 = ORIENTED_EDGE ( 'NONE', *, *, #414, .F. ) ;
#887 = CARTESIAN_POINT ( 'NONE',  ( 0.8955960198756021118, -1.040302798546298035, 0.05905511811017816193 ) ) ;
#888 = CARTESIAN_POINT ( 'NONE',  ( -1.192497677723218130, -2.262077507712462854, -0.1377952755904587323 ) ) ;
#889 = ORIENTED_EDGE ( 'NONE', *, *, #535, .T. ) ;
#890 = CARTESIAN_POINT ( 'NONE',  ( 0.000000000000000000, 0.000000000000000000, 0.1377952755905511861 ) ) ;
#891 = CARTESIAN_POINT ( 'NONE',  ( 0.7804894307389066421, -0.8343188465169826262, -0.1377952755905511306 ) ) ;
#892 = B_SPLINE_CURVE_WITH_KNOTS ( 'NONE', 3,
 ( #2237, #742, #229, #946, #1681, #1507, #1128, #956, #1297, #395, #417, #584, #2195, #428 ),
 .UNSPECIFIED., .F., .F.,
 ( 4, 2, 2, 2, 2, 2, 4 ),
 ( -2.803804232207308698E-05, 0.0007604192906305670555, 0.001548876623583207235, 0.001943105290059531608, 0.002337333956535855763, 0.002731562623012180353, 0.003125791289488504508 ),
 .UNSPECIFIED. ) ;
#893 = FACE_OUTER_BOUND ( 'NONE', #1673, .T. ) ;
#894 = CARTESIAN_POINT ( 'NONE',  ( 0.9350393700787372753, -2.325803356057564386, 0.6008588754508344953 ) ) ;
#895 = EDGE_CURVE ( 'NONE', #1742, #1927, #76, .T. ) ;
#896 = EDGE_CURVE ( 'NONE', #1707, #262, #520, .T. ) ;
#897 = ORIENTED_EDGE ( 'NONE', *, *, #1538, .T. ) ;
#898 = CARTESIAN_POINT ( 'NONE',  ( 0.7787342932416360108, -0.2511832486984629242, 0.05905511811023622659 ) ) ;
#899 = PRESENTATION_LAYER_ASSIGNMENT (  '', '', ( #2031 ) ) ;
#900 = VECTOR ( 'NONE', #82, 39.37007874015748143 ) ;
#901 = VECTOR ( 'NONE', #1233, 39.37007874015748143 ) ;
#902 = CARTESIAN_POINT ( 'NONE',  ( -0.6769054724593506212, -0.04160905051489907636, -0.1377952755905511861 ) ) ;
#903 = VERTEX_POINT ( 'NONE', #1871 ) ;
#904 = CARTESIAN_POINT ( 'NONE',  ( 0.9764630004645836747, -1.737189240158978798, 0.2085861716294402368 ) ) ;
#905 = CARTESIAN_POINT ( 'NONE',  ( -0.4153543307086623448, -2.863385826771653875, 4.849999999999999645 ) ) ;
#906 = CARTESIAN_POINT ( 'NONE',  ( 0.8562992125984230096, -1.896498778452584189, 0.1975476814208353415 ) ) ;
#907 = CARTESIAN_POINT ( 'NONE',  ( 1.210747831365237781, -2.456016435106227469, -0.1279386824018954039 ) ) ;
#908 = ORIENTED_EDGE ( 'NONE', *, *, #2336, .F. ) ;
#909 = EDGE_CURVE ( 'NONE', #1665, #260, #655, .T. ) ;
#910 = CARTESIAN_POINT ( 'NONE',  ( 0.7640329187099743624, -0.1190334616618660968, 0.05905511811023622659 ) ) ;
#911 = CARTESIAN_POINT ( 'NONE',  ( -0.6822966919608109970, -0.09457489309457230153, -0.1377952755905511861 ) ) ;
#912 = ORIENTED_EDGE ( 'NONE', *, *, #2252, .T. ) ;
#913 = CARTESIAN_POINT ( 'NONE',  ( 0.9547663574860453251, -1.550727729825043477, 0.1321152951828899746 ) ) ;
#914 = FACE_OUTER_BOUND ( 'NONE', #1861, .T. ) ;
#915 = CARTESIAN_POINT ( 'NONE',  ( -1.046094358294578308, -2.062299022081192756, -0.1377952755905511861 ) ) ;
#916 = CARTESIAN_POINT ( 'NONE',  ( 0.9414684756493846285, -1.557370101678853036, 0.1377952755905512139 ) ) ;
#917 = CARTESIAN_POINT ( 'NONE',  ( -1.145727181729707223, -2.325636565792652988, 0.6007006090302806633 ) ) ;
#918 = ORIENTED_EDGE ( 'NONE', *, *, #377, .F. ) ;
#919 = CARTESIAN_POINT ( 'NONE',  ( 0.7085494012371288397, -0.3268313897784412836, 0.1377952755905512139 ) ) ;
#920 = ORIENTED_EDGE ( 'NONE', *, *, #873, .F. ) ;
#921 = CARTESIAN_POINT ( 'NONE',  ( 0.9360305997418276736, -1.554209503154678318, 0.1372190866278196197 ) ) ;
#922 = CARTESIAN_POINT ( 'NONE',  ( 1.210438820902060675, -2.321814479990420121, 0.5109689207080161388 ) ) ;
#923 = DIRECTION ( 'NONE',  ( 0.000000000000000000, 0.000000000000000000, -1.000000000000000000 ) ) ;
#924 = B_SPLINE_CURVE_WITH_KNOTS ( 'NONE', 3,
 ( #144, #2319, #714, #1613 ),
 .UNSPECIFIED., .F., .F.,
 ( 4, 4 ),
 ( 5.306326512085450666E-05, 0.0002500180815791098045 ),
 .UNSPECIFIED. ) ;
#925 = EDGE_CURVE ( 'NONE', #2118, #1287, #630, .T. ) ;
#926 = CARTESIAN_POINT ( 'NONE',  ( -1.249999999999997780, -1.237347842067107129, -0.05905511811023622659 ) ) ;
#927 = CARTESIAN_POINT ( 'NONE',  ( 0.9350393700787380524, -2.296695871233119135, 0.5738972894726807050 ) ) ;
#928 = CARTESIAN_POINT ( 'NONE',  ( 0.7340974907617425771, -0.5246633250243574187, 0.1377952755905511584 ) ) ;
#929 = CARTESIAN_POINT ( 'NONE',  ( -1.082862642196487313, -2.120547411206326061, 0.4301794452992477313 ) ) ;
#930 = ORIENTED_EDGE ( 'NONE', *, *, #722, .F. ) ;
#931 = CARTESIAN_POINT ( 'NONE',  ( 1.200305155180910965, -2.288080467879010538, 0.4809978527810026550 ) ) ;
#932 = VECTOR ( 'NONE', #1577, 39.37007874015748143 ) ;
#933 = ORIENTED_EDGE ( 'NONE', *, *, #2023, .T. ) ;
#934 = CARTESIAN_POINT ( 'NONE',  ( 1.260164814616800522, -2.482199914647703398, 0.6728810384606110917 ) ) ;
#935 = AXIS2_PLACEMENT_3D ( 'NONE', #89, #1162, #804 ) ;
#936 = CARTESIAN_POINT ( 'NONE',  ( 0.9415007280553305824, -1.656357856439577558, -0.1377952755905511861 ) ) ;
#937 = CIRCLE ( 'NONE', #558, 0.1417322834645668994 ) ;
#938 = CIRCLE ( 'NONE', #2262, 0.07874015748031495954 ) ;
#939 = CARTESIAN_POINT ( 'NONE',  ( 0.8562992125984230096, -1.936767654776041292, 0.2182203700899520982 ) ) ;
#940 = CARTESIAN_POINT ( 'NONE',  ( 0.9253979302473608337, -1.555887760671378794, 0.1377952755905511861 ) ) ;
#941 = EDGE_CURVE ( 'NONE', #1628, #1306, #1917, .T. ) ;
#942 = ADVANCED_FACE ( 'NONE', ( #273 ), #1047, .F. ) ;
#943 = EDGE_CURVE ( 'NONE', #1560, #1490, #1096, .T. ) ;
#944 = FACE_OUTER_BOUND ( 'NONE', #126, .T. ) ;
#945 = ORIENTED_EDGE ( 'NONE', *, *, #645, .T. ) ;
#946 = CARTESIAN_POINT ( 'NONE',  ( -0.7128736319593845794, -0.001863273895832907564, -0.1278522984147983932 ) ) ;
#947 = EDGE_LOOP ( 'NONE', ( #824, #1680, #811, #955 ) ) ;
#948 = CARTESIAN_POINT ( 'NONE',  ( 0.1751968503937014476, -2.863385826771653875, 4.849999999999999645 ) ) ;
#949 = DIRECTION ( 'NONE',  ( 1.000000000000000000, 0.000000000000000000, -0.000000000000000000 ) ) ;
#950 = PRODUCT_DEFINITION_SHAPE ( 'NONE', 'NONE',  #2277 ) ;
#951 = CARTESIAN_POINT ( 'NONE',  ( 0.9350393700787583695, -2.423972065065451265, 0.7000203066797835438 ) ) ;
#952 = LINE ( 'NONE', #772, #1875 ) ;
#953 = CARTESIAN_POINT ( 'NONE',  ( 1.109032824743345635, -2.001321676434836050, 0.05905511811023135549 ) ) ;
#954 = EDGE_CURVE ( 'NONE', #720, #1742, #1005, .T. ) ;
#955 = ORIENTED_EDGE ( 'NONE', *, *, #401, .T. ) ;
#956 = CARTESIAN_POINT ( 'NONE',  ( -0.7415754214376781839, -0.0005000125303609234554, -0.09849024761561858687 ) ) ;
#957 = EDGE_LOOP ( 'NONE', ( #565, #1726, #1170, #1675 ) ) ;
#958 = CARTESIAN_POINT ( 'NONE',  ( 1.133793256179997266, -2.058848264151782903, -0.1377952755905050841 ) ) ;
#959 = CARTESIAN_POINT ( 'NONE',  ( 1.246433446143573542, -2.438913520455609607, 0.7161156177801668576 ) ) ;
#960 = CARTESIAN_POINT ( 'NONE',  ( -0.9350393700787377194, -1.655314203798608386, 0.1726970789587700950 ) ) ;
#961 = CARTESIAN_POINT ( 'NONE',  ( 0.9350393700786572282, -2.329461840149853025, 0.6043069808933160258 ) ) ;
#962 = CARTESIAN_POINT ( 'NONE',  ( 0.9350393700787380524, -2.450000000000000178, 0.7283464566929135353 ) ) ;
#963 = LINE ( 'NONE', #1475, #1097 ) ;
#964 = ORIENTED_EDGE ( 'NONE', *, *, #873, .T. ) ;
#965 = B_SPLINE_SURFACE_WITH_KNOTS ( 'NONE', 2, 1, ( 
 ( #601, #1324 ),
 ( #384, #953 ),
 ( #1333, #247 ) ),
 .UNSPECIFIED., .F., .F., .F.,
 ( 3, 3 ),
 ( 2, 2 ),
 ( 0.5002247035605393854, 0.5007058548345448834 ),
 ( 0.000000000000000000, 1.000000000000000000 ),
 .UNSPECIFIED. ) ;
#966 = CARTESIAN_POINT ( 'NONE',  ( 1.249999999999997780, -2.450000000000000178, 0.1377952755905511861 ) ) ;
#967 = EDGE_CURVE ( 'NONE', #507, #260, #1407, .T. ) ;
#968 = EDGE_CURVE ( 'NONE', #2238, #1296, #1413, .T. ) ;
#969 = ORIENTED_EDGE ( 'NONE', *, *, #1461, .T. ) ;
#970 = CARTESIAN_POINT ( 'NONE',  ( 0.7501330238449791521, 0.01897011041018238989, -0.05905511811023622659 ) ) ;
#971 = CARTESIAN_POINT ( 'NONE',  ( -0.7676069815372367211, -0.1520906706550954057, 0.05905511811022898239 ) ) ;
#972 = CIRCLE ( 'NONE', #336, 0.1417322834645668994 ) ;
#973 = CARTESIAN_POINT ( 'NONE',  ( 1.250000000010173418, -2.450000000026628211, 4.850000984251967573 ) ) ;
#974 = DIRECTION ( 'NONE',  ( 0.000000000000000000, 0.000000000000000000, -1.000000000000000000 ) ) ;
#975 = AXIS2_PLACEMENT_3D ( 'NONE', #1232, #2323, #694 ) ;
#976 = AXIS2_PLACEMENT_3D ( 'NONE', #288, #1562, #1224 ) ;
#977 = B_SPLINE_CURVE_WITH_KNOTS ( 'NONE', 3,
 ( #1788, #1593, #174, #1964, #1071, #885, #1464, #1081, #346, #894, #2325, #1798, #2314 ),
 .UNSPECIFIED., .F., .F.,
 ( 4, 2, 2, 2, 1, 2, 4 ),
 ( 0.000000000000000000, 0.006774815009594154468, 0.01354963001918830894, 0.01693703752398537793, 0.02032444502878244519, 0.02371185253357951245, 0.02709926003837658318 ),
 .UNSPECIFIED. ) ;
#978 = CARTESIAN_POINT ( 'NONE',  ( -1.223871304661378501, -2.366087465256667244, 0.6402154027010823478 ) ) ;
#979 = CARTESIAN_POINT ( 'NONE',  ( -0.8130436868524972827, -0.5206534331464722776, 0.05905511811023623353 ) ) ;
#980 = ORIENTED_EDGE ( 'NONE', *, *, #967, .F. ) ;
#981 = CARTESIAN_POINT ( 'NONE',  ( 0.000000000000000000, 0.000000000000000000, 0.05905511811023622659 ) ) ;
#982 = ADVANCED_FACE ( 'NONE', ( #1211, #1184 ), #111, .T. ) ;
#983 = VERTEX_POINT ( 'NONE', #2112 ) ;
#984 = CARTESIAN_POINT ( 'NONE',  ( 0.7971425563656159285, -0.4016268514380348931, -0.05905511811025930535 ) ) ;
#985 = CARTESIAN_POINT ( 'NONE',  ( -0.7787353676637489563, -0.2511924221908753974, 0.05905511811025075664 ) ) ;
#986 = EDGE_CURVE ( 'NONE', #350, #2184, #549, .T. ) ;
#987 = CARTESIAN_POINT ( 'NONE',  ( 0.9313163117687389692, -1.555887760671378572, 0.1377952755905512139 ) ) ;
#988 = DIRECTION ( 'NONE',  ( 0.000000000000000000, 0.000000000000000000, 1.000000000000000000 ) ) ;
#989 = DIRECTION ( 'NONE',  ( -1.000000000000000000, 0.000000000000000000, 0.000000000000000000 ) ) ;
#990 =( NAMED_UNIT ( * ) PLANE_ANGLE_UNIT ( ) SI_UNIT ( $, .RADIAN. ) );
#991 = DIRECTION ( 'NONE',  ( -0.000000000000000000, -0.000000000000000000, -1.000000000000000000 ) ) ;
#992 = ORIENTED_EDGE ( 'NONE', *, *, #925, .F. ) ;
#993 = CARTESIAN_POINT ( 'NONE',  ( 0.000000000000000000, 0.000000000000000000, 0.1377952755905511861 ) ) ;
#994 = ORIENTED_EDGE ( 'NONE', *, *, #967, .T. ) ;
#995 = LINE ( 'NONE', #616, #748 ) ;
#996 = LINE ( 'NONE', #813, #7 ) ;
#997 = DIRECTION ( 'NONE',  ( -0.000000000000000000, 0.000000000000000000, 1.000000000000000000 ) ) ;
#998 = ORIENTED_EDGE ( 'NONE', *, *, #1738, .T. ) ;
#999 = CARTESIAN_POINT ( 'NONE',  ( 0.7519685039370077595, -1.296857093346474457E-20, 0.06425707351085148400 ) ) ;
#1000 = CARTESIAN_POINT ( 'NONE',  ( -0.9688739740288521141, -1.548725771064369372, 0.1245495761739935647 ) ) ;
#1001 = EDGE_CURVE ( 'NONE', #1852, #1781, #1286, .T. ) ;
#1002 = CARTESIAN_POINT ( 'NONE',  ( -1.145859551992903791, -2.326067995452228310, 0.6010531678067709827 ) ) ;
#1003 = CARTESIAN_POINT ( 'NONE',  ( 1.223095539799223364, -2.363337053242608121, -0.1377952755905165749 ) ) ;
#1004 = ORIENTED_EDGE ( 'NONE', *, *, #1835, .T. ) ;
#1005 = LINE ( 'NONE', #86, #2308 ) ;
#1006 = B_SPLINE_CURVE_WITH_KNOTS ( 'NONE', 3,
 ( #390, #770, #1142, #1501, #1668, #1834, #1856, #2218, #243, #411, #586, #960, #1685 ),
 .UNSPECIFIED., .F., .F.,
 ( 4, 2, 1, 2, 2, 2, 4 ),
 ( -5.999999999624738722E-08, 0.003393265542090179079, 0.006786591084180354332, 0.01017991662627052915, 0.01357324216836070484, 0.02035989325254105448, 0.02714654433672140585 ),
 .UNSPECIFIED. ) ;
#1007 = ORIENTED_EDGE ( 'NONE', *, *, #1835, .F. ) ;
#1008 = CARTESIAN_POINT ( 'NONE',  ( 0.8945492527940870353, -1.028724280199406094, -0.1377952755905510751 ) ) ;
#1009 = CARTESIAN_POINT ( 'NONE',  ( -0.8122265058239144242, -0.5149886365587396098, 0.05905511811026523811 ) ) ;
#1010 = DIRECTION ( 'NONE',  ( 1.000000000000000000, 0.000000000000000000, -0.000000000000000000 ) ) ;
#1011 = ORIENTED_EDGE ( 'NONE', *, *, #2123, .T. ) ;
#1012 = DIRECTION ( 'NONE',  ( -0.000000000000000000, -0.000000000000000000, -1.000000000000000000 ) ) ;
#1013 = CARTESIAN_POINT ( 'NONE',  ( -0.8562992125984227876, -1.884081864453188260, 0.2808421415262756238 ) ) ;
#1014 = APPLICATION_PROTOCOL_DEFINITION ( 'draft international standard', 'automotive_design', 1998, #1122 ) ;
#1015 = COLOUR_RGB ( '',0.7921568627450980005, 0.8196078431372548767, 0.9333333333333333481 ) ;
#1016 = CARTESIAN_POINT ( 'NONE',  ( 0.9433919798972711934, -1.268897637795280975, 0.05905511811023622659 ) ) ;
#1017 = CIRCLE ( 'NONE', #375, 0.4370078740157480879 ) ;
#1018 = CARTESIAN_POINT ( 'NONE',  ( -0.8652077015480111877, -1.675038433900529089, 0.1377952755905511584 ) ) ;
#1019 = EDGE_CURVE ( 'NONE', #1348, #2073, #440, .T. ) ;
#1020 = CARTESIAN_POINT ( 'NONE',  ( 1.250000000010173418, -2.450000000026628211, 0.05905511811023627516 ) ) ;
#1021 = CARTESIAN_POINT ( 'NONE',  ( -0.8538687152168942252, -0.8288311126727188061, -0.05905511811023623353 ) ) ;
#1022 = ORIENTED_EDGE ( 'NONE', *, *, #2070, .F. ) ;
#1023 = CARTESIAN_POINT ( 'NONE',  ( -0.9044911805723708786, -2.450000000000000178, 0.7195055761387474380 ) ) ;
#1024 = CARTESIAN_POINT ( 'NONE',  ( -0.7501330238449670507, 0.01897011041030753978, -0.05905511811023622659 ) ) ;
#1025 = VERTEX_POINT ( 'NONE', #810 ) ;
#1026 = DIRECTION ( 'NONE',  ( 1.000000000000000000, 0.000000000000000000, 0.000000000000000000 ) ) ;
#1027 =( BOUNDED_SURFACE ( )  B_SPLINE_SURFACE ( 3, 2, ( 
 ( #1316, #759, #69 ),
 ( #2039, #1309, #410 ),
 ( #934, #959, #370 ),
 ( #780, #1511, #1654 ),
 ( #2228, #746, #2198 ),
 ( #595, #1667, #2026 ),
 ( #47, #1100, #1817 ),
 ( #1469, #200, #1644 ),
 ( #25, #2186, #555 ),
 ( #1289, #1109, #2006 ),
 ( #922, #1405, #1192 ),
 ( #2269, #1032, #489 ),
 ( #2253, #147, #1181 ),
 ( #1359, #2085, #108 ),
 ( #1377, #1904, #537 ),
 ( #1807, #1605, #512 ),
 ( #1636, #1437, #1215 ),
 ( #317, #179, #1448 ),
 ( #351, #1782, #1227 ),
 ( #1928, #2289, #1768 ) ),
 .UNSPECIFIED., .F., .F., .T. ) 
 B_SPLINE_SURFACE_WITH_KNOTS ( ( 4, 2, 2, 2, 2, 2, 2, 2, 2, 4 ),
 ( 3, 3 ),
 ( 0.03962729848807929056, 0.04009689833386180513, 0.04056649817964432664, 0.04150569787120936271, 0.04338409725433942793, 0.04714089602059956530, 0.05465449355311984003, 0.05841129231937997740, 0.06216809108564011477, 0.06968168861816038950 ),
 ( 0.000000000000000000, 1.000000000000000000 ),
 .UNSPECIFIED. ) 
 GEOMETRIC_REPRESENTATION_ITEM ( )  RATIONAL_B_SPLINE_SURFACE ( (
 ( 1.000000000000000000, 0.7825278824870760541, 1.000000000000000000),
 ( 1.000000000000000000, 0.7825320358047448410, 1.000000000000000000),
 ( 1.000000000000000000, 0.7822757794878515414, 1.000000000000000000),
 ( 1.000000000000000000, 0.7817896921743684446, 1.000000000000000000),
 ( 1.000000000000000000, 0.7815455974223032287, 1.000000000000000000),
 ( 1.000000000000000000, 0.7808101946664844917, 1.000000000000000000),
 ( 1.000000000000000000, 0.7803157674413110367, 1.000000000000000000),
 ( 1.000000000000000000, 0.7788203195087196606, 1.000000000000000000),
 ( 1.000000000000000000, 0.7778062965937910800, 1.000000000000000000),
 ( 1.000000000000000000, 0.7747248006976465984, 1.000000000000000000),
 ( 1.000000000000000000, 0.7726201252792443963, 1.000000000000000000),
 ( 1.000000000000000000, 0.7661918827224647455, 1.000000000000000000),
 ( 1.000000000000000000, 0.7617519019094907140, 1.000000000000000000),
 ( 1.000000000000000000, 0.7550549098267744785, 1.000000000000000000),
 ( 1.000000000000000000, 0.7528125579759646913, 1.000000000000000000),
 ( 1.000000000000000000, 0.7483767248385629900, 1.000000000000000000),
 ( 1.000000000000000000, 0.7461870827583566568, 1.000000000000000000),
 ( 1.000000000000000000, 0.7397553705648663991, 1.000000000000000000),
 ( 1.000000000000000000, 0.7356449213087552508, 1.000000000000000000),
 ( 1.000000000000000000, 0.7318633345953954317, 1.000000000000000000) ) ) 
 REPRESENTATION_ITEM ( '' )  SURFACE ( )  );
#1028 = FACE_OUTER_BOUND ( 'NONE', #1313, .T. ) ;
#1029 = DIRECTION ( 'NONE',  ( 0.000000000000000000, 0.3317444628507525972, 0.9433692868478736893 ) ) ;
#1030 = CARTESIAN_POINT ( 'NONE',  ( -1.252493589404530816, -2.457937226040704193, 0.6463477648232912598 ) ) ;
#1031 = B_SPLINE_CURVE_WITH_KNOTS ( 'NONE', 3,
 ( #2019, #1406, #2313, #1144, #1688, #1517, #1848, #2042, #1678, #797, #72, #449, #1166, #2029 ),
 .UNSPECIFIED., .F., .F.,
 ( 4, 2, 2, 2, 2, 2, 4 ),
 ( -2.803804233030843257E-05, 0.0007604192906225085060, 0.001548876623575325302, 0.001943105290051729472, 0.002337333956528134075, 0.002731562623004538028, 0.003125791289480943282 ),
 .UNSPECIFIED. ) ;
#1032 = CARTESIAN_POINT ( 'NONE',  ( 1.166879452909143966, -2.175117293228393311, 0.4693180415119184157 ) ) ;
#1033 = VERTEX_POINT ( 'NONE', #1544 ) ;
#1034 = CARTESIAN_POINT ( 'NONE',  ( 0.8562992125984227876, -2.450000000000000178, 0.1377952755905511861 ) ) ;
#1035 = ADVANCED_FACE ( 'NONE', ( #299 ), #2272, .F. ) ;
#1036 = B_SPLINE_CURVE_WITH_KNOTS ( 'NONE', 3,
 ( #15, #921, #1481, #2197, #913, #1288, #1141, #1992, #769, #1855, #1500, #2185, #242, #218, #57, #2176, #554, #726 ),
 .UNSPECIFIED., .F., .F.,
 ( 4, 2, 2, 2, 2, 2, 2, 2, 4 ),
 ( 2.255140518769848915E-17, 0.0003748381054136977410, 0.0007496762108273729306, 0.001124514316241048174, 0.001499352421654723310, 0.001874190527068398445, 0.002249028632482073797, 0.002623866737895748716, 0.002998704843309424068 ),
 .UNSPECIFIED. ) ;
#1037 = ORIENTED_EDGE ( 'NONE', *, *, #295, .F. ) ;
#1038 = CARTESIAN_POINT ( 'NONE',  ( -1.230081836419998131, -2.450000000000000178, 0.7057018278699098701 ) ) ;
#1039 = DIRECTION ( 'NONE',  ( 1.000000000000000000, 0.000000000000000000, 0.000000000000000000 ) ) ;
#1040 = CARTESIAN_POINT ( 'NONE',  ( -1.179884795040659018, -2.219036913146713363, 0.4231904847761161492 ) ) ;
#1041 = CARTESIAN_POINT ( 'NONE',  ( -0.8562992125984227876, -1.963393305193058769, 0.3260331614034034375 ) ) ;
#1042 = CYLINDRICAL_SURFACE ( 'NONE', #1094, 0.1417322834645668994 ) ;
#1043 = LENGTH_MEASURE_WITH_UNIT ( LENGTH_MEASURE( 0.02539999999999999897 ), #664 );
#1044 = CYLINDRICAL_SURFACE ( 'NONE', #226, 0.1417322834645668994 ) ;
#1045 = CARTESIAN_POINT ( 'NONE',  ( -0.8975310261911955134, -1.583792904197943718, 0.1377952755905511861 ) ) ;
#1046 = CARTESIAN_POINT ( 'NONE',  ( 0.9311685206311508534, -1.555273185027493899, 0.1375842137720352520 ) ) ;
#1047 = PLANE ( 'NONE',  #1443 ) ;
#1048 = VERTEX_POINT ( 'NONE', #1934 ) ;
#1049 = ADVANCED_FACE ( 'NONE', ( #2101 ), #1208, .T. ) ;
#1050 = LINE ( 'NONE', #1394, #1317 ) ;
#1051 = CARTESIAN_POINT ( 'NONE',  ( -1.057920594867534980, -2.079915390119032814, -0.1377952755905511861 ) ) ;
#1052 = CARTESIAN_POINT ( 'NONE',  ( 0.6732283464566928277, 8.726813804948002930E-17, 0.1377952755905511861 ) ) ;
#1053 = CARTESIAN_POINT ( 'NONE',  ( -0.8562992125985869896, -2.293085424586581045, 0.5705946953342279082 ) ) ;
#1054 = CARTESIAN_POINT ( 'NONE',  ( -0.9369344222056582572, -1.237347842067107129, -0.1377952755905511861 ) ) ;
#1055 = CARTESIAN_POINT ( 'NONE',  ( -1.191874380827213198, -2.458905642615149212, -0.1357316301785168877 ) ) ;
#1056 = AXIS2_PLACEMENT_3D ( 'NONE', #1756, #508, #1598 ) ;
#1057 = CLOSED_SHELL ( 'NONE', ( #1998, #1947, #1343, #1294, #1332, #1118, #1797, #1671, #1498, #982, #821, #693, #2321, #1765, #1722, #1220, #1295, #516, #93 ) ) ;
#1058 = CARTESIAN_POINT ( 'NONE',  ( -1.250000000010173418, -2.450000000026628211, 0.05905511811023627516 ) ) ;
#1059 = CIRCLE ( 'NONE', #77, 0.7519685039370078705 ) ;
#1060 = ORIENTED_EDGE ( 'NONE', *, *, #237, .F. ) ;
#1061 = CARTESIAN_POINT ( 'NONE',  ( 1.045377175580729956, -1.719975055350056792, 0.1233899861188885172 ) ) ;
#1062 = MECHANICAL_DESIGN_GEOMETRIC_PRESENTATION_REPRESENTATION (  '', ( #2031 ), #552 ) ;
#1063 = CARTESIAN_POINT ( 'NONE',  ( -1.238684455463398004, -2.413884218008809146, -0.1377952755906205473 ) ) ;
#1064 = VERTEX_POINT ( 'NONE', #1034 ) ;
#1065 = CARTESIAN_POINT ( 'NONE',  ( 1.176013710002444146, -2.419989400742156516, 0.6951794412585666771 ) ) ;
#1066 = DIRECTION ( 'NONE',  ( -1.000000000000000000, 0.000000000000000000, -0.000000000000000000 ) ) ;
#1067 = CARTESIAN_POINT ( 'NONE',  ( 0.9001995074984204814, -1.059305932156533459, 0.05905511811023622659 ) ) ;
#1068 = ADVANCED_FACE ( 'NONE', ( #1741 ), #236, .F. ) ;
#1069 = PRODUCT_DEFINITION_CONTEXT ( 'detailed design', #1122, 'design' ) ;
#1070 = CARTESIAN_POINT ( 'NONE',  ( -0.7005295261136496032, -0.2648468256956675870, 0.1377952755905512694 ) ) ;
#1071 = CARTESIAN_POINT ( 'NONE',  ( 0.9350393700787377194, -1.973846052917814564, 0.3307015540654260621 ) ) ;
#1072 = EDGE_LOOP ( 'NONE', ( #2181, #45, #1370, #1337 ) ) ;
#1073 = CARTESIAN_POINT ( 'NONE',  ( 1.007255532823952526, -1.560390971666047344, 0.05905511811023619190 ) ) ;
#1074 = CARTESIAN_POINT ( 'NONE',  ( -1.133793256180358977, -2.058848264153234187, -0.1377952755906895754 ) ) ;
#1075 = EDGE_LOOP ( 'NONE', ( #1195, #33, #1724, #994 ) ) ;
#1076 = CARTESIAN_POINT ( 'NONE',  ( 0.000000000000000000, 0.000000000000000000, 0.1377952755905511861 ) ) ;
#1077 = DIRECTION ( 'NONE',  ( -0.000000000000000000, -0.000000000000000000, 1.000000000000000000 ) ) ;
#1078 = CARTESIAN_POINT ( 'NONE',  ( 0.7187758624999094348, -0.4200004051797530114, -0.1377952755905511306 ) ) ;
#1079 = EDGE_CURVE ( 'NONE', #356, #1235, #977, .T. ) ;
#1080 = CARTESIAN_POINT ( 'NONE',  ( -0.9337023774664768849, -1.560116888566423610, 0.1392364141461960303 ) ) ;
#1081 = CARTESIAN_POINT ( 'NONE',  ( 0.9350393700787376083, -2.191740276723883163, 0.4844981925412654711 ) ) ;
#1082 = ORIENTED_EDGE ( 'NONE', *, *, #943, .F. ) ;
#1083 = FACE_OUTER_BOUND ( 'NONE', #670, .T. ) ;
#1084 = CARTESIAN_POINT ( 'NONE',  ( 0.9253979302473608337, -1.555887760671378794, 0.1377952755905511861 ) ) ;
#1085 = ORIENTED_EDGE ( 'NONE', *, *, #310, .T. ) ;
#1086 = CARTESIAN_POINT ( 'NONE',  ( 0.8562992125984227876, -1.770655768871431279, 0.1377952755905511861 ) ) ;
#1087 = CARTESIAN_POINT ( 'NONE',  ( 1.104186058536914983, -2.192158751957288043, 0.4830736682117239833 ) ) ;
#1088 = CARTESIAN_POINT ( 'NONE',  ( -0.8562992125984227876, -2.017477176796535154, 0.2659942409636421035 ) ) ;
#1089 = CARTESIAN_POINT ( 'NONE',  ( 0.8562992125984230096, -2.161637175745751538, 0.3629371733150171808 ) ) ;
#1090 = DIRECTION ( 'NONE',  ( 1.000000000000000000, 0.000000000000000000, 0.000000000000000000 ) ) ;
#1091 = CARTESIAN_POINT ( 'NONE',  ( 1.249999999998059996, -2.449999999999999734, 0.6482069580351317306 ) ) ;
#1092 = ORIENTED_EDGE ( 'NONE', *, *, #1381, .F. ) ;
#1093 = CARTESIAN_POINT ( 'NONE',  ( 1.007255532823952526, -1.560390971666047344, 0.1377952755905511584 ) ) ;
#1094 = AXIS2_PLACEMENT_3D ( 'NONE', #293, #2291, #344 ) ;
#1095 = VECTOR ( 'NONE', #1150, 39.37007874015748143 ) ;
#1096 = B_SPLINE_CURVE_WITH_KNOTS ( 'NONE', 3,
 ( #1531, #2126, #477, #642 ),
 .UNSPECIFIED., .F., .F.,
 ( 4, 4 ),
 ( 5.278129581319486335E-16, 0.0001472637193070427378 ),
 .UNSPECIFIED. ) ;
#1097 = VECTOR ( 'NONE', #415, 39.37007874015748143 ) ;
#1098 = DIRECTION ( 'NONE',  ( -1.000000000000000000, -1.224646799147352468E-16, 0.000000000000000000 ) ) ;
#1099 = ORIENTED_EDGE ( 'NONE', *, *, #1157, .F. ) ;
#1100 = CARTESIAN_POINT ( 'NONE',  ( 1.236454383159159898, -2.406891701659013005, 0.6819077438121441403 ) ) ;
#1101 = CARTESIAN_POINT ( 'NONE',  ( -0.8562992125984230096, -2.401418597931586962, 0.5633601111525018412 ) ) ;
#1102 = CARTESIAN_POINT ( 'NONE',  ( 1.005119967527404734, -1.551176037520262341, 0.05905511811023606700 ) ) ;
#1103 = CARTESIAN_POINT ( 'NONE',  ( 0.8955663771501115589, -1.587458063891622029, 0.1377952755905512139 ) ) ;
#1104 = CARTESIAN_POINT ( 'NONE',  ( -1.175982044699172668, -2.419795651358391364, 0.6954495455953315641 ) ) ;
#1105 = ORIENTED_EDGE ( 'NONE', *, *, #207, .T. ) ;
#1106 = CARTESIAN_POINT ( 'NONE',  ( 0.9471172512307749480, -1.301359288232089684, 0.05905511811052639726 ) ) ;
#1107 = ORIENTED_EDGE ( 'NONE', *, *, #441, .F. ) ;
#1108 = CARTESIAN_POINT ( 'NONE',  ( -1.187370794173219890, -1.565167944943480771, 0.1410062630283348273 ) ) ;
#1109 = CARTESIAN_POINT ( 'NONE',  ( 1.208485603176638445, -2.315581880744062460, 0.5911545094574672810 ) ) ;
#1110 = DIRECTION ( 'NONE',  ( -0.000000000000000000, -0.000000000000000000, -1.000000000000000000 ) ) ;
#1111 = DIRECTION ( 'NONE',  ( -0.000000000000000000, -0.000000000000000000, -1.000000000000000000 ) ) ;
#1112 = CARTESIAN_POINT ( 'NONE',  ( 0.7325397326622667959, -0.0009318103138852454163, 0.1110979576732696594 ) ) ;
#1113 = DIRECTION ( 'NONE',  ( 0.000000000000000000, 0.000000000000000000, 1.000000000000000000 ) ) ;
#1114 = B_SPLINE_CURVE_WITH_KNOTS ( 'NONE', 3,
 ( #1389, #2134, #1759, #1958, #1067, #1943 ),
 .UNSPECIFIED., .F., .F.,
 ( 4, 2, 4 ),
 ( 0.000000000000000000, 0.01630357385150467062, 0.03260714770300934123 ),
 .UNSPECIFIED. ) ;
#1115 = CARTESIAN_POINT ( 'NONE',  ( -0.6732283464566928277, 0.000000000000000000, -0.05905511811023622659 ) ) ;
#1116 = ORIENTED_EDGE ( 'NONE', *, *, #2137, .F. ) ;
#1117 = DIRECTION ( 'NONE',  ( 0.000000000000000000, 0.000000000000000000, -1.000000000000000000 ) ) ;
#1118 = ADVANCED_FACE ( 'NONE', ( #2139 ), #682, .F. ) ;
#1119 = EDGE_CURVE ( 'NONE', #1691, #78, #1823, .T. ) ;
#1120 = ORIENTED_EDGE ( 'NONE', *, *, #722, .T. ) ;
#1121 = CARTESIAN_POINT ( 'NONE',  ( -1.249999999999997780, -2.863385826771653875, 4.849999999999999645 ) ) ;
#1122 = APPLICATION_CONTEXT ( 'automotive_design' ) ;
#1123 = CARTESIAN_POINT ( 'NONE',  ( -0.7571584968939467641, -0.05290411604956039848, 0.1377952755905511861 ) ) ;
#1124 = CARTESIAN_POINT ( 'NONE',  ( 0.8562992125984230096, -2.449455300674067360, 0.6125602473006412918 ) ) ;
#1125 = CARTESIAN_POINT ( 'NONE',  ( -0.6919291338582667095, -2.656692913385826582, 4.474999999999999645 ) ) ;
#1126 = CARTESIAN_POINT ( 'NONE',  ( 0.000000000000000000, 0.000000000000000000, 0.1377952755905511861 ) ) ;
#1127 = ORIENTED_EDGE ( 'NONE', *, *, #1319, .T. ) ;
#1128 = CARTESIAN_POINT ( 'NONE',  ( -0.7358636425213185284, -0.0007732276167653473736, -0.1070472403795444533 ) ) ;
#1129 = TOROIDAL_SURFACE ( 'NONE', #1438, 0.6732283464566928277, 0.07874015748031495954 ) ;
#1130 = ORIENTED_EDGE ( 'NONE', *, *, #1321, .T. ) ;
#1131 = FACE_OUTER_BOUND ( 'NONE', #2102, .T. ) ;
#1132 = VECTOR ( 'NONE', #2022, 39.37007874015748143 ) ;
#1133 = CARTESIAN_POINT ( 'NONE',  ( -0.6723009448207651895, 0.005784475851206628480, 0.1377952755905511861 ) ) ;
#1134 = CARTESIAN_POINT ( 'NONE',  ( 0.8562992125982622493, -2.229366479313942495, 0.5152130019327170185 ) ) ;
#1135 = CARTESIAN_POINT ( 'NONE',  ( -0.9765543479746047195, -1.547924065557434892, 0.1186933815014921539 ) ) ;
#1136 = EDGE_CURVE ( 'NONE', #454, #1183, #365, .T. ) ;
#1137 = DIRECTION ( 'NONE',  ( 0.000000000000000000, 0.000000000000000000, -1.000000000000000000 ) ) ;
#1138 = ORIENTED_EDGE ( 'NONE', *, *, #794, .F. ) ;
#1139 = LINE ( 'NONE', #2046, #1095 ) ;
#1140 = ORIENTED_EDGE ( 'NONE', *, *, #807, .F. ) ;
#1141 = CARTESIAN_POINT ( 'NONE',  ( 0.9677854194084984929, -1.548856766017907560, 0.1252747416841833161 ) ) ;
#1142 = CARTESIAN_POINT ( 'NONE',  ( -0.9350393700787378304, -2.389259779366613934, 0.6631467700119482167 ) ) ;
#1143 = CARTESIAN_POINT ( 'NONE',  ( 0.8562992125984228986, -2.446685306765687962, 0.7246831311293868705 ) ) ;
#1144 = CARTESIAN_POINT ( 'NONE',  ( 0.7128736319593845794, -0.001863273895831864995, -0.1278522984147983654 ) ) ;
#1145 = B_SPLINE_CURVE_WITH_KNOTS ( 'NONE', 3,
 ( #1971, #2155, #688, #1040, #1757, #509, #524, #158, #1239, #1255, #1794, #180 ),
 .UNSPECIFIED., .F., .F.,
 ( 4, 2, 2, 2, 2, 4 ),
 ( 0.000000000000000000, 0.007033179797953109484, 0.01054976969692965512, 0.01406635959590620336, 0.02109953939385929636, 0.02813271919181239283 ),
 .UNSPECIFIED. ) ;
#1146 = EDGE_CURVE ( 'NONE', #1382, #195, #246, .T. ) ;
#1147 = EDGE_CURVE ( 'NONE', #504, #643, #59, .T. ) ;
#1148 = CARTESIAN_POINT ( 'NONE',  ( -1.013522791721849448, -1.876816818798905606, 0.2769113292111555769 ) ) ;
#1149 = VERTEX_POINT ( 'NONE', #548 ) ;
#1150 = DIRECTION ( 'NONE',  ( 1.000000000000000000, 0.000000000000000000, 0.000000000000000000 ) ) ;
#1151 = EDGE_LOOP ( 'NONE', ( #1158, #1120 ) ) ;
#1152 = CARTESIAN_POINT ( 'NONE',  ( 0.7501330238449792631, 0.01897011041018238989, -0.1377952755905511861 ) ) ;
#1153 = CARTESIAN_POINT ( 'NONE',  ( -0.7640335901811035058, -0.1190397902697445665, 0.05905511811023622659 ) ) ;
#1154 = CARTESIAN_POINT ( 'NONE',  ( 0.8562992125984230096, -2.170369529930186836, 0.3690361528533409596 ) ) ;
#1155 = DIRECTION ( 'NONE',  ( -0.000000000000000000, -0.000000000000000000, -1.000000000000000000 ) ) ;
#1156 = CARTESIAN_POINT ( 'NONE',  ( -1.185133513845788800, -2.447770784824300883, 0.7258753418779178013 ) ) ;
#1157 = EDGE_CURVE ( 'NONE', #1496, #1199, #434, .T. ) ;
#1158 = ORIENTED_EDGE ( 'NONE', *, *, #1368, .T. ) ;
#1159 = CARTESIAN_POINT ( 'NONE',  ( 0.9313518220578677065, -1.555269497259959000, 0.1375829478857709953 ) ) ;
#1160 = EDGE_LOOP ( 'NONE', ( #1432, #493, #1822, #2005 ) ) ;
#1161 = CARTESIAN_POINT ( 'NONE',  ( 1.249999999999997780, -2.450000000000000178, -0.05905511811023622659 ) ) ;
#1162 = DIRECTION ( 'NONE',  ( 0.000000000000000000, 0.000000000000000000, 1.000000000000000000 ) ) ;
#1163 = CIRCLE ( 'NONE', #6, 0.07874015748031495954 ) ;
#1164 = VECTOR ( 'NONE', #2138, 39.37007874015748143 ) ;
#1165 = DIRECTION ( 'NONE',  ( -0.000000000000000000, 0.000000000000000000, 1.000000000000000000 ) ) ;
#1166 = CARTESIAN_POINT ( 'NONE',  ( 0.7519685039370079815, 1.250540768584097043E-20, -0.06425707351085140073 ) ) ;
#1167 = AXIS2_PLACEMENT_3D ( 'NONE', #874, #320, #2322 ) ;
#1168 = LINE ( 'NONE', #271, #1961 ) ;
#1169 = TOROIDAL_SURFACE ( 'NONE', #1660, 0.6732283464566928277, 0.07874015748031495954 ) ;
#1170 = ORIENTED_EDGE ( 'NONE', *, *, #2231, .T. ) ;
#1171 = DIRECTION ( 'NONE',  ( -0.000000000000000000, -0.000000000000000000, -1.000000000000000000 ) ) ;
#1172 = ORIENTED_EDGE ( 'NONE', *, *, #2336, .T. ) ;
#1173 = CARTESIAN_POINT ( 'NONE',  ( 0.7333147286314823932, -0.5173304946398001869, -0.1377952755905512416 ) ) ;
#1174 = EDGE_CURVE ( 'NONE', #454, #1532, #1514, .T. ) ;
#1175 = CARTESIAN_POINT ( 'NONE',  ( -0.8637727982912184466, -2.450000000000000178, 0.6633817067758827069 ) ) ;
#1176 =( BOUNDED_SURFACE ( )  B_SPLINE_SURFACE ( 3, 2, ( 
 ( #70, #1328, #1133 ),
 ( #781, #1339, #2229 ),
 ( #266, #1123, #420 ),
 ( #1153, #1865, #252 ),
 ( #971, #1699, #80 ),
 ( #985, #2248, #617 ),
 ( #1350, #2286, #2092 ),
 ( #1009, #657, #1743 ),
 ( #127, #1197, #1899 ),
 ( #1728, #2076, #1187 ),
 ( #303, #1584, #445 ),
 ( #2104, #116, #494 ) ),
 .UNSPECIFIED., .F., .F., .T. ) 
 B_SPLINE_SURFACE_WITH_KNOTS ( ( 4, 2, 2, 2, 2, 4 ),
 ( 3, 3 ),
 ( 0.08007669309765426402, 0.08262691669034710751, 0.08517714028303993712, 0.09027758746842559634, 0.1004784818391969425, 0.1208802705807396072 ),
 ( 0.000000000000000000, 1.000000000000000000 ),
 .UNSPECIFIED. ) 
 GEOMETRIC_REPRESENTATION_ITEM ( )  RATIONAL_B_SPLINE_SURFACE ( (
 ( 1.000000000000000000, 0.7071067811865474617, 1.000000000000000000),
 ( 1.000000000000000000, 0.7071067811865474617, 1.000000000000000000),
 ( 1.000000000000000000, 0.7071067811865474617, 1.000000000000000000),
 ( 1.000000000000000000, 0.7071067811865474617, 1.000000000000000000),
 ( 1.000000000000000000, 0.7071067811865474617, 1.000000000000000000),
 ( 1.000000000000000000, 0.7071067811865474617, 1.000000000000000000),
 ( 1.000000000000000000, 0.7071067811865474617, 1.000000000000000000),
 ( 1.000000000000000000, 0.7071067811865474617, 1.000000000000000000),
 ( 1.000000000000000000, 0.7071067811865474617, 1.000000000000000000),
 ( 1.000000000000000000, 0.7071067811865474617, 1.000000000000000000),
 ( 1.000000000000000000, 0.7071067811865474617, 1.000000000000000000),
 ( 1.000000000000000000, 0.7071067811865474617, 1.000000000000000000) ) ) 
 REPRESENTATION_ITEM ( '' )  SURFACE ( )  );
#1177 = CARTESIAN_POINT ( 'NONE',  ( 0.9313163117687389692, -1.555887760672045816, 0.1377952755907780047 ) ) ;
#1178 =( NAMED_UNIT ( * ) SI_UNIT ( $, .STERADIAN. ) SOLID_ANGLE_UNIT ( ) );
#1179 = CARTESIAN_POINT ( 'NONE',  ( 0.000000000000000000, 0.000000000000000000, -0.05905511811023622659 ) ) ;
#1180 = CARTESIAN_POINT ( 'NONE',  ( -1.161725967856987118, -2.375708176365983970, 0.6498801239252287587 ) ) ;
#1181 = CARTESIAN_POINT ( 'NONE',  ( 1.080616976618926639, -2.113745756232443096, 0.4232988051774665972 ) ) ;
#1182 = CARTESIAN_POINT ( 'NONE',  ( -0.7519685039370078705, 0.000000000000000000, 0.05905511811023622659 ) ) ;
#1183 = VERTEX_POINT ( 'NONE', #573 ) ;
#1184 = FACE_OUTER_BOUND ( 'NONE', #1832, .T. ) ;
#1185 = EDGE_LOOP ( 'NONE', ( #1965, #1830, #464, #553 ) ) ;
#1186 = CARTESIAN_POINT ( 'NONE',  ( 0.7606146973744782880, -0.08643045014904664203, -0.05905511811023622659 ) ) ;
#1187 = CARTESIAN_POINT ( 'NONE',  ( -0.8181637805095105520, -1.054702028428199156, 0.1377952755905512139 ) ) ;
#1188 = CARTESIAN_POINT ( 'NONE',  ( 0.2952755905511817991, -2.863385826771653875, 4.849999999999999645 ) ) ;
#1189 = ORIENTED_EDGE ( 'NONE', *, *, #1640, .F. ) ;
#1190 = FILL_AREA_STYLE ('',( #460 ) ) ;
#1191 = CARTESIAN_POINT ( 'NONE',  ( -1.256347006726943105, -2.470143188274563695, 0.6596116158516353023 ) ) ;
#1192 = CARTESIAN_POINT ( 'NONE',  ( 1.135063508839077473, -2.291793236809162249, 0.5694121169795297588 ) ) ;
#1193 = ORIENTED_EDGE ( 'NONE', *, *, #414, .T. ) ;
#1194 = CARTESIAN_POINT ( 'NONE',  ( -1.171259842519682737, -1.237347842067107129, -0.1377952755905511861 ) ) ;
#1195 = ORIENTED_EDGE ( 'NONE', *, *, #909, .F. ) ;
#1196 = CARTESIAN_POINT ( 'NONE',  ( 0.8579431863097081168, -0.8203847545118959639, -0.05905511811019006907 ) ) ;
#1197 = CARTESIAN_POINT ( 'NONE',  ( -0.8314361452760451465, -0.6466181640601101899, 0.1377952755906672877 ) ) ;
#1198 = PLANE ( 'NONE',  #41 ) ;
#1199 = VERTEX_POINT ( 'NONE', #763 ) ;
#1200 = SURFACE_STYLE_USAGE ( .BOTH. , #2061 ) ;
#1201 = CARTESIAN_POINT ( 'NONE',  ( -0.8562992125984228986, -2.375611438400229147, 0.6497875725046649009 ) ) ;
#1202 = LENGTH_MEASURE_WITH_UNIT ( LENGTH_MEASURE( 0.02539999999999999897 ), #663 );
#1203 = DIRECTION ( 'NONE',  ( 0.000000000000000000, 0.000000000000000000, -1.000000000000000000 ) ) ;
#1204 = AXIS2_PLACEMENT_3D ( 'NONE', #1054, #2147, #160 ) ;
#1205 = ADVANCED_FACE ( 'NONE', ( #406 ), #965, .T. ) ;
#1206 = AXIS2_PLACEMENT_3D ( 'NONE', #1451, #923, #1066 ) ;
#1207 = CARTESIAN_POINT ( 'NONE',  ( -1.188925426494197302, -2.249808648609294082, 0.4482824713501344926 ) ) ;
#1208 = TOROIDAL_SURFACE ( 'NONE', #2002, 0.6732283464566928277, 0.07874015748031495954 ) ;
#1209 = CARTESIAN_POINT ( 'NONE',  ( 1.171442182595559212, -2.462658724791110920, -0.1377952755905511861 ) ) ;
#1210 = CARTESIAN_POINT ( 'NONE',  ( -1.003864197558665516, -1.545741932190326962, 0.6413706875986173728 ) ) ;
#1211 = FACE_BOUND ( 'NONE', #1468, .T. ) ;
#1212 = ORIENTED_EDGE ( 'NONE', *, *, #1319, .F. ) ;
#1213 = CARTESIAN_POINT ( 'NONE',  ( -1.185865835381351818, -2.450000000000000178, 0.7283464566929135353 ) ) ;
#1214 = LINE ( 'NONE', #1369, #749 ) ;
#1215 = CARTESIAN_POINT ( 'NONE',  ( 1.002767325898730189, -1.837055140121979679, 0.2561443250976083164 ) ) ;
#1216 = CARTESIAN_POINT ( 'NONE',  ( -1.249999999999997780, -2.450000000000000178, 4.849999999999999645 ) ) ;
#1217 = CARTESIAN_POINT ( 'NONE',  ( -0.8562992125982581415, -1.720099080231854094, 0.1994235802393796442 ) ) ;
#1218 = CARTESIAN_POINT ( 'NONE',  ( -1.241953589603797425, -2.451234085468308788, -0.09411508501385201786 ) ) ;
#1219 = EDGE_CURVE ( 'NONE', #350, #1306, #1285, .T. ) ;
#1220 = ADVANCED_FACE ( 'NONE', ( #944 ), #2020, .T. ) ;
#1221 = DIRECTION ( 'NONE',  ( -1.000000000000000000, 0.000000000000000000, -0.000000000000000000 ) ) ;
#1222 = DIRECTION ( 'NONE',  ( -1.000000000000000000, 0.000000000000000000, -0.000000000000000000 ) ) ;
#1223 = ORIENTED_EDGE ( 'NONE', *, *, #546, .F. ) ;
#1224 = DIRECTION ( 'NONE',  ( -1.000000000000000000, 0.000000000000000000, 0.000000000000000000 ) ) ;
#1225 = CARTESIAN_POINT ( 'NONE',  ( -1.177571939772596332, -2.211341395287457878, -0.1377952755904817972 ) ) ;
#1226 = EDGE_LOOP ( 'NONE', ( #167, #1099, #1212, #1037, #298 ) ) ;
#1227 = CARTESIAN_POINT ( 'NONE',  ( 0.9479956513039830002, -1.625835893879427063, 0.1610771522893079954 ) ) ;
#1228 = DIRECTION ( 'NONE',  ( 1.000000000000000000, 0.000000000000000000, -0.000000000000000000 ) ) ;
#1229 = CARTESIAN_POINT ( 'NONE',  ( -0.9350393700787380524, -2.454532551598441081, 0.7333557323528215877 ) ) ;
#1230 = DIRECTION ( 'NONE',  ( 0.000000000000000000, 0.9433692868478738003, -0.3317444628507526527 ) ) ;
#1231 = CARTESIAN_POINT ( 'NONE',  ( -0.8336614173228334979, -2.656692913385826582, 4.474999999999999645 ) ) ;
#1232 = CARTESIAN_POINT ( 'NONE',  ( -0.8336614173228334979, -2.656692913385826582, 4.849999999999999645 ) ) ;
#1233 = DIRECTION ( 'NONE',  ( -0.000000000000000000, 1.000000000000000000, -0.000000000000000000 ) ) ;
#1234 = ADVANCED_FACE ( 'NONE', ( #1839 ), #773, .F. ) ;
#1235 = VERTEX_POINT ( 'NONE', #1649 ) ;
#1236 = CARTESIAN_POINT ( 'NONE',  ( 0.7005342482575885876, -0.2604002377661837064, 0.1377952755905511861 ) ) ;
#1237 = CARTESIAN_POINT ( 'NONE',  ( -1.163491661927318788, -2.437252687787640593, -0.1377952755905511861 ) ) ;
#1238 = ORIENTED_EDGE ( 'NONE', *, *, #337, .F. ) ;
#1239 = CARTESIAN_POINT ( 'NONE',  ( -1.086317605395049180, -1.882031381185154562, 0.1995742200774689723 ) ) ;
#1240 = CARTESIAN_POINT ( 'NONE',  ( -0.8562992125985053882, -2.438960528089220148, 0.7161903009021898248 ) ) ;
#1241 = DIRECTION ( 'NONE',  ( 0.000000000000000000, 0.000000000000000000, 1.000000000000000000 ) ) ;
#1242 = CARTESIAN_POINT ( 'NONE',  ( -1.249999999999998224, -2.450000000000001066, -0.06428461239112287506 ) ) ;
#1243 = CIRCLE ( 'NONE', #1693, 0.07874015748031497341 ) ;
#1244 = CIRCLE ( 'NONE', #935, 0.1417322834645668994 ) ;
#1245 = CARTESIAN_POINT ( 'NONE',  ( -1.040118283951421363, -1.702464328419142303, 0.05905511811023624741 ) ) ;
#1246 = AXIS2_PLACEMENT_3D ( 'NONE', #487, #1241, #2097 ) ;
#1247 = VECTOR ( 'NONE', #1362, 39.37007874015748143 ) ;
#1248 = EDGE_LOOP ( 'NONE', ( #1140, #705, #2196, #1444 ) ) ;
#1249 = CARTESIAN_POINT ( 'NONE',  ( 1.107439538787925004, -1.960870754945819083, 0.2451857447626860365 ) ) ;
#1250 = EDGE_CURVE ( 'NONE', #507, #1576, #963, .T. ) ;
#1251 = CARTESIAN_POINT ( 'NONE',  ( -0.6850788000461218719, -0.1210471654334129288, -0.1377952755905511861 ) ) ;
#1252 = ADVANCED_FACE ( 'NONE', ( #2202 ), #137, .T. ) ;
#1253 = ORIENTED_EDGE ( 'NONE', *, *, #1146, .T. ) ;
#1254 = CARTESIAN_POINT ( 'NONE',  ( -0.7415754214376781839, -0.0005000125303609157575, 0.09849024761561857300 ) ) ;
#1255 = CARTESIAN_POINT ( 'NONE',  ( -1.045171566280594488, -1.720032105830298086, 0.1219148170828336236 ) ) ;
#1256 = CARTESIAN_POINT ( 'NONE',  ( 0.6732182031189141158, -0.003695600378500155537, -0.1377952755905511861 ) ) ;
#1257 = B_SPLINE_CURVE_WITH_KNOTS ( 'NONE', 3,
 ( #1331, #1537, #245, #598, #2052, #235, #413, #61, #1526, #1323, #269, #962 ),
 .UNSPECIFIED., .F., .F.,
 ( 4, 2, 2, 2, 2, 4 ),
 ( 0.000000000000000000, 0.0009708417572429412683, 0.001941683514485882537, 0.002912525271728823913, 0.003397946150350294493, 0.003883367028971765073 ),
 .UNSPECIFIED. ) ;
#1258 = CARTESIAN_POINT ( 'NONE',  ( -1.233771024694826357, -2.452488627543809585, -0.1072107980774723718 ) ) ;
#1259 = CARTESIAN_POINT ( 'NONE',  ( 1.223625944505785990, -2.450000000000000622, 0.7138931119815835613 ) ) ;
#1260 = ORIENTED_EDGE ( 'NONE', *, *, #1450, .F. ) ;
#1261 = CARTESIAN_POINT ( 'NONE',  ( 0.9305553524408640698, -1.578198125543814889, 0.1377952755905511306 ) ) ;
#1262 = B_SPLINE_CURVE_WITH_KNOTS ( 'NONE', 3,
 ( #1793, #660, #870, #1586, #1411, #168, #880, #1254, #1621, #1396, #3, #713, #1940, #853 ),
 .UNSPECIFIED., .F., .F.,
 ( 4, 2, 2, 2, 2, 2, 4 ),
 ( -2.803804232173665227E-05, 0.0007604192906309054350, 0.001548876623583547675, 0.001943105290059864675, 0.002337333956536181458, 0.002731562623012498241, 0.003125791289488815891 ),
 .UNSPECIFIED. ) ;
#1263 = CARTESIAN_POINT ( 'NONE',  ( -0.8113019521028855818, -0.5064453452864080552, -0.1377952755905512416 ) ) ;
#1264 = ORIENTED_EDGE ( 'NONE', *, *, #1278, .T. ) ;
#1265 = CARTESIAN_POINT ( 'NONE',  ( -0.9350393700787380524, -2.450000000000000178, 0.7283464566929134243 ) ) ;
#1266 = DIRECTION ( 'NONE',  ( -0.000000000000000000, -0.000000000000000000, 1.000000000000000000 ) ) ;
#1267 = CARTESIAN_POINT ( 'NONE',  ( -0.9330774940950776752, -1.554859632327690200, 0.1374164560541651370 ) ) ;
#1268 = CARTESIAN_POINT ( 'NONE',  ( 0.9547929347264590971, -1.564483736829734406, 0.1377952755905511861 ) ) ;
#1269 = CARTESIAN_POINT ( 'NONE',  ( 1.171259842519682737, -2.462058499514831578, -0.1377952755905511861 ) ) ;
#1270 = VERTEX_POINT ( 'NONE', #2292 ) ;
#1271 = SPHERICAL_SURFACE ( 'NONE', #2258, 0.07874015748031495954 ) ;
#1272 = DIRECTION ( 'NONE',  ( -1.224646799147353207E-16, 1.000000000000000000, 0.000000000000000000 ) ) ;
#1273 = ORIENTED_EDGE ( 'NONE', *, *, #1811, .T. ) ;
#1274 = FACE_OUTER_BOUND ( 'NONE', #1488, .T. ) ;
#1275 = CARTESIAN_POINT ( 'NONE',  ( -0.7519685039370078705, 0.000000000000000000, -0.05905511811023622659 ) ) ;
#1276 = FACE_OUTER_BOUND ( 'NONE', #241, .T. ) ;
#1277 = CARTESIAN_POINT ( 'NONE',  ( 0.8562992125984227876, -1.770655768871431279, 0.1377952755905511861 ) ) ;
#1278 = EDGE_CURVE ( 'NONE', #260, #272, #2098, .T. ) ;
#1279 = CARTESIAN_POINT ( 'NONE',  ( 1.219522242771578613, -2.454672329649604912, -0.1221112887031733096 ) ) ;
#1280 = CIRCLE ( 'NONE', #1483, 0.1200787401574807539 ) ;
#1281 = TOROIDAL_SURFACE ( 'NONE', #1590, 0.6732283464566928277, 0.07874015748031495954 ) ;
#1282 = VERTEX_POINT ( 'NONE', #107 ) ;
#1283 = CARTESIAN_POINT ( 'NONE',  ( 0.8122261030015481831, -0.5149860959450351938, 0.05905511811017819662 ) ) ;
#1284 = CIRCLE ( 'NONE', #2300, 0.07874015748031497341 ) ;
#1285 = CIRCLE ( 'NONE', #481, 0.07874015748031495954 ) ;
#1286 = CIRCLE ( 'NONE', #1700, 0.6732283464566928277 ) ;
#1287 = VERTEX_POINT ( 'NONE', #1748 ) ;
#1288 = CARTESIAN_POINT ( 'NONE',  ( 0.9636038513251395932, -1.549400805052981722, 0.1278139773013895752 ) ) ;
#1289 = CARTESIAN_POINT ( 'NONE',  ( 1.221086126640476444, -2.356845162927343473, 0.5435103389819939679 ) ) ;
#1290 = CARTESIAN_POINT ( 'NONE',  ( 1.005119967527404734, -1.551176037520262341, 0.05905511811023606700 ) ) ;
#1291 = CARTESIAN_POINT ( 'NONE',  ( 0.7128736319593835802, -0.001863273895831956501, 0.1278522984147991703 ) ) ;
#1292 = CARTESIAN_POINT ( 'NONE',  ( 0.8160767595300044697, -1.042787155215142869, 0.1377952755905512694 ) ) ;
#1293 = CARTESIAN_POINT ( 'NONE',  ( -1.003635141110578388, -1.544749490905059197, 0.05688353525818229395 ) ) ;
#1294 = ADVANCED_FACE ( 'NONE', ( #820 ), #1342, .F. ) ;
#1295 = ADVANCED_FACE ( 'NONE', ( #308 ), #436, .F. ) ;
#1296 = VERTEX_POINT ( 'NONE', #1016 ) ;
#1297 = CARTESIAN_POINT ( 'NONE',  ( -0.7439932163870859316, -0.0003839665047252508140, -0.09396870242640723014 ) ) ;
#1298 = ORIENTED_EDGE ( 'NONE', *, *, #278, .F. ) ;
#1299 = DIRECTION ( 'NONE',  ( 1.000000000000000000, 0.000000000000000000, 0.000000000000000000 ) ) ;
#1300 = CARTESIAN_POINT ( 'NONE',  ( 0.000000000000000000, -2.656692913385826582, 4.849999999999999645 ) ) ;
#1301 = CARTESIAN_POINT ( 'NONE',  ( 0.8562992125984235647, -2.481464264114364049, 0.6462168760471930229 ) ) ;
#1302 = CARTESIAN_POINT ( 'NONE',  ( 0.7519685039370078705, 0.000000000000000000, -0.05905511811023622659 ) ) ;
#1303 = CARTESIAN_POINT ( 'NONE',  ( -1.122912820361419595, -2.017921653406094862, 0.2797856571393792513 ) ) ;
#1304 = EDGE_LOOP ( 'NONE', ( #150, #1172, #1714, #791 ) ) ;
#1305 = CARTESIAN_POINT ( 'NONE',  ( -0.2952755905511817991, -2.863385826771653875, 4.849999999999999645 ) ) ;
#1306 = VERTEX_POINT ( 'NONE', #1737 ) ;
#1307 = DIRECTION ( 'NONE',  ( -0.000000000000000000, -1.000000000000000000, -0.000000000000000000 ) ) ;
#1308 = EDGE_CURVE ( 'NONE', #1348, #577, #1168, .T. ) ;
#1309 = CARTESIAN_POINT ( 'NONE',  ( 1.247666292078042805, -2.442848848123588379, 0.7204431620350079113 ) ) ;
#1310 = FACE_OUTER_BOUND ( 'NONE', #347, .T. ) ;
#1311 = CARTESIAN_POINT ( 'NONE',  ( 0.8562992125985835479, -2.296695871233540576, 0.5738972894718922246 ) ) ;
#1312 = CARTESIAN_POINT ( 'NONE',  ( -1.018557511086451317, -1.610192897534009848, 0.1551856856862249556 ) ) ;
#1313 = EDGE_LOOP ( 'NONE', ( #1007, #1127, #840, #1792, #603, #409 ) ) ;
#1314 = CARTESIAN_POINT ( 'NONE',  ( 0.9313518220578677065, -1.555578655261794507, 0.1376890711084792218 ) ) ;
#1315 = ORIENTED_EDGE ( 'NONE', *, *, #1219, .F. ) ;
#1316 = CARTESIAN_POINT ( 'NONE',  ( 1.262717367964621973, -2.490234458844899024, 0.6818252714034331863 ) ) ;
#1317 = VECTOR ( 'NONE', #151, 39.37007874015748143 ) ;
#1318 = CARTESIAN_POINT ( 'NONE',  ( 0.9350393700787380524, -1.565167944941656453, 0.1410062630276991691 ) ) ;
#1319 = EDGE_CURVE ( 'NONE', #333, #1496, #572, .T. ) ;
#1320 = CIRCLE ( 'NONE', #710, 0.7519685039370078705 ) ;
#1321 = EDGE_CURVE ( 'NONE', #1447, #274, #1734, .T. ) ;
#1322 = CARTESIAN_POINT ( 'NONE',  ( 0.8562992125985029457, -2.377302257707301081, 0.6514948153607799108 ) ) ;
#1323 = CARTESIAN_POINT ( 'NONE',  ( 0.9223030301454245850, -2.450000000000000178, 0.7271725925836372006 ) ) ;
#1324 = CARTESIAN_POINT ( 'NONE',  ( 1.003864197558665516, -1.545741932190326962, 0.05905511811023135549 ) ) ;
#1325 = ORIENTED_EDGE ( 'NONE', *, *, #884, .T. ) ;
#1326 = CARTESIAN_POINT ( 'NONE',  ( 1.250000000010173418, -2.450000000026628211, 0.6378976325121988866 ) ) ;
#1327 = VERTEX_POINT ( 'NONE', #1436 ) ;
#1328 = CARTESIAN_POINT ( 'NONE',  ( -0.7506750951301812691, 0.01336767855862905016, 0.1377952755905511861 ) ) ;
#1329 = B_SPLINE_SURFACE_WITH_KNOTS ( 'NONE', 2, 1, ( 
 ( #387, #216 ),
 ( #766, #1314 ),
 ( #2034, #1159 ) ),
 .UNSPECIFIED., .F., .F., .F.,
 ( 3, 3 ),
 ( 2, 2 ),
 ( 0.7906478102499709948, 0.7911159367251168195 ),
 ( 0.000000000000000000, 1.000000000000000000 ),
 .UNSPECIFIED. ) ;
#1330 = CARTESIAN_POINT ( 'NONE',  ( 0.7479444650440284503, -0.0001940246120425251385, 0.08443497459804279182 ) ) ;
#1331 = CARTESIAN_POINT ( 'NONE',  ( 0.8562992125984230096, -2.450000000000000178, 0.6132855550865268235 ) ) ;
#1332 = ADVANCED_FACE ( 'NONE', ( #691 ), #2124, .F. ) ;
#1333 = CARTESIAN_POINT ( 'NONE',  ( 1.250000000007589485, -2.450000000026785418, 0.6413706875986108225 ) ) ;
#1334 = CARTESIAN_POINT ( 'NONE',  ( -0.9460455290419053087, -1.295813158746205174, 0.05905511811023624741 ) ) ;
#1335 = ORIENTED_EDGE ( 'NONE', *, *, #1487, .F. ) ;
#1336 = DIRECTION ( 'NONE',  ( 0.000000000000000000, 0.000000000000000000, 1.000000000000000000 ) ) ;
#1337 = ORIENTED_EDGE ( 'NONE', *, *, #503, .F. ) ;
#1338 = CARTESIAN_POINT ( 'NONE',  ( 0.6850788000461807137, -0.1210471654335362052, -0.1377952755905511861 ) ) ;
#1339 = CARTESIAN_POINT ( 'NONE',  ( -0.7538922132496653772, -0.01988197976971646172, 0.1377952755905511861 ) ) ;
#1340 = SURFACE_STYLE_FILL_AREA ( #1190 ) ;
#1341 = FACE_OUTER_BOUND ( 'NONE', #1361, .T. ) ;
#1342 = PLANE ( 'NONE',  #1812 ) ;
#1343 = ADVANCED_FACE ( 'NONE', ( #718 ), #1044, .F. ) ;
#1344 = DIRECTION ( 'NONE',  ( -1.224646799147353207E-16, 1.000000000000000000, 0.000000000000000000 ) ) ;
#1345 = CARTESIAN_POINT ( 'NONE',  ( 0.9364308996518899697, -1.555887760671590403, 0.1377952755905511861 ) ) ;
#1346 = DIRECTION ( 'NONE',  ( -1.000000000000000000, -0.000000000000000000, -0.000000000000000000 ) ) ;
#1347 = B_SPLINE_CURVE_WITH_KNOTS ( 'NONE', 3,
 ( #1493, #234, #1502, #1291, #244, #1112, #587, #1686, #597, #1330, #1371, #1565, #999, #796 ),
 .UNSPECIFIED., .F., .F.,
 ( 4, 2, 2, 2, 2, 2, 4 ),
 ( -2.803804232169059400E-05, 0.0007604192906309620303, 0.001548876623583614678, 0.001943105290059937533, 0.002337333956536260388, 0.002731562623012583242, 0.003125791289488906097 ),
 .UNSPECIFIED. ) ;
#1348 = VERTEX_POINT ( 'NONE', #2148 ) ;
#1349 = CARTESIAN_POINT ( 'NONE',  ( 0.8113019521029979364, -0.5064453452867694327, -0.05905511811025934699 ) ) ;
#1350 = CARTESIAN_POINT ( 'NONE',  ( -0.7866985731243926194, -0.3171924036663826829, 0.05905511811022171043 ) ) ;
#1351 = CIRCLE ( 'NONE', #225, 0.4370078740157480879 ) ;
#1352 = DIRECTION ( 'NONE',  ( 1.000000000000000000, 0.000000000000000000, 0.000000000000000000 ) ) ;
#1353 = ORIENTED_EDGE ( 'NONE', *, *, #2203, .F. ) ;
#1354 = FACE_BOUND ( 'NONE', #2271, .T. ) ;
#1355 = CARTESIAN_POINT ( 'NONE',  ( -0.9948941273690609099, -1.547423538650158692, 0.09614940426957872821 ) ) ;
#1356 = AXIS2_PLACEMENT_3D ( 'NONE', #1903, #640, #296 ) ;
#1357 = CARTESIAN_POINT ( 'NONE',  ( -1.182558293272137462, -2.439912419132406640, 0.7172596109399532738 ) ) ;
#1358 = AXIS2_PLACEMENT_3D ( 'NONE', #1612, #2304, #2144 ) ;
#1359 = CARTESIAN_POINT ( 'NONE',  ( 1.123250161038988226, -2.019151922487084860, 0.2805625790808903841 ) ) ;
#1360 = CARTESIAN_POINT ( 'NONE',  ( -1.005119967527565050, -1.551176037520955342, 0.05905511811023624741 ) ) ;
#1361 = EDGE_LOOP ( 'NONE', ( #228, #563, #2058, #1315 ) ) ;
#1362 = DIRECTION ( 'NONE',  ( -0.000000000000000000, 1.000000000000000000, 0.000000000000000000 ) ) ;
#1363 = EDGE_CURVE ( 'NONE', #1287, #2184, #1541, .T. ) ;
#1364 = ADVANCED_FACE ( 'NONE', ( #893 ), #162, .T. ) ;
#1365 = ORIENTED_EDGE ( 'NONE', *, *, #1461, .F. ) ;
#1366 = CARTESIAN_POINT ( 'NONE',  ( 1.026397532012411018, -1.649534718012558798, -0.05905511811023619190 ) ) ;
#1367 = CARTESIAN_POINT ( 'NONE',  ( 1.185865835381389122, -2.450000000000000178, 0.7283464566929135353 ) ) ;
#1368 = EDGE_CURVE ( 'NONE', #2056, #2329, #1554, .T. ) ;
#1369 = CARTESIAN_POINT ( 'NONE',  ( -1.249999999999997780, -2.863385826771653875, 0.1377952755905511861 ) ) ;
#1370 = ORIENTED_EDGE ( 'NONE', *, *, #1368, .F. ) ;
#1371 = CARTESIAN_POINT ( 'NONE',  ( 0.7494582183531275366, -0.0001210748412296079184, 0.07943483571245860131 ) ) ;
#1372 = CARTESIAN_POINT ( 'NONE',  ( -0.8562992125985052771, -2.115825972713120340, 0.4267100065030252631 ) ) ;
#1373 = DIRECTION ( 'NONE',  ( 0.000000000000000000, 0.000000000000000000, 1.000000000000000000 ) ) ;
#1374 = SHAPE_DEFINITION_REPRESENTATION ( #950, #1536 ) ;
#1375 = SURFACE_STYLE_FILL_AREA ( #843 ) ;
#1376 = CARTESIAN_POINT ( 'NONE',  ( -1.262741939450785722, -2.490311731364790226, 0.6819112212141783536 ) ) ;
#1377 = CARTESIAN_POINT ( 'NONE',  ( 1.112148693596546556, -1.978379364884856662, 0.2554981352103916636 ) ) ;
#1378 = CARTESIAN_POINT ( 'NONE',  ( 1.192497677723035832, -2.262077507712473068, -0.1377952755906550752 ) ) ;
#1379 = VERTEX_POINT ( 'NONE', #1963 ) ;
#1380 = CARTESIAN_POINT ( 'NONE',  ( 0.000000000000000000, 0.000000000000000000, 1.043307086614173151 ) ) ;
#1381 = EDGE_CURVE ( 'NONE', #1327, #429, #131, .T. ) ;
#1382 = VERTEX_POINT ( 'NONE', #658 ) ;
#1383 = CARTESIAN_POINT ( 'NONE',  ( 0.7526993084518932564, -0.007553033342444283663, -0.1377952755905511861 ) ) ;
#1384 = DIRECTION ( 'NONE',  ( 1.000000000000000000, 0.000000000000000000, 0.000000000000000000 ) ) ;
#1385 = ADVANCED_FACE ( 'NONE', ( #1880 ), #1198, .F. ) ;
#1386 = DIRECTION ( 'NONE',  ( 0.000000000000000000, 1.000000000000000000, 0.000000000000000000 ) ) ;
#1387 = FACE_OUTER_BOUND ( 'NONE', #466, .T. ) ;
#1388 = CARTESIAN_POINT ( 'NONE',  ( -0.8562992125984228986, -2.415494990313490131, 0.6910093009356671478 ) ) ;
#1389 = CARTESIAN_POINT ( 'NONE',  ( 0.7519685039370078705, 0.000000000000000000, 0.05905511811023622659 ) ) ;
#1390 = CARTESIAN_POINT ( 'NONE',  ( -1.181268097207740730, -2.435968643388612964, 0.7129686758558481108 ) ) ;
#1391 = FACE_OUTER_BOUND ( 'NONE', #1976, .T. ) ;
#1392 = DIRECTION ( 'NONE',  ( 0.000000000000000000, 0.000000000000000000, -1.000000000000000000 ) ) ;
#1393 = ORIENTED_EDGE ( 'NONE', *, *, #895, .T. ) ;
#1394 = CARTESIAN_POINT ( 'NONE',  ( -1.249999999999997780, -2.450000000000000178, 1.043307086614173151 ) ) ;
#1395 = CARTESIAN_POINT ( 'NONE',  ( 0.000000000000000000, 0.000000000000000000, -0.05905511811023622659 ) ) ;
#1396 = CARTESIAN_POINT ( 'NONE',  ( -0.7479444650440288944, -0.0001940246120426745958, 0.08443497459804248650 ) ) ;
#1397 = CARTESIAN_POINT ( 'NONE',  ( -0.4370078740157480879, 0.000000000000000000, 0.1377952755905511861 ) ) ;
#1398 = CARTESIAN_POINT ( 'NONE',  ( -0.9350393700787380524, -1.635489904195319477, 0.1648346713193246660 ) ) ;
#1399 = EDGE_CURVE ( 'NONE', #199, #350, #1059, .T. ) ;
#1400 = EDGE_CURVE ( 'NONE', #1379, #1270, #1320, .T. ) ;
#1401 = PRODUCT_CONTEXT ( 'NONE', #752, 'mechanical' ) ;
#1402 = VECTOR ( 'NONE', #1521, 39.37007874015748143 ) ;
#1403 = CARTESIAN_POINT ( 'NONE',  ( -1.113410782443777336, -2.221892878790172166, 0.5089502256761601062 ) ) ;
#1404 = VECTOR ( 'NONE', #1535, 39.37007874015748143 ) ;
#1405 = CARTESIAN_POINT ( 'NONE',  ( 1.198167422708492413, -2.281188388030137126, 0.5598313058808762621 ) ) ;
#1406 = CARTESIAN_POINT ( 'NONE',  ( 0.6835549540287411130, -0.003224909310415032850, -0.1377952755906719506 ) ) ;
#1407 = LINE ( 'NONE', #2068, #1878 ) ;
#1408 = ORIENTED_EDGE ( 'NONE', *, *, #1902, .T. ) ;
#1409 = LINE ( 'NONE', #1938, #479 ) ;
#1410 = CARTESIAN_POINT ( 'NONE',  ( -1.249999999999997780, -2.450000000000000178, -0.05905511811023622659 ) ) ;
#1411 = CARTESIAN_POINT ( 'NONE',  ( -0.7216499995641483256, -0.001449141321346504021, 0.1219886988405441269 ) ) ;
#1412 = CARTESIAN_POINT ( 'NONE',  ( 1.135333031355280742, -2.292638857198566971, 0.5702280488689470683 ) ) ;
#1413 = B_SPLINE_CURVE_WITH_KNOTS ( 'NONE', 2,
 ( #453, #847, #801 ),
 .UNSPECIFIED., .F., .F.,
 ( 3, 3 ),
 ( 0.3715743614556109575, 0.4871191875455850306 ),
 .UNSPECIFIED. ) ;
#1414 = CARTESIAN_POINT ( 'NONE',  ( -0.9350393700787380524, -2.415494990313224566, 0.6910093009359211669 ) ) ;
#1415 = CARTESIAN_POINT ( 'NONE',  ( -0.7341739544946048746, -0.5252193978733816770, 0.1377952755905512416 ) ) ;
#1416 = LINE ( 'NONE', #1828, #1164 ) ;
#1417 = CARTESIAN_POINT ( 'NONE',  ( -0.1751968503937012256, -2.863385826771653875, 4.849999999999999645 ) ) ;
#1418 = ORIENTED_EDGE ( 'NONE', *, *, #425, .T. ) ;
#1419 = CARTESIAN_POINT ( 'NONE',  ( 0.6857371377788058497, -0.1273898835972294141, 0.1377952755905511861 ) ) ;
#1420 = CARTESIAN_POINT ( 'NONE',  ( -1.026397532012377933, -1.649534718012428680, -0.05905511811028241187 ) ) ;
#1421 = ORIENTED_EDGE ( 'NONE', *, *, #207, .F. ) ;
#1422 = LINE ( 'NONE', #169, #867 ) ;
#1423 = CARTESIAN_POINT ( 'NONE',  ( -0.8562992125984228986, -2.391715216049147053, 0.6661294654803113779 ) ) ;
#1424 = CARTESIAN_POINT ( 'NONE',  ( -0.9349835377492052846, -1.570851808741241529, 0.1429951303415158137 ) ) ;
#1425 =( BOUNDED_SURFACE ( )  B_SPLINE_SURFACE ( 3, 2, ( 
 ( #1913, #304, #1024 ),
 ( #1744, #1754, #141 ),
 ( #902, #339, #2317 ),
 ( #911, #506, #1801 ),
 ( #1251, #1610, #1990 ),
 ( #2328, #521, #198 ),
 ( #1641, #2183, #1968 ),
 ( #1815, #698, #166 ),
 ( #685, #1263, #23 ),
 ( #733, #1431, #878 ),
 ( #723, #1950, #1596 ),
 ( #368, #177, #530 ),
 ( #2153, #1467, #1420 ),
 ( #2165, #1978, #349 ),
 ( #1051, #1074, #1631 ),
 ( #326, #1225, #13 ),
 ( #1791, #888, #1766 ),
 ( #1939, #1456, #2142 ),
 ( #155, #2174, #868 ),
 ( #1237, #1063, #1619 ),
 ( #1780, #358, #1 ),
 ( #186, #711, #1446 ) ),
 .UNSPECIFIED., .F., .F., .T. ) 
 B_SPLINE_SURFACE_WITH_KNOTS ( ( 4, 2, 2, 2, 2, 2, 2, 2, 2, 2, 4 ),
 ( 3, 3 ),
 ( 0.07993372677956187000, 0.08196239021083688570, 0.08399105364211190139, 0.08804838050466193278, 0.09616303422976200943, 0.1123923416799621489, 0.1286216491301622744, 0.1367363028552623372, 0.1407936297178123963, 0.1428222931490873981, 0.1448509565803624277 ),
 ( 0.000000000000000000, 1.000000000000000000 ),
 .UNSPECIFIED. ) 
 GEOMETRIC_REPRESENTATION_ITEM ( )  RATIONAL_B_SPLINE_SURFACE ( (
 ( 1.000000000000000000, 0.7071067811865474617, 1.000000000000000000),
 ( 1.000000000000000000, 0.7071067811865474617, 1.000000000000000000),
 ( 1.000000000000000000, 0.7071067811865474617, 1.000000000000000000),
 ( 1.000000000000000000, 0.7071067811865474617, 1.000000000000000000),
 ( 1.000000000000000000, 0.7071067811865474617, 1.000000000000000000),
 ( 1.000000000000000000, 0.7071067811865474617, 1.000000000000000000),
 ( 1.000000000000000000, 0.7071067811865475727, 1.000000000000000000),
 ( 1.000000000000000000, 0.7071067811865475727, 1.000000000000000000),
 ( 1.000000000000000000, 0.7071067811865474617, 1.000000000000000000),
 ( 1.000000000000000000, 0.7071067811865474617, 1.000000000000000000),
 ( 1.000000000000000000, 0.7071067811865474617, 1.000000000000000000),
 ( 1.000000000000000000, 0.7071067811865474617, 1.000000000000000000),
 ( 1.000000000000000000, 0.7071067811865474617, 1.000000000000000000),
 ( 1.000000000000000000, 0.7071067811865474617, 1.000000000000000000),
 ( 1.000000000000000000, 0.7071067811865481278, 1.000000000000000000),
 ( 1.000000000000000000, 0.7071067811865481278, 1.000000000000000000),
 ( 1.000000000000000000, 0.7071067811865481278, 1.000000000000000000),
 ( 1.000000000000000000, 0.7071067811865481278, 1.000000000000000000),
 ( 1.000000000000000000, 0.7071067811865471286, 1.000000000000000000),
 ( 1.000000000000000000, 0.7071067811865471286, 1.000000000000000000),
 ( 1.000000000000000000, 0.7071067811865474617, 1.000000000000000000),
 ( 1.000000000000000000, 0.7071067811865474617, 1.000000000000000000) ) ) 
 REPRESENTATION_ITEM ( '' )  SURFACE ( )  );
#1426 = DIRECTION ( 'NONE',  ( 0.000000000000000000, -1.000000000000000000, -0.000000000000000000 ) ) ;
#1427 = CARTESIAN_POINT ( 'NONE',  ( 1.191874380827221414, -2.458905642615147880, -0.1357316301785146118 ) ) ;
#1428 = B_SPLINE_CURVE_WITH_KNOTS ( 'NONE', 3,
 ( #560, #222, #213, #1046 ),
 .UNSPECIFIED., .F., .F.,
 ( 4, 4 ),
 ( 0.02834578673745987917, 0.02836270568475863368 ),
 .UNSPECIFIED. ) ;
#1429 = ORIENTED_EDGE ( 'NONE', *, *, #943, .T. ) ;
#1430 = DIRECTION ( 'NONE',  ( 0.000000000000000000, 0.000000000000000000, 1.000000000000000000 ) ) ;
#1431 = CARTESIAN_POINT ( 'NONE',  ( -0.8579431863098910815, -0.8203847545123376106, -0.1377952755905512416 ) ) ;
#1432 = ORIENTED_EDGE ( 'NONE', *, *, #2287, .T. ) ;
#1433 = DIRECTION ( 'NONE',  ( 1.000000000000000000, 0.000000000000000000, 0.000000000000000000 ) ) ;
#1434 = DIRECTION ( 'NONE',  ( 0.000000000000000000, 0.000000000000000000, 1.000000000000000000 ) ) ;
#1435 = CARTESIAN_POINT ( 'NONE',  ( -0.1751968503937012256, -2.863385826771653875, 4.849999999999999645 ) ) ;
#1436 = CARTESIAN_POINT ( 'NONE',  ( -0.6732182031189141158, -0.003695600378500330310, 0.1377952755905511861 ) ) ;
#1437 = CARTESIAN_POINT ( 'NONE',  ( 1.071189493944229021, -1.822858758707820215, 0.2489223933098740627 ) ) ;
#1438 = AXIS2_PLACEMENT_3D ( 'NONE', #1666, #46, #1491 ) ;
#1439 = VECTOR ( 'NONE', #2178, 39.37007874015748143 ) ;
#1440 = CARTESIAN_POINT ( 'NONE',  ( 1.245935017959557189, -2.450623508376048143, -0.08455855570400801213 ) ) ;
#1441 = B_SPLINE_CURVE_WITH_KNOTS ( 'NONE', 3,
 ( #1213, #634, #672, #1925, #1718, #456, #315, #1038, #1753, #1595, #2128, #140, #2297, #1639 ),
 .UNSPECIFIED., .F., .F.,
 ( 4, 2, 2, 2, 2, 2, 4 ),
 ( 0.000000000000000000, 0.0003900861433463035147, 0.0007801722866926070294, 0.001170258430038910707, 0.001560344573385214059, 0.002340516860077801898, 0.003120689146770389520 ),
 .UNSPECIFIED. ) ;
#1442 = VECTOR ( 'NONE', #1426, 39.37007874015748143 ) ;
#1443 = AXIS2_PLACEMENT_3D ( 'NONE', #835, #2245, #1570 ) ;
#1444 = ORIENTED_EDGE ( 'NONE', *, *, #986, .F. ) ;
#1445 = CARTESIAN_POINT ( 'NONE',  ( 0.8181620111036521648, -1.054691523708455314, 0.1377952755905511584 ) ) ;
#1446 = CARTESIAN_POINT ( 'NONE',  ( -1.254541780313725097, -2.464455836073084161, -0.05905511811023622659 ) ) ;
#1447 = VERTEX_POINT ( 'NONE', #647 ) ;
#1448 = CARTESIAN_POINT ( 'NONE',  ( 0.9697395114844291619, -1.712065868240584265, 0.1959096470913868626 ) ) ;
#1449 = DIRECTION ( 'NONE',  ( 0.000000000000000000, -0.000000000000000000, 1.000000000000000000 ) ) ;
#1450 = EDGE_CURVE ( 'NONE', #1560, #1465, #2302, .T. ) ;
#1451 = CARTESIAN_POINT ( 'NONE',  ( -0.9369344222056582572, -1.237347842067107129, 0.1377952755905511861 ) ) ;
#1452 = CARTESIAN_POINT ( 'NONE',  ( -0.9350393700787377194, -1.571318941923411261, 0.1431593746670296319 ) ) ;
#1453 = CARTESIAN_POINT ( 'NONE',  ( 1.249999999999997780, -2.450000000000000178, -0.05905511811023622659 ) ) ;
#1454 = VERTEX_POINT ( 'NONE', #851 ) ;
#1455 = DIRECTION ( 'NONE',  ( 1.000000000000000000, 0.000000000000000000, 0.000000000000000000 ) ) ;
#1456 = CARTESIAN_POINT ( 'NONE',  ( -1.215383875324869134, -2.338039890188152725, -0.1377952755905972326 ) ) ;
#1457 = ORIENTED_EDGE ( 'NONE', *, *, #1308, .T. ) ;
#1458 = DIRECTION ( 'NONE',  ( 0.000000000000000000, -0.3317444628506311943, -0.9433692868479163218 ) ) ;
#1459 = CARTESIAN_POINT ( 'NONE',  ( 0.9350393700787713591, -1.571318941921547419, 0.1431593746663741840 ) ) ;
#1460 = CARTESIAN_POINT ( 'NONE',  ( -0.6933893076656928445, -0.2121686216929387359, -0.1377952755905511861 ) ) ;
#1461 = EDGE_CURVE ( 'NONE', #585, #1149, #302, .T. ) ;
#1462 = B_SPLINE_CURVE_WITH_KNOTS ( 'NONE', 3,
 ( #1472, #491, #2190, #202, #667, #37, #1996, #2201, #374, #1103, #1820, #862 ),
 .UNSPECIFIED., .F., .F.,
 ( 4, 2, 2, 2, 2, 4 ),
 ( 0.000000000000000000, 0.001300455336060898351, 0.002600910672121796701, 0.003901366008182694835, 0.004551593676213135445, 0.005201821344243576922 ),
 .UNSPECIFIED. ) ;
#1463 = CARTESIAN_POINT ( 'NONE',  ( 0.8562992125984230096, -2.401413654589311886, 0.5633550310488587565 ) ) ;
#1464 = CARTESIAN_POINT ( 'NONE',  ( 0.9350393700787374973, -2.121042102104981453, 0.4305397526569718081 ) ) ;
#1465 = VERTEX_POINT ( 'NONE', #1177 ) ;
#1466 = CARTESIAN_POINT ( 'NONE',  ( 0.7506751545817439419, 0.01336706411300670957, 0.1377952755905511861 ) ) ;
#1467 = CARTESIAN_POINT ( 'NONE',  ( -1.026397532012281344, -1.649534718012453771, -0.1377952755906435567 ) ) ;
#1468 = EDGE_LOOP ( 'NONE', ( #2205, #1991 ) ) ;
#1469 = CARTESIAN_POINT ( 'NONE',  ( 1.242114579502588301, -2.424847976273191819, 0.6113487651788397370 ) ) ;
#1470 = CARTESIAN_POINT ( 'NONE',  ( -0.9415007280553304714, -1.656357856439577780, -0.1377952755905511861 ) ) ;
#1471 = CARTESIAN_POINT ( 'NONE',  ( 0.8562992125984230096, -1.597440553169596100, 0.06887832845786542868 ) ) ;
#1472 = CARTESIAN_POINT ( 'NONE',  ( 0.8562992125984227876, -1.770655768871431279, 0.1377952755905511861 ) ) ;
#1473 = ADVANCED_FACE ( 'NONE', ( #128 ), #1504, .F. ) ;
#1474 = EDGE_CURVE ( 'NONE', #585, #507, #2129, .T. ) ;
#1475 = CARTESIAN_POINT ( 'NONE',  ( 1.249999999999997780, -2.450000000000000178, 4.849999999999999645 ) ) ;
#1476 = VECTOR ( 'NONE', #1012, 39.37007874015748143 ) ;
#1477 = ORIENTED_EDGE ( 'NONE', *, *, #767, .F. ) ;
#1478 = DIRECTION ( 'NONE',  ( 1.000000000000000000, 0.000000000000000000, 0.000000000000000000 ) ) ;
#1479 = VECTOR ( 'NONE', #1723, 39.37007874015748143 ) ;
#1480 = ORIENTED_EDGE ( 'NONE', *, *, #1642, .F. ) ;
#1481 = CARTESIAN_POINT ( 'NONE',  ( 0.9407961915766919203, -1.553245449177366844, 0.1363911743220721506 ) ) ;
#1482 = CARTESIAN_POINT ( 'NONE',  ( -0.8562992125984230096, -1.834276301333655823, 0.1661928519943326188 ) ) ;
#1483 = AXIS2_PLACEMENT_3D ( 'NONE', #2177, #1804, #1941 ) ;
#1484 = CARTESIAN_POINT ( 'NONE',  ( 0.9350393700787380524, -2.087376989316639619, 0.4064586608593259154 ) ) ;
#1485 = CARTESIAN_POINT ( 'NONE',  ( 0.6732182031189141158, -0.003695600378500155537, 0.1377952755905511861 ) ) ;
#1486 = DIRECTION ( 'NONE',  ( -0.000000000000000000, -0.000000000000000000, -1.000000000000000000 ) ) ;
#1487 = EDGE_CURVE ( 'NONE', #1937, #1763, #1017, .T. ) ;
#1488 = EDGE_LOOP ( 'NONE', ( #2024, #1253, #1238, #2162 ) ) ;
#1489 = LINE ( 'NONE', #1497, #1132 ) ;
#1490 = VERTEX_POINT ( 'NONE', #1731 ) ;
#1491 = DIRECTION ( 'NONE',  ( -1.000000000000000000, 0.000000000000000000, 0.000000000000000000 ) ) ;
#1492 = CARTESIAN_POINT ( 'NONE',  ( -0.4370078740157480879, 0.000000000000000000, 0.1377952755905511861 ) ) ;
#1493 = CARTESIAN_POINT ( 'NONE',  ( 0.6732182031189141158, -0.003695600378500155537, 0.1377952755905511861 ) ) ;
#1494 = CARTESIAN_POINT ( 'NONE',  ( -0.9516671595871558642, -1.551245390769256050, 0.1333089468168011105 ) ) ;
#1495 = DIRECTION ( 'NONE',  ( 1.000000000000000000, 0.000000000000000000, -0.000000000000000000 ) ) ;
#1496 = VERTEX_POINT ( 'NONE', #495 ) ;
#1497 = CARTESIAN_POINT ( 'NONE',  ( -1.249999999999997780, -2.863385826771653875, 0.1377952755905511861 ) ) ;
#1498 = ADVANCED_FACE ( 'NONE', ( #805, #618 ), #446, .T. ) ;
#1499 = ORIENTED_EDGE ( 'NONE', *, *, #237, .T. ) ;
#1500 = CARTESIAN_POINT ( 'NONE',  ( 0.9892087471527745146, -1.547268028148998997, 0.1050231248942459783 ) ) ;
#1501 = CARTESIAN_POINT ( 'NONE',  ( -0.9350393700787374973, -2.325794828472677711, 0.6008507540130024749 ) ) ;
#1502 = CARTESIAN_POINT ( 'NONE',  ( 0.6939451831346898913, -0.002745788522869769058, 0.1357074213462387269 ) ) ;
#1503 = CARTESIAN_POINT ( 'NONE',  ( -0.9425245776675784670, -1.552909288119062481, 0.1360100959111594232 ) ) ;
#1504 = B_SPLINE_SURFACE_WITH_KNOTS ( 'NONE', 2, 1, ( 
 ( #2264, #469 ),
 ( #1550, #1575 ),
 ( #1711, #1410 ) ),
 .UNSPECIFIED., .F., .F., .F.,
 ( 3, 3 ),
 ( 2, 2 ),
 ( 0.000000000000000000, 1.000000000000000000 ),
 ( 0.000000000000000000, 1.000000000000000000 ),
 .UNSPECIFIED. ) ;
#1505 = CARTESIAN_POINT ( 'NONE',  ( -1.102863423796614839, -1.943989872740598424, 0.3144671035036079032 ) ) ;
#1506 = ORIENTED_EDGE ( 'NONE', *, *, #2309, .F. ) ;
#1507 = CARTESIAN_POINT ( 'NONE',  ( -0.7325397326622680172, -0.0009318103138845443712, -0.1110979576732689100 ) ) ;
#1508 = VECTOR ( 'NONE', #1708, 39.37007874015748143 ) ;
#1509 = ORIENTED_EDGE ( 'NONE', *, *, #2053, .F. ) ;
#1510 = CARTESIAN_POINT ( 'NONE',  ( 1.124849839833728993, -2.051664969479962686, -0.05905511811023623353 ) ) ;
#1511 = CARTESIAN_POINT ( 'NONE',  ( 1.243948881162656672, -2.430967841206824964, 0.7075035725870653103 ) ) ;
#1512 = VECTOR ( 'NONE', #1634, 39.37007874015748143 ) ;
#1513 = CARTESIAN_POINT ( 'NONE',  ( 1.046094358294580529, -2.062299022081190980, -0.1377952755905511584 ) ) ;
#1514 = CIRCLE ( 'NONE', #8, 0.1200787401574807539 ) ;
#1515 = EDGE_CURVE ( 'NONE', #1064, #1987, #1719, .T. ) ;
#1516 = CARTESIAN_POINT ( 'NONE',  ( 0.8562992125983833747, -2.439228248411207556, 0.7164838649113373092 ) ) ;
#1517 = CARTESIAN_POINT ( 'NONE',  ( 0.7325397326622676841, -0.0009318103138855957221, -0.1110979576732689794 ) ) ;
#1518 = CARTESIAN_POINT ( 'NONE',  ( -1.045923046298431913, -1.723222321930490741, 0.1230415419917531145 ) ) ;
#1519 = CARTESIAN_POINT ( 'NONE',  ( 1.246565213827244278, -2.439067567688008253, -0.1377952755905512139 ) ) ;
#1520 = EDGE_LOOP ( 'NONE', ( #1060, #1608, #897, #407, #2175, #1418 ) ) ;
#1521 = DIRECTION ( 'NONE',  ( 0.000000000000000000, -1.000000000000000000, 0.000000000000000000 ) ) ;
#1522 = ORIENTED_EDGE ( 'NONE', *, *, #441, .T. ) ;
#1523 = CARTESIAN_POINT ( 'NONE',  ( 0.7633788326652425349, -0.1127317035062697093, -0.05905511811023622659 ) ) ;
#1524 = FACE_OUTER_BOUND ( 'NONE', #208, .T. ) ;
#1525 = DIRECTION ( 'NONE',  ( -1.000000000000000000, 0.000000000000000000, 0.000000000000000000 ) ) ;
#1526 = CARTESIAN_POINT ( 'NONE',  ( 0.9101942150335924353, -2.450000000000000178, 0.7227428860642687303 ) ) ;
#1527 = EDGE_CURVE ( 'NONE', #1382, #1033, #101, .T. ) ;
#1528 = CARTESIAN_POINT ( 'NONE',  ( -1.228933768847264796, -2.382576074360816420, 0.6567497596115347003 ) ) ;
#1529 = CARTESIAN_POINT ( 'NONE',  ( 1.177571939772563470, -2.211341395288068057, -0.05905511811021318946 ) ) ;
#1530 = PLANE ( 'NONE',  #256 ) ;
#1531 = CARTESIAN_POINT ( 'NONE',  ( 0.9253979302473608337, -1.555887760671378794, 0.1377952755905511861 ) ) ;
#1532 = VERTEX_POINT ( 'NONE', #636 ) ;
#1533 = CARTESIAN_POINT ( 'NONE',  ( 0.7190626794385804876, -0.4118259588476817501, -0.1377952755905511861 ) ) ;
#1534 = CARTESIAN_POINT ( 'NONE',  ( 0.8336614173228334979, -2.656692913385826582, 4.474999999999999645 ) ) ;
#1535 = DIRECTION ( 'NONE',  ( 1.000000000000000000, 0.000000000000000000, 0.000000000000000000 ) ) ;
#1536 = ADVANCED_BREP_SHAPE_REPRESENTATION ( 'roller_2_narrow', ( #1690, #1604, #1246 ), #2259 ) ;
#1537 = CARTESIAN_POINT ( 'NONE',  ( 0.8562992125984231206, -2.449999999999999734, 0.6261218892861852847 ) ) ;
#1538 = EDGE_CURVE ( 'NONE', #2113, #2226, #1214, .T. ) ;
#1539 = EDGE_CURVE ( 'NONE', #274, #852, #458, .T. ) ;
#1540 = CARTESIAN_POINT ( 'NONE',  ( -1.166758732772539719, -2.174107770769852177, 0.4704763796074912796 ) ) ;
#1541 = B_SPLINE_CURVE_WITH_KNOTS ( 'NONE', 3,
 ( #2333, #511, #1055, #2170, #488, #1591, #1258, #501, #1218, #1974, #1932, #1774, #1242, #1603 ),
 .UNSPECIFIED., .F., .F.,
 ( 4, 2, 2, 2, 2, 2, 4 ),
 ( -1.636286656792096709E-05, 0.0007754586750031130030, 0.001567280216574146959, 0.001963190987359660685, 0.002359101758145174411, 0.002755012528930688136, 0.003150923299716202729 ),
 .UNSPECIFIED. ) ;
#1542 = CARTESIAN_POINT ( 'NONE',  ( 1.101983683564276673, -2.233399182035168185, -0.1377952755905512694 ) ) ;
#1543 = VERTEX_POINT ( 'NONE', #1563 ) ;
#1544 = CARTESIAN_POINT ( 'NONE',  ( 1.171259842519682737, -2.863385826771653875, -0.1377952755905511861 ) ) ;
#1545 = ORIENTED_EDGE ( 'NONE', *, *, #1136, .F. ) ;
#1546 = CARTESIAN_POINT ( 'NONE',  ( 0.8171085883005375639, -1.043038272455058202, -0.1377952755905511861 ) ) ;
#1547 = CARTESIAN_POINT ( 'NONE',  ( -0.9221524851677861401, -2.450000000000000622, 0.7271319838299847849 ) ) ;
#1548 = VECTOR ( 'NONE', #745, 39.37007874015748143 ) ;
#1549 = AXIS2_PLACEMENT_3D ( 'NONE', #1534, #233, #949 ) ;
#1550 = CARTESIAN_POINT ( 'NONE',  ( -0.8728845924428136893, -1.249695684134214391, 0.05905511811023627516 ) ) ;
#1551 = EDGE_LOOP ( 'NONE', ( #284, #312, #515, #1652, #14, #110 ) ) ;
#1552 = CARTESIAN_POINT ( 'NONE',  ( -1.250000000010173418, -2.450000000026628211, 0.05905511811023627516 ) ) ;
#1553 = CARTESIAN_POINT ( 'NONE',  ( -0.8562992125984230096, -2.472693273503248967, 0.6368934175554477051 ) ) ;
#1554 = CIRCLE ( 'NONE', #115, 0.4370078740157480879 ) ;
#1555 = CARTESIAN_POINT ( 'NONE',  ( 1.249999999999997780, -2.450000000000000178, 0.1377952755905511861 ) ) ;
#1556 = CARTESIAN_POINT ( 'NONE',  ( -0.8562992125984230096, -1.770655768871431279, 0.1377952755905511861 ) ) ;
#1557 = EDGE_LOOP ( 'NONE', ( #834, #2021, #87 ) ) ;
#1558 = CARTESIAN_POINT ( 'NONE',  ( -1.124849839833728549, -2.051664969479962686, -0.05905511811023623353 ) ) ;
#1559 = ADVANCED_FACE ( 'NONE', ( #2278 ), #1425, .T. ) ;
#1560 = VERTEX_POINT ( 'NONE', #1084 ) ;
#1561 = CARTESIAN_POINT ( 'NONE',  ( 1.029884197231379028, -1.977206979656133568, -0.1377952755905511306 ) ) ;
#1562 = DIRECTION ( 'NONE',  ( 0.000000000000000000, 0.000000000000000000, -1.000000000000000000 ) ) ;
#1563 = CARTESIAN_POINT ( 'NONE',  ( -0.8562992125984230096, -2.450000000000000178, 0.1377952755905512972 ) ) ;
#1564 = ORIENTED_EDGE ( 'NONE', *, *, #631, .F. ) ;
#1565 = CARTESIAN_POINT ( 'NONE',  ( 0.7514580726379573861, -2.464815592217647821E-05, 0.06937197973855577238 ) ) ;
#1566 = CARTESIAN_POINT ( 'NONE',  ( -0.8562992125984230096, -1.663823706879048014, 0.09130081415358097530 ) ) ;
#1567 = DIRECTION ( 'NONE',  ( 0.000000000000000000, -0.000000000000000000, 1.000000000000000000 ) ) ;
#1568 = CARTESIAN_POINT ( 'NONE',  ( -1.242147582409346418, -2.424953719697881205, 0.6114583053866745610 ) ) ;
#1569 = FACE_OUTER_BOUND ( 'NONE', #75, .T. ) ;
#1570 = DIRECTION ( 'NONE',  ( 0.000000000000000000, -0.000000000000000000, -1.000000000000000000 ) ) ;
#1571 = ORIENTED_EDGE ( 'NONE', *, *, #2043, .T. ) ;
#1572 = EDGE_CURVE ( 'NONE', #1852, #1270, #938, .T. ) ;
#1573 = ADVANCED_FACE ( 'NONE', ( #622 ), #474, .F. ) ;
#1574 = CARTESIAN_POINT ( 'NONE',  ( -0.8562992125984230096, -2.450000000000000178, 0.6261276794169344795 ) ) ;
#1575 = CARTESIAN_POINT ( 'NONE',  ( -0.8728845924428136893, -1.249695684134214391, -0.05905511811023622659 ) ) ;
#1576 = VERTEX_POINT ( 'NONE', #270 ) ;
#1577 = DIRECTION ( 'NONE',  ( -1.000000000000000000, 0.000000000000000000, 0.000000000000000000 ) ) ;
#1578 = CARTESIAN_POINT ( 'NONE',  ( -0.8562992125984230096, -2.123282190173555684, 0.3354628438314189998 ) ) ;
#1579 = DIRECTION ( 'NONE',  ( -0.000000000000000000, -0.000000000000000000, 1.000000000000000000 ) ) ;
#1580 = SURFACE_SIDE_STYLE ('',( #1375 ) ) ;
#1581 = CARTESIAN_POINT ( 'NONE',  ( -1.236477754262163886, -2.406967055055516003, 0.6819866196982501405 ) ) ;
#1582 = CARTESIAN_POINT ( 'NONE',  ( -1.250000000007589485, -2.450000000026785418, 0.05905511811023627516 ) ) ;
#1583 = ORIENTED_EDGE ( 'NONE', *, *, #2204, .T. ) ;
#1584 = CARTESIAN_POINT ( 'NONE',  ( -0.9471132467095114693, -1.301342028336097467, 0.1377952755905512139 ) ) ;
#1585 = CARTESIAN_POINT ( 'NONE',  ( 0.000000000000000000, 0.000000000000000000, 0.05905511811023622659 ) ) ;
#1586 = CARTESIAN_POINT ( 'NONE',  ( -0.7128736319593845794, -0.001863273895832898023, 0.1278522984147984209 ) ) ;
#1587 = CARTESIAN_POINT ( 'NONE',  ( 1.185865835381389122, -2.450000000000000178, 0.7283464566929135353 ) ) ;
#1588 = CARTESIAN_POINT ( 'NONE',  ( -0.8562992125983409641, -2.188649352811645521, 0.4820041516193289133 ) ) ;
#1589 = MECHANICAL_DESIGN_GEOMETRIC_PRESENTATION_REPRESENTATION (  '', ( #1729 ), #1911 ) ;
#1590 = AXIS2_PLACEMENT_3D ( 'NONE', #1179, #433, #1881 ) ;
#1591 = CARTESIAN_POINT ( 'NONE',  ( -1.230435036013178385, -2.452999984771689235, -0.1112532096175503360 ) ) ;
#1592 = CARTESIAN_POINT ( 'NONE',  ( -0.8562992125984230096, -2.450000000000000178, 0.7283464566929135353 ) ) ;
#1593 = CARTESIAN_POINT ( 'NONE',  ( 0.9350393700788507401, -1.655351884331113466, 0.1727103296636225693 ) ) ;
#1594 = ORIENTED_EDGE ( 'NONE', *, *, #1278, .F. ) ;
#1595 = CARTESIAN_POINT ( 'NONE',  ( -1.240893290479242683, -2.450000000000000178, 0.6881350933787252488 ) ) ;
#1596 = CARTESIAN_POINT ( 'NONE',  ( -0.8945492527932368265, -1.028724280197136354, -0.05905511811023625435 ) ) ;
#1597 = VERTEX_POINT ( 'NONE', #2109 ) ;
#1598 = DIRECTION ( 'NONE',  ( 1.000000000000000000, 0.000000000000000000, 0.000000000000000000 ) ) ;
#1599 = DIRECTION ( 'NONE',  ( -0.000000000000000000, -0.000000000000000000, 1.000000000000000000 ) ) ;
#1600 = CARTESIAN_POINT ( 'NONE',  ( -0.8562992125984230096, -2.044214115076643079, 0.2832453824927957386 ) ) ;
#1601 = PLANE ( 'NONE',  #1204 ) ;
#1602 = ADVANCED_FACE ( 'NONE', ( #651 ), #1169, .T. ) ;
#1603 = CARTESIAN_POINT ( 'NONE',  ( -1.249999999999997780, -2.450000000000000178, -0.05905511811023622659 ) ) ;
#1604 = MANIFOLD_SOLID_BREP ( 'Split1[2]', #1057 ) ;
#1605 = CARTESIAN_POINT ( 'NONE',  ( 1.081811183345265270, -1.864047551377470802, 0.2700507312001890203 ) ) ;
#1606 = CARTESIAN_POINT ( 'NONE',  ( -1.249999999999997780, -2.863385826771653875, -0.05905511811023622659 ) ) ;
#1607 = CARTESIAN_POINT ( 'NONE',  ( -0.9350393700787377194, -1.571318941923411261, 0.1431593746670296319 ) ) ;
#1608 = ORIENTED_EDGE ( 'NONE', *, *, #1751, .T. ) ;
#1609 = CARTESIAN_POINT ( 'NONE',  ( 0.7787342932416286834, -0.2511832486984637569, 0.1377952755905512139 ) ) ;
#1610 = CARTESIAN_POINT ( 'NONE',  ( -0.7633788326652438672, -0.1127317035061349143, -0.1377952755905223481 ) ) ;
#1611 = ORIENTED_EDGE ( 'NONE', *, *, #66, .T. ) ;
#1612 = CARTESIAN_POINT ( 'NONE',  ( 0.000000000000000000, 0.000000000000000000, -0.05905511811023622659 ) ) ;
#1613 = CARTESIAN_POINT ( 'NONE',  ( -0.9257842835239629142, -1.557565778279405899, 0.1377952755905512139 ) ) ;
#1614 = CARTESIAN_POINT ( 'NONE',  ( 1.249999999999997780, -1.237347842067107129, -0.05905511811023622659 ) ) ;
#1615 = DIRECTION ( 'NONE',  ( 1.000000000000000000, 0.000000000000000000, 0.000000000000000000 ) ) ;
#1616 = CARTESIAN_POINT ( 'NONE',  ( -1.078067009592531322, -1.853122901116254884, 0.05905511811023623353 ) ) ;
#1617 = ORIENTED_EDGE ( 'NONE', *, *, #2023, .F. ) ;
#1618 = CARTESIAN_POINT ( 'NONE',  ( 0.7676061785443301089, -0.1520833224310691456, 0.1377952755905512139 ) ) ;
#1619 = CARTESIAN_POINT ( 'NONE',  ( -1.238684455463416212, -2.413884218008711002, -0.05905511811023622659 ) ) ;
#1620 = ORIENTED_EDGE ( 'NONE', *, *, #1539, .T. ) ;
#1621 = CARTESIAN_POINT ( 'NONE',  ( -0.7439932163870859316, -0.0003839665047252425198, 0.09396870242640728565 ) ) ;
#1622 = DIRECTION ( 'NONE',  ( -0.000000000000000000, -0.000000000000000000, 1.000000000000000000 ) ) ;
#1623 = CARTESIAN_POINT ( 'NONE',  ( 0.8167113786479054394, -1.040546998662108980, -0.1377952755905511861 ) ) ;
#1624 = CARTESIAN_POINT ( 'NONE',  ( 0.000000000000000000, -2.656692913385826582, 4.474999999999999645 ) ) ;
#1625 = AXIS2_PLACEMENT_3D ( 'NONE', #1305, #2214, #1674 ) ;
#1626 = CARTESIAN_POINT ( 'NONE',  ( -1.159729454642776769, -2.152794660034619501, 0.05905511811023623353 ) ) ;
#1627 = VECTOR ( 'NONE', #814, 39.37007874015748143 ) ;
#1628 = VERTEX_POINT ( 'NONE', #105 ) ;
#1629 = CARTESIAN_POINT ( 'NONE',  ( 0.7538920575907374078, -0.01988037099919217829, 0.05905511811023622659 ) ) ;
#1630 = ADVANCED_FACE ( 'NONE', ( #1276 ), #2047, .T. ) ;
#1631 = CARTESIAN_POINT ( 'NONE',  ( -1.133793256180744224, -2.058848264153123608, -0.05905511811021314089 ) ) ;
#1632 = EDGE_LOOP ( 'NONE', ( #1421, #2015 ) ) ;
#1633 = DIRECTION ( 'NONE',  ( 0.000000000000000000, 1.000000000000000000, 0.000000000000000000 ) ) ;
#1634 = DIRECTION ( 'NONE',  ( 0.000000000000000000, -1.000000000000000000, 0.000000000000000000 ) ) ;
#1635 = DIRECTION ( 'NONE',  ( 0.000000000000000000, 0.000000000000000000, -1.000000000000000000 ) ) ;
#1636 = CARTESIAN_POINT ( 'NONE',  ( 1.078997654538387252, -1.853056195504769743, 0.1859541233914762948 ) ) ;
#1637 = CARTESIAN_POINT ( 'NONE',  ( 1.185865835381389122, -2.450000000000000178, 0.7283464566929135353 ) ) ;
#1638 = ORIENTED_EDGE ( 'NONE', *, *, #599, .T. ) ;
#1639 = CARTESIAN_POINT ( 'NONE',  ( -1.250000000010173418, -2.450000000026628211, 0.6378976325122054369 ) ) ;
#1640 = EDGE_CURVE ( 'NONE', #1597, #1270, #1347, .T. ) ;
#1641 = CARTESIAN_POINT ( 'NONE',  ( -0.6997688602926456225, -0.2533125591717596548, -0.1377952755905511584 ) ) ;
#1642 = EDGE_CURVE ( 'NONE', #504, #2, #130, .T. ) ;
#1643 = ORIENTED_EDGE ( 'NONE', *, *, #1147, .T. ) ;
#1644 = CARTESIAN_POINT ( 'NONE',  ( 1.166943910820432473, -2.391911158699448592, 0.6663252869356222075 ) ) ;
#1645 = LINE ( 'NONE', #905, #1512 ) ;
#1646 = CARTESIAN_POINT ( 'NONE',  ( 0.9350393700787380524, -1.975999016304158751, 0.3319860384391789543 ) ) ;
#1647 = CARTESIAN_POINT ( 'NONE',  ( 0.9350393700788426354, -1.597440553170410338, 0.1377952755905511861 ) ) ;
#1648 = B_SPLINE_CURVE_WITH_KNOTS ( 'NONE', 2,
 ( #2187, #702, #1290 ),
 .UNSPECIFIED., .F., .F.,
 ( 3, 3 ),
 ( 0.000000000000000000, 0.3715743614556109575 ),
 .UNSPECIFIED. ) ;
#1649 = CARTESIAN_POINT ( 'NONE',  ( 0.9350393700787380524, -2.450000000000000178, 0.7283464566929135353 ) ) ;
#1650 = ORIENTED_EDGE ( 'NONE', *, *, #909, .T. ) ;
#1651 = CARTESIAN_POINT ( 'NONE',  ( 0.7866974818724449259, -0.3171836581030273439, 0.05905511811026525892 ) ) ;
#1652 = ORIENTED_EDGE ( 'NONE', *, *, #968, .F. ) ;
#1653 = DIRECTION ( 'NONE',  ( 0.2154620349379124944, -0.9212116344983409810, 0.3239525211590562614 ) ) ;
#1654 = CARTESIAN_POINT ( 'NONE',  ( 1.182536175282330904, -2.439844846528690159, 0.7171859138594928185 ) ) ;
#1655 = CARTESIAN_POINT ( 'NONE',  ( -0.8562992125984230096, -2.161668707680826085, 0.3629601091723436146 ) ) ;
#1656 = CARTESIAN_POINT ( 'NONE',  ( -0.9753937007874003973, -2.656692913385826582, 4.474999999999999645 ) ) ;
#1657 = CARTESIAN_POINT ( 'NONE',  ( 0.8562992125984228986, -2.194803067985110268, 0.4869383593617199746 ) ) ;
#1658 = CARTESIAN_POINT ( 'NONE',  ( 0.000000000000000000, 0.000000000000000000, 1.043307086614173151 ) ) ;
#1659 = CARTESIAN_POINT ( 'NONE',  ( -1.035820070985546071, -1.957503856786029672, 0.3225001498983885440 ) ) ;
#1660 = AXIS2_PLACEMENT_3D ( 'NONE', #2083, #1203, #1736 ) ;
#1661 = CIRCLE ( 'NONE', #2301, 0.03808499439389759905 ) ;
#1662 = VERTEX_POINT ( 'NONE', #470 ) ;
#1663 = CARTESIAN_POINT ( 'NONE',  ( 1.230367178584041099, -2.387078064553938894, 0.5728125330223681200 ) ) ;
#1664 = AXIS2_PLACEMENT_3D ( 'NONE', #2117, #997, #316 ) ;
#1665 = VERTEX_POINT ( 'NONE', #1720 ) ;
#1666 = CARTESIAN_POINT ( 'NONE',  ( 0.000000000000000000, 0.000000000000000000, 0.05905511811023622659 ) ) ;
#1667 = CARTESIAN_POINT ( 'NONE',  ( 1.238960067516324148, -2.414963053429230122, 0.6903894048549371609 ) ) ;
#1668 = CARTESIAN_POINT ( 'NONE',  ( -0.9350393700787388296, -2.260567500676365693, 0.5405840051511543454 ) ) ;
#1669 = CARTESIAN_POINT ( 'NONE',  ( 0.9350393700787380524, -1.655854887519667473, 0.1728872153486626928 ) ) ;
#1670 = CARTESIAN_POINT ( 'NONE',  ( 0.2952755905511817991, -2.450000000000000178, 4.849999999999999645 ) ) ;
#1671 = ADVANCED_FACE ( 'NONE', ( #1354, #448 ), #620, .T. ) ;
#1672 = CARTESIAN_POINT ( 'NONE',  ( -1.145014966079829000, -2.097551160150194605, 0.3324005795711904576 ) ) ;
#1673 = EDGE_LOOP ( 'NONE', ( #800, #539, #1223 ) ) ;
#1674 = DIRECTION ( 'NONE',  ( 0.000000000000000000, 0.000000000000000000, 1.000000000000000000 ) ) ;
#1675 = ORIENTED_EDGE ( 'NONE', *, *, #1860, .F. ) ;
#1676 = CARTESIAN_POINT ( 'NONE',  ( 0.9350393700787380524, -2.081265980406107552, 0.3208297833103072039 ) ) ;
#1677 = CARTESIAN_POINT ( 'NONE',  ( 0.8562992125984228986, -1.975999016304331724, 0.3319860384389204944 ) ) ;
#1678 = CARTESIAN_POINT ( 'NONE',  ( 0.7439932163870859316, -0.0003839665047250128858, -0.09396870242640729953 ) ) ;
#1679 = DIRECTION ( 'NONE',  ( -0.000000000000000000, -1.000000000000000000, -0.000000000000000000 ) ) ;
#1680 = ORIENTED_EDGE ( 'NONE', *, *, #1474, .T. ) ;
#1681 = CARTESIAN_POINT ( 'NONE',  ( -0.7216499995641484366, -0.001449141321346935967, -0.1219886988405440159 ) ) ;
#1682 = ORIENTED_EDGE ( 'NONE', *, *, #2053, .T. ) ;
#1683 = CARTESIAN_POINT ( 'NONE',  ( 0.7526993084518334154, -0.007553033342452337984, -0.05905511811023622659 ) ) ;
#1684 = CYLINDRICAL_SURFACE ( 'NONE', #2081, 0.07874015748031495954 ) ;
#1685 = CARTESIAN_POINT ( 'NONE',  ( -0.9350393700787377194, -1.571318941923411261, 0.1431593746670296319 ) ) ;
#1686 = CARTESIAN_POINT ( 'NONE',  ( 0.7415754214376776288, -0.0005000125303606636805, 0.09849024761561911423 ) ) ;
#1687 = B_SPLINE_CURVE_WITH_KNOTS ( 'NONE', 3,
 ( #684, #1910, #1547, #325, #1023, #838, #1889, #2263, #2114, #1764, #1175, #866, #1574, #482 ),
 .UNSPECIFIED., .F., .F.,
 ( 4, 2, 2, 2, 2, 2, 4 ),
 ( 0.000000000000000000, 0.0004889422427502751987, 0.0009778844855005503975, 0.001466826728250825596, 0.001955768971001100795, 0.002933653456501651192, 0.003911537942002201590 ),
 .UNSPECIFIED. ) ;
#1688 = CARTESIAN_POINT ( 'NONE',  ( 0.7216499995641483256, -0.001449141321347942758, -0.1219886988405440853 ) ) ;
#1689 = B_SPLINE_SURFACE_WITH_KNOTS ( 'NONE', 2, 1, ( 
 ( #220, #1846 ),
 ( #1676, #2208 ),
 ( #1318, #2050 ) ),
 .UNSPECIFIED., .F., .F., .F.,
 ( 3, 3 ),
 ( 2, 2 ),
 ( 0.000000000000000000, 0.7836115989729607323 ),
 ( 0.000000000000000000, 1.000000000000000000 ),
 .UNSPECIFIED. ) ;
#1690 = MANIFOLD_SOLID_BREP ( 'Split1[1]', #2223 ) ;
#1691 = VERTEX_POINT ( 'NONE', #1552 ) ;
#1692 = DIRECTION ( 'NONE',  ( -0.000000000000000000, -0.000000000000000000, -1.000000000000000000 ) ) ;
#1693 = AXIS2_PLACEMENT_3D ( 'NONE', #2207, #1653, #1458 ) ;
#1694 = CIRCLE ( 'NONE', #1843, 0.1023622047244095723 ) ;
#1695 = ORIENTED_EDGE ( 'NONE', *, *, #1400, .F. ) ;
#1696 = CARTESIAN_POINT ( 'NONE',  ( 0.6997688602925672408, -0.2533125591716661185, -0.1377952755905511861 ) ) ;
#1697 = EDGE_CURVE ( 'NONE', #1937, #2329, #91, .T. ) ;
#1698 = AXIS2_PLACEMENT_3D ( 'NONE', #1300, #371, #181 ) ;
#1699 = CARTESIAN_POINT ( 'NONE',  ( -0.7676069815372373872, -0.1520906706550953780, 0.1377952755905439419 ) ) ;
#1700 = AXIS2_PLACEMENT_3D ( 'NONE', #993, #1907, #1715 ) ;
#1701 =( LENGTH_UNIT ( ) NAMED_UNIT ( * ) SI_UNIT ( $, .METRE. ) );
#1702 = CARTESIAN_POINT ( 'NONE',  ( 0.000000000000000000, -2.656692913385826582, 4.849999999999999645 ) ) ;
#1703 = CARTESIAN_POINT ( 'NONE',  ( -1.257628943273365163, -2.474196386849475626, 0.6640500229462730220 ) ) ;
#1704 = CARTESIAN_POINT ( 'NONE',  ( 1.192497677722980320, -2.262077507712092483, -0.05905511811023622659 ) ) ;
#1705 = ORIENTED_EDGE ( 'NONE', *, *, #1146, .F. ) ;
#1706 = LINE ( 'NONE', #1862, #2071 ) ;
#1707 = VERTEX_POINT ( 'NONE', #648 ) ;
#1708 = DIRECTION ( 'NONE',  ( -0.000000000000000000, -0.000000000000000000, -1.000000000000000000 ) ) ;
#1709 = CARTESIAN_POINT ( 'NONE',  ( 0.1751968503937014476, -2.450000000000000178, 4.849999999999999645 ) ) ;
#1710 = ADVANCED_FACE ( 'NONE', ( #1387 ), #1892, .F. ) ;
#1711 = CARTESIAN_POINT ( 'NONE',  ( -1.249999999999997780, -2.450000000000000178, 0.05905511811023627516 ) ) ;
#1712 = CARTESIAN_POINT ( 'NONE',  ( -1.005119967527565050, -1.551176037520955342, 0.05905511811023624741 ) ) ;
#1713 = CARTESIAN_POINT ( 'NONE',  ( -1.247689750065590353, -2.442923671101550287, 0.7205258549183261030 ) ) ;
#1714 = ORIENTED_EDGE ( 'NONE', *, *, #386, .T. ) ;
#1715 = DIRECTION ( 'NONE',  ( -1.000000000000000000, 0.000000000000000000, 0.000000000000000000 ) ) ;
#1716 = ORIENTED_EDGE ( 'NONE', *, *, #66, .F. ) ;
#1717 = CARTESIAN_POINT ( 'NONE',  ( 0.7719293535944986573, -0.1916032665538160151, -0.05905511811023622659 ) ) ;
#1718 = CARTESIAN_POINT ( 'NONE',  ( -1.210716177914937353, -2.450000000000000622, 0.7224123568310065746 ) ) ;
#1719 = LINE ( 'NONE', #289, #437 ) ;
#1720 = CARTESIAN_POINT ( 'NONE',  ( 1.249999999999997780, -2.450000000000000178, 1.043307086614173151 ) ) ;
#1721 = CARTESIAN_POINT ( 'NONE',  ( -0.8562992125985051661, -1.843589384820226051, 0.2594959091095556114 ) ) ;
#1722 = ADVANCED_FACE ( 'NONE', ( #118 ), #831, .F. ) ;
#1723 = DIRECTION ( 'NONE',  ( -1.000000000000000000, 0.000000000000000000, 0.000000000000000000 ) ) ;
#1724 = ORIENTED_EDGE ( 'NONE', *, *, #1250, .F. ) ;
#1725 = CARTESIAN_POINT ( 'NONE',  ( -1.249999999999997780, -2.450000000000000178, -0.05905511811023622659 ) ) ;
#1726 = ORIENTED_EDGE ( 'NONE', *, *, #1849, .T. ) ;
#1727 = CARTESIAN_POINT ( 'NONE',  ( 1.105938476782141633, -1.956805090728221952, -0.05905511811023619190 ) ) ;
#1728 = CARTESIAN_POINT ( 'NONE',  ( -0.8955977777341992407, -1.040313234708567292, 0.05905511811006210893 ) ) ;
#1729 = STYLED_ITEM ( 'NONE', ( #294 ), #1604 ) ;
#1730 = CIRCLE ( 'NONE', #1698, 0.1023622047244095723 ) ;
#1731 = CARTESIAN_POINT ( 'NONE',  ( 0.9311685206311508534, -1.555273185027493899, 0.1375842137720352520 ) ) ;
#1732 = ORIENTED_EDGE ( 'NONE', *, *, #2105, .F. ) ;
#1733 = CARTESIAN_POINT ( 'NONE',  ( -0.8562992125984230096, -1.879558330995071413, 0.1894307813677402474 ) ) ;
#1734 = CIRCLE ( 'NONE', #258, 0.1023622047244095723 ) ;
#1735 = CARTESIAN_POINT ( 'NONE',  ( 0.000000000000000000, -2.656692913385826582, 4.474999999999999645 ) ) ;
#1736 = DIRECTION ( 'NONE',  ( -1.000000000000000000, 0.000000000000000000, 0.000000000000000000 ) ) ;
#1737 = CARTESIAN_POINT ( 'NONE',  ( -0.6732283464566928277, 0.000000000000000000, -0.1377952755905511861 ) ) ;
#1738 = EDGE_CURVE ( 'NONE', #731, #619, #1997, .T. ) ;
#1739 = CARTESIAN_POINT ( 'NONE',  ( -0.8745346507946661907, -1.637260513030733389, 0.1377952755905511861 ) ) ;
#1740 = CARTESIAN_POINT ( 'NONE',  ( -1.171259842519682737, -2.462058499514832910, -0.1377952755905511861 ) ) ;
#1741 = FACE_OUTER_BOUND ( 'NONE', #1551, .T. ) ;
#1742 = VERTEX_POINT ( 'NONE', #1216 ) ;
#1743 = CARTESIAN_POINT ( 'NONE',  ( -0.7342452943599249160, -0.5259293104518109052, 0.1377952755905511861 ) ) ;
#1744 = CARTESIAN_POINT ( 'NONE',  ( -0.6743228755391178497, -0.01511264481757467089, -0.1377952755905511861 ) ) ;
#1745 = DIRECTION ( 'NONE',  ( -0.000000000000000000, -0.000000000000000000, 1.000000000000000000 ) ) ;
#1746 = CARTESIAN_POINT ( 'NONE',  ( -0.8562992125984230096, -2.431412913970881995, 0.5942279477928668063 ) ) ;
#1747 = UNCERTAINTY_MEASURE_WITH_UNIT (LENGTH_MEASURE( 1.000000000000000082E-05 ), #856, 'distance_accuracy_value', 'NONE');
#1748 = CARTESIAN_POINT ( 'NONE',  ( -1.171259842519682737, -2.462058499514832910, -0.1377952755905511861 ) ) ;
#1749 = CARTESIAN_POINT ( 'NONE',  ( -1.003864197558665516, -1.545741932190326962, 0.05905511811023627516 ) ) ;
#1750 = CARTESIAN_POINT ( 'NONE',  ( 1.249999999999997780, -2.450000000000000178, 0.05905511811023622659 ) ) ;
#1751 = EDGE_CURVE ( 'NONE', #2215, #2113, #661, .T. ) ;
#1752 = ORIENTED_EDGE ( 'NONE', *, *, #1157, .T. ) ;
#1753 = CARTESIAN_POINT ( 'NONE',  ( -1.233092479808587383, -2.450000000000000622, 0.7014947567612555002 ) ) ;
#1754 = CARTESIAN_POINT ( 'NONE',  ( -0.7526993084518562860, -0.007553033342350888753, -0.1377952755905511861 ) ) ;
#1755 = ORIENTED_EDGE ( 'NONE', *, *, #472, .F. ) ;
#1756 = CARTESIAN_POINT ( 'NONE',  ( -0.8336614173228334979, -2.656692913385826582, 4.474999999999999645 ) ) ;
#1757 = CARTESIAN_POINT ( 'NONE',  ( -1.169567358592776829, -2.183584981253995583, 0.3953281582685843065 ) ) ;
#1758 = CARTESIAN_POINT ( 'NONE',  ( -0.8562992125984228986, -1.548679208698297893, 0.1353319920591621317 ) ) ;
#1759 = CARTESIAN_POINT ( 'NONE',  ( 0.7988193829595879869, -0.4254103080863342323, 0.05905511811023625435 ) ) ;
#1760 = CARTESIAN_POINT ( 'NONE',  ( -0.9330774940950776752, -1.554859632327690200, 0.1374164560541651370 ) ) ;
#1761 = CARTESIAN_POINT ( 'NONE',  ( 0.6858503353130288582, -0.1342516023090453148, 0.1377952755905511584 ) ) ;
#1762 = CARTESIAN_POINT ( 'NONE',  ( -1.018756479270523041, -1.895941135822709400, 0.2873392019900588568 ) ) ;
#1763 = VERTEX_POINT ( 'NONE', #1397 ) ;
#1764 = CARTESIAN_POINT ( 'NONE',  ( -0.8683490712724648564, -2.450000000000000622, 0.6755436656432184384 ) ) ;
#1765 = ADVANCED_FACE ( 'NONE', ( #268 ), #1929, .T. ) ;
#1766 = CARTESIAN_POINT ( 'NONE',  ( -1.192497677723102667, -2.262077507712497937, -0.05905511811023622659 ) ) ;
#1767 = VERTEX_POINT ( 'NONE', #871 ) ;
#1768 = CARTESIAN_POINT ( 'NONE',  ( 0.9269061336250816741, -1.537481284963547745, 0.1315586669281894050 ) ) ;
#1769 = CARTESIAN_POINT ( 'NONE',  ( -0.6919291338582667095, -2.656692913385826582, 4.474999999999999645 ) ) ;
#1770 = CARTESIAN_POINT ( 'NONE',  ( -0.8562992125984228986, -2.078447477148972045, 0.4002150574468152922 ) ) ;
#1771 = VECTOR ( 'NONE', #1981, 39.37007874015748143 ) ;
#1772 = CIRCLE ( 'NONE', #626, 0.07874015748031495954 ) ;
#1773 = AXIS2_PLACEMENT_3D ( 'NONE', #1821, #62, #1495 ) ;
#1774 = CARTESIAN_POINT ( 'NONE',  ( -1.249484206486018323, -2.450079122672836895, -0.06942502236479825006 ) ) ;
#1775 = AXIS2_PLACEMENT_3D ( 'NONE', #133, #857, #1567 ) ;
#1776 = CARTESIAN_POINT ( 'NONE',  ( 1.244438561155639444, -2.449999999999999734, 0.6783309291721003609 ) ) ;
#1777 = CIRCLE ( 'NONE', #753, 0.4370078740157480879 ) ;
#1778 = VERTEX_POINT ( 'NONE', #881 ) ;
#1779 = CARTESIAN_POINT ( 'NONE',  ( 0.7506751545817438309, 0.01336706411300670957, 0.05905511811023622659 ) ) ;
#1780 = CARTESIAN_POINT ( 'NONE',  ( -1.171442182595977988, -2.462658724790816045, -0.1377952755905511861 ) ) ;
#1781 = VERTEX_POINT ( 'NONE', #1953 ) ;
#1782 = CARTESIAN_POINT ( 'NONE',  ( 1.018643759242022995, -1.610570768041002188, 0.1553081114679280561 ) ) ;
#1783 = CARTESIAN_POINT ( 'NONE',  ( 0.9555887133072016315, -1.655133040889175566, 0.1740393540721771326 ) ) ;
#1784 = LINE ( 'NONE', #737, #819 ) ;
#1785 = EDGE_CURVE ( 'NONE', #1183, #720, #1280, .T. ) ;
#1786 = LINE ( 'NONE', #171, #2072 ) ;
#1787 = CARTESIAN_POINT ( 'NONE',  ( -0.9350114550437927941, -1.571085379490369860, 0.1430772402950709343 ) ) ;
#1788 = CARTESIAN_POINT ( 'NONE',  ( 0.9350393700787713591, -1.571318941921547419, 0.1431593746663741840 ) ) ;
#1789 = ORIENTED_EDGE ( 'NONE', *, *, #2307, .F. ) ;
#1790 = CARTESIAN_POINT ( 'NONE',  ( 0.7866974818723272422, -0.3171836581030424429, 0.1377952755905802462 ) ) ;
#1791 = CARTESIAN_POINT ( 'NONE',  ( -1.117006219398257949, -2.284464318426758567, -0.1377952755905511861 ) ) ;
#1792 = ORIENTED_EDGE ( 'NONE', *, *, #678, .T. ) ;
#1793 = CARTESIAN_POINT ( 'NONE',  ( -0.6732182031189141158, -0.003695600378500330310, 0.1377952755905511861 ) ) ;
#1794 = CARTESIAN_POINT ( 'NONE',  ( -1.024910110315148559, -1.636723491942371878, 0.08810061886545887677 ) ) ;
#1795 = CARTESIAN_POINT ( 'NONE',  ( -0.6732182031189141158, -0.003695600378500330310, -0.1377952755905511861 ) ) ;
#1796 = CARTESIAN_POINT ( 'NONE',  ( -0.9349556249742229097, -1.570618228961339291, 0.1429130445526669013 ) ) ;
#1797 = ADVANCED_FACE ( 'NONE', ( #4 ), #854, .F. ) ;
#1798 = CARTESIAN_POINT ( 'NONE',  ( 0.9350393700787377194, -2.420118841925025244, 0.6953224624627502015 ) ) ;
#1799 = ORIENTED_EDGE ( 'NONE', *, *, #197, .T. ) ;
#1800 = CYLINDRICAL_SURFACE ( 'NONE', #861, 0.1200787401574802127 ) ;
#1801 = CARTESIAN_POINT ( 'NONE',  ( -0.7606146973744695172, -0.08643045014896347245, -0.05905511811023622659 ) ) ;
#1802 = ORIENTED_EDGE ( 'NONE', *, *, #264, .T. ) ;
#1803 = CARTESIAN_POINT ( 'NONE',  ( 0.000000000000000000, 0.000000000000000000, 0.1377952755905511861 ) ) ;
#1804 = DIRECTION ( 'NONE',  ( 0.000000000000000000, 1.000000000000000000, -0.000000000000000000 ) ) ;
#1805 = LINE ( 'NONE', #1614, #1439 ) ;
#1806 = CARTESIAN_POINT ( 'NONE',  ( 0.8562992125984231206, -2.350765315666094146, 0.5157989367576722994 ) ) ;
#1807 = CARTESIAN_POINT ( 'NONE',  ( 1.090013028446127130, -1.895294371855952731, 0.2081771323212382174 ) ) ;
#1808 = VECTOR ( 'NONE', #430, 39.37007874015748143 ) ;
#1809 = VECTOR ( 'NONE', #2057, 39.37007874015748143 ) ;
#1810 = CARTESIAN_POINT ( 'NONE',  ( 1.196147217981722521, -2.450000000000000178, 0.7276201114770461942 ) ) ;
#1811 = EDGE_CURVE ( 'NONE', #643, #356, #500, .T. ) ;
#1812 = AXIS2_PLACEMENT_3D ( 'NONE', #1555, #665, #1868 ) ;
#1813 = EDGE_LOOP ( 'NONE', ( #230, #1335 ) ) ;
#1814 = CARTESIAN_POINT ( 'NONE',  ( 0.9471172512324549375, -1.301359288231684896, 0.1377952755909574167 ) ) ;
#1815 = CARTESIAN_POINT ( 'NONE',  ( -0.7190626794383828679, -0.4118259588471598898, -0.1377952755905511584 ) ) ;
#1816 = ORIENTED_EDGE ( 'NONE', *, *, #611, .F. ) ;
#1817 = CARTESIAN_POINT ( 'NONE',  ( 1.174769908518534356, -2.416043363520886444, 0.6915878218785137532 ) ) ;
#1818 = CARTESIAN_POINT ( 'NONE',  ( 0.9350393700787713591, -1.571318941921547419, 0.1431593746663741840 ) ) ;
#1819 = CARTESIAN_POINT ( 'NONE',  ( -0.7519685039370078705, 0.000000000000000000, 0.1377952755905511861 ) ) ;
#1820 = CARTESIAN_POINT ( 'NONE',  ( 0.9001032724306340382, -1.579941944153685718, 0.1377952755905512416 ) ) ;
#1821 = CARTESIAN_POINT ( 'NONE',  ( 0.000000000000000000, -2.656692913385826582, 4.474999999999999645 ) ) ;
#1822 = ORIENTED_EDGE ( 'NONE', *, *, #2273, .F. ) ;
#1823 = B_SPLINE_CURVE_WITH_KNOTS ( 'NONE', 3,
 ( #1058, #10, #1626, #1616, #1245, #194 ),
 .UNSPECIFIED., .F., .F.,
 ( 4, 2, 4 ),
 ( 0.000000000000000000, 0.01183283281967191514, 0.02366566563934383027 ),
 .UNSPECIFIED. ) ;
#1824 = ORIENTED_EDGE ( 'NONE', *, *, #2136, .F. ) ;
#1825 = CARTESIAN_POINT ( 'NONE',  ( -1.250000000010173418, -2.450000000026628211, 4.849999999999999645 ) ) ;
#1826 = CARTESIAN_POINT ( 'NONE',  ( -0.8562992125984230096, -1.770655768871431279, 0.1377952755905511861 ) ) ;
#1827 = CARTESIAN_POINT ( 'NONE',  ( 0.9350393700787380524, -2.416284293490331248, 0.6918458209458320241 ) ) ;
#1828 = CARTESIAN_POINT ( 'NONE',  ( 0.4153543307086621228, -2.863385826771653875, 4.849999999999999645 ) ) ;
#1829 = CARTESIAN_POINT ( 'NONE',  ( -1.039203490213454817, -1.695946506030083567, 0.1889820308595052956 ) ) ;
#1830 = ORIENTED_EDGE ( 'NONE', *, *, #896, .F. ) ;
#1831 = CARTESIAN_POINT ( 'NONE',  ( 0.1023622047244095723, -2.656692913385826582, 4.849999999999999645 ) ) ;
#1832 = EDGE_LOOP ( 'NONE', ( #886, #113, #1393, #613 ) ) ;
#1833 = DIRECTION ( 'NONE',  ( 0.000000000000000000, 0.000000000000000000, -1.000000000000000000 ) ) ;
#1834 = CARTESIAN_POINT ( 'NONE',  ( -0.9350393700787380524, -2.191721906249901153, 0.4844834647523838522 ) ) ;
#1835 = EDGE_CURVE ( 'NONE', #333, #429, #924, .T. ) ;
#1836 = B_SPLINE_CURVE_WITH_KNOTS ( 'NONE', 3,
 ( #1826, #1482, #2017, #1088, #2156, #1655, #534, #5, #882, #525, #1101, #747 ),
 .UNSPECIFIED., .F., .F.,
 ( 4, 2, 2, 2, 2, 4 ),
 ( 0.000000000000000000, 0.005307682704160610228, 0.01061536540832122046, 0.01326920676040151646, 0.01592304811248181073, 0.02123073081664240275 ),
 .UNSPECIFIED. ) ;
#1837 = CARTESIAN_POINT ( 'NONE',  ( 0.9350393700787380524, -1.898745908537299965, 0.2872525247088210110 ) ) ;
#1838 = FACE_OUTER_BOUND ( 'NONE', #591, .T. ) ;
#1839 = FACE_OUTER_BOUND ( 'NONE', #1072, .T. ) ;
#1840 = CIRCLE ( 'NONE', #709, 0.07874015748031495954 ) ;
#1841 = ORIENTED_EDGE ( 'NONE', *, *, #2307, .T. ) ;
#1842 = FACE_OUTER_BOUND ( 'NONE', #2274, .T. ) ;
#1843 = AXIS2_PLACEMENT_3D ( 'NONE', #1735, #1373, #1090 ) ;
#1844 = EDGE_LOOP ( 'NONE', ( #443, #741, #142, #1583, #286 ) ) ;
#1845 = CARTESIAN_POINT ( 'NONE',  ( 1.249999999999997780, -2.450000000000000178, 1.043307086614173151 ) ) ;
#1846 = CARTESIAN_POINT ( 'NONE',  ( 1.187370794173219890, -2.450000000000000178, 0.7283464566929134243 ) ) ;
#1847 = CARTESIAN_POINT ( 'NONE',  ( 0.8562992125984228986, -2.123819429386461621, 0.4325649970848838288 ) ) ;
#1848 = CARTESIAN_POINT ( 'NONE',  ( 0.7358636425213185284, -0.0007732276167652644321, -0.1070472403795444394 ) ) ;
#1849 = EDGE_CURVE ( 'NONE', #2285, #2033, #1422, .T. ) ;
#1850 = EDGE_CURVE ( 'NONE', #262, #731, #2331, .T. ) ;
#1851 = CARTESIAN_POINT ( 'NONE',  ( -1.135438402990690765, -2.292976272488522760, 0.5705294187644784909 ) ) ;
#1852 = VERTEX_POINT ( 'NONE', #1052 ) ;
#1853 = CARTESIAN_POINT ( 'NONE',  ( 1.210391720272228522, -2.321624624346867449, 0.5108785603290449950 ) ) ;
#1854 = ORIENTED_EDGE ( 'NONE', *, *, #547, .T. ) ;
#1855 = CARTESIAN_POINT ( 'NONE',  ( 0.9861790820753382203, -1.547325395985856833, 0.1088999421343159885 ) ) ;
#1856 = CARTESIAN_POINT ( 'NONE',  ( -0.9350393700787377194, -2.121018308009442688, 0.4305222999180857713 ) ) ;
#1857 = CARTESIAN_POINT ( 'NONE',  ( 0.8562992125984230096, -2.132549524722786582, 0.3419426661073495244 ) ) ;
#1858 = CARTESIAN_POINT ( 'NONE',  ( 0.6919291338582667095, -2.656692913385826582, 4.474999999999999645 ) ) ;
#1859 = DIRECTION ( 'NONE',  ( -1.000000000000000000, 0.000000000000000000, 0.000000000000000000 ) ) ;
#1860 = EDGE_CURVE ( 'NONE', #56, #903, #1980, .T. ) ;
#1861 = EDGE_LOOP ( 'NONE', ( #2265, #933, #583, #593, #397, #1509, #777 ) ) ;
#1862 = CARTESIAN_POINT ( 'NONE',  ( 1.249999999999997780, -2.450000000000000178, 0.1377952755905511861 ) ) ;
#1863 = VERTEX_POINT ( 'NONE', #361 ) ;
#1864 = CARTESIAN_POINT ( 'NONE',  ( 0.6822966919609154690, -0.09457489309464539584, -0.1377952755905511861 ) ) ;
#1865 = CARTESIAN_POINT ( 'NONE',  ( -0.7640335901811446950, -0.1190397902697402921, 0.1377952755905511861 ) ) ;
#1866 = CARTESIAN_POINT ( 'NONE',  ( 0.8562992125984638658, -2.423972065065160830, 0.7000203066800525509 ) ) ;
#1867 = FACE_OUTER_BOUND ( 'NONE', #528, .T. ) ;
#1868 = DIRECTION ( 'NONE',  ( 0.000000000000000000, 0.000000000000000000, 1.000000000000000000 ) ) ;
#1869 = CARTESIAN_POINT ( 'NONE',  ( 1.177571939772786624, -2.211341395288215050, -0.1377952755905743620 ) ) ;
#1870 = EDGE_LOOP ( 'NONE', ( #1732, #2012, #1085, #550, #2154, #2213, #2078, #2194 ) ) ;
#1871 = CARTESIAN_POINT ( 'NONE',  ( -0.6919291338582667095, -2.656692913385826582, 4.849999999999999645 ) ) ;
#1872 = EDGE_CURVE ( 'NONE', #2226, #2118, #1163, .T. ) ;
#1873 = ADVANCED_FACE ( 'NONE', ( #1274 ), #318, .T. ) ;
#1874 = AXIS2_PLACEMENT_3D ( 'NONE', #342, #1633, #1449 ) ;
#1875 = VECTOR ( 'NONE', #2062, 39.37007874015748143 ) ;
#1876 = ORIENTED_EDGE ( 'NONE', *, *, #125, .T. ) ;
#1877 = CARTESIAN_POINT ( 'NONE',  ( 0.7779738537458755765, -0.2441413791920279408, -0.1377952755905396676 ) ) ;
#1878 = VECTOR ( 'NONE', #1171, 39.37007874015748143 ) ;
#1879 = DIRECTION ( 'NONE',  ( -0.000000000000000000, 0.000000000000000000, 1.000000000000000000 ) ) ;
#1880 = FACE_OUTER_BOUND ( 'NONE', #774, .T. ) ;
#1881 = DIRECTION ( 'NONE',  ( -1.000000000000000000, 0.000000000000000000, 0.000000000000000000 ) ) ;
#1882 = AXIS2_PLACEMENT_3D ( 'NONE', #608, #988, #1228 ) ;
#1883 = CARTESIAN_POINT ( 'NONE',  ( -1.249999999999997780, -2.863385826771653875, 1.043307086614173151 ) ) ;
#1884 = CARTESIAN_POINT ( 'NONE',  ( 1.223095539799173181, -2.363337053242716035, -0.05905511811023045343 ) ) ;
#1885 = ORIENTED_EDGE ( 'NONE', *, *, #1849, .F. ) ;
#1886 = DIRECTION ( 'NONE',  ( 0.000000000000000000, 0.000000000000000000, -1.000000000000000000 ) ) ;
#1887 = EDGE_LOOP ( 'NONE', ( #1885, #314, #178, #945 ) ) ;
#1888 = CARTESIAN_POINT ( 'NONE',  ( -1.249999999999997780, -2.450000000000000178, 0.1377952755905511861 ) ) ;
#1889 = CARTESIAN_POINT ( 'NONE',  ( -0.8896673298067769853, -2.450000000000000178, 0.7073022411414362498 ) ) ;
#1890 = EDGE_CURVE ( 'NONE', #577, #78, #1145, .T. ) ;
#1891 = DIRECTION ( 'NONE',  ( 0.000000000000000000, 0.000000000000000000, 1.000000000000000000 ) ) ;
#1892 = CYLINDRICAL_SURFACE ( 'NONE', #2298, 0.4370078740157480879 ) ;
#1893 = CARTESIAN_POINT ( 'NONE',  ( -0.9896906608827743534, -1.547267959447860219, 0.1043514469397390093 ) ) ;
#1894 = CARTESIAN_POINT ( 'NONE',  ( -1.238981830100744030, -2.415033067847821346, 0.6904633740767343042 ) ) ;
#1895 = ORIENTED_EDGE ( 'NONE', *, *, #1572, .T. ) ;
#1896 = DIRECTION ( 'NONE',  ( 0.000000000000000000, -1.000000000000000000, 0.000000000000000000 ) ) ;
#1897 = ORIENTED_EDGE ( 'NONE', *, *, #1308, .F. ) ;
#1898 = CARTESIAN_POINT ( 'NONE',  ( 1.026397532012661706, -1.649534718012493961, -0.1377952755905511584 ) ) ;
#1899 = CARTESIAN_POINT ( 'NONE',  ( -0.7535808525283945736, -0.6584218930868007691, 0.1377952755905512139 ) ) ;
#1900 = DIRECTION ( 'NONE',  ( 0.000000000000000000, 0.000000000000000000, 1.000000000000000000 ) ) ;
#1901 = CARTESIAN_POINT ( 'NONE',  ( -0.8562992125984226766, -2.274392729804749713, 0.4501902734044483934 ) ) ;
#1902 = EDGE_CURVE ( 'NONE', #1597, #1852, #743, .T. ) ;
#1903 = CARTESIAN_POINT ( 'NONE',  ( 0.8336614173228334979, -2.656692913385826582, 4.474999999999999645 ) ) ;
#1904 = CARTESIAN_POINT ( 'NONE',  ( 1.103165177365911021, -1.945119163319776190, 0.3151285810372017604 ) ) ;
#1905 = CARTESIAN_POINT ( 'NONE',  ( -0.8574494963359362565, -1.732212466257732286, 0.1377952755905512139 ) ) ;
#1906 = ORIENTED_EDGE ( 'NONE', *, *, #968, .T. ) ;
#1907 = DIRECTION ( 'NONE',  ( -0.000000000000000000, -0.000000000000000000, 1.000000000000000000 ) ) ;
#1908 = EDGE_LOOP ( 'NONE', ( #394, #439 ) ) ;
#1909 = CARTESIAN_POINT ( 'NONE',  ( 1.133793256180443576, -2.058848264152077334, -0.05905511811028243963 ) ) ;
#1910 = CARTESIAN_POINT ( 'NONE',  ( -0.9285573458125367940, -2.449999999999999734, 0.7283464566929134243 ) ) ;
#1911 =( GEOMETRIC_REPRESENTATION_CONTEXT ( 3 ) GLOBAL_UNCERTAINTY_ASSIGNED_CONTEXT ( ( #1962 ) ) GLOBAL_UNIT_ASSIGNED_CONTEXT ( ( #2063, #990, #1982 ) ) REPRESENTATION_CONTEXT ( 'NONE', 'WORKASPACE' ) );
#1912 = VECTOR ( 'NONE', #1879, 39.37007874015748143 ) ;
#1913 = CARTESIAN_POINT ( 'NONE',  ( -0.6717588735355509710, 0.01138690770288511810, -0.1377952755905511861 ) ) ;
#1914 = ORIENTED_EDGE ( 'NONE', *, *, #295, .T. ) ;
#1915 =( CONVERSION_BASED_UNIT ( 'INCH', #81 ) LENGTH_UNIT ( ) NAMED_UNIT ( #2036 ) );
#1916 = CARTESIAN_POINT ( 'NONE',  ( -0.9350393700787380524, -2.115825972713885506, 0.4267100065023161082 ) ) ;
#1917 = CIRCLE ( 'NONE', #822, 0.6732283464566928277 ) ;
#1918 =( NAMED_UNIT ( * ) SI_UNIT ( $, .STERADIAN. ) SOLID_ANGLE_UNIT ( ) );
#1919 = CARTESIAN_POINT ( 'NONE',  ( -1.166977126432128697, -2.392013978344232239, 0.6664311150560124908 ) ) ;
#1920 = CARTESIAN_POINT ( 'NONE',  ( 1.254541780313725097, -2.464455836073083717, -0.05905511811023622659 ) ) ;
#1921 = EDGE_CURVE ( 'NONE', #1927, #1532, #1993, .T. ) ;
#1922 = ORIENTED_EDGE ( 'NONE', *, *, #53, .F. ) ;
#1923 = DIRECTION ( 'NONE',  ( 0.000000000000000000, 0.000000000000000000, -1.000000000000000000 ) ) ;
#1924 = ORIENTED_EDGE ( 'NONE', *, *, #337, .T. ) ;
#1925 = CARTESIAN_POINT ( 'NONE',  ( -1.206007256326935728, -2.450000000000000178, 0.7246510497351047464 ) ) ;
#1926 = DIRECTION ( 'NONE',  ( -0.000000000000000000, -0.000000000000000000, 1.000000000000000000 ) ) ;
#1927 = VERTEX_POINT ( 'NONE', #567 ) ;
#1928 = CARTESIAN_POINT ( 'NONE',  ( 1.003630100086913446, -1.544727645150462347, 0.05687618877915132098 ) ) ;
#1929 = PLANE ( 'NONE',  #1882 ) ;
#1930 = CARTESIAN_POINT ( 'NONE',  ( -0.9350393700787380524, -1.548679208698297893, 0.1353319920591622427 ) ) ;
#1931 = UNCERTAINTY_MEASURE_WITH_UNIT (LENGTH_MEASURE( 1.000000000000000082E-05 ), #1915, 'distance_accuracy_value', 'NONE');
#1932 = CARTESIAN_POINT ( 'NONE',  ( -1.247464520056405624, -2.450388913078804354, -0.07953518533938774837 ) ) ;
#1933 = CARTESIAN_POINT ( 'NONE',  ( 0.8562992125984231206, -2.271580954827512322, 0.4481633122954445936 ) ) ;
#1934 = CARTESIAN_POINT ( 'NONE',  ( 0.6732283464566928277, 8.726813804948002930E-17, -0.1377952755905511861 ) ) ;
#1935 = ADVANCED_FACE ( 'NONE', ( #232 ), #1684, .T. ) ;
#1936 = ADVANCED_FACE ( 'NONE', ( #914 ), #1027, .T. ) ;
#1937 = VERTEX_POINT ( 'NONE', #687 ) ;
#1938 = CARTESIAN_POINT ( 'NONE',  ( 1.249999999999997780, -2.450000000000000178, 0.1377952755905511861 ) ) ;
#1939 = CARTESIAN_POINT ( 'NONE',  ( -1.140040537435227597, -2.360918332643188400, -0.1377952755905511861 ) ) ;
#1940 = CARTESIAN_POINT ( 'NONE',  ( -0.7519685039370079815, 1.354752499299440695E-20, 0.06425707351085142849 ) ) ;
#1941 = DIRECTION ( 'NONE',  ( 0.000000000000000000, 0.000000000000000000, -1.000000000000000000 ) ) ;
#1942 = CARTESIAN_POINT ( 'NONE',  ( -0.8562992125984228986, -2.446585354770911103, 0.7245726663978644400 ) ) ;
#1943 = CARTESIAN_POINT ( 'NONE',  ( 0.9433919798972711934, -1.268897637795280975, 0.05905511811023622659 ) ) ;
#1944 = DIRECTION ( 'NONE',  ( 0.000000000000000000, -0.000000000000000000, -1.000000000000000000 ) ) ;
#1945 = CARTESIAN_POINT ( 'NONE',  ( 1.249484206486018545, -2.450079122672838228, -0.06942502236479747291 ) ) ;
#1946 = ORIENTED_EDGE ( 'NONE', *, *, #1019, .T. ) ;
#1947 = ADVANCED_FACE ( 'NONE', ( #327 ), #143, .F. ) ;
#1948 = EDGE_CURVE ( 'NONE', #1781, #1327, #2257, .T. ) ;
#1949 = CARTESIAN_POINT ( 'NONE',  ( 0.8955960198758702306, -1.040302798546254293, 0.1377952755904931492 ) ) ;
#1950 = CARTESIAN_POINT ( 'NONE',  ( -0.8945492527933330829, -1.028724280197116592, -0.1377952755905512416 ) ) ;
#1951 = EDGE_LOOP ( 'NONE', ( #605, #1638, #802, #215, #830, #369, #1922, #1260, #388, #1408, #2315, #123, #359 ) ) ;
#1952 = CYLINDRICAL_SURFACE ( 'NONE', #223, 0.1417322834645668994 ) ;
#1953 = CARTESIAN_POINT ( 'NONE',  ( -0.6732283464566928277, 0.000000000000000000, 0.1377952755905511861 ) ) ;
#1954 = B_SPLINE_CURVE_WITH_KNOTS ( 'NONE', 3,
 ( #2294, #1345, #916, #681, #1268, #1983 ),
 .UNSPECIFIED., .F., .F.,
 ( 4, 2, 4 ),
 ( 0.0002213042964816458685, 0.0006064560175095808168, 0.0009916077385375156837 ),
 .UNSPECIFIED. ) ;
#1955 = PRODUCT_RELATED_PRODUCT_CATEGORY ( 'part', '', ( #775 ) ) ;
#1956 = CARTESIAN_POINT ( 'NONE',  ( -0.8562992125984228986, -2.002264365448582328, 0.3499028589393994304 ) ) ;
#1957 = AXIS2_PLACEMENT_3D ( 'NONE', #485, #1165, #2095 ) ;
#1958 = CARTESIAN_POINT ( 'NONE',  ( 0.8626402661948345818, -0.8486266897292863431, 0.05905511811023624047 ) ) ;
#1959 = AXIS2_PLACEMENT_3D ( 'NONE', #381, #1110, #170 ) ;
#1960 = AXIS2_PLACEMENT_3D ( 'NONE', #2312, #2008, #680 ) ;
#1961 = VECTOR ( 'NONE', #991, 39.37007874015748143 ) ;
#1962 = UNCERTAINTY_MEASURE_WITH_UNIT (LENGTH_MEASURE( 1.000000000000000082E-05 ), #2063, 'distance_accuracy_value', 'NONE');
#1963 = CARTESIAN_POINT ( 'NONE',  ( -0.7519685039370078705, 0.000000000000000000, 0.05905511811023622659 ) ) ;
#1964 = CARTESIAN_POINT ( 'NONE',  ( 0.9350393700787377194, -1.896924287890303429, 0.2862754900503841071 ) ) ;
#1965 = ORIENTED_EDGE ( 'NONE', *, *, #1850, .F. ) ;
#1966 = CARTESIAN_POINT ( 'NONE',  ( 1.117913304802197638, -1.999583985149655296, 0.2684467619067874566 ) ) ;
#1967 = EDGE_CURVE ( 'NONE', #1763, #1937, #1777, .T. ) ;
#1968 = CARTESIAN_POINT ( 'NONE',  ( -0.7779738537458077419, -0.2441413791921057119, -0.05905511811021312008 ) ) ;
#1969 = EDGE_LOOP ( 'NONE', ( #187, #459, #998, #1824 ) ) ;
#1970 = DIRECTION ( 'NONE',  ( 1.000000000000000000, 0.000000000000000000, 0.000000000000000000 ) ) ;
#1971 = CARTESIAN_POINT ( 'NONE',  ( -1.250000000010173418, -2.450000000026628211, 0.6378976325122054369 ) ) ;
#1972 = CARTESIAN_POINT ( 'NONE',  ( 0.6933893076656930665, -0.2121686216929385138, -0.1377952755905511861 ) ) ;
#1973 = EDGE_CURVE ( 'NONE', #1327, #1379, #1262, .T. ) ;
#1974 = CARTESIAN_POINT ( 'NONE',  ( -1.245935017959556745, -2.450623508376048587, -0.08455855570400998278 ) ) ;
#1975 = CARTESIAN_POINT ( 'NONE',  ( 1.247464520056406512, -2.450388913078805242, -0.07953518533938613855 ) ) ;
#1976 = EDGE_LOOP ( 'NONE', ( #2003, #876, #67 ) ) ;
#1977 = CARTESIAN_POINT ( 'NONE',  ( 0.8700225395549243679, -1.317467090174548217, 0.1377952755905511306 ) ) ;
#1978 = CARTESIAN_POINT ( 'NONE',  ( -1.105938476782194479, -1.956805090728228613, -0.1377952755905050009 ) ) ;
#1979 = ORIENTED_EDGE ( 'NONE', *, *, #754, .T. ) ;
#1980 = LINE ( 'NONE', #1769, #859 ) ;
#1981 = DIRECTION ( 'NONE',  ( 0.000000000000000000, 0.000000000000000000, -1.000000000000000000 ) ) ;
#1982 =( NAMED_UNIT ( * ) SI_UNIT ( $, .STERADIAN. ) SOLID_ANGLE_UNIT ( ) );
#1983 = CARTESIAN_POINT ( 'NONE',  ( 0.9587722846013058131, -1.567654389163696260, 0.1377952755905511861 ) ) ;
#1984 = EDGE_CURVE ( 'NONE', #2285, #56, #2069, .T. ) ;
#1985 = ADVANCED_FACE ( 'NONE', ( #2130 ), #39, .T. ) ;
#1986 = DIRECTION ( 'NONE',  ( -0.000000000000000000, 0.000000000000000000, -1.000000000000000000 ) ) ;
#1987 = VERTEX_POINT ( 'NONE', #1086 ) ;
#1988 = CARTESIAN_POINT ( 'NONE',  ( 0.9350393700788426354, -1.597440553170410338, 0.06887832845821231786 ) ) ;
#1989 =( BOUNDED_SURFACE ( )  B_SPLINE_SURFACE ( 3, 2, ( 
 ( #1073, #1093, #1261 ),
 ( #1106, #1814, #1977 ),
 ( #887, #1949, #1445 ),
 ( #196, #165, #2182 ),
 ( #1283, #551, #357 ),
 ( #1651, #1790, #919 ),
 ( #898, #1609, #1236 ),
 ( #334, #1618, #2338 ),
 ( #910, #22, #1419 ),
 ( #732, #348, #2327 ),
 ( #1629, #2004, #2163 ),
 ( #1779, #1466, #379 ) ),
 .UNSPECIFIED., .F., .F., .T. ) 
 B_SPLINE_SURFACE_WITH_KNOTS ( ( 4, 2, 2, 2, 2, 4 ),
 ( 3, 3 ),
 ( 0.03904084045109329493, 0.05944269535791395220, 0.06964362281132427390, 0.07474408653802944169, 0.07729431840138202559, 0.07984455026473460948 ),
 ( 0.000000000000000000, 1.000000000000000000 ),
 .UNSPECIFIED. ) 
 GEOMETRIC_REPRESENTATION_ITEM ( )  RATIONAL_B_SPLINE_SURFACE ( (
 ( 1.000000000000000000, 0.7071067811865476838, 1.000000000000000000),
 ( 1.000000000000000000, 0.7071067811865476838, 1.000000000000000000),
 ( 1.000000000000000000, 0.7071067811865475727, 1.000000000000000000),
 ( 1.000000000000000000, 0.7071067811865475727, 1.000000000000000000),
 ( 1.000000000000000000, 0.7071067811865474617, 1.000000000000000000),
 ( 1.000000000000000000, 0.7071067811865474617, 1.000000000000000000),
 ( 1.000000000000000000, 0.7071067811865474617, 1.000000000000000000),
 ( 1.000000000000000000, 0.7071067811865474617, 1.000000000000000000),
 ( 1.000000000000000000, 0.7071067811865474617, 1.000000000000000000),
 ( 1.000000000000000000, 0.7071067811865474617, 1.000000000000000000),
 ( 1.000000000000000000, 0.7071067811865474617, 1.000000000000000000),
 ( 1.000000000000000000, 0.7071067811865474617, 1.000000000000000000) ) ) 
 REPRESENTATION_ITEM ( '' )  SURFACE ( )  );
#1990 = CARTESIAN_POINT ( 'NONE',  ( -0.7633788326652288792, -0.1127317035061422834, -0.05905511811021314089 ) ) ;
#1991 = ORIENTED_EDGE ( 'NONE', *, *, #2231, .F. ) ;
#1992 = CARTESIAN_POINT ( 'NONE',  ( 0.9756853870280726149, -1.548001250526996886, 0.1194375722541498597 ) ) ;
#1993 = LINE ( 'NONE', #1121, #666 ) ;
#1994 = CARTESIAN_POINT ( 'NONE',  ( 0.8562992125984230096, -2.450000000000000178, 4.849999999999999645 ) ) ;
#1995 = LINE ( 'NONE', #1819, #784 ) ;
#1996 = CARTESIAN_POINT ( 'NONE',  ( 0.8750991544712084513, -1.635352131064692127, 0.1377952755905512139 ) ) ;
#1997 = CIRCLE ( 'NONE', #2191, 0.1417322834645668994 ) ;
#1998 = ADVANCED_FACE ( 'NONE', ( #2167 ), #1952, .F. ) ;
#1999 = CIRCLE ( 'NONE', #1960, 0.1417322834645668994 ) ;
#2000 = CIRCLE ( 'NONE', #976, 0.6732283464566928277 ) ;
#2001 = CARTESIAN_POINT ( 'NONE',  ( -0.9762846883861477920, -1.737392296312502360, 0.2071527096941172263 ) ) ;
#2002 = AXIS2_PLACEMENT_3D ( 'NONE', #322, #1923, #313 ) ;
#2003 = ORIENTED_EDGE ( 'NONE', *, *, #2043, .F. ) ;
#2004 = CARTESIAN_POINT ( 'NONE',  ( 0.7538920575907092081, -0.01988037099919447853, 0.1377952755905511861 ) ) ;
#2005 = ORIENTED_EDGE ( 'NONE', *, *, #1400, .T. ) ;
#2006 = CARTESIAN_POINT ( 'NONE',  ( 1.145779675615123283, -2.325816244449871562, 0.6008132153410987719 ) ) ;
#2007 = CYLINDRICAL_SURFACE ( 'NONE', #1959, 0.7519685039370078705 ) ;
#2008 = DIRECTION ( 'NONE',  ( 0.000000000000000000, 0.000000000000000000, 1.000000000000000000 ) ) ;
#2009 = CARTESIAN_POINT ( 'NONE',  ( 0.8562992125984230096, -2.279866200369216056, 0.4547772378362628931 ) ) ;
#2010 = CARTESIAN_POINT ( 'NONE',  ( 0.7004974811616601071, -0.2645630397989141014, 0.1377952755905512139 ) ) ;
#2011 = CARTESIAN_POINT ( 'NONE',  ( -0.9694764049832159669, -1.711032905045655417, 0.1954755023333127617 ) ) ;
#2012 = ORIENTED_EDGE ( 'NONE', *, *, #925, .T. ) ;
#2013 = FACE_OUTER_BOUND ( 'NONE', #427, .T. ) ;
#2014 = ADVANCED_FACE ( 'NONE', ( #532 ), #600, .T. ) ;
#2015 = ORIENTED_EDGE ( 'NONE', *, *, #386, .F. ) ;
#2016 = CARTESIAN_POINT ( 'NONE',  ( 0.8562992125984230096, -2.450000000000000178, 0.7283464566929135353 ) ) ;
#2017 = CARTESIAN_POINT ( 'NONE',  ( -0.8562992125984230096, -1.896561355388423964, 0.1975807448410173139 ) ) ;
#2018 = CARTESIAN_POINT ( 'NONE',  ( 0.8562992125984226766, -2.383621636931009036, 0.5471294767418554139 ) ) ;
#2019 = CARTESIAN_POINT ( 'NONE',  ( 0.6732182031189141158, -0.003695600378500155537, -0.1377952755905511861 ) ) ;
#2020 = PLANE ( 'NONE',  #1773 ) ;
#2021 = ORIENTED_EDGE ( 'NONE', *, *, #1902, .F. ) ;
#2022 = DIRECTION ( 'NONE',  ( -0.000000000000000000, -0.000000000000000000, -1.000000000000000000 ) ) ;
#2023 = EDGE_CURVE ( 'NONE', #641, #356, #1243, .T. ) ;
#2024 = ORIENTED_EDGE ( 'NONE', *, *, #1527, .F. ) ;
#2025 = DIRECTION ( 'NONE',  ( 0.000000000000000000, 0.000000000000000000, -1.000000000000000000 ) ) ;
#2026 = CARTESIAN_POINT ( 'NONE',  ( 1.177367290659103505, -2.424024121186298508, 0.7000727856187749509 ) ) ;
#2027 = PLANE ( 'NONE',  #1549 ) ;
#2028 = CARTESIAN_POINT ( 'NONE',  ( 0.9350393700787380524, -1.738277811678123896, 0.2075094321154281607 ) ) ;
#2029 = CARTESIAN_POINT ( 'NONE',  ( 0.7519685039370078705, 0.000000000000000000, -0.05905511811023622659 ) ) ;
#2030 = CARTESIAN_POINT ( 'NONE',  ( -1.134891277414520783, -2.061540064431611530, 0.3885496193257935715 ) ) ;
#2031 = STYLED_ITEM ( 'NONE', ( #103 ), #1690 ) ;
#2032 = VECTOR ( 'NONE', #607, 39.37007874015748143 ) ;
#2033 = VERTEX_POINT ( 'NONE', #735 ) ;
#2034 = CARTESIAN_POINT ( 'NONE',  ( 0.9253624199581618193, -1.555269497259959000, 0.1375829478857709953 ) ) ;
#2035 = VECTOR ( 'NONE', #1352, 39.37007874015748143 ) ;
#2036 = DIMENSIONAL_EXPONENTS ( 1.000000000000000000, 0.000000000000000000, 0.000000000000000000, 0.000000000000000000, 0.000000000000000000, 0.000000000000000000, 0.000000000000000000 ) ;
#2037 = ORIENTED_EDGE ( 'NONE', *, *, #206, .F. ) ;
#2038 = LINE ( 'NONE', #1825, #1548 ) ;
#2039 = CARTESIAN_POINT ( 'NONE',  ( 1.261439444898368123, -2.486215594496661296, 0.6773551101870226576 ) ) ;
#2040 = CARTESIAN_POINT ( 'NONE',  ( -1.249999999999997780, -2.450000000000000178, 0.1377952755905511861 ) ) ;
#2041 = CARTESIAN_POINT ( 'NONE',  ( 0.8562992125984226766, -2.433163423275665593, 0.5959954719097921849 ) ) ;
#2042 = CARTESIAN_POINT ( 'NONE',  ( 0.7415754214376781839, -0.0005000125303608365024, -0.09849024761561853136 ) ) ;
#2043 = EDGE_CURVE ( 'NONE', #577, #1691, #2038, .T. ) ;
#2044 = CARTESIAN_POINT ( 'NONE',  ( -1.180960626032493188, -2.435058221806865486, 0.7118331519915220840 ) ) ;
#2045 = EDGE_LOOP ( 'NONE', ( #1816, #632, #85, #768, #1138, #699, #837, #1325 ) ) ;
#2046 = CARTESIAN_POINT ( 'NONE',  ( -1.249999999999997780, -2.863385826771653875, 4.849999999999999645 ) ) ;
#2047 =( BOUNDED_SURFACE ( )  B_SPLINE_SURFACE ( 3, 2, ( 
 ( #570, #253, #60 ),
 ( #580, #1143, #36 ),
 ( #71, #1516, #782 ),
 ( #951, #1866, #1301 ),
 ( #1827, #402, #212 ),
 ( #2219, #559, #1124 ),
 ( #391, #1322, #2041 ),
 ( #961, #412, #2018 ),
 ( #927, #1311, #2232 ),
 ( #382, #1134, #2009 ),
 ( #2051, #1657, #750 ),
 ( #421, #1847, #1154 ),
 ( #1484, #738, #1857 ),
 ( #1646, #1677, #2200 ),
 ( #1837, #221, #939 ),
 ( #2028, #28, #771 ),
 ( #1669, #2189, #2209 ),
 ( #49, #761, #1471 ) ),
 .UNSPECIFIED., .F., .F., .T. ) 
 B_SPLINE_SURFACE_WITH_KNOTS ( ( 4, 2, 2, 2, 2, 2, 2, 2, 4 ),
 ( 3, 3 ),
 ( 0.007237126142332404519, 0.008121754920569879133, 0.009006383698807352012, 0.01077564125528229777, 0.01431415636823218929, 0.01785267148118208080, 0.02139118659413197579, 0.02846821682003176229, 0.03554524704593154533 ),
 ( 0.000000000000000000, 1.000000000000000000 ),
 .UNSPECIFIED. ) 
 GEOMETRIC_REPRESENTATION_ITEM ( )  RATIONAL_B_SPLINE_SURFACE ( (
 ( 1.000000000000000000, 0.7071067811865482389, 1.000000000000000000),
 ( 1.000000000000000000, 0.7071067811865482389, 1.000000000000000000),
 ( 1.000000000000000000, 0.7071067811865482389, 1.000000000000000000),
 ( 1.000000000000000000, 0.7071067811865482389, 1.000000000000000000),
 ( 1.000000000000000000, 0.7071067811865482389, 1.000000000000000000),
 ( 1.000000000000000000, 0.7071067811865482389, 1.000000000000000000),
 ( 1.000000000000000000, 0.7071067811865460184, 1.000000000000000000),
 ( 1.000000000000000000, 0.7071067811865460184, 1.000000000000000000),
 ( 1.000000000000000000, 0.7071067811865482389, 1.000000000000000000),
 ( 1.000000000000000000, 0.7071067811865482389, 1.000000000000000000),
 ( 1.000000000000000000, 0.7071067811865482389, 1.000000000000000000),
 ( 1.000000000000000000, 0.7071067811865482389, 1.000000000000000000),
 ( 1.000000000000000000, 0.7071067811865482389, 1.000000000000000000),
 ( 1.000000000000000000, 0.7071067811865482389, 1.000000000000000000),
 ( 1.000000000000000000, 0.7071067811865482389, 1.000000000000000000),
 ( 1.000000000000000000, 0.7071067811865482389, 1.000000000000000000),
 ( 1.000000000000000000, 0.7071067811865482389, 1.000000000000000000),
 ( 1.000000000000000000, 0.7071067811865482389, 1.000000000000000000) ) ) 
 REPRESENTATION_ITEM ( '' )  SURFACE ( )  );
#2048 = ORIENTED_EDGE ( 'NONE', *, *, #1136, .T. ) ;
#2049 = CARTESIAN_POINT ( 'NONE',  ( 0.7519685039370078705, 0.000000000000000000, -0.05905511811023622659 ) ) ;
#2050 = CARTESIAN_POINT ( 'NONE',  ( 1.187370794173219890, -1.565167944941656453, 0.1410062630276991691 ) ) ;
#2051 = CARTESIAN_POINT ( 'NONE',  ( 0.9350393700787380524, -2.194803067984443246, 0.4869383593625509210 ) ) ;
#2052 = CARTESIAN_POINT ( 'NONE',  ( 0.8683688584156638024, -2.450000000000000178, 0.6756022041226887875 ) ) ;
#2053 = EDGE_CURVE ( 'NONE', #1490, #2238, #1036, .T. ) ;
#2054 = EDGE_CURVE ( 'NONE', #1235, #643, #566, .T. ) ;
#2055 = CARTESIAN_POINT ( 'NONE',  ( -1.114610733701790313, -2.225791240059380005, 0.5122371566994521341 ) ) ;
#2056 = VERTEX_POINT ( 'NONE', #398 ) ;
#2057 = DIRECTION ( 'NONE',  ( -1.000000000000000000, -0.000000000000000000, -0.000000000000000000 ) ) ;
#2058 = ORIENTED_EDGE ( 'NONE', *, *, #850, .F. ) ;
#2059 = CARTESIAN_POINT ( 'NONE',  ( 0.7779738537457989711, -0.2441413791920372389, -0.05905511811022468027 ) ) ;
#2060 = CARTESIAN_POINT ( 'NONE',  ( 1.250000000010173418, -2.450000000026628211, 0.6378976325121988866 ) ) ;
#2061 = SURFACE_SIDE_STYLE ('',( #1340 ) ) ;
#2062 = DIRECTION ( 'NONE',  ( 0.000000000000000000, 1.000000000000000000, 0.000000000000000000 ) ) ;
#2063 =( CONVERSION_BASED_UNIT ( 'INCH', #1043 ) LENGTH_UNIT ( ) NAMED_UNIT ( #764 ) );
#2064 = CARTESIAN_POINT ( 'NONE',  ( -1.174794132818631764, -2.416117861804573774, 0.6916667204428188498 ) ) ;
#2065 = ADVANCED_FACE ( 'NONE', ( #1131 ), #1129, .T. ) ;
#2066 = CARTESIAN_POINT ( 'NONE',  ( 1.163491661927228193, -2.437252687787461181, -0.1377952755905511861 ) ) ;
#2067 = LINE ( 'NONE', #2111, #556 ) ;
#2068 = CARTESIAN_POINT ( 'NONE',  ( 1.249999999999997780, -2.863385826771653875, 0.1377952755905511861 ) ) ;
#2069 = CIRCLE ( 'NONE', #1056, 0.1417322834645668994 ) ;
#2070 = EDGE_CURVE ( 'NONE', #1781, #1379, #404, .T. ) ;
#2071 = VECTOR ( 'NONE', #575, 39.37007874015748143 ) ;
#2072 = VECTOR ( 'NONE', #1579, 39.37007874015748143 ) ;
#2073 = VERTEX_POINT ( 'NONE', #1845 ) ;
#2074 = CARTESIAN_POINT ( 'NONE',  ( 0.6743228755391552642, -0.01511264481766819850, -0.1377952755905511861 ) ) ;
#2075 = VECTOR ( 'NONE', #1926, 39.37007874015748143 ) ;
#2076 = CARTESIAN_POINT ( 'NONE',  ( -0.8955977777336698864, -1.040313234708653667, 0.1377952755903190385 ) ) ;
#2077 = CARTESIAN_POINT ( 'NONE',  ( -1.249999999999997780, -2.863385826771653875, 4.849999999999999645 ) ) ;
#2078 = ORIENTED_EDGE ( 'NONE', *, *, #472, .T. ) ;
#2079 = DIRECTION ( 'NONE',  ( -0.000000000000000000, -0.000000000000000000, -1.000000000000000000 ) ) ;
#2080 = CARTESIAN_POINT ( 'NONE',  ( -1.249999999999997780, -2.450000000000000178, 1.043307086614173151 ) ) ;
#2081 = AXIS2_PLACEMENT_3D ( 'NONE', #2217, #219, #1833 ) ;
#2082 = CARTESIAN_POINT ( 'NONE',  ( 0.7519685039370078705, 0.000000000000000000, 0.1377952755905511861 ) ) ;
#2083 = CARTESIAN_POINT ( 'NONE',  ( 0.000000000000000000, 0.000000000000000000, 0.05905511811023622659 ) ) ;
#2084 = CARTESIAN_POINT ( 'NONE',  ( -1.102403270846600059, -2.185778381801958492, 0.4797123006678955526 ) ) ;
#2085 = CARTESIAN_POINT ( 'NONE',  ( 1.113877809775096539, -1.984933711128283873, 0.3390281794803607918 ) ) ;
#2086 = CARTESIAN_POINT ( 'NONE',  ( -0.7793286660382477971, -0.2607178941131611527, 0.05905511811023623353 ) ) ;
#2087 = ORIENTED_EDGE ( 'NONE', *, *, #264, .F. ) ;
#2088 = CARTESIAN_POINT ( 'NONE',  ( 0.000000000000000000, 0.000000000000000000, -0.1377952755905511861 ) ) ;
#2089 = ORIENTED_EDGE ( 'NONE', *, *, #1174, .F. ) ;
#2090 = CARTESIAN_POINT ( 'NONE',  ( 0.7921797182027064954, -0.4155921808471926271, -0.05905511811023622659 ) ) ;
#2091 = EDGE_CURVE ( 'NONE', #484, #1149, #231, .T. ) ;
#2092 = CARTESIAN_POINT ( 'NONE',  ( -0.7085504996163245472, -0.3268401924617996279, 0.1377952755905511861 ) ) ;
#2093 = DIRECTION ( 'NONE',  ( -0.000000000000000000, -0.000000000000000000, -1.000000000000000000 ) ) ;
#2094 = EDGE_LOOP ( 'NONE', ( #340, #2127, #1545, #964 ) ) ;
#2095 = DIRECTION ( 'NONE',  ( 1.000000000000000000, 0.000000000000000000, 0.000000000000000000 ) ) ;
#2096 = CARTESIAN_POINT ( 'NONE',  ( -0.9350393700787380524, -1.963393305193143368, 0.3260331614032337955 ) ) ;
#2097 = DIRECTION ( 'NONE',  ( 1.000000000000000000, 0.000000000000000000, 0.000000000000000000 ) ) ;
#2098 = LINE ( 'NONE', #1883, #1479 ) ;
#2099 = CARTESIAN_POINT ( 'NONE',  ( 1.249999999999997780, -2.863385826771653875, 1.043307086614173151 ) ) ;
#2100 = ORIENTED_EDGE ( 'NONE', *, *, #2054, .F. ) ;
#2101 = FACE_OUTER_BOUND ( 'NONE', #2172, .T. ) ;
#2102 = EDGE_LOOP ( 'NONE', ( #164, #1895, #1695, #1022 ) ) ;
#2103 = CARTESIAN_POINT ( 'NONE',  ( 0.7552582764877395771, -0.03380648531249483280, -0.05905511811023622659 ) ) ;
#2104 = CARTESIAN_POINT ( 'NONE',  ( -1.007255506606800077, -1.560390858741748099, 0.05905511811023624047 ) ) ;
#2105 = EDGE_CURVE ( 'NONE', #2118, #1033, #995, .T. ) ;
#2106 = DIRECTION ( 'NONE',  ( 0.000000000000000000, 1.000000000000000000, 0.000000000000000000 ) ) ;
#2107 = DIRECTION ( 'NONE',  ( 0.000000000000000000, 0.000000000000000000, 1.000000000000000000 ) ) ;
#2108 = CARTESIAN_POINT ( 'NONE',  ( -0.9350393700786968632, -2.423358431741875485, 0.6993630373939061506 ) ) ;
#2109 = CARTESIAN_POINT ( 'NONE',  ( 0.6732182031189141158, -0.003695600378500155537, 0.1377952755905511861 ) ) ;
#2110 = CARTESIAN_POINT ( 'NONE',  ( -1.246455658652086962, -2.438984472381920732, 0.7161929114289891096 ) ) ;
#2111 = CARTESIAN_POINT ( 'NONE',  ( -0.9369344222056582572, -2.450000000000000178, 0.1377952755905511861 ) ) ;
#2112 = CARTESIAN_POINT ( 'NONE',  ( -0.9350393700787380524, -2.450000000000000178, 0.7283464566929135353 ) ) ;
#2113 = VERTEX_POINT ( 'NONE', #419 ) ;
#2114 = CARTESIAN_POINT ( 'NONE',  ( -0.8777997905281664792, -2.450000000000000178, 0.6921355816748948619 ) ) ;
#2115 = VECTOR ( 'NONE', #639, 39.37007874015748143 ) ;
#2116 = AXIS2_PLACEMENT_3D ( 'NONE', #64, #1117, #408 ) ;
#2117 = CARTESIAN_POINT ( 'NONE',  ( 0.000000000000000000, 0.000000000000000000, 4.849999999999999645 ) ) ;
#2118 = VERTEX_POINT ( 'NONE', #2227 ) ;
#2119 = CARTESIAN_POINT ( 'NONE',  ( 0.000000000000000000, -2.656692913385826582, 4.474999999999999645 ) ) ;
#2120 = CARTESIAN_POINT ( 'NONE',  ( -0.8562992125984230096, -1.574015905871694931, 0.06077956636845532890 ) ) ;
#2121 = AXIS2_PLACEMENT_3D ( 'NONE', #354, #526, #1944 ) ;
#2122 = FACE_OUTER_BOUND ( 'NONE', #1870, .T. ) ;
#2123 = EDGE_CURVE ( 'NONE', #1691, #2184, #2247, .T. ) ;
#2124 = PLANE ( 'NONE',  #2121 ) ;
#2125 = CARTESIAN_POINT ( 'NONE',  ( 0.8562992125984230096, -2.244650757778254402, 0.4262346403562293773 ) ) ;
#2126 = CARTESIAN_POINT ( 'NONE',  ( 0.9273583447308686445, -1.555887760671073039, 0.1377952755905511584 ) ) ;
#2127 = ORIENTED_EDGE ( 'NONE', *, *, #794, .T. ) ;
#2128 = CARTESIAN_POINT ( 'NONE',  ( -1.244388448660767477, -2.449999999999999734, 0.6785087541874698092 ) ) ;
#2129 = LINE ( 'NONE', #2077, #2035 ) ;
#2130 = FACE_OUTER_BOUND ( 'NONE', #531, .T. ) ;
#2131 = CARTESIAN_POINT ( 'NONE',  ( 0.9975280953361554959, -1.818025548455204365, 0.2455801155533191005 ) ) ;
#2132 = CARTESIAN_POINT ( 'NONE',  ( -0.9350393700787380524, -2.391715216049678183, 0.6661294654798037840 ) ) ;
#2133 =( BOUNDED_SURFACE ( )  B_SPLINE_SURFACE ( 3, 2, ( 
 ( #970, #1152, #88 ),
 ( #1683, #1383, #2074 ),
 ( #2103, #455, #594 ),
 ( #1186, #68, #1864 ),
 ( #1523, #792, #1338 ),
 ( #1717, #778, #99 ),
 ( #2059, #1877, #1696 ),
 ( #984, #803, #1533 ),
 ( #1349, #467, #1173 ),
 ( #1196, #114, #275 ),
 ( #812, #1008, #1546 ),
 ( #644, #2261, #633 ),
 ( #1366, #1898, #287 ),
 ( #1727, #827, #1561 ),
 ( #1909, #958, #865 ),
 ( #1529, #1869, #1542 ),
 ( #1704, #1378, #109 ),
 ( #438, #2282, #788 ),
 ( #1884, #1003, #823 ),
 ( #283, #2235, #2066 ),
 ( #2254, #1519, #1209 ),
 ( #1920, #602, #311 ) ),
 .UNSPECIFIED., .F., .F., .T. ) 
 B_SPLINE_SURFACE_WITH_KNOTS ( ( 4, 2, 2, 2, 2, 2, 2, 2, 2, 2, 4 ),
 ( 3, 3 ),
 ( 0.07993372677956507577, 0.08196239021083998044, 0.08399105364211489899, 0.08804838050466473609, 0.09616303422976441029, 0.1123923416799637587, 0.1286216491301631071, 0.1367363028552627813, 0.1407936297178126184, 0.1428222931490875369, 0.1448509565803624555 ),
 ( 0.000000000000000000, 1.000000000000000000 ),
 .UNSPECIFIED. ) 
 GEOMETRIC_REPRESENTATION_ITEM ( )  RATIONAL_B_SPLINE_SURFACE ( (
 ( 1.000000000000000000, 0.7071067811865474617, 1.000000000000000000),
 ( 1.000000000000000000, 0.7071067811865474617, 1.000000000000000000),
 ( 1.000000000000000000, 0.7071067811865474617, 1.000000000000000000),
 ( 1.000000000000000000, 0.7071067811865474617, 1.000000000000000000),
 ( 1.000000000000000000, 0.7071067811865474617, 1.000000000000000000),
 ( 1.000000000000000000, 0.7071067811865474617, 1.000000000000000000),
 ( 1.000000000000000000, 0.7071067811865474617, 1.000000000000000000),
 ( 1.000000000000000000, 0.7071067811865474617, 1.000000000000000000),
 ( 1.000000000000000000, 0.7071067811865474617, 1.000000000000000000),
 ( 1.000000000000000000, 0.7071067811865474617, 1.000000000000000000),
 ( 1.000000000000000000, 0.7071067811865481278, 1.000000000000000000),
 ( 1.000000000000000000, 0.7071067811865481278, 1.000000000000000000),
 ( 1.000000000000000000, 0.7071067811865476838, 1.000000000000000000),
 ( 1.000000000000000000, 0.7071067811865476838, 1.000000000000000000),
 ( 1.000000000000000000, 0.7071067811865473507, 1.000000000000000000),
 ( 1.000000000000000000, 0.7071067811865473507, 1.000000000000000000),
 ( 1.000000000000000000, 0.7071067811865474617, 1.000000000000000000),
 ( 1.000000000000000000, 0.7071067811865474617, 1.000000000000000000),
 ( 1.000000000000000000, 0.7071067811865474617, 1.000000000000000000),
 ( 1.000000000000000000, 0.7071067811865474617, 1.000000000000000000),
 ( 1.000000000000000000, 0.7071067811865474617, 1.000000000000000000),
 ( 1.000000000000000000, 0.7071067811865474617, 1.000000000000000000) ) ) 
 REPRESENTATION_ITEM ( '' )  SURFACE ( )  );
#2134 = CARTESIAN_POINT ( 'NONE',  ( 0.7725802322225437946, -0.2130269693577188372, 0.05905511811023622659 ) ) ;
#2135 = CARTESIAN_POINT ( 'NONE',  ( -0.7531184573071264543, -0.6551817239172813556, 0.1377952755905511861 ) ) ;
#2136 = EDGE_CURVE ( 'NONE', #1707, #619, #444, .T. ) ;
#2137 = EDGE_CURVE ( 'NONE', #195, #199, #717, .T. ) ;
#2138 = DIRECTION ( 'NONE',  ( -0.000000000000000000, 1.000000000000000000, -0.000000000000000000 ) ) ;
#2139 = FACE_OUTER_BOUND ( 'NONE', #301, .T. ) ;
#2140 = ORIENTED_EDGE ( 'NONE', *, *, #1642, .T. ) ;
#2141 = CARTESIAN_POINT ( 'NONE',  ( 0.6919291338582667095, -2.656692913385826582, 4.849999999999999645 ) ) ;
#2142 = CARTESIAN_POINT ( 'NONE',  ( -1.215383875324926644, -2.338039890188135850, -0.05905511811023622659 ) ) ;
#2143 = ORIENTED_EDGE ( 'NONE', *, *, #1450, .T. ) ;
#2144 = DIRECTION ( 'NONE',  ( -1.000000000000000000, 0.000000000000000000, 0.000000000000000000 ) ) ;
#2145 = DIRECTION ( 'NONE',  ( 0.000000000000000000, 0.000000000000000000, 1.000000000000000000 ) ) ;
#2146 = CARTESIAN_POINT ( 'NONE',  ( -0.9350393700789020324, -2.293085424585868726, 0.5705946953349835260 ) ) ;
#2147 = DIRECTION ( 'NONE',  ( 0.000000000000000000, 0.000000000000000000, -1.000000000000000000 ) ) ;
#2148 = CARTESIAN_POINT ( 'NONE',  ( -1.249999999999997780, -2.450000000000000178, 1.043307086614173151 ) ) ;
#2149 = CARTESIAN_POINT ( 'NONE',  ( 0.7519685039370078705, 0.000000000000000000, -0.05905511811023625435 ) ) ;
#2150 = ORIENTED_EDGE ( 'NONE', *, *, #503, .T. ) ;
#2151 = CARTESIAN_POINT ( 'NONE',  ( 1.005119967527404734, -1.551176037520262341, 0.05905511811023606700 ) ) ;
#2152 = ADVANCED_FACE ( 'NONE', ( #606 ), #2133, .T. ) ;
#2153 = CARTESIAN_POINT ( 'NONE',  ( -0.9498234110560238586, -1.667928435389517405, -0.1377952755905511861 ) ) ;
#2154 = ORIENTED_EDGE ( 'NONE', *, *, #850, .T. ) ;
#2155 = CARTESIAN_POINT ( 'NONE',  ( -1.230552618937533538, -2.388101772158408576, 0.5719769446023260651 ) ) ;
#2156 = CARTESIAN_POINT ( 'NONE',  ( -0.8562992125984230096, -2.076202107151601250, 0.3030544604827356547 ) ) ;
#2157 = COLOUR_RGB ( '',0.7921568627450980005, 0.8196078431372548767, 0.9333333333333333481 ) ;
#2158 = TOROIDAL_SURFACE ( 'NONE', #300, 0.6732283464566928277, 0.07874015748031495954 ) ;
#2159 = VECTOR ( 'NONE', #97, 39.37007874015748143 ) ;
#2160 = CARTESIAN_POINT ( 'NONE',  ( 0.000000000000000000, 0.000000000000000000, -0.1377952755905511861 ) ) ;
#2161 = CARTESIAN_POINT ( 'NONE',  ( 1.249999999999998446, -2.450000000000001510, -0.06428461239112245873 ) ) ;
#2162 = ORIENTED_EDGE ( 'NONE', *, *, #425, .F. ) ;
#2163 = CARTESIAN_POINT ( 'NONE',  ( 0.6755239914375981147, -0.02752645486635723823, 0.1377952755905511861 ) ) ;
#2164 = EDGE_CURVE ( 'NONE', #619, #731, #937, .T. ) ;
#2165 = CARTESIAN_POINT ( 'NONE',  ( -1.029884197231556664, -1.977206979656477293, -0.1377952755905511861 ) ) ;
#2166 = ORIENTED_EDGE ( 'NONE', *, *, #153, .F. ) ;
#2167 = FACE_OUTER_BOUND ( 'NONE', #1969, .T. ) ;
#2168 = CARTESIAN_POINT ( 'NONE',  ( 1.145621984648408365, -2.325304983725515307, 0.6003846559414814932 ) ) ;
#2169 = DIRECTION ( 'NONE',  ( 0.000000000000000000, -1.000000000000000000, 0.000000000000000000 ) ) ;
#2170 = CARTESIAN_POINT ( 'NONE',  ( -1.210747831365232230, -2.456016435106230134, -0.1279386824018988733 ) ) ;
#2171 = CARTESIAN_POINT ( 'NONE',  ( 1.210731532551099221, -2.450000000000000178, 0.7224059443666679403 ) ) ;
#2172 = EDGE_LOOP ( 'NONE', ( #1353, #2037, #138 ) ) ;
#2173 = FACE_OUTER_BOUND ( 'NONE', #447, .T. ) ;
#2174 = CARTESIAN_POINT ( 'NONE',  ( -1.223095539799128773, -2.363337053242415386, -0.1377952755904819637 ) ) ;
#2175 = ORIENTED_EDGE ( 'NONE', *, *, #2105, .T. ) ;
#2176 = CARTESIAN_POINT ( 'NONE',  ( 1.004313815886251016, -1.549745013774840752, 0.06889208245370188888 ) ) ;
#2177 = CARTESIAN_POINT ( 'NONE',  ( -0.2952755905511817991, -2.450000000000000178, 4.849999999999999645 ) ) ;
#2178 = DIRECTION ( 'NONE',  ( -0.000000000000000000, 1.000000000000000000, -0.000000000000000000 ) ) ;
#2179 = CARTESIAN_POINT ( 'NONE',  ( 0.8562992125984231206, -2.189698416064173703, 0.3836346975725370423 ) ) ;
#2180 = CARTESIAN_POINT ( 'NONE',  ( 1.248980991733874113, -2.450000000000000178, 0.6583689676933550672 ) ) ;
#2181 = ORIENTED_EDGE ( 'NONE', *, *, #1967, .T. ) ;
#2182 = CARTESIAN_POINT ( 'NONE',  ( 0.7535811205866483897, -0.6584233617192095656, 0.1377952755905511584 ) ) ;
#2183 = CARTESIAN_POINT ( 'NONE',  ( -0.7779738537458615877, -0.2441413791920991339, -0.1377952755905165472 ) ) ;
#2184 = VERTEX_POINT ( 'NONE', #95 ) ;
#2185 = CARTESIAN_POINT ( 'NONE',  ( 0.9945816331384624842, -1.547401723782662053, 0.09671773815103100469 ) ) ;
#2186 = CARTESIAN_POINT ( 'NONE',  ( 1.223824272494177245, -2.365934041290236767, 0.6400625154165898723 ) ) ;
#2187 = CARTESIAN_POINT ( 'NONE',  ( 1.250000000010173418, -2.450000000026628211, 0.05905511811023627516 ) ) ;
#2188 = CARTESIAN_POINT ( 'NONE',  ( -0.9211048039723307435, -1.559266825663649714, 0.1377952755905511584 ) ) ;
#2189 = CARTESIAN_POINT ( 'NONE',  ( 0.8562992125984228986, -1.655854887521015506, 0.1728872153440803860 ) ) ;
#2190 = CARTESIAN_POINT ( 'NONE',  ( 0.8572317831713913705, -1.736180448837908230, 0.1377952755905511861 ) ) ;
#2191 = AXIS2_PLACEMENT_3D ( 'NONE', #841, #2107, #1026 ) ;
#2192 = VECTOR ( 'NONE', #1896, 39.37007874015748143 ) ;
#2193 = CARTESIAN_POINT ( 'NONE',  ( -1.024491592881805913, -1.635132508965396081, 0.08727881238339026126 ) ) ;
#2194 = ORIENTED_EDGE ( 'NONE', *, *, #1527, .T. ) ;
#2195 = CARTESIAN_POINT ( 'NONE',  ( -0.7519685039370078705, 2.084234614306844078E-21, -0.06425707351085140073 ) ) ;
#2196 = ORIENTED_EDGE ( 'NONE', *, *, #1363, .T. ) ;
#2197 = CARTESIAN_POINT ( 'NONE',  ( 0.9501428223883487956, -1.551507624896724780, 0.1338503828539182039 ) ) ;
#2198 = CARTESIAN_POINT ( 'NONE',  ( 1.181246110827414819, -2.435901397936738100, 0.7128956982696501576 ) ) ;
#2199 = CARTESIAN_POINT ( 'NONE',  ( -0.8167113786479054394, -1.040546998662109424, -0.1377952755905511584 ) ) ;
#2200 = CARTESIAN_POINT ( 'NONE',  ( 0.8562992125984230096, -2.016954676287380455, 0.2646504397500014094 ) ) ;
#2201 = CARTESIAN_POINT ( 'NONE',  ( 0.8841966059252799326, -1.610943255781993155, 0.1377952755905511584 ) ) ;
#2202 = FACE_OUTER_BOUND ( 'NONE', #1226, .T. ) ;
#2203 = EDGE_CURVE ( 'NONE', #199, #1048, #1772, .T. ) ;
#2204 = EDGE_CURVE ( 'NONE', #78, #1379, #399, .T. ) ;
#2205 = ORIENTED_EDGE ( 'NONE', *, *, #645, .F. ) ;
#2206 = ORIENTED_EDGE ( 'NONE', *, *, #895, .F. ) ;
#2207 = CARTESIAN_POINT ( 'NONE',  ( 0.9350393700791266305, -1.597440553172277733, 0.06887832845882249644 ) ) ;
#2208 = CARTESIAN_POINT ( 'NONE',  ( 1.187370794173219890, -2.081265980406107552, 0.3208297833103072039 ) ) ;
#2209 = CARTESIAN_POINT ( 'NONE',  ( 0.8562992125984230096, -1.684917973929386248, 0.09964056585604352811 ) ) ;
#2210 = LINE ( 'NONE', #2080, #900 ) ;
#2211 = CARTESIAN_POINT ( 'NONE',  ( -0.9985321125407438103, -1.522635128958505391, 0.1265985371600116816 ) ) ;
#2212 = B_SPLINE_CURVE_WITH_KNOTS ( 'NONE', 3,
 ( #363, #1463, #1806, #1933, #2125, #2179, #1089, #545, #729, #906, #18, #1277 ),
 .UNSPECIFIED., .F., .F.,
 ( 4, 2, 2, 2, 2, 4 ),
 ( 0.000000000000000000, 0.005290037354455512722, 0.007935056031683261277, 0.01058007470891100810, 0.01587011206336652255, 0.02116014941782204048 ),
 .UNSPECIFIED. ) ;
#2213 = ORIENTED_EDGE ( 'NONE', *, *, #610, .T. ) ;
#2214 = DIRECTION ( 'NONE',  ( -0.000000000000000000, 1.000000000000000000, -0.000000000000000000 ) ) ;
#2215 = VERTEX_POINT ( 'NONE', #2099 ) ;
#2216 = EDGE_CURVE ( 'NONE', #1282, #429, #569, .T. ) ;
#2217 = CARTESIAN_POINT ( 'NONE',  ( -1.171259842519682737, -1.237347842067107129, -0.05905511811023622659 ) ) ;
#2218 = CARTESIAN_POINT ( 'NONE',  ( -0.9350393700787376083, -2.084724454381870817, 0.4046104738832436709 ) ) ;
#2219 = CARTESIAN_POINT ( 'NONE',  ( 0.9350393700787380524, -2.393039816515449836, 0.6674958226517642146 ) ) ;
#2220 = CARTESIAN_POINT ( 'NONE',  ( -0.9648009679238760405, -1.549239960934833737, 0.1271176454582316762 ) ) ;
#2221 = DIRECTION ( 'NONE',  ( 0.000000000000000000, 1.000000000000000000, -0.000000000000000000 ) ) ;
#2222 = CIRCLE ( 'NONE', #975, 0.1417322834645668994 ) ;
#2223 = CLOSED_SHELL ( 'NONE', ( #277, #1985, #1234, #2065, #779, #1035, #1573, #38, #1385, #1935, #2335, #1873, #942, #51, #1473, #1936, #473, #1630, #265, #400, #1364, #309, #2014, #1252, #1068, #1205, #1559, #1049, #2152, #1710, #576, #457, #724, #708, #836, #1602 ) ) ;
#2224 = ORIENTED_EDGE ( 'NONE', *, *, #2070, .T. ) ;
#2225 = CARTESIAN_POINT ( 'NONE',  ( 0.9056604972981464607, -1.573205276565496691, 0.1377952755905511861 ) ) ;
#2226 = VERTEX_POINT ( 'NONE', #1606 ) ;
#2227 = CARTESIAN_POINT ( 'NONE',  ( -1.171259842519682737, -2.863385826771653875, -0.1377952755905511861 ) ) ;
#2228 = CARTESIAN_POINT ( 'NONE',  ( 1.256325161062616047, -2.470074074822414367, 0.6595361277118741983 ) ) ;
#2229 = CARTESIAN_POINT ( 'NONE',  ( -0.6755241477501783276, -0.02752807039222917446, 0.1377952755905511861 ) ) ;
#2230 = EDGE_CURVE ( 'NONE', #56, #2285, #1999, .T. ) ;
#2231 = EDGE_CURVE ( 'NONE', #2033, #903, #2222, .T. ) ;
#2232 = CARTESIAN_POINT ( 'NONE',  ( 0.8562992125984230096, -2.349668853073358488, 0.5156172190908709929 ) ) ;
#2233 = CARTESIAN_POINT ( 'NONE',  ( 1.249999999999997780, -2.863385826771653875, 0.1377952755905511861 ) ) ;
#2234 = CARTESIAN_POINT ( 'NONE',  ( -1.002429951060495927, -1.835796632264944606, 0.2555066712985228361 ) ) ;
#2235 = CARTESIAN_POINT ( 'NONE',  ( 1.238684455463307632, -2.413884218008630178, -0.1377952755905858251 ) ) ;
#2236 = ORIENTED_EDGE ( 'NONE', *, *, #1174, .T. ) ;
#2237 = CARTESIAN_POINT ( 'NONE',  ( -0.6732182031189141158, -0.003695600378500330310, -0.1377952755905511861 ) ) ;
#2238 = VERTEX_POINT ( 'NONE', #1102 ) ;
#2239 = CARTESIAN_POINT ( 'NONE',  ( 0.9753937007874003973, -2.656692913385826582, 4.474999999999999645 ) ) ;
#2240 = LINE ( 'NONE', #1492, #785 ) ;
#2241 = DIRECTION ( 'NONE',  ( 1.000000000000000000, 0.000000000000000000, 0.000000000000000000 ) ) ;
#2242 = PLANE ( 'NONE',  #624 ) ;
#2243 = CARTESIAN_POINT ( 'NONE',  ( -1.242725155656986491, -2.427047365951263913, 0.7032867675270404462 ) ) ;
#2244 = CARTESIAN_POINT ( 'NONE',  ( -1.250000000007589485, -2.450000000026785418, 0.6413706875986173728 ) ) ;
#2245 = DIRECTION ( 'NONE',  ( 0.000000000000000000, -1.000000000000000000, 0.000000000000000000 ) ) ;
#2246 = ORIENTED_EDGE ( 'NONE', *, *, #767, .T. ) ;
#2247 = LINE ( 'NONE', #1888, #1508 ) ;
#2248 = CARTESIAN_POINT ( 'NONE',  ( -0.7787353676637479571, -0.2511924221908755084, 0.1377952755905657301 ) ) ;
#2249 = DIRECTION ( 'NONE',  ( -1.000000000000000000, 0.000000000000000000, 0.000000000000000000 ) ) ;
#2250 = CARTESIAN_POINT ( 'NONE',  ( -1.002672466179659327, -1.548569292630944227, 0.07833621078948262151 ) ) ;
#2251 = CARTESIAN_POINT ( 'NONE',  ( -1.236930094550475978, -2.408181494949818369, 0.5943238220509298175 ) ) ;
#2252 = EDGE_CURVE ( 'NONE', #2184, #2226, #211, .T. ) ;
#2253 = CARTESIAN_POINT ( 'NONE',  ( 1.156343035503585082, -2.138333423867717631, 0.3594208425803850360 ) ) ;
#2254 = CARTESIAN_POINT ( 'NONE',  ( 1.246565213827494523, -2.439067567687997595, -0.05905511811023622659 ) ) ;
#2255 = DIRECTION ( 'NONE',  ( 0.000000000000000000, 0.000000000000000000, 1.000000000000000000 ) ) ;
#2256 = CARTESIAN_POINT ( 'NONE',  ( -0.7519685039370078705, 0.000000000000000000, -0.05905511811023622659 ) ) ;
#2257 = CIRCLE ( 'NONE', #442, 0.6732283464566928277 ) ;
#2258 = AXIS2_PLACEMENT_3D ( 'NONE', #1988, #367, #1430 ) ;
#2259 =( GEOMETRIC_REPRESENTATION_CONTEXT ( 3 ) GLOBAL_UNCERTAINTY_ASSIGNED_CONTEXT ( ( #1747 ) ) GLOBAL_UNIT_ASSIGNED_CONTEXT ( ( #856, #2267, #1918 ) ) REPRESENTATION_CONTEXT ( 'NONE', 'WORKASPACE' ) );
#2260 = ORIENTED_EDGE ( 'NONE', *, *, #2164, .F. ) ;
#2261 = CARTESIAN_POINT ( 'NONE',  ( 0.9788031158120158448, -1.443429964953940825, -0.1377952755905510751 ) ) ;
#2262 = AXIS2_PLACEMENT_3D ( 'NONE', #540, #1272, #1098 ) ;
#2263 = CARTESIAN_POINT ( 'NONE',  ( -0.8814330763214124342, -2.450000000000000622, 0.6974750762936842152 ) ) ;
#2264 = CARTESIAN_POINT ( 'NONE',  ( -0.7519685039370078705, 0.000000000000000000, 0.05905511811023627516 ) ) ;
#2265 = ORIENTED_EDGE ( 'NONE', *, *, #53, .T. ) ;
#2266 = CARTESIAN_POINT ( 'NONE',  ( -0.9350393700787380524, -2.375611438399956921, 0.6497875725049412354 ) ) ;
#2267 =( NAMED_UNIT ( * ) PLANE_ANGLE_UNIT ( ) SI_UNIT ( $, .RADIAN. ) );
#2268 = CARTESIAN_POINT ( 'NONE',  ( -1.156040299748659628, -2.136481753121950877, 0.3600342341333162555 ) ) ;
#2269 = CARTESIAN_POINT ( 'NONE',  ( 1.178210938496141225, -2.213945899581132082, 0.4170650096323509359 ) ) ;
#2270 = CARTESIAN_POINT ( 'NONE',  ( -0.8562992125984231206, -1.751387315001948997, 0.1377952755905512139 ) ) ;
#2271 = EDGE_LOOP ( 'NONE', ( #2260, #869 ) ) ;
#2272 = PLANE ( 'NONE',  #671 ) ;
#2273 = EDGE_CURVE ( 'NONE', #1379, #350, #1995, .T. ) ;
#2274 = EDGE_LOOP ( 'NONE', ( #574, #2224, #615 ) ) ;
#2275 = CARTESIAN_POINT ( 'NONE',  ( 0.8538687152168937811, -0.8288311126727178069, -0.05905511811023624741 ) ) ;
#2276 = DIRECTION ( 'NONE',  ( -0.000000000000000000, -0.000000000000000000, -1.000000000000000000 ) ) ;
#2277 = PRODUCT_DEFINITION ( 'UNKNOWN', '', #372, #1069 ) ;
#2278 = FACE_OUTER_BOUND ( 'NONE', #1248, .T. ) ;
#2279 = CARTESIAN_POINT ( 'NONE',  ( 0.000000000000000000, -2.656692913385826582, 4.474999999999999645 ) ) ;
#2280 = CARTESIAN_POINT ( 'NONE',  ( -0.8562992125984228986, -1.635489904196473221, 0.1648346713142697928 ) ) ;
#2281 = CARTESIAN_POINT ( 'NONE',  ( -1.249914500590401989, -2.449738096776926444, 0.6375736904898263724 ) ) ;
#2282 = CARTESIAN_POINT ( 'NONE',  ( 1.215383875324962837, -2.338039890188159386, -0.1377952755904992554 ) ) ;
#2283 = CARTESIAN_POINT ( 'NONE',  ( 1.249999999999997780, -2.450000000000000178, 0.1377952755905511861 ) ) ;
#2284 = DIRECTION ( 'NONE',  ( 1.000000000000000000, 0.000000000000000000, 0.000000000000000000 ) ) ;
#2285 = VERTEX_POINT ( 'NONE', #1656 ) ;
#2286 = CARTESIAN_POINT ( 'NONE',  ( -0.7866985731244481306, -0.3171924036663755220, 0.1377952755905221538 ) ) ;
#2287 = EDGE_CURVE ( 'NONE', #1270, #199, #35, .T. ) ;
#2288 = CARTESIAN_POINT ( 'NONE',  ( 0.000000000000000000, 0.000000000000000000, 0.1377952755905511861 ) ) ;
#2289 = CARTESIAN_POINT ( 'NONE',  ( 0.9985272474858748470, -1.522613857208727328, 0.1265915921606955152 ) ) ;
#2290 = CARTESIAN_POINT ( 'NONE',  ( -0.8562992125984228986, -2.454532551598441081, 0.7333557323528214766 ) ) ;
#2291 = DIRECTION ( 'NONE',  ( -0.000000000000000000, -0.000000000000000000, 1.000000000000000000 ) ) ;
#2292 = CARTESIAN_POINT ( 'NONE',  ( 0.7519685039370078705, 0.000000000000000000, 0.05905511811023622659 ) ) ;
#2293 = CARTESIAN_POINT ( 'NONE',  ( -0.9170531100983246864, -1.561977990860311083, 0.1377952755905511584 ) ) ;
#2294 = CARTESIAN_POINT ( 'NONE',  ( 0.9313163117687389692, -1.555887760672045816, 0.1377952755907780047 ) ) ;
#2295 = CARTESIAN_POINT ( 'NONE',  ( 1.249999999999997780, -2.450000000000000178, -0.05905511811023625435 ) ) ;
#2296 = ORIENTED_EDGE ( 'NONE', *, *, #1973, .T. ) ;
#2297 = CARTESIAN_POINT ( 'NONE',  ( -1.249999999997827071, -2.449999999999999734, 0.6482092660290541541 ) ) ;
#2298 = AXIS2_PLACEMENT_3D ( 'NONE', #305, #637, #1525 ) ;
#2299 = CIRCLE ( 'NONE', #405, 0.1200787401574802127 ) ;
#2300 = AXIS2_PLACEMENT_3D ( 'NONE', #499, #1230, #1029 ) ;
#2301 = AXIS2_PLACEMENT_3D ( 'NONE', #1647, #321, #29 ) ;
#2302 = LINE ( 'NONE', #987, #1404 ) ;
#2303 = ORIENTED_EDGE ( 'NONE', *, *, #197, .F. ) ;
#2304 = DIRECTION ( 'NONE',  ( 0.000000000000000000, 0.000000000000000000, -1.000000000000000000 ) ) ;
#2305 = CARTESIAN_POINT ( 'NONE',  ( 1.083046444067423897, -2.121864496323378368, 0.4293900378051880851 ) ) ;
#2306 = CARTESIAN_POINT ( 'NONE',  ( -0.8562992125984230096, -2.504955679253570988, 0.6717245991731968235 ) ) ;
#2307 = EDGE_CURVE ( 'NONE', #274, #1447, #1694, .T. ) ;
#2308 = VECTOR ( 'NONE', #1346, 39.37007874015748143 ) ;
#2309 = EDGE_CURVE ( 'NONE', #809, #356, #1284, .T. ) ;
#2310 = FACE_BOUND ( 'NONE', #1151, .T. ) ;
#2311 = DIRECTION ( 'NONE',  ( 0.000000000000000000, 0.000000000000000000, 1.000000000000000000 ) ) ;
#2312 = CARTESIAN_POINT ( 'NONE',  ( -0.8336614173228334979, -2.656692913385826582, 4.474999999999999645 ) ) ;
#2313 = CARTESIAN_POINT ( 'NONE',  ( 0.6939451831346917787, -0.002745788522869627244, -0.1357074213462382550 ) ) ;
#2314 = CARTESIAN_POINT ( 'NONE',  ( 0.9350393700787380524, -2.450000000000000178, 0.7283464566929135353 ) ) ;
#2315 = ORIENTED_EDGE ( 'NONE', *, *, #1001, .T. ) ;
#2316 = CARTESIAN_POINT ( 'NONE',  ( 0.9753937007874003973, -2.656692913385826582, 4.849999999999999645 ) ) ;
#2317 = CARTESIAN_POINT ( 'NONE',  ( -0.7552582764877237009, -0.03380648531233824972, -0.05905511811023622659 ) ) ;
#2318 = EDGE_LOOP ( 'NONE', ( #1897, #1946, #2246, #1643, #2100, #2087, #629, #366, #378, #248, #1799, #848 ) ) ;
#2319 = CARTESIAN_POINT ( 'NONE',  ( -0.9306488409585284005, -1.555784956825112975, 0.1376698937168935322 ) ) ;
#2320 = CARTESIAN_POINT ( 'NONE',  ( -0.8562992125982586966, -2.224088471149945345, 0.5107898859815226400 ) ) ;
#2321 = ADVANCED_FACE ( 'NONE', ( #650 ), #1042, .F. ) ;
#2322 = DIRECTION ( 'NONE',  ( 0.000000000000000000, 0.000000000000000000, -1.000000000000000000 ) ) ;
#2323 = DIRECTION ( 'NONE',  ( 0.000000000000000000, 0.000000000000000000, 1.000000000000000000 ) ) ;
#2324 = EDGE_CURVE ( 'NONE', #1270, #1296, #1114, .T. ) ;
#2325 = CARTESIAN_POINT ( 'NONE',  ( 0.9350393700787378304, -2.389263868114685163, 0.6631510325815354046 ) ) ;
#2326 = ORIENTED_EDGE ( 'NONE', *, *, #1474, .F. ) ;
#2327 = CARTESIAN_POINT ( 'NONE',  ( 0.6788176811748940498, -0.06082718876822662546, 0.1377952755905511861 ) ) ;
#2328 = CARTESIAN_POINT ( 'NONE',  ( -0.6936849643510557550, -0.2004319931178561998, -0.1377952755905511861 ) ) ;
#2329 = VERTEX_POINT ( 'NONE', #330 ) ;
#2330 = CARTESIAN_POINT ( 'NONE',  ( 0.8336614173228334979, -2.656692913385826582, 4.474999999999999645 ) ) ;
#2331 = LINE ( 'NONE', #676, #335 ) ;
#2332 = FACE_OUTER_BOUND ( 'NONE', #1951, .T. ) ;
#2333 = CARTESIAN_POINT ( 'NONE',  ( -1.171259842519682737, -2.462058499514832910, -0.1377952755905511861 ) ) ;
#2334 = CARTESIAN_POINT ( 'NONE',  ( 1.230435036013181049, -2.452999984771688347, -0.1112532096175470053 ) ) ;
#2335 = ADVANCED_FACE ( 'NONE', ( #2122, #2310 ), #1601, .T. ) ;
#2336 = EDGE_CURVE ( 'NONE', #1447, #1662, #1786, .T. ) ;
#2337 = EDGE_LOOP ( 'NONE', ( #385, #1979, #2140 ) ) ;
#2338 = CARTESIAN_POINT ( 'NONE',  ( 0.6893336489615684570, -0.1606548096691418348, 0.1377952755905511861 ) ) ;
ENDSEC;
END-ISO-10303-21;
