ISO-10303-21;
HEADER;
FILE_DESCRIPTION (( 'STEP AP214' ),
    '1' );
FILE_NAME ('rear diffuser.STEP',
    '2026-06-05T02:19:27',
    ( '' ),
    ( '' ),
    'SwSTEP 2.0',
    'SolidWorks 2025',
    '' );
FILE_SCHEMA (( 'AUTOMOTIVE_DESIGN' ));
ENDSEC;

DATA;
#1 = CARTESIAN_POINT ( 'NONE',  ( -3.145857473675098603, 2.714771519582216630, -27.83726992770482767 ) ) ;
#2 = CARTESIAN_POINT ( 'NONE',  ( -3.286862954641181389, 2.070271023522930243, -26.93391888649903620 ) ) ;
#3 = CARTESIAN_POINT ( 'NONE',  ( 2.200118064492979641, 2.526014323495966885, -27.83726992770485609 ) ) ;
#4 = MECHANICAL_DESIGN_GEOMETRIC_PRESENTATION_REPRESENTATION (  '', ( #3366 ), #3031 ) ;
#5 = CARTESIAN_POINT ( 'NONE',  ( -3.279093283574818773, 2.050271023522930225, -26.86445495552626284 ) ) ;
#6 = EDGE_CURVE ( 'NONE', #4235, #1327, #2723, .T. ) ;
#7 = CIRCLE ( 'NONE', #1591, 0.06250000000000295597 ) ;
#8 = CARTESIAN_POINT ( 'NONE',  ( 1.661196941455268306, 2.264435896764059652, -27.46834928107903551 ) ) ;
#9 = ORIENTED_EDGE ( 'NONE', *, *, #3313, .F. ) ;
#10 = CARTESIAN_POINT ( 'NONE',  ( 2.417014554174214069, 2.574881953614144958, -27.84608425407521537 ) ) ;
#11 = CARTESIAN_POINT ( 'NONE',  ( -2.814115685726620519, 1.896271023522930310, -25.39796031643188101 ) ) ;
#12 = CARTESIAN_POINT ( 'NONE',  ( -2.414546513025082941, 2.595874347262152604, -27.83726992770484898 ) ) ;
#13 = CARTESIAN_POINT ( 'NONE',  ( -3.595502225854618317, 2.004427634586039897, -23.52243052234773302 ) ) ;
#14 = CARTESIAN_POINT ( 'NONE',  ( 0.4544977741453823938, 1.966934225413054627, -26.73050798782740500 ) ) ;
#15 = AXIS2_PLACEMENT_3D ( 'NONE', #1271, #1293, #3900 ) ;
#16 = CARTESIAN_POINT ( 'NONE',  ( 3.097406251033500535, 1.964107528727037977, -26.72633098854271338 ) ) ;
#17 = CARTESIAN_POINT ( 'NONE',  ( -0.7058355214436230485, 2.217645052881080492, -27.46834928107904616 ) ) ;
#18 = CARTESIAN_POINT ( 'NONE',  ( 3.602647454603583821, 1.943269106333476826, -26.72557361060552239 ) ) ;
#19 = CARTESIAN_POINT ( 'NONE',  ( -0.7375404283436368669, 2.007108442483871436, -26.91136393633451362 ) ) ;
#20 = ORIENTED_EDGE ( 'NONE', *, *, #3576, .T. ) ;
#21 = CARTESIAN_POINT ( 'NONE',  ( -3.248210297011205672, 2.578204034315914939, -27.66234199867179555 ) ) ;
#22 = CARTESIAN_POINT ( 'NONE',  ( 3.747127938326000329, 2.474110832752198341, -27.83726992770485253 ) ) ;
#23 = CARTESIAN_POINT ( 'NONE',  ( -0.01872359499245722370, 2.155474224857161669, -27.28469820091699916 ) ) ;
#24 = CARTESIAN_POINT ( 'NONE',  ( 2.998507651542517749, 1.941806177881533202, -26.72937402216011904 ) ) ;
#25 = CARTESIAN_POINT ( 'NONE',  ( 2.467916913432050663, 1.946934225413054831, -23.63789122274700105 ) ) ;
#26 = CARTESIAN_POINT ( 'NONE',  ( 2.387809786682404845, 2.584288588548723453, -27.83726992770483832 ) ) ;
#27 = LINE ( 'NONE', #1638, #285 ) ;
#28 = CARTESIAN_POINT ( 'NONE',  ( 1.353697628148500698, 1.963820376272932711, -26.72215398925802177 ) ) ;
#29 = EDGE_LOOP ( 'NONE', ( #841, #2766, #3750, #633, #169, #2948, #279, #513, #9, #3377 ) ) ;
#30 = CARTESIAN_POINT ( 'NONE',  ( 3.760341610619233332, 2.420017909175882220, -27.83726992770484898 ) ) ;
#31 = EDGE_CURVE ( 'NONE', #3196, #2506, #775, .T. ) ;
#32 = CARTESIAN_POINT ( 'NONE',  ( -2.307418585144656920, 2.561387932989543703, -27.83726992770485253 ) ) ;
#33 = EDGE_CURVE ( 'NONE', #768, #3456, #4082, .T. ) ;
#34 = CARTESIAN_POINT ( 'NONE',  ( -2.245502225854618228, 1.966934225413054627, -26.73050798782740500 ) ) ;
#35 = CARTESIAN_POINT ( 'NONE',  ( 2.310747774145382127, 1.966934225413054627, -26.73050798782741211 ) ) ;
#36 = CARTESIAN_POINT ( 'NONE',  ( 2.478152918132570992, 1.961631345726798425, -26.72215398925802177 ) ) ;
#37 = CARTESIAN_POINT ( 'NONE',  ( -0.07043941745263934684, 1.962381147690066774, -26.71820525699473592 ) ) ;
#38 = CARTESIAN_POINT ( 'NONE',  ( 3.656312084795739104, 2.192046330591157499, -27.28621056803062572 ) ) ;
#39 = CARTESIAN_POINT ( 'NONE',  ( -0.2926917507462282741, 2.274968538286984199, -27.65750400550945542 ) ) ;
#40 = ORIENTED_EDGE ( 'NONE', *, *, #2290, .T. ) ;
#41 = CARTESIAN_POINT ( 'NONE',  ( -3.163953727028110396, 2.722234979820533862, -27.84884007272231443 ) ) ;
#42 = CARTESIAN_POINT ( 'NONE',  ( 0.1790757211432909002, 2.214516297992064064, -27.47099827600434097 ) ) ;
#43 = CARTESIAN_POINT ( 'NONE',  ( -2.675670240516064613, 2.070271023522930243, -24.30177871424680092 ) ) ;
#44 = CARTESIAN_POINT ( 'NONE',  ( 2.352758048470986907, 2.572985148378055698, -27.83726992770484898 ) ) ;
#45 = DIRECTION ( 'NONE',  ( 0.000000000000000000, 1.000000000000000000, 0.000000000000000000 ) ) ;
#46 = CARTESIAN_POINT ( 'NONE',  ( 0.6788976966313241546, 1.962676322142119956, -26.71797698997332660 ) ) ;
#47 = ORIENTED_EDGE ( 'NONE', *, *, #3106, .T. ) ;
#48 = DIRECTION ( 'NONE',  ( 0.000000000000000000, -1.000000000000000000, 0.000000000000000000 ) ) ;
#49 = CARTESIAN_POINT ( 'NONE',  ( -1.445368508098076488, 2.379255913195861272, -27.83726992770484543 ) ) ;
#50 = CARTESIAN_POINT ( 'NONE',  ( -1.963700156728054758, 1.964943574695806383, -26.72640707754985456 ) ) ;
#51 = CARTESIAN_POINT ( 'NONE',  ( -2.569769968022913798, 2.046934225413054698, -23.68674101771496154 ) ) ;
#52 = EDGE_CURVE ( 'NONE', #2845, #2368, #1771, .T. ) ;
#53 = CARTESIAN_POINT ( 'NONE',  ( 2.591997774145382127, 1.966934225413054627, -26.73050798782740500 ) ) ;
#54 = CARTESIAN_POINT ( 'NONE',  ( -3.595502225854618317, 1.984629061719719534, -23.63789122274700105 ) ) ;
#55 = CARTESIAN_POINT ( 'NONE',  ( -3.587205197043366045, 2.602256688726876099, -27.83726992770484543 ) ) ;
#56 = CARTESIAN_POINT ( 'NONE',  ( -0.9495071458727947222, 2.327032443682686136, -27.84371665154555231 ) ) ;
#57 = ORIENTED_EDGE ( 'NONE', *, *, #2976, .F. ) ;
#58 = EDGE_CURVE ( 'NONE', #3266, #2144, #570, .T. ) ;
#59 = EDGE_CURVE ( 'NONE', #2231, #2168, #2803, .T. ) ;
#60 = ORIENTED_EDGE ( 'NONE', *, *, #1897, .F. ) ;
#61 = CARTESIAN_POINT ( 'NONE',  ( 3.743044896919633491, 2.478976860147827033, -27.83726992770485253 ) ) ;
#62 = DIRECTION ( 'NONE',  ( 0.000000000000000000, 0.000000000000000000, -1.000000000000000000 ) ) ;
#63 = CARTESIAN_POINT ( 'NONE',  ( 3.172949947783533897, 2.722237072673429736, -27.84884306809778209 ) ) ;
#64 = PLANE ( 'NONE',  #971 ) ;
#65 = CARTESIAN_POINT ( 'NONE',  ( 2.472681613790801425, 2.611790498824248186, -27.83726992770485253 ) ) ;
#66 = PLANE ( 'NONE',  #4116 ) ;
#67 =( BOUNDED_CURVE ( )  B_SPLINE_CURVE ( 3, ( #3347, #3959, #410, #1377 ),
 .UNSPECIFIED., .F., .T. ) 
 B_SPLINE_CURVE_WITH_KNOTS ( ( 4, 4 ),
 ( 0.000000000000000000, 3.141592653589793116 ),
 .UNSPECIFIED. ) 
 CURVE ( )  GEOMETRIC_REPRESENTATION_ITEM ( )  RATIONAL_B_SPLINE_CURVE ( ( 1.000000000000000000, 0.3333333333333333703, 0.3333333333333333703, 1.000000000000000000 ) ) 
 REPRESENTATION_ITEM ( '' )  );
#68 = CARTESIAN_POINT ( 'NONE',  ( 1.802933859289512331, 1.961354737407920767, -26.71797698997332660 ) ) ;
#69 = ORIENTED_EDGE ( 'NONE', *, *, #2178, .F. ) ;
#70 = DIRECTION ( 'NONE',  ( 0.000000000000000000, -3.475471168776155271E-14, -1.000000000000000000 ) ) ;
#71 = CARTESIAN_POINT ( 'NONE',  ( -2.013916735772976363, 2.146014502743826213, -27.09942863445321493 ) ) ;
#72 = CARTESIAN_POINT ( 'NONE',  ( -2.569769968022913798, 2.004651643197893574, -23.65081582086457246 ) ) ;
#73 = AXIS2_PLACEMENT_3D ( 'NONE', #4156, #1914, #3207 ) ;
#74 = VECTOR ( 'NONE', #1924, 39.37007874015748143 ) ;
#75 = DIRECTION ( 'NONE',  ( 1.000000000000000000, 0.000000000000000000, 0.000000000000000000 ) ) ;
#76 = DIRECTION ( 'NONE',  ( 0.000000000000000000, -1.000000000000000000, 0.000000000000000000 ) ) ;
#77 = AXIS2_PLACEMENT_3D ( 'NONE', #545, #2533, #2885 ) ;
#78 = CARTESIAN_POINT ( 'NONE',  ( -0.04939196729483801007, 1.943714209868687259, -26.72545317258208897 ) ) ;
#79 = ORIENTED_EDGE ( 'NONE', *, *, #3933, .T. ) ;
#80 = AXIS2_PLACEMENT_3D ( 'NONE', #2369, #70, #94 ) ;
#81 = ORIENTED_EDGE ( 'NONE', *, *, #138, .T. ) ;
#82 = CARTESIAN_POINT ( 'NONE',  ( -2.569769968022913798, 1.946934225413054831, -23.58831582086456891 ) ) ;
#83 = CARTESIAN_POINT ( 'NONE',  ( -3.215449714383426194, 2.189291985172597155, -27.10266222833928751 ) ) ;
#84 = EDGE_CURVE ( 'NONE', #1772, #3353, #1741, .T. ) ;
#85 = CARTESIAN_POINT ( 'NONE',  ( 3.664097215008806696, 2.554521277455773731, -27.83726992770484543 ) ) ;
#86 = EDGE_CURVE ( 'NONE', #3223, #815, #2064, .T. ) ;
#87 = DIRECTION ( 'NONE',  ( 0.000000000000000000, -1.000000000000000000, 0.000000000000000000 ) ) ;
#88 = DIRECTION ( 'NONE',  ( 1.000000000000000000, 0.000000000000000000, -3.354088014807555410E-15 ) ) ;
#89 = CARTESIAN_POINT ( 'NONE',  ( 2.410959576940815641, 2.591791471052910190, -27.83726992770484543 ) ) ;
#90 = FACE_OUTER_BOUND ( 'NONE', #474, .T. ) ;
#91 = CARTESIAN_POINT ( 'NONE',  ( -3.751171006669476782, 1.896271023522930310, -27.83726992770484898 ) ) ;
#92 = ORIENTED_EDGE ( 'NONE', *, *, #2234, .F. ) ;
#93 = CARTESIAN_POINT ( 'NONE',  ( 2.734522363140932999, 2.679214755393698244, -27.84749690822862078 ) ) ;
#94 = DIRECTION ( 'NONE',  ( 0.000000000000000000, 1.000000000000000000, -3.475471168776155271E-14 ) ) ;
#95 = CARTESIAN_POINT ( 'NONE',  ( -1.412339982897295343, 2.375590517981305716, -27.83726992770483832 ) ) ;
#96 = CARTESIAN_POINT ( 'NONE',  ( -2.075019955124610238, 1.960585065939454585, -26.71820525699473592 ) ) ;
#97 = CARTESIAN_POINT ( 'NONE',  ( -3.279093283574818773, 2.050271023522930225, -26.86445495552626284 ) ) ;
#98 = CARTESIAN_POINT ( 'NONE',  ( 3.490309906613099589, 1.962799385862973089, -26.72215398925802177 ) ) ;
#99 = CARTESIAN_POINT ( 'NONE',  ( 0.01649107458250453559, 1.963834723072298560, -26.72230616727229702 ) ) ;
#100 = CARTESIAN_POINT ( 'NONE',  ( -3.489516719688468438, 2.654461524857487653, -27.83726992770485609 ) ) ;
#101 = CARTESIAN_POINT ( 'NONE',  ( -0.08708408204853533563, 1.943732399132903410, -26.72540248083682712 ) ) ;
#102 = CARTESIAN_POINT ( 'NONE',  ( 2.467916913432050663, 2.046934225413053365, -23.63789122274700105 ) ) ;
#103 = ORIENTED_EDGE ( 'NONE', *, *, #86, .F. ) ;
#104 = LINE ( 'NONE', #3367, #1105 ) ;
#105 = CARTESIAN_POINT ( 'NONE',  ( -2.537193672321703897, 1.942312884930226247, -26.72949100832183689 ) ) ;
#106 = FACE_OUTER_BOUND ( 'NONE', #519, .T. ) ;
#107 = CARTESIAN_POINT ( 'NONE',  ( 1.531020417839026537, 2.085080783953055406, -27.09812203173606093 ) ) ;
#108 = EDGE_CURVE ( 'NONE', #3456, #4235, #1342, .T. ) ;
#109 = CARTESIAN_POINT ( 'NONE',  ( 3.783512746573752583, 1.896271023522930310, -27.83726992770484898 ) ) ;
#110 = CARTESIAN_POINT ( 'NONE',  ( 2.539342481555412423, 2.633061835491414371, -27.83726992770484898 ) ) ;
#111 = FACE_OUTER_BOUND ( 'NONE', #1128, .T. ) ;
#112 = FACE_OUTER_BOUND ( 'NONE', #1374, .T. ) ;
#113 = ADVANCED_FACE ( 'NONE', ( #2158 ), #1582, .T. ) ;
#114 = ORIENTED_EDGE ( 'NONE', *, *, #2542, .T. ) ;
#115 = CARTESIAN_POINT ( 'NONE',  ( 3.586317216545646502, 2.370495966616077421, -27.52599710139986655 ) ) ;
#116 = CARTESIAN_POINT ( 'NONE',  ( -1.692785018661745688, 2.413682100464032310, -27.83726992770484898 ) ) ;
#117 = CARTESIAN_POINT ( 'NONE',  ( -1.813477038288916932, 2.434784028539682232, -27.83726992770484898 ) ) ;
#118 = CARTESIAN_POINT ( 'NONE',  ( 0.004497774145382284726, 2.089759520807885629, -27.05645503214892500 ) ) ;
#119 = CARTESIAN_POINT ( 'NONE',  ( 3.379497774145382216, 1.966934225413054627, -26.73050798782740500 ) ) ;
#120 = CARTESIAN_POINT ( 'NONE',  ( 0.004497774145382328961, 1.966934225413054627, -26.73050798782740500 ) ) ;
#121 = CARTESIAN_POINT ( 'NONE',  ( -3.655100890323316420, 2.554521942907879151, -27.83726992770484898 ) ) ;
#122 = CARTESIAN_POINT ( 'NONE',  ( 0.02771989804795605555, 2.155568797639582090, -27.28494784220970004 ) ) ;
#123 = VERTEX_POINT ( 'NONE', #577 ) ;
#124 = ORIENTED_EDGE ( 'NONE', *, *, #3670, .F. ) ;
#125 = CARTESIAN_POINT ( 'NONE',  ( 2.721037318558971130, 1.896271023522930310, -23.99184343880288495 ) ) ;
#126 = CARTESIAN_POINT ( 'NONE',  ( -2.188258008021412238, 2.043726142667404932, -26.91436279288870992 ) ) ;
#127 = CARTESIAN_POINT ( 'NONE',  ( -3.496596792339377924, 2.654521783163551252, -27.83726992770485253 ) ) ;
#128 = CARTESIAN_POINT ( 'NONE',  ( 0.2948083871663281785, 2.142413743890004163, -27.28432388046869050 ) ) ;
#129 = EDGE_LOOP ( 'NONE', ( #2189, #1177, #4216, #188 ) ) ;
#130 = DIRECTION ( 'NONE',  ( 0.000000000000000000, 0.000000000000000000, 1.000000000000000000 ) ) ;
#131 = CARTESIAN_POINT ( 'NONE',  ( 2.505976465822947308, 2.004651643197893574, -23.65081582086457246 ) ) ;
#132 = CARTESIAN_POINT ( 'NONE',  ( -2.753972716479149874, 2.004427634586039897, -23.52243052234773302 ) ) ;
#133 = ORIENTED_EDGE ( 'NONE', *, *, #3420, .T. ) ;
#134 = CARTESIAN_POINT ( 'NONE',  ( 3.752946423690583622, 2.431784764324091519, -27.78471896713917744 ) ) ;
#135 = CARTESIAN_POINT ( 'NONE',  ( 2.679390802332380694, 2.652261428068842353, -27.83726992770485964 ) ) ;
#136 = CARTESIAN_POINT ( 'NONE',  ( -2.292122698595354002, 2.556478700047009944, -27.83726992770484898 ) ) ;
#137 = EDGE_CURVE ( 'NONE', #2454, #1970, #1664, .T. ) ;
#138 = EDGE_CURVE ( 'NONE', #918, #200, #1244, .T. ) ;
#139 = CARTESIAN_POINT ( 'NONE',  ( -3.523365515004995618, 2.326996796347436280, -27.37973457454151927 ) ) ;
#140 = CARTESIAN_POINT ( 'NONE',  ( 3.604497774145382749, 1.966934225413054627, -26.73050798782740500 ) ) ;
#141 = DIRECTION ( 'NONE',  ( 0.000000000000000000, 0.000000000000000000, -1.000000000000000000 ) ) ;
#142 = CARTESIAN_POINT ( 'NONE',  ( -3.389125058837217264, 2.693688059794610012, -27.83726992770484898 ) ) ;
#143 = CARTESIAN_POINT ( 'NONE',  ( -0.05142494937485470041, 2.290624198847022175, -27.65776275842842225 ) ) ;
#144 = B_SPLINE_SURFACE_WITH_KNOTS ( 'NONE', 2, 1, ( 
 ( #1166, #4117 ),
 ( #620, #1490 ),
 ( #2794, #3248 ) ),
 .UNSPECIFIED., .F., .F., .F.,
 ( 3, 3 ),
 ( 2, 2 ),
 ( 0.000000000000000000, 1.000000000000000000 ),
 ( 0.000000000000000000, 1.000000000000000000 ),
 .UNSPECIFIED. ) ;
#145 = AXIS2_PLACEMENT_3D ( 'NONE', #3318, #4055, #2737 ) ;
#146 = ORIENTED_EDGE ( 'NONE', *, *, #845, .T. ) ;
#147 = VECTOR ( 'NONE', #1150, 39.37007874015748143 ) ;
#148 = ORIENTED_EDGE ( 'NONE', *, *, #3113, .F. ) ;
#149 = AXIS2_PLACEMENT_3D ( 'NONE', #3684, #434, #2019 ) ;
#150 = CARTESIAN_POINT ( 'NONE',  ( 2.821176673632082021, 1.896271023522930532, -25.38718111089653462 ) ) ;
#151 = CARTESIAN_POINT ( 'NONE',  ( -2.311555836078519999, 2.355346304803183077, -27.47341519464486126 ) ) ;
#152 = CARTESIAN_POINT ( 'NONE',  ( -3.241018420036515746, 2.209142057455549146, -27.09942863445321493 ) ) ;
#153 = CARTESIAN_POINT ( 'NONE',  ( 0.8993839396424987420, 2.007606041557291832, -26.91100081756232143 ) ) ;
#154 = AXIS2_PLACEMENT_3D ( 'NONE', #944, #2904, #1940 ) ;
#155 = ORIENTED_EDGE ( 'NONE', *, *, #510, .F. ) ;
#156 = DIRECTION ( 'NONE',  ( 0.000000000000000000, 1.000000000000000000, 0.000000000000000000 ) ) ;
#157 = CARTESIAN_POINT ( 'NONE',  ( 2.505976465822947308, 2.046934225413054698, -26.23205580265396009 ) ) ;
#158 = CARTESIAN_POINT ( 'NONE',  ( -3.774517198282988595, 2.050271023522930225, -27.83726992770484898 ) ) ;
#159 = ORIENTED_EDGE ( 'NONE', *, *, #3692, .F. ) ;
#160 = CARTESIAN_POINT ( 'NONE',  ( 0.6951065464354060364, 2.077687654815023599, -27.05645503214892855 ) ) ;
#161 = CARTESIAN_POINT ( 'NONE',  ( -3.595502225854618317, 1.946934225413054831, -23.63789122274700105 ) ) ;
#162 = CARTESIAN_POINT ( 'NONE',  ( 3.172378614654378648, 1.964191894773400726, -26.72633098854271338 ) ) ;
#163 = EDGE_CURVE ( 'NONE', #524, #4065, #3791, .T. ) ;
#164 = ORIENTED_EDGE ( 'NONE', *, *, #2018, .F. ) ;
#165 = CARTESIAN_POINT ( 'NONE',  ( -3.460909120594101829, 2.273232625197386447, -27.30053212768245885 ) ) ;
#166 = CARTESIAN_POINT ( 'NONE',  ( -2.532202901199893663, 2.633645232419188353, -27.83726992770485253 ) ) ;
#167 = CARTESIAN_POINT ( 'NONE',  ( -0.05100293621716688736, 2.221235125722222037, -27.47130353018761895 ) ) ;
#168 = CARTESIAN_POINT ( 'NONE',  ( 3.296223644944563880, 2.070271023522930243, -26.93396535011074988 ) ) ;
#169 = ORIENTED_EDGE ( 'NONE', *, *, #3549, .T. ) ;
#170 = CARTESIAN_POINT ( 'NONE',  ( 3.177360841850294104, 2.589050236643313241, -27.66229504589790977 ) ) ;
#171 = CARTESIAN_POINT ( 'NONE',  ( -2.907120484129217530, 2.203496072709243858, -27.10285576982415989 ) ) ;
#172 = CARTESIAN_POINT ( 'NONE',  ( -3.161692234071271645, 1.958857101537129441, -26.71820525699473592 ) ) ;
#173 = CARTESIAN_POINT ( 'NONE',  ( 0.2212265293398990584, 2.279817029666914241, -27.65750408164445062 ) ) ;
#174 = VERTEX_POINT ( 'NONE', #2828 ) ;
#175 = CARTESIAN_POINT ( 'NONE',  ( 3.775730682702583163, 1.896271023522929200, -27.83726992770484898 ) ) ;
#176 = CARTESIAN_POINT ( 'NONE',  ( 2.714126335489603470, 2.684101284704277113, -27.83726992770483832 ) ) ;
#177 = DIRECTION ( 'NONE',  ( 0.000000000000000000, 0.000000000000000000, -1.000000000000000000 ) ) ;
#178 = PLANE ( 'NONE',  #2274 ) ;
#179 = B_SPLINE_SURFACE_WITH_KNOTS ( 'NONE', 2, 1, ( 
 ( #2823, #2514 ),
 ( #3131, #850 ),
 ( #2846, #1152 ) ),
 .UNSPECIFIED., .F., .F., .F.,
 ( 3, 3 ),
 ( 2, 2 ),
 ( 0.000000000000000000, 1.000000000000000000 ),
 ( 0.000000000000000000, 1.000000000000000000 ),
 .UNSPECIFIED. ) ;
#180 = VERTEX_POINT ( 'NONE', #2518 ) ;
#181 = CARTESIAN_POINT ( 'NONE',  ( 2.601174728191454122, 1.984552523689068426, -23.59402523995379752 ) ) ;
#182 = FACE_OUTER_BOUND ( 'NONE', #2961, .T. ) ;
#183 = ORIENTED_EDGE ( 'NONE', *, *, #425, .T. ) ;
#184 = CARTESIAN_POINT ( 'NONE',  ( -3.595502225854618317, 1.966934225413054627, -23.65789122274700063 ) ) ;
#185 = CARTESIAN_POINT ( 'NONE',  ( -2.708312956799050486, 2.684933498981861622, -27.83726992770485253 ) ) ;
#186 = CARTESIAN_POINT ( 'NONE',  ( 2.420948241666295075, 2.046934225413053365, -23.63789122274700105 ) ) ;
#187 = VERTEX_POINT ( 'NONE', #1882 ) ;
#188 = ORIENTED_EDGE ( 'NONE', *, *, #3136, .F. ) ;
#189 = CARTESIAN_POINT ( 'NONE',  ( 2.479408850389406282, 2.614007755211837924, -27.83726992770485253 ) ) ;
#190 = CARTESIAN_POINT ( 'NONE',  ( 3.338814586563251918, 2.054914924704606793, -26.91508872471665370 ) ) ;
#191 = B_SPLINE_CURVE_WITH_KNOTS ( 'NONE', 2,
 ( #1188, #2793, #198 ),
 .UNSPECIFIED., .F., .F.,
 ( 3, 3 ),
 ( 0.000000000000000000, 1.000000000000000000 ),
 .UNSPECIFIED. ) ;
#192 = CARTESIAN_POINT ( 'NONE',  ( -3.019025974863202677, 2.332849578074184471, -27.28935868469093862 ) ) ;
#193 = CARTESIAN_POINT ( 'NONE',  ( -3.162545564665720566, 1.961549476162437688, -26.72230616727229702 ) ) ;
#194 = CARTESIAN_POINT ( 'NONE',  ( 0.2236632028415157791, 2.347067235590878820, -27.84405033057400303 ) ) ;
#195 = ADVANCED_FACE ( 'NONE', ( #4130 ), #1546, .F. ) ;
#196 = ORIENTED_EDGE ( 'NONE', *, *, #2367, .F. ) ;
#197 = DIRECTION ( 'NONE',  ( 0.000000000000000000, 0.000000000000000000, -1.000000000000000000 ) ) ;
#198 = CARTESIAN_POINT ( 'NONE',  ( -2.753972716479149874, 1.896271023522930310, -23.52243052234773302 ) ) ;
#199 = FACE_OUTER_BOUND ( 'NONE', #2513, .T. ) ;
#200 = VERTEX_POINT ( 'NONE', #533 ) ;
#201 = FACE_OUTER_BOUND ( 'NONE', #4143, .T. ) ;
#202 = CARTESIAN_POINT ( 'NONE',  ( 2.505976465822947308, 1.966934225413054627, -26.23205580265396009 ) ) ;
#203 = SURFACE_STYLE_FILL_AREA ( #846 ) ;
#204 = CARTESIAN_POINT ( 'NONE',  ( 0.07945512497200689361, 1.963842521197016744, -26.72215398925802177 ) ) ;
#205 = EDGE_LOOP ( 'NONE', ( #1721, #1481, #906, #1338, #1944, #4105, #3166, #2546, #1434, #124 ) ) ;
#206 = CARTESIAN_POINT ( 'NONE',  ( -3.640213658202723135, 2.405880835921611727, -27.64168531445555388 ) ) ;
#207 = CARTESIAN_POINT ( 'NONE',  ( -3.158600954045330145, 2.738543406471218855, -27.83726992770485253 ) ) ;
#208 = DIRECTION ( 'NONE',  ( 1.000000000000000000, 0.000000000000000000, 0.000000000000000000 ) ) ;
#209 = CARTESIAN_POINT ( 'NONE',  ( 1.307670729227665918, 2.064713622603874477, -27.05645503214892500 ) ) ;
#210 = CARTESIAN_POINT ( 'NONE',  ( 1.897158892325913948, 1.963035770110340916, -26.72215398925802177 ) ) ;
#211 = CARTESIAN_POINT ( 'NONE',  ( 3.262389511628969618, 1.942159385087705026, -26.72849826673689577 ) ) ;
#212 = CIRCLE ( 'NONE', #73, 9.267824232792628791 ) ;
#213 = CARTESIAN_POINT ( 'NONE',  ( -1.244273259741181414, 2.204587339104703947, -27.47087133624479804 ) ) ;
#214 = CARTESIAN_POINT ( 'NONE',  ( -3.368729177398393837, 1.962303391168377154, -26.72230616727229702 ) ) ;
#215 = CARTESIAN_POINT ( 'NONE',  ( 2.176906099553523877, 2.500388524344173469, -27.84535383901078021 ) ) ;
#216 = ORIENTED_EDGE ( 'NONE', *, *, #2998, .T. ) ;
#217 = EDGE_CURVE ( 'NONE', #2726, #3998, #3533, .T. ) ;
#218 = EDGE_CURVE ( 'NONE', #187, #1312, #2200, .T. ) ;
#219 = CARTESIAN_POINT ( 'NONE',  ( -3.758364006991798512, 2.413348174655532308, -27.84389670199948696 ) ) ;
#220 = CARTESIAN_POINT ( 'NONE',  ( -0.6705022258546176062, 1.966934225413054627, -26.73050798782740500 ) ) ;
#221 = AXIS2_PLACEMENT_3D ( 'NONE', #2258, #1942, #3254 ) ;
#222 = VECTOR ( 'NONE', #1904, 39.37007874015748143 ) ;
#223 = ORIENTED_EDGE ( 'NONE', *, *, #2661, .T. ) ;
#224 = CARTESIAN_POINT ( 'NONE',  ( 2.433941358935270305, 1.984433510862350314, -23.52581582086456535 ) ) ;
#225 = DIRECTION ( 'NONE',  ( 0.000000000000000000, 1.000000000000000000, 0.000000000000000000 ) ) ;
#226 = CARTESIAN_POINT ( 'NONE',  ( -1.416172668217176689, 2.241955398173340885, -27.46834928107903551 ) ) ;
#227 = CARTESIAN_POINT ( 'NONE',  ( -2.921705695598070918, 2.070271023522930243, -25.76773626154726315 ) ) ;
#228 = CARTESIAN_POINT ( 'NONE',  ( 0.08326463153446186927, 2.239999514826976235, -27.46834928107903551 ) ) ;
#229 = VERTEX_POINT ( 'NONE', #3216 ) ;
#230 = CARTESIAN_POINT ( 'NONE',  ( -3.287958337423248167, 2.070271023522818332, -26.93405855973047380 ) ) ;
#231 = CARTESIAN_POINT ( 'NONE',  ( -2.599982367635819802, 2.654466191583978230, -27.83726992770485253 ) ) ;
#232 = CARTESIAN_POINT ( 'NONE',  ( 3.117029545577686633, 1.946934225413054387, -26.49019826546582479 ) ) ;
#233 = CARTESIAN_POINT ( 'NONE',  ( 3.214335706451158181, 1.946934225413054831, -26.73636043563830356 ) ) ;
#234 = CARTESIAN_POINT ( 'NONE',  ( 2.197022421735452813, 1.962341082501545930, -26.72215398925802177 ) ) ;
#235 = CARTESIAN_POINT ( 'NONE',  ( -1.196163859922578565, 2.009030760171715002, -26.91152877973315682 ) ) ;
#236 = CARTESIAN_POINT ( 'NONE',  ( -2.921448597571405070, 2.480430271909876083, -27.46834928107902840 ) ) ;
#237 = CARTESIAN_POINT ( 'NONE',  ( 2.015889137454214275, 2.457484042316048445, -27.84496745481266800 ) ) ;
#238 = ORIENTED_EDGE ( 'NONE', *, *, #1049, .F. ) ;
#239 = CARTESIAN_POINT ( 'NONE',  ( 2.846457409589328247, 2.714549282548167408, -27.83726992770484898 ) ) ;
#240 = DIRECTION ( 'NONE',  ( 1.000000000000000000, 0.000000000000000000, 0.000000000000000000 ) ) ;
#241 = ADVANCED_FACE ( 'NONE', ( #2579 ), #3180, .T. ) ;
#242 = DIRECTION ( 'NONE',  ( 0.000000000000000000, 0.000000000000000000, -1.000000000000000000 ) ) ;
#243 = B_SPLINE_CURVE_WITH_KNOTS ( 'NONE', 3,
 ( #2570, #3253, #2255, #3566, #2925, #588, #2236, #2190, #648, #2550 ),
 .UNSPECIFIED., .F., .F.,
 ( 4, 2, 2, 2, 4 ),
 ( 0.000000000000000000, 0.02010741965294186515, 0.03016112947941279598, 0.04021483930588373029, 0.08042967861176779365 ),
 .UNSPECIFIED. ) ;
#244 = CARTESIAN_POINT ( 'NONE',  ( -1.232280058389094046, 1.963969009320826187, -26.72230616727229702 ) ) ;
#245 = SURFACE_STYLE_USAGE ( .BOTH. , #3824 ) ;
#246 = EDGE_CURVE ( 'NONE', #2786, #3235, #3154, .T. ) ;
#247 = CARTESIAN_POINT ( 'NONE',  ( 3.604497774145382749, 1.896271023522930310, -26.73050798782740500 ) ) ;
#248 = EDGE_LOOP ( 'NONE', ( #3685, #664 ) ) ;
#249 = CARTESIAN_POINT ( 'NONE',  ( -2.769457017420235978, 2.700026103689539436, -27.83726992770484898 ) ) ;
#250 = LINE ( 'NONE', #3179, #3372 ) ;
#251 = DIRECTION ( 'NONE',  ( 0.000000000000000000, -1.000000000000000000, 0.000000000000000000 ) ) ;
#252 = CARTESIAN_POINT ( 'NONE',  ( 2.196409745530488955, 1.960044511045792026, -26.71797698997332660 ) ) ;
#253 = CARTESIAN_POINT ( 'NONE',  ( -2.139383235169579844, 2.136402160813781315, -27.10038419230494000 ) ) ;
#254 = CARTESIAN_POINT ( 'NONE',  ( -2.855350411713011738, 2.223682248661465799, -27.09942863445321493 ) ) ;
#255 = CARTESIAN_POINT ( 'NONE',  ( 2.263712617171385055, 2.148786224590173433, -27.10050133051631960 ) ) ;
#256 = ORIENTED_EDGE ( 'NONE', *, *, #1162, .T. ) ;
#257 = B_SPLINE_CURVE_WITH_KNOTS ( 'NONE', 3,
 ( #551, #3471, #1606, #2912, #1859, #852, #4209, #233 ),
 .UNSPECIFIED., .F., .F.,
 ( 4, 2, 2, 4 ),
 ( 0.000000000000000000, 0.04076494431773211580, 0.06114741647659816676, 0.08152988863546424547 ),
 .UNSPECIFIED. ) ;
#258 = CARTESIAN_POINT ( 'NONE',  ( -3.404749186235155101, 2.047895752113114920, -26.91503939602313622 ) ) ;
#259 = CARTESIAN_POINT ( 'NONE',  ( 3.254974828579726420, 2.728263551482474902, -27.83726992770483832 ) ) ;
#260 = CARTESIAN_POINT ( 'NONE',  ( -11.77101915005734156, 2.806271023522929120, -23.15234489679908947 ) ) ;
#261 = CARTESIAN_POINT ( 'NONE',  ( 3.663351661173037233, 2.413356760873723861, -27.62592560778588791 ) ) ;
#262 = CARTESIAN_POINT ( 'NONE',  ( 2.234795355314255882, 2.536231243826956305, -27.83726992770485253 ) ) ;
#263 = CARTESIAN_POINT ( 'NONE',  ( 1.942576492255449594, 2.460306002910070955, -27.83726992770484898 ) ) ;
#264 = CARTESIAN_POINT ( 'NONE',  ( -0.03147151844978735707, 1.962171685321047798, -26.71797698997332660 ) ) ;
#265 = ORIENTED_EDGE ( 'NONE', *, *, #608, .T. ) ;
#266 = PLANE ( 'NONE',  #4041 ) ;
#267 = ADVANCED_FACE ( 'NONE', ( #2243, #1240 ), #3555, .F. ) ;
#268 = CARTESIAN_POINT ( 'NONE',  ( -2.349181528616473447, 2.574726765670507955, -27.83726992770484898 ) ) ;
#269 = EDGE_CURVE ( 'NONE', #697, #766, #257, .T. ) ;
#270 = CARTESIAN_POINT ( 'NONE',  ( -3.774517198282988595, 2.423103189278592584, -27.83726992770484898 ) ) ;
#271 = CARTESIAN_POINT ( 'NONE',  ( 2.420948241666295075, 1.984629061719719534, -23.63789122274700105 ) ) ;
#272 = CARTESIAN_POINT ( 'NONE',  ( 1.971560837230445618, 1.960851468621089166, -26.71797698997332660 ) ) ;
#273 = CARTESIAN_POINT ( 'NONE',  ( -0.07615251193823735498, 2.376532159533937261, -27.83726992770484898 ) ) ;
#274 = CARTESIAN_POINT ( 'NONE',  ( -1.902315930393333909, 2.356888763362912087, -27.65844641532484971 ) ) ;
#275 = CARTESIAN_POINT ( 'NONE',  ( -2.580948071571504077, 1.958775953876824349, -26.71820525699473592 ) ) ;
#276 = CARTESIAN_POINT ( 'NONE',  ( 2.131387849800501222, 1.942624580433467418, -26.72735225242009349 ) ) ;
#277 = DIRECTION ( 'NONE',  ( 0.000000000000000000, 0.000000000000000000, -1.000000000000000000 ) ) ;
#278 = EDGE_LOOP ( 'NONE', ( #875, #4060, #1731, #2055 ) ) ;
#279 = ORIENTED_EDGE ( 'NONE', *, *, #1897, .T. ) ;
#280 = CARTESIAN_POINT ( 'NONE',  ( -3.677869116971147267, 2.275700725678637681, -27.47283708249293355 ) ) ;
#281 = CARTESIAN_POINT ( 'NONE',  ( 3.238366875334886430, 2.730809113663692056, -27.83726992770484543 ) ) ;
#282 = CARTESIAN_POINT ( 'NONE',  ( -3.662554910589658874, 2.519718992111895872, -27.83726992770483832 ) ) ;
#283 = AXIS2_PLACEMENT_3D ( 'NONE', #157, #3143, #177 ) ;
#284 = AXIS2_PLACEMENT_3D ( 'NONE', #3491, #2540, #932 ) ;
#285 = VECTOR ( 'NONE', #3230, 39.37007874015748143 ) ;
#286 = LINE ( 'NONE', #567, #2072 ) ;
#287 = DIRECTION ( 'NONE',  ( 0.000000000000000000, 0.000000000000000000, 1.000000000000000000 ) ) ;
#288 = VECTOR ( 'NONE', #1359, 39.37007874015748143 ) ;
#289 = CARTESIAN_POINT ( 'NONE',  ( 1.466134391749712940, 1.963704678665407766, -26.72215398925802177 ) ) ;
#290 = EDGE_LOOP ( 'NONE', ( #611, #2780, #1151, #2791 ) ) ;
#291 = CARTESIAN_POINT ( 'NONE',  ( 2.273313059886597820, 2.047729785595478802, -26.91425559521024979 ) ) ;
#292 = CARTESIAN_POINT ( 'NONE',  ( 3.604497774145382749, 1.896271023522930310, -26.73050798782740500 ) ) ;
#293 = CARTESIAN_POINT ( 'NONE',  ( -2.284749699082825991, 2.554271199869776687, -27.83726992770485253 ) ) ;
#294 = CARTESIAN_POINT ( 'NONE',  ( 2.591004689979600428, 1.946934225413054831, -23.63789122274700105 ) ) ;
#295 = DIRECTION ( 'NONE',  ( 0.000000000000000000, -1.000000000000000000, 0.000000000000000000 ) ) ;
#296 = ADVANCED_FACE ( 'NONE', ( #1287 ), #888, .T. ) ;
#297 = CARTESIAN_POINT ( 'NONE',  ( 3.039532203902048035, 1.958315323062741253, -26.71797698997332660 ) ) ;
#298 = CARTESIAN_POINT ( 'NONE',  ( -0.6705022258546176062, 1.966934225413054627, -26.73050798782740500 ) ) ;
#299 = CARTESIAN_POINT ( 'NONE',  ( 3.738806344134784521, 2.334225974252439162, -27.65801033267566211 ) ) ;
#300 = CARTESIAN_POINT ( 'NONE',  ( -2.221097583671756137, 2.426903691782123840, -27.65927909264968321 ) ) ;
#301 = CARTESIAN_POINT ( 'NONE',  ( 2.136669222532864509, 2.227097969368064145, -27.28630770767540170 ) ) ;
#302 = FACE_BOUND ( 'NONE', #1044, .T. ) ;
#303 = ORIENTED_EDGE ( 'NONE', *, *, #3190, .F. ) ;
#304 = EDGE_LOOP ( 'NONE', ( #3988, #983, #2900, #1119, #352, #2096, #79, #2763, #3746 ) ) ;
#305 = CARTESIAN_POINT ( 'NONE',  ( -3.368661470319587181, 2.167945080662007751, -27.10211186562029084 ) ) ;
#306 = CARTESIAN_POINT ( 'NONE',  ( 3.116956216488014686, 2.740376644837562381, -27.83726992770484543 ) ) ;
#307 = CARTESIAN_POINT ( 'NONE',  ( 2.505976465822947308, 1.946934225413054831, -23.58831582086456891 ) ) ;
#308 = CARTESIAN_POINT ( 'NONE',  ( 3.031497614190243883, 2.201936338541640392, -27.10256333294936582 ) ) ;
#309 = CARTESIAN_POINT ( 'NONE',  ( 3.722613174104430378, 2.431282066303466216, -27.73180386231969763 ) ) ;
#310 = CARTESIAN_POINT ( 'NONE',  ( 1.421336721653050805, 2.375590681519123670, -27.83726992770484898 ) ) ;
#311 = DIRECTION ( 'NONE',  ( 0.000000000000000000, -1.000000000000000000, 0.000000000000000000 ) ) ;
#312 = CARTESIAN_POINT ( 'NONE',  ( 0.9755222217850675337, 2.344828150206404782, -27.83726992770486675 ) ) ;
#313 = VERTEX_POINT ( 'NONE', #3967 ) ;
#314 = DIRECTION ( 'NONE',  ( -1.000000000000000000, 7.588466649067399370E-18, -1.214154663850783899E-16 ) ) ;
#315 = CARTESIAN_POINT ( 'NONE',  ( -2.191124152258967950, 2.526014809875810840, -27.83726992770484898 ) ) ;
#316 = FACE_OUTER_BOUND ( 'NONE', #248, .T. ) ;
#317 = CARTESIAN_POINT ( 'NONE',  ( 1.804497774145382483, 1.966934225413054627, -26.73050798782741211 ) ) ;
#318 = CARTESIAN_POINT ( 'NONE',  ( 3.068321972998233171, 2.482546358788537244, -27.46834928107904616 ) ) ;
#319 = CARTESIAN_POINT ( 'NONE',  ( -2.531710415632016709, 1.946934225413054831, -23.63789122274700105 ) ) ;
#320 = CARTESIAN_POINT ( 'NONE',  ( -0.9022374677769640083, 2.071605253399571467, -27.09787838653424430 ) ) ;
#321 = ORIENTED_EDGE ( 'NONE', *, *, #59, .F. ) ;
#322 = ORIENTED_EDGE ( 'NONE', *, *, #1758, .F. ) ;
#323 = ORIENTED_EDGE ( 'NONE', *, *, #2812, .T. ) ;
#324 = CARTESIAN_POINT ( 'NONE',  ( -3.406743019342401091, 2.671138226759541823, -27.84854897532788698 ) ) ;
#325 = EDGE_CURVE ( 'NONE', #3740, #878, #2264, .T. ) ;
#327 = DIMENSIONAL_EXPONENTS ( 1.000000000000000000, 0.000000000000000000, 0.000000000000000000, 0.000000000000000000, 0.000000000000000000, 0.000000000000000000, 0.000000000000000000 ) ;
#326 =( BOUNDED_CURVE ( )  B_SPLINE_CURVE ( 3, ( #3714, #503, #224, #460, #1148, #181, #1169 ),
 .UNSPECIFIED., .F., .T. ) 
 B_SPLINE_CURVE_WITH_KNOTS ( ( 4, 3, 4 ),
 ( 3.796332411500820125, 6.283185307179586232, 8.770038202858351895 ),
 .UNSPECIFIED. ) 
 CURVE ( )  GEOMETRIC_REPRESENTATION_ITEM ( )  RATIONAL_B_SPLINE_CURVE ( ( 1.000000000000000000, 0.5477024697318408908, 0.5477024697318408908, 1.000000000000000000, 0.5477024697318410018, 0.5477024697318410018, 1.000000000000000000 ) ) 
 REPRESENTATION_ITEM ( '' )  );
#328 = DIRECTION ( 'NONE',  ( 0.000000000000000000, -1.000000000000000000, 0.000000000000000000 ) ) ;
#329 = CARTESIAN_POINT ( 'NONE',  ( 2.753956740243913792, 2.004663988466177660, -23.65789122274700063 ) ) ;
#330 = CARTESIAN_POINT ( 'NONE',  ( 1.935096303449081567, 2.458644376415874078, -27.83726992770484898 ) ) ;
#331 = CARTESIAN_POINT ( 'NONE',  ( 1.307670729227665918, -1.951533724615070575, -27.05645503214892500 ) ) ;
#332 = CARTESIAN_POINT ( 'NONE',  ( 1.241629990824559604, 1.965424108789251223, -26.72633098854271338 ) ) ;
#333 = ORIENTED_EDGE ( 'NONE', *, *, #1450, .F. ) ;
#334 = CARTESIAN_POINT ( 'NONE',  ( -2.726111431925105855, 1.984629061719719534, -23.63789122274700105 ) ) ;
#335 = CARTESIAN_POINT ( 'NONE',  ( -2.378813087361547840, 2.584288215293517155, -27.83726992770484898 ) ) ;
#336 = DIRECTION ( 'NONE',  ( 0.000000000000000000, 0.000000000000000000, 1.000000000000000000 ) ) ;
#337 = DIRECTION ( 'NONE',  ( 0.000000000000000000, -1.000000000000000000, 0.000000000000000000 ) ) ;
#338 = CARTESIAN_POINT ( 'NONE',  ( 3.259761701423480762, 2.728172332380020659, -27.83726992770483832 ) ) ;
#339 = CARTESIAN_POINT ( 'NONE',  ( 3.628004853679484665, 2.313620040077748019, -27.47355092766982665 ) ) ;
#340 = CARTESIAN_POINT ( 'NONE',  ( -0.7278281047849144425, 1.943915817555486925, -26.72489863608744542 ) ) ;
#341 = VERTEX_POINT ( 'NONE', #3578 ) ;
#342 = CARTESIAN_POINT ( 'NONE',  ( -3.211518469770250128, 2.450984259807309051, -27.47584513514637905 ) ) ;
#343 = CARTESIAN_POINT ( 'NONE',  ( -3.558002225854618228, 1.966934225413054627, -26.73050798782740500 ) ) ;
#344 = DIRECTION ( 'NONE',  ( 0.000000000000000000, 0.000000000000000000, -1.000000000000000000 ) ) ;
#345 = EDGE_CURVE ( 'NONE', #3902, #2021, #3530, .T. ) ;
#346 = EDGE_CURVE ( 'NONE', #1772, #2494, #2408, .T. ) ;
#347 = DIRECTION ( 'NONE',  ( 1.000000000000000000, 0.000000000000000000, 0.000000000000000000 ) ) ;
#348 = FACE_OUTER_BOUND ( 'NONE', #2919, .T. ) ;
#349 = PRODUCT_DEFINITION_FORMATION_WITH_SPECIFIED_SOURCE ( 'ANY', '', #3362, .NOT_KNOWN. ) ;
#350 = VECTOR ( 'NONE', #630, 39.37007874015748143 ) ;
#351 = CARTESIAN_POINT ( 'NONE',  ( 0.9039616713823618310, 1.964081827626902754, -26.72215398925802177 ) ) ;
#352 = ORIENTED_EDGE ( 'NONE', *, *, #3752, .T. ) ;
#353 = CARTESIAN_POINT ( 'NONE',  ( 2.703176121586269520, 2.556283118952123790, -27.66110939448829953 ) ) ;
#354 = CARTESIAN_POINT ( 'NONE',  ( -2.712805460770520316, 1.896271023522930754, -24.27420813524676291 ) ) ;
#355 = CARTESIAN_POINT ( 'NONE',  ( -2.472638273346986715, 2.614675362987990415, -27.83726992770484543 ) ) ;
#356 = CARTESIAN_POINT ( 'NONE',  ( -2.549609322474378104, 2.639322468128679766, -27.83726992770483832 ) ) ;
#357 = CARTESIAN_POINT ( 'NONE',  ( 2.029497774145382127, 1.966934225413054627, -26.73050798782741211 ) ) ;
#358 = AXIS2_PLACEMENT_3D ( 'NONE', #2502, #1187, #860 ) ;
#359 = CARTESIAN_POINT ( 'NONE',  ( 3.040354060649827161, 1.961188290512845711, -26.72215398925802177 ) ) ;
#360 = VECTOR ( 'NONE', #1062, 39.37007874015748143 ) ;
#361 = CARTESIAN_POINT ( 'NONE',  ( -0.2205022258546176783, 1.966934225413054627, -26.73050798782740500 ) ) ;
#362 = CARTESIAN_POINT ( 'NONE',  ( 3.686837354882761542, 2.275626118487338534, -27.47267199091871248 ) ) ;
#363 = CARTESIAN_POINT ( 'NONE',  ( -0.2789590471751030032, 2.010041310321122765, -26.91164096206077261 ) ) ;
#364 = VERTEX_POINT ( 'NONE', #979 ) ;
#365 = CARTESIAN_POINT ( 'NONE',  ( -3.061083702749671343, 2.200926742541120529, -27.10288894149377015 ) ) ;
#366 = CARTESIAN_POINT ( 'NONE',  ( 3.642616383013451475, 2.571101219193127729, -27.83726992770484543 ) ) ;
#367 = CARTESIAN_POINT ( 'NONE',  ( 0.06042031002982113652, 2.290593973202458500, -27.65768154250070765 ) ) ;
#368 = CARTESIAN_POINT ( 'NONE',  ( 3.149285943386789910, 1.941957282128538465, -26.72900480563480485 ) ) ;
#369 = DIRECTION ( 'NONE',  ( 3.354088014807555410E-15, 0.000000000000000000, 1.000000000000000000 ) ) ;
#370 = CARTESIAN_POINT ( 'NONE',  ( 2.361586087843103865, 2.575823402973344667, -27.83726992770484898 ) ) ;
#371 = EDGE_CURVE ( 'NONE', #3551, #2587, #1083, .T. ) ;
#372 = DIRECTION ( 'NONE',  ( 0.000000000000000000, -1.000000000000000000, 0.000000000000000000 ) ) ;
#373 = CARTESIAN_POINT ( 'NONE',  ( 1.354497774145382305, 1.966934225413054627, -26.73050798782740500 ) ) ;
#374 = ORIENTED_EDGE ( 'NONE', *, *, #1843, .T. ) ;
#375 = CARTESIAN_POINT ( 'NONE',  ( 3.606774451737122966, 2.383811901500877628, -27.56411953745763199 ) ) ;
#376 = CARTESIAN_POINT ( 'NONE',  ( 0.004497772460333697951, 1.987417705003360124, -26.84158564094328270 ) ) ;
#377 = CARTESIAN_POINT ( 'NONE',  ( -2.187447678177472099, 1.960170015183501091, -26.71820525699473592 ) ) ;
#378 = EDGE_CURVE ( 'NONE', #341, #1742, #462, .T. ) ;
#379 = EDGE_CURVE ( 'NONE', #3798, #3097, #3338, .T. ) ;
#380 = CARTESIAN_POINT ( 'NONE',  ( 2.873247774145382127, 1.966934225413054627, -26.73050798782741211 ) ) ;
#381 = DIRECTION ( 'NONE',  ( 0.000000000000000000, 1.000000000000000000, 0.000000000000000000 ) ) ;
#382 = CARTESIAN_POINT ( 'NONE',  ( 3.692124572494211776, 2.384171308709322812, -27.65939653763754436 ) ) ;
#383 = CARTESIAN_POINT ( 'NONE',  ( -0.2146676116064101802, 2.347066155411367205, -27.84404733474692151 ) ) ;
#384 = B_SPLINE_SURFACE_WITH_KNOTS ( 'NONE', 3, 3, ( 
 ( #4002, #2360, #1006, #23, #2651, #1316, #2670 ),
 ( #731, #2014, #3051, #749, #389, #1069, #1692 ),
 ( #3007, #3604, #1026, #1713, #2059, #367, #2986 ),
 ( #3370, #430, #2632, #3923, #3940, #3621, #2297 ),
 ( #2694, #667, #3289, #1358, #3980, #1048, #1651 ),
 ( #1341, #2965, #2317, #1994, #42, #473, #3477 ),
 ( #3096, #814, #1184, #2405, #3120, #173, #194 ),
 ( #2500, #3797, #2809, #128, #3433, #1486, #496 ),
 ( #2770, #1139, #774, #2789, #2122, #2143, #1506 ),
 ( #1118, #4069, #3703, #2730, #1438, #539, #1777 ),
 ( #451, #1756, #3394, #2749, #4045, #4110, #3412 ),
 ( #3769, #1800, #2453, #2431, #3729, #4088, #1419 ),
 ( #3073, #153, #858, #1160, #2083, #2474, #835 ),
 ( #3455, #3749, #517, #795, #1820, #1840, #2100 ),
 ( #3140, #2164, #107, #1467, #4021, #1091, #4214 ),
 ( #1588, #3518, #960, #1292, #3878, #1569, #938 ),
 ( #3221, #2248, #3836, #1247, #1204, #3247, #237 ),
 ( #2917, #3496, #4152, #1865, #600, #3160, #2604 ),
 ( #2855, #2565, #3584, #1887, #1910, #643, #215 ),
 ( #874, #1550, #1227, #301, #1270, #2833, #1529 ),
 ( #2898, #3560, #3899, #4193, #2271, #4134, #1611 ),
 ( #276, #3539, #558, #2545, #2524, #2585, #619 ),
 ( #3816, #1931, #894, #3185, #2184, #582, #3858 ),
 ( #2207, #3204, #255, #2876, #4170, #916, #2229 ),
 ( #2575, #291, #907, #1602, #2949, #2283, #10 ),
 ( #4205, #951, #2219, #2303, #1623, #2929, #2617 ),
 ( #1901, #3212, #3713, #698, #3334, #353, #93 ),
 ( #2718, #1075, #2388, #3378, #3989, #436, #1035 ),
 ( #1660, #3014, #1057, #2044, #3946, #3167, #2776 ),
 ( #3080, #1445, #2757, #1827, #2129, #4053, #2437 ),
 ( #4095, #800, #1511, #4075, #1168, #2483, #627 ),
 ( #2861, #647, #308, #4221, #1300, #2298, #63 ),
 ( #24, #2341, #3982, #1050, #2361, #170, #1007 ),
 ( #2038, #3348, #2015, #2671, #988, #2382, #712 ),
 ( #668, #1400, #3032, #2712, #3117, #1070, #2119 ),
 ( #493, #2318, #1976, #3290, #3622, #688, #1996 ),
 ( #368, #1673, #2987, #1157, #913, #3794, #2806 ),
 ( #2830, #553, #515, #3156, #2497, #2852, #4084 ),
 ( #3182, #579, #1224, #2471, #1884, #2226, #3536 ),
 ( #211, #3766, #2140, #3452, #1837, #2521, #2161 ),
 ( #2181, #190, #1502, #855, #3474, #3493, #3614 ),
 ( #3934, #2625, #1336, #2915, #3282, #2008, #616 ),
 ( #659, #2646, #2309, #2267, #3582, #4190, #3953 ),
 ( #1000, #3262, #706, #1019, #679, #1310, #1988 ),
 ( #2957, #3301, #642, #981, #935, #2981, #4212 ),
 ( #2664, #3245, #3897, #1609, #339, #2895, #2330 ),
 ( #2602, #2291, #3323, #1630, #1646, #382, #1265 ),
 ( #1927, #1290, #958, #38, #362, #2582, #3875 ),
 ( #18, #1354, #2245, #2936, #1951, #299, #3557 ) ),
 .UNSPECIFIED., .F., .F., .F.,
 ( 4, 3, 3, 3, 3, 3, 3, 3, 3, 3, 3, 3, 3, 3, 3, 3, 4 ),
 ( 4, 3, 4 ),
 ( -0.001453575428302186171, 0.006185831732674101219, 0.01382523889365038818, 0.02910405321560296382, 0.05966168185950811165, 0.1207769391473184073, 0.1360557534692709847, 0.1436951606302472872, 0.1513345677912235621, 0.1818921964351287168, 0.1971710107570812942, 0.2048104179180575968, 0.2124498250790338716, 0.2200892322400101464, 0.2277286394009864212, 0.2353680465619626960, 0.2430074537229389986 ),
 ( -0.01132221609933599903, 0.4943377415806627373, 0.9999976992606615100 ),
 .UNSPECIFIED. ) ;
#385 = ORIENTED_EDGE ( 'NONE', *, *, #3265, .T. ) ;
#386 = VERTEX_POINT ( 'NONE', #51 ) ;
#387 = CARTESIAN_POINT ( 'NONE',  ( -3.178086740439352464, 1.942338444794689645, -26.72937384904779634 ) ) ;
#388 = CARTESIAN_POINT ( 'NONE',  ( 3.478898167607128222, 2.663152470877005573, -27.83726992770484898 ) ) ;
#389 = CARTESIAN_POINT ( 'NONE',  ( 0.02031941790714325916, 2.223636535600456376, -27.47118892174439608 ) ) ;
#390 = CARTESIAN_POINT ( 'NONE',  ( -3.287593222407538374, 2.070271023522818332, -26.93401190344763663 ) ) ;
#391 = CARTESIAN_POINT ( 'NONE',  ( 2.402049304210520653, 2.588901514089702705, -27.83726992770485253 ) ) ;
#392 = CARTESIAN_POINT ( 'NONE',  ( 2.753956740240350420, 1.966934225413054627, -23.65789122280828494 ) ) ;
#393 = CARTESIAN_POINT ( 'NONE',  ( 1.850540434643327625, 2.131197945402813598, -27.09942863445321493 ) ) ;
#394 = VERTEX_POINT ( 'NONE', #4230 ) ;
#395 = DIRECTION ( 'NONE',  ( 0.000000000000000000, 1.000000000000000000, -3.475471168776155271E-14 ) ) ;
#396 = CARTESIAN_POINT ( 'NONE',  ( 0.004497774145380696587, 1.946934225413054831, -26.73415120872314432 ) ) ;
#397 = CARTESIAN_POINT ( 'NONE',  ( -2.172963148799889499, 2.520667537326748420, -27.83726992770486675 ) ) ;
#398 = CARTESIAN_POINT ( 'NONE',  ( -2.569769968022913798, 2.004433541306125388, -23.52581582086456535 ) ) ;
#399 = CARTESIAN_POINT ( 'NONE',  ( 3.491997774145382039, 1.966934225413054627, -26.73050798782740500 ) ) ;
#400 = EDGE_CURVE ( 'NONE', #2535, #3087, #1985, .T. ) ;
#401 = EDGE_CURVE ( 'NONE', #3263, #2666, #3260, .T. ) ;
#402 = DIRECTION ( 'NONE',  ( 0.000000000000000000, 0.000000000000000000, -1.000000000000000000 ) ) ;
#403 = CARTESIAN_POINT ( 'NONE',  ( -3.766735134411813846, 1.896271023522929200, -27.83726992770484898 ) ) ;
#404 = CARTESIAN_POINT ( 'NONE',  ( -0.1261630521511863945, 2.011980382203675699, -26.91181822006171487 ) ) ;
#405 = ORIENTED_EDGE ( 'NONE', *, *, #425, .F. ) ;
#406 = VERTEX_POINT ( 'NONE', #758 ) ;
#407 = PLANE ( 'NONE',  #564 ) ;
#408 = CARTESIAN_POINT ( 'NONE',  ( -3.446930417294988835, 2.521684828748255391, -27.66177546446261104 ) ) ;
#409 = CARTESIAN_POINT ( 'NONE',  ( 3.550032455005617482, 2.628895464359054746, -27.83726992770484898 ) ) ;
#410 = CARTESIAN_POINT ( 'NONE',  ( 2.630976465822950860, 2.004651643197893574, -23.65081582086457246 ) ) ;
#411 = CARTESIAN_POINT ( 'NONE',  ( -2.733916800144386539, 1.896271023522930310, -23.52243052234772591 ) ) ;
#412 = CARTESIAN_POINT ( 'NONE',  ( 2.378890429538449869, 2.581402384373336911, -27.83726992770485609 ) ) ;
#413 = CARTESIAN_POINT ( 'NONE',  ( 3.214335706451158181, 1.946934225413054831, -26.73636043563830356 ) ) ;
#414 = CARTESIAN_POINT ( 'NONE',  ( -2.569769968022913798, 1.984433510862350314, -23.52581582086456535 ) ) ;
#415 = ORIENTED_EDGE ( 'NONE', *, *, #2289, .F. ) ;
#416 = CARTESIAN_POINT ( 'NONE',  ( -2.569769968022913798, 2.046934225413054698, -23.52581582086456535 ) ) ;
#417 = CARTESIAN_POINT ( 'NONE',  ( -1.569594060569885485, 1.963627206233538036, -26.72230616727229702 ) ) ;
#418 = CARTESIAN_POINT ( 'NONE',  ( -3.313250167991516726, 2.097884091992561206, -26.94259319041258749 ) ) ;
#419 = AXIS2_PLACEMENT_3D ( 'NONE', #247, #1235, #1195 ) ;
#420 = AXIS2_PLACEMENT_3D ( 'NONE', #1835, #2621, #2680 ) ;
#421 = CARTESIAN_POINT ( 'NONE',  ( 3.565508316590508375, 1.963251131427972807, -26.72215398925802177 ) ) ;
#422 = CARTESIAN_POINT ( 'NONE',  ( 3.604497774145382749, 1.896271023522930310, -26.73050798782740500 ) ) ;
#423 = CARTESIAN_POINT ( 'NONE',  ( -3.751302298413720759, 2.070271023522930243, -27.83726992770484898 ) ) ;
#424 = ORIENTED_EDGE ( 'NONE', *, *, #3914, .F. ) ;
#425 = EDGE_CURVE ( 'NONE', #3902, #4083, #3424, .T. ) ;
#426 = CIRCLE ( 'NONE', #3512, 0.09842519685039161081 ) ;
#427 = CARTESIAN_POINT ( 'NONE',  ( 3.287695383453813402, 1.896271023522930976, -26.91644229027479440 ) ) ;
#428 = CARTESIAN_POINT ( 'NONE',  ( -3.009549904486235938, 2.595542841336350826, -27.66221135675661102 ) ) ;
#429 = CARTESIAN_POINT ( 'NONE',  ( 3.702446233455431113, 2.521461181230468362, -27.83726992770485253 ) ) ;
#430 = CARTESIAN_POINT ( 'NONE',  ( 0.09696538421384080786, 2.012379601381454108, -26.91145025575336547 ) ) ;
#431 = CARTESIAN_POINT ( 'NONE',  ( -3.595502225854618317, 2.004427634586039897, -23.52243052234773302 ) ) ;
#432 = CARTESIAN_POINT ( 'NONE',  ( 2.448339152023896848, 2.603917266013392684, -27.83726992770484898 ) ) ;
#433 = DIRECTION ( 'NONE',  ( 0.000000000000000000, 0.000000000000000000, -1.000000000000000000 ) ) ;
#434 = DIRECTION ( 'NONE',  ( 0.000000000000000000, -1.000000000000000000, 0.000000000000000000 ) ) ;
#435 = EDGE_LOOP ( 'NONE', ( #1356, #4032 ) ) ;
#436 = CARTESIAN_POINT ( 'NONE',  ( 2.860765370211728609, 2.578550310065128581, -27.66164803210026335 ) ) ;
#437 = CARTESIAN_POINT ( 'NONE',  ( 3.749124373939679788, 2.423469917099596138, -27.81802901655122184 ) ) ;
#438 = CARTESIAN_POINT ( 'NONE',  ( 2.994343505577695908, 2.712767190701391051, -27.83726992770484543 ) ) ;
#439 = CARTESIAN_POINT ( 'NONE',  ( -1.769985434144149217, 2.278834094164139845, -27.46834928107903551 ) ) ;
#440 = CARTESIAN_POINT ( 'NONE',  ( -3.462030418127345133, 2.271697299802322600, -27.25861621125785206 ) ) ;
#441 = B_SPLINE_CURVE_WITH_KNOTS ( 'NONE', 3,
 ( #1704, #3019, #2703, #3995, #2374, #165, #2536, #825, #4127, #1478, #3487, #2490, #206, #2135, #3110, #3788, #2781, #3827, #3446, #1196, #4079, #1518 ),
 .UNSPECIFIED., .F., .F.,
 ( 4, 2, 2, 2, 2, 2, 2, 2, 2, 2, 4 ),
 ( 0.09750025819995573884, 0.1044126732261498602, 0.1078688807392467891, 0.1113250882523437180, 0.1147812957654406607, 0.1182375032785375896, 0.1199656070350859083, 0.1216937107916342409, 0.1234218145481825596, 0.1242858664264568647, 0.1251499183047311559 ),
 .UNSPECIFIED. ) ;
#442 = CARTESIAN_POINT ( 'NONE',  ( 0.000000000000000000, 0.000000000000000000, 0.000000000000000000 ) ) ;
#443 = CARTESIAN_POINT ( 'NONE',  ( 0.004497774145382328961, 1.965388896117993722, -26.72640707754985456 ) ) ;
#444 = LINE ( 'NONE', #3721, #2481 ) ;
#445 = CARTESIAN_POINT ( 'NONE',  ( -0.05059185758750021217, 2.151850917445978784, -27.28484245180746370 ) ) ;
#446 = CARTESIAN_POINT ( 'NONE',  ( 3.296588772671380507, 2.070271023522930243, -26.93401190792468469 ) ) ;
#447 = ORIENTED_EDGE ( 'NONE', *, *, #3053, .T. ) ;
#448 = CARTESIAN_POINT ( 'NONE',  ( 3.571892258235166651, 1.896271023522931420, -27.51100443363934644 ) ) ;
#449 = CARTESIAN_POINT ( 'NONE',  ( -2.796859398172547806, 2.071662567709041891, -26.91631817207489874 ) ) ;
#450 = CARTESIAN_POINT ( 'NONE',  ( -3.105590147250000044, 2.220680275040884055, -27.09942863445322558 ) ) ;
#451 = CARTESIAN_POINT ( 'NONE',  ( 0.5860433336325251430, 1.943730784412965429, -26.72443300035467573 ) ) ;
#452 = ORIENTED_EDGE ( 'NONE', *, *, #919, .T. ) ;
#453 = EDGE_CURVE ( 'NONE', #1742, #2699, #1131, .T. ) ;
#454 = EDGE_CURVE ( 'NONE', #2153, #3601, #506, .T. ) ;
#455 = DIRECTION ( 'NONE',  ( 0.000000000000000000, 1.000000000000000000, 0.000000000000000000 ) ) ;
#456 = CARTESIAN_POINT ( 'NONE',  ( 2.590904185846200303, 2.649015756896400564, -27.83726992770484898 ) ) ;
#457 = DIRECTION ( 'NONE',  ( 0.000000000000000000, 0.000000000000000000, -1.000000000000000000 ) ) ;
#458 = CARTESIAN_POINT ( 'NONE',  ( -2.569769968022913798, 2.046934225413054698, -23.68674101771496154 ) ) ;
#459 = ORIENTED_EDGE ( 'NONE', *, *, #1922, .T. ) ;
#460 = CARTESIAN_POINT ( 'NONE',  ( 2.505976465822947308, 1.984433510862350314, -23.52581582086456535 ) ) ;
#461 = CARTESIAN_POINT ( 'NONE',  ( 1.327670729227666158, 2.345188228256591678, -27.83726992770484898 ) ) ;
#462 = B_SPLINE_CURVE_WITH_KNOTS ( 'NONE', 2,
 ( #2286, #1683, #3018 ),
 .UNSPECIFIED., .F., .F.,
 ( 3, 3 ),
 ( 0.000000000000000000, 0.2403327977649154790 ),
 .UNSPECIFIED. ) ;
#463 = CARTESIAN_POINT ( 'NONE',  ( -2.128697639156594601, 2.157325777531792443, -27.09942863445322558 ) ) ;
#464 = CARTESIAN_POINT ( 'NONE',  ( -0.6861109798898129553, 2.077687654287270203, -27.05645503214892500 ) ) ;
#465 = CARTESIAN_POINT ( 'NONE',  ( 2.930701243888834906, 2.070271023522930243, -25.76773626154726315 ) ) ;
#466 = CARTESIAN_POINT ( 'NONE',  ( -3.751171006669476782, 1.896271023522930310, -27.83726992770484898 ) ) ;
#467 = DIRECTION ( 'NONE',  ( 0.000000000000000000, 1.000000000000000000, 0.000000000000000000 ) ) ;
#468 = ORIENTED_EDGE ( 'NONE', *, *, #3314, .T. ) ;
#469 = ORIENTED_EDGE ( 'NONE', *, *, #505, .F. ) ;
#470 = CARTESIAN_POINT ( 'NONE',  ( 2.659731918136988948, 1.966934225413054627, -25.27989743104352272 ) ) ;
#471 = CARTESIAN_POINT ( 'NONE',  ( -2.975410580147221484, 2.464861459919557074, -27.47575815296196566 ) ) ;
#472 = CARTESIAN_POINT ( 'NONE',  ( -2.975963443354527449, 1.964083795126728926, -26.72640707754985456 ) ) ;
#473 = CARTESIAN_POINT ( 'NONE',  ( 0.1809968948066987549, 2.282255700659432840, -27.65754472900479044 ) ) ;
#474 = EDGE_LOOP ( 'NONE', ( #4040, #1405, #3585, #3910, #2011, #962, #1186, #322, #3640, #572 ) ) ;
#475 = DIRECTION ( 'NONE',  ( -0.000000000000000000, 1.000000000000000000, -0.000000000000000000 ) ) ;
#476 = CARTESIAN_POINT ( 'NONE',  ( -2.245502225854618228, 1.966934225413054627, -26.73050798782740500 ) ) ;
#477 = CYLINDRICAL_SURFACE ( 'NONE', #3101, 0.09842519685039161081 ) ;
#478 = EDGE_CURVE ( 'NONE', #1294, #313, #804, .T. ) ;
#479 = ORIENTED_EDGE ( 'NONE', *, *, #682, .F. ) ;
#480 = CARTESIAN_POINT ( 'NONE',  ( 2.432855697129053585, 1.984427604142264379, -23.52243052234773302 ) ) ;
#481 = DIRECTION ( 'NONE',  ( 7.277325085833640951E-15, 0.000000000000000000, 1.000000000000000000 ) ) ;
#482 = CARTESIAN_POINT ( 'NONE',  ( -1.889252225854617606, 1.966934225413054627, -26.73050798782740500 ) ) ;
#483 = CARTESIAN_POINT ( 'NONE',  ( -3.762411228693506970, 2.429101087307986351, -27.81660675618944012 ) ) ;
#484 = CARTESIAN_POINT ( 'NONE',  ( 3.602470927942492018, 1.961769381826248271, -26.71797698997332660 ) ) ;
#485 = ORIENTED_EDGE ( 'NONE', *, *, #3190, .T. ) ;
#486 = CARTESIAN_POINT ( 'NONE',  ( 2.579097234516841475, 1.984427604142264379, -23.52243052234773302 ) ) ;
#487 = CARTESIAN_POINT ( 'NONE',  ( -2.731920679366128368, 2.690998391646203469, -27.83726992770485253 ) ) ;
#488 = CARTESIAN_POINT ( 'NONE',  ( -2.733916800144386094, 1.950349329054485104, -23.52243052234773302 ) ) ;
#489 = AXIS2_PLACEMENT_3D ( 'NONE', #4129, #869, #1857 ) ;
#490 = ORIENTED_EDGE ( 'NONE', *, *, #3644, .T. ) ;
#491 = ORIENTED_EDGE ( 'NONE', *, *, #3884, .T. ) ;
#492 = VECTOR ( 'NONE', #311, 39.37007874015748143 ) ;
#493 = CARTESIAN_POINT ( 'NONE',  ( 3.111591810825383941, 1.941903060504714507, -26.72913848954168969 ) ) ;
#494 = CARTESIAN_POINT ( 'NONE',  ( -2.662830227472568811, 2.433486300542787362, -27.47487535100136569 ) ) ;
#495 = CARTESIAN_POINT ( 'NONE',  ( -3.033002225854618317, 1.966934225413054627, -26.73050798782740500 ) ) ;
#496 = CARTESIAN_POINT ( 'NONE',  ( 0.3051357831397126241, 2.341205850739402905, -27.84397088387548180 ) ) ;
#497 = VECTOR ( 'NONE', #2967, 39.37007874015748143 ) ;
#498 = ORIENTED_EDGE ( 'NONE', *, *, #3885, .F. ) ;
#499 = CARTESIAN_POINT ( 'NONE',  ( -3.593726108600986624, 1.943476477262005231, -26.72607689956267407 ) ) ;
#500 = CARTESIAN_POINT ( 'NONE',  ( -2.864252225854618139, 1.966934225413054627, -26.73050798782740500 ) ) ;
#501 = CARTESIAN_POINT ( 'NONE',  ( 2.505976465822947308, 2.046934225413054698, -26.23205580265396009 ) ) ;
#502 = ORIENTED_EDGE ( 'NONE', *, *, #1323, .T. ) ;
#503 = CARTESIAN_POINT ( 'NONE',  ( 2.410778203454441826, 1.984552523689068426, -23.59402523995379752 ) ) ;
#504 = LINE ( 'NONE', #2778, #3501 ) ;
#505 = EDGE_CURVE ( 'NONE', #3601, #865, #1718, .T. ) ;
#506 = LINE ( 'NONE', #2441, #3570 ) ;
#507 = VERTEX_POINT ( 'NONE', #1725 ) ;
#508 = EDGE_CURVE ( 'NONE', #3097, #1962, #1789, .T. ) ;
#509 = CARTESIAN_POINT ( 'NONE',  ( -3.124357549334090045, 2.739916704314440121, -27.83726992770483832 ) ) ;
#510 = EDGE_CURVE ( 'NONE', #3223, #2494, #1178, .T. ) ;
#511 = CARTESIAN_POINT ( 'NONE',  ( 3.760210318874972479, 2.070271023522930243, -27.83726992770484898 ) ) ;
#512 = EDGE_LOOP ( 'NONE', ( #2822, #256, #2093, #1491 ) ) ;
#513 = ORIENTED_EDGE ( 'NONE', *, *, #2977, .T. ) ;
#514 = CARTESIAN_POINT ( 'NONE',  ( 2.254497774145382216, 1.966934225413054627, -26.73050798782741211 ) ) ;
#515 = CARTESIAN_POINT ( 'NONE',  ( 3.262981064228686723, 2.184928350585330747, -27.10223300266450508 ) ) ;
#516 = CARTESIAN_POINT ( 'NONE',  ( -3.255350016175338812, 1.959291023797508302, -26.71820525699473592 ) ) ;
#517 = CARTESIAN_POINT ( 'NONE',  ( 1.221173408956211404, 2.074098071235044305, -27.09764254781202197 ) ) ;
#518 = B_SPLINE_CURVE_WITH_KNOTS ( 'NONE', 3,
 ( #1324, #650, #3312, #1345 ),
 .UNSPECIFIED., .F., .F.,
 ( 4, 4 ),
 ( 0.000000000000000000, 0.02105863998040814755 ),
 .UNSPECIFIED. ) ;
#519 = EDGE_LOOP ( 'NONE', ( #1791, #2775, #859, #3666, #3363, #1640, #1092 ) ) ;
#520 = CARTESIAN_POINT ( 'NONE',  ( -2.569769968022913798, 2.004433541306125388, -23.52581582086456535 ) ) ;
#521 = CARTESIAN_POINT ( 'NONE',  ( 2.740913545824874120, 2.690997731595450304, -27.83726992770485253 ) ) ;
#522 = CARTESIAN_POINT ( 'NONE',  ( -1.964252225854617562, 1.966934225413054627, -26.73050798782740500 ) ) ;
#523 = CARTESIAN_POINT ( 'NONE',  ( 2.753956740243913792, 2.004663988466177660, -23.65789122274700063 ) ) ;
#524 = VERTEX_POINT ( 'NONE', #3042 ) ;
#525 = CARTESIAN_POINT ( 'NONE',  ( 1.295344520309734015, 2.085620096857833783, -27.05645503214893566 ) ) ;
#526 = CARTESIAN_POINT ( 'NONE',  ( 3.153195706971319900, 2.715972616128513817, -27.83726992770484898 ) ) ;
#527 =( LENGTH_UNIT ( ) NAMED_UNIT ( * ) SI_UNIT ( $, .METRE. ) );
#528 = FACE_OUTER_BOUND ( 'NONE', #2209, .T. ) ;
#529 = VERTEX_POINT ( 'NONE', #4077 ) ;
#530 = DIRECTION ( 'NONE',  ( 0.000000000000000000, 1.000000000000000000, 0.000000000000000000 ) ) ;
#531 = CARTESIAN_POINT ( 'NONE',  ( -2.920617858921517929, 2.728494907562345695, -27.83726992770485253 ) ) ;
#532 = DIRECTION ( 'NONE',  ( 0.000000000000000000, -0.001744812478206600936, 0.9999984778135494468 ) ) ;
#533 = CARTESIAN_POINT ( 'NONE',  ( 2.505976465822947308, 1.966934225413054627, -23.68674101771496154 ) ) ;
#534 = ADVANCED_FACE ( 'NONE', ( #1409 ), #2740, .F. ) ;
#535 = EDGE_CURVE ( 'NONE', #2079, #3353, #2466, .T. ) ;
#536 = CARTESIAN_POINT ( 'NONE',  ( 2.083983362819075147, 1.960467262579468573, -26.71797698997332660 ) ) ;
#537 = CARTESIAN_POINT ( 'NONE',  ( -2.084767587644717146, 1.942943608559656754, -26.72769885719493033 ) ) ;
#538 = CARTESIAN_POINT ( 'NONE',  ( -3.089252225854618228, 1.966934225413054627, -26.73050798782740500 ) ) ;
#539 = CARTESIAN_POINT ( 'NONE',  ( 0.4628195714516180614, 2.267892359482108322, -27.65730006459440204 ) ) ;
#540 = ORIENTED_EDGE ( 'NONE', *, *, #3752, .F. ) ;
#541 = CARTESIAN_POINT ( 'NONE',  ( -3.625034170432510638, 2.429764904468618258, -27.66042250117329360 ) ) ;
#542 = CARTESIAN_POINT ( 'NONE',  ( -1.570502225854617739, 1.966934225413054627, -26.73050798782740500 ) ) ;
#543 = CARTESIAN_POINT ( 'NONE',  ( 3.777380601056017362, 2.426141358443393070, -27.82680322583072652 ) ) ;
#544 = DIRECTION ( 'NONE',  ( 0.000000000000000000, -1.000000000000000000, 0.000000000000000000 ) ) ;
#545 = CARTESIAN_POINT ( 'NONE',  ( -1.298675180936897267, -1.951533724615070575, -27.05645503214891789 ) ) ;
#546 = ORIENTED_EDGE ( 'NONE', *, *, #3574, .T. ) ;
#547 = CARTESIAN_POINT ( 'NONE',  ( 2.579097234516841475, 1.984427604142264379, -23.52243052234773302 ) ) ;
#548 = CARTESIAN_POINT ( 'NONE',  ( 2.735886801688670378, 1.896271023522929200, -23.61643345039893660 ) ) ;
#549 = CARTESIAN_POINT ( 'NONE',  ( -2.748380669242489915, 2.695042338615615041, -27.83726992770484543 ) ) ;
#550 = CARTESIAN_POINT ( 'NONE',  ( -1.318675180936897284, -1.951533724615070575, -27.05645503214891789 ) ) ;
#551 = CARTESIAN_POINT ( 'NONE',  ( 0.004497774145380696587, 1.946934225413054831, -26.73415120872314432 ) ) ;
#552 = CARTESIAN_POINT ( 'NONE',  ( 2.310747774145382127, 1.966934225413054627, -26.73050798782741211 ) ) ;
#553 = CARTESIAN_POINT ( 'NONE',  ( 3.224944478085279620, 2.063435226546146417, -26.91558227183034901 ) ) ;
#554 = AXIS2_PLACEMENT_3D ( 'NONE', #13, #752, #1330 ) ;
#555 = CARTESIAN_POINT ( 'NONE',  ( -2.006893196538584778, 2.457482665069131933, -27.84496446092063948 ) ) ;
#556 = CARTESIAN_POINT ( 'NONE',  ( -2.589282574786487601, 2.435294777665875543, -27.46834928107904616 ) ) ;
#557 = ADVANCED_FACE ( 'NONE', ( #1429 ), #3085, .F. ) ;
#558 = CARTESIAN_POINT ( 'NONE',  ( 2.186803147491865218, 2.140365961999469935, -27.10019906619873709 ) ) ;
#559 = EDGE_LOOP ( 'NONE', ( #265, #223 ) ) ;
#560 = AXIS2_PLACEMENT_3D ( 'NONE', #2697, #3399, #2734 ) ;
#561 = CARTESIAN_POINT ( 'NONE',  ( -3.517917250655914874, 1.943176515615041122, -26.72694168046421481 ) ) ;
#562 = CARTESIAN_POINT ( 'NONE',  ( 2.952616604460362115, 2.731408545764999030, -27.83726992770484898 ) ) ;
#563 = CARTESIAN_POINT ( 'NONE',  ( -3.381435032008980546, 2.670939736834389677, -27.83726992770485253 ) ) ;
#564 = AXIS2_PLACEMENT_3D ( 'NONE', #1753, #2402, #2824 ) ;
#565 = CIRCLE ( 'NONE', #1110, 9.287824232792631918 ) ;
#566 = ORIENTED_EDGE ( 'NONE', *, *, #3336, .T. ) ;
#567 = CARTESIAN_POINT ( 'NONE',  ( -2.569769968022913798, 2.046934225413054698, -26.13363060580356745 ) ) ;
#568 = CARTESIAN_POINT ( 'NONE',  ( 3.670727565081736365, 2.520407273681689375, -27.83726992770485964 ) ) ;
#569 = FACE_OUTER_BOUND ( 'NONE', #849, .T. ) ;
#570 = B_SPLINE_CURVE_WITH_KNOTS ( 'NONE', 3,
 ( #2425, #3723, #1134, #3091 ),
 .UNSPECIFIED., .F., .F.,
 ( 4, 4 ),
 ( 0.000000000000000000, 0.0005079628667099075510 ),
 .UNSPECIFIED. ) ;
#571 = CARTESIAN_POINT ( 'NONE',  ( -0.02131031740137610125, 2.386377582750705884, -27.83726992770484898 ) ) ;
#572 = ORIENTED_EDGE ( 'NONE', *, *, #3420, .F. ) ;
#573 = FACE_OUTER_BOUND ( 'NONE', #3627, .T. ) ;
#574 = PLANE ( 'NONE',  #770 ) ;
#575 = CARTESIAN_POINT ( 'NONE',  ( -2.943620811955135252, 2.731408535740708743, -27.83726992770484898 ) ) ;
#576 = CARTESIAN_POINT ( 'NONE',  ( 3.033880944236619914, 1.946934225413054387, -26.23977045053783996 ) ) ;
#577 = CARTESIAN_POINT ( 'NONE',  ( -2.733916800144386094, 1.984427604142264379, -23.52243052234773302 ) ) ;
#578 = CARTESIAN_POINT ( 'NONE',  ( 2.028922375590838989, 1.964844395995526183, -26.72633098854271338 ) ) ;
#579 = CARTESIAN_POINT ( 'NONE',  ( 3.263060140591853120, 2.060889065254864594, -26.91544189831470035 ) ) ;
#580 = CARTESIAN_POINT ( 'NONE',  ( -2.288262181885840629, 2.536357034977055225, -27.84567319513411832 ) ) ;
#581 = CARTESIAN_POINT ( 'NONE',  ( -2.243662426867035542, 1.959955711648126098, -26.71820525699473592 ) ) ;
#582 = CARTESIAN_POINT ( 'NONE',  ( 2.309344236715697996, 2.447745686887043526, -27.65945657310456696 ) ) ;
#583 = EDGE_LOOP ( 'NONE', ( #2421, #3735, #2426, #155, #164, #1590, #3964 ) ) ;
#584 = CARTESIAN_POINT ( 'NONE',  ( -3.444982929805474381, 2.270435497635072242, -27.28843055788329153 ) ) ;
#585 = CARTESIAN_POINT ( 'NONE',  ( 2.955861683627602599, 2.731799514678300511, -27.83726992770485253 ) ) ;
#586 = DIRECTION ( 'NONE',  ( 0.000000000000000000, 0.000000000000000000, -1.000000000000000000 ) ) ;
#587 = ADVANCED_FACE ( 'NONE', ( #2132 ), #2760, .F. ) ;
#588 = CARTESIAN_POINT ( 'NONE',  ( -2.758376372189106362, 1.946934225413054831, -24.95688581395438277 ) ) ;
#589 = CARTESIAN_POINT ( 'NONE',  ( 1.701783575542251015, 2.413682599829348518, -27.83726992770485253 ) ) ;
#590 = CARTESIAN_POINT ( 'NONE',  ( -1.297968896745125500, 2.233687059318519186, -27.46834928107903551 ) ) ;
#591 = PLANE ( 'NONE',  #2411 ) ;
#592 = ORIENTED_EDGE ( 'NONE', *, *, #6, .F. ) ;
#593 = DIRECTION ( 'NONE',  ( -8.000395309518664344E-15, 0.000000000000000000, 1.000000000000000000 ) ) ;
#594 = CARTESIAN_POINT ( 'NONE',  ( -2.164694789523402108, 2.518464950185142825, -27.83726992770484543 ) ) ;
#595 = CARTESIAN_POINT ( 'NONE',  ( -2.921705695598070918, 2.050271023522930225, -25.76773626154726315 ) ) ;
#596 = CARTESIAN_POINT ( 'NONE',  ( 2.252360520234677477, 2.169771853272842943, -27.09942863445321493 ) ) ;
#597 = CARTESIAN_POINT ( 'NONE',  ( -0.2203748390791440692, 1.963997033785177537, -26.72230616727229702 ) ) ;
#598 = CARTESIAN_POINT ( 'NONE',  ( -1.783195892755890632, 1.943319123728019848, -26.72659223070015599 ) ) ;
#599 = CARTESIAN_POINT ( 'NONE',  ( -2.243365000081279259, 2.169771859247426438, -27.09942863445322558 ) ) ;
#600 = CARTESIAN_POINT ( 'NONE',  ( 2.045421921978951119, 2.299288181641424789, -27.47234581601729531 ) ) ;
#601 = DIRECTION ( 'NONE',  ( 0.000000000000000000, -1.000000000000000000, 0.000000000000000000 ) ) ;
#602 = VERTEX_POINT ( 'NONE', #2797 ) ;
#603 = B_SPLINE_CURVE_WITH_KNOTS ( 'NONE', 3,
 ( #461, #1385, #2701, #1077, #1765, #3082, #1364, #135, #2023, #3016, #438, #2439, #526, #1557, #3783, #3461, #1474, #3482, #3147, #3169, #1211, #1849, #3505, #568, #3127, #1493, #1513, #2131 ),
 .UNSPECIFIED., .F., .F.,
 ( 4, 2, 2, 2, 2, 2, 2, 2, 2, 2, 2, 2, 2, 4 ),
 ( 6.938893903907228378E-18, 0.01624880154848426517, 0.02437320232272640122, 0.03249760309696853727, 0.04062200387121066986, 0.04468420425833173615, 0.04874640464545280244, 0.05077750483901331824, 0.05280860503257384098, 0.05687080541969490727, 0.05890190561325545776, 0.06093300580681600132, 0.06296410600037655181, 0.06499520619393708842 ),
 .UNSPECIFIED. ) ;
#604 = CARTESIAN_POINT ( 'NONE',  ( -3.689582338253829530, 2.500289832502588627, -27.84608683033079757 ) ) ;
#605 = CARTESIAN_POINT ( 'NONE',  ( -3.595502225854618317, 1.946934225413054831, -23.63789122274700105 ) ) ;
#606 = CARTESIAN_POINT ( 'NONE',  ( -2.569769968022913798, 1.946934225413054831, -23.48989062401417627 ) ) ;
#607 = CARTESIAN_POINT ( 'NONE',  ( 2.251498811388612964, 2.541256066599950625, -27.83726992770485253 ) ) ;
#608 = EDGE_CURVE ( 'NONE', #394, #1844, #692, .T. ) ;
#609 = DIRECTION ( 'NONE',  ( 0.000000000000000000, 0.000000000000000000, -1.000000000000000000 ) ) ;
#610 = CARTESIAN_POINT ( 'NONE',  ( 1.579035266331662246, 1.965250036306543713, -26.72633098854271338 ) ) ;
#611 = ORIENTED_EDGE ( 'NONE', *, *, #1868, .F. ) ;
#612 = CARTESIAN_POINT ( 'NONE',  ( -2.233957207307856407, 2.538679963929868499, -27.83726992770485609 ) ) ;
#613 = DIRECTION ( 'NONE',  ( 0.000000000000000000, -0.001744812478206600936, 0.9999984778135494468 ) ) ;
#614 = DIRECTION ( 'NONE',  ( 0.000000000000000000, 0.000000000000000000, -1.000000000000000000 ) ) ;
#615 = CARTESIAN_POINT ( 'NONE',  ( 2.715193404119504716, 2.456216620688472574, -27.46834928107902840 ) ) ;
#616 = CARTESIAN_POINT ( 'NONE',  ( 3.570885493615064021, 2.598898533638934527, -27.84773555055827998 ) ) ;
#617 = CARTESIAN_POINT ( 'NONE',  ( -1.854717606443464950, 2.191403198536827190, -27.28572416752144747 ) ) ;
#618 = CARTESIAN_POINT ( 'NONE',  ( -2.581632789665873950, 1.961495377722234590, -26.72230616727229702 ) ) ;
#619 = CARTESIAN_POINT ( 'NONE',  ( 2.297258186359913967, 2.536358628690213557, -27.84567618773320419 ) ) ;
#620 = CARTESIAN_POINT ( 'NONE',  ( 2.588161982105838366, 2.050271023522930225, -25.85562229806822998 ) ) ;
#621 = ORIENTED_EDGE ( 'NONE', *, *, #864, .T. ) ;
#622 = CARTESIAN_POINT ( 'NONE',  ( -3.328941935782977701, 1.942626717739742714, -26.72855564264759565 ) ) ;
#623 = CARTESIAN_POINT ( 'NONE',  ( 2.996127373091238777, 2.735999422394126412, -27.83726992770484898 ) ) ;
#624 = CARTESIAN_POINT ( 'NONE',  ( -3.252369463118919501, 2.703866769900799660, -27.83726992770484543 ) ) ;
#625 = CIRCLE ( 'NONE', #145, 0.09842519685039161081 ) ;
#626 = CIRCLE ( 'NONE', #3365, 0.09842519685039161081 ) ;
#627 = CARTESIAN_POINT ( 'NONE',  ( 3.132859983836450368, 2.723566506377595786, -27.84878510753659242 ) ) ;
#628 = AXIS2_PLACEMENT_3D ( 'NONE', #3010, #4073, #2386 ) ;
#629 = CARTESIAN_POINT ( 'NONE',  ( -2.569769968022913798, 2.046934225413054698, -26.33048099950435272 ) ) ;
#630 = DIRECTION ( 'NONE',  ( 0.000000000000000000, 1.000000000000000000, 0.000000000000000000 ) ) ;
#631 = VECTOR ( 'NONE', #1426, 39.37007874015748143 ) ;
#632 = CARTESIAN_POINT ( 'NONE',  ( 0.6792977483073628919, 1.965514924322743218, -26.72633098854271338 ) ) ;
#633 = ORIENTED_EDGE ( 'NONE', *, *, #1025, .T. ) ;
#634 = CARTESIAN_POINT ( 'NONE',  ( -3.315683618318206349, 1.896271023522930532, -27.00599264123768251 ) ) ;
#635 = CARTESIAN_POINT ( 'NONE',  ( -2.463687350864042891, 2.611790915446989825, -27.83726992770483477 ) ) ;
#636 = CYLINDRICAL_SURFACE ( 'NONE', #3772, 0.09842519685039161081 ) ;
#637 = CARTESIAN_POINT ( 'NONE',  ( 3.233528345426610606, 1.966934225413054627, -26.73050798782740500 ) ) ;
#638 = CARTESIAN_POINT ( 'NONE',  ( 2.797499390895047178, 1.964027268479703103, -26.72633098854271338 ) ) ;
#639 = ADVANCED_FACE ( 'NONE', ( #3803 ), #2191, .F. ) ;
#640 = EDGE_CURVE ( 'NONE', #2845, #364, #2884, .T. ) ;
#641 = CARTESIAN_POINT ( 'NONE',  ( -0.07048128972062500663, 1.965416532838725416, -26.72640707754985456 ) ) ;
#642 = CARTESIAN_POINT ( 'NONE',  ( 3.524028942617235760, 2.136876250759800477, -27.10081558872679963 ) ) ;
#643 = CARTESIAN_POINT ( 'NONE',  ( 2.150557630000264897, 2.407371578327645700, -27.65897480629387672 ) ) ;
#644 = EDGE_LOOP ( 'NONE', ( #540, #3787, #652, #3343, #2489, #3325, #114, #4101 ) ) ;
#645 = CARTESIAN_POINT ( 'NONE',  ( -3.330628631463629752, 2.173974886002280726, -27.10227531202368567 ) ) ;
#646 = CARTESIAN_POINT ( 'NONE',  ( -3.406935545556384337, 2.662301398978586420, -27.83726992770487385 ) ) ;
#647 = CARTESIAN_POINT ( 'NONE',  ( 2.996149339255605337, 2.071862676381274859, -26.91598953660166771 ) ) ;
#648 = CARTESIAN_POINT ( 'NONE',  ( -3.010706660197150608, 1.946934225413054831, -26.24398252420093769 ) ) ;
#649 = CARTESIAN_POINT ( 'NONE',  ( 1.522153347400346801, 2.387108709838761111, -27.83726992770483832 ) ) ;
#650 = CARTESIAN_POINT ( 'NONE',  ( -1.298675180936899265, 2.272946707863857441, -27.57659858741713066 ) ) ;
#651 = CARTESIAN_POINT ( 'NONE',  ( 1.465702700551878568, 1.962089905291584779, -26.71797698997332660 ) ) ;
#652 = ORIENTED_EDGE ( 'NONE', *, *, #3106, .F. ) ;
#653 = B_SPLINE_CURVE_WITH_KNOTS ( 'NONE', 3,
 ( #2461, #3422, #3758, #1764 ),
 .UNSPECIFIED., .F., .F.,
 ( 4, 4 ),
 ( 1.029992063861229020E-18, 0.03310071981517592049 ),
 .UNSPECIFIED. ) ;
#654 = DIRECTION ( 'NONE',  ( 1.000000000000000000, 0.000000000000000000, 0.000000000000000000 ) ) ;
#655 = CARTESIAN_POINT ( 'NONE',  ( -2.411160412058306779, 2.594775530962018628, -27.83726992770484543 ) ) ;
#656 = CARTESIAN_POINT ( 'NONE',  ( -1.318675180936899505, 2.253098136490985226, -27.57657022856717788 ) ) ;
#657 = CARTESIAN_POINT ( 'NONE',  ( -2.500151128417984481, 2.046934225413052477, -23.65789122274700063 ) ) ;
#658 = CARTESIAN_POINT ( 'NONE',  ( 3.198625858776031450, 2.736214125037716549, -27.83726992770484898 ) ) ;
#659 = CARTESIAN_POINT ( 'NONE',  ( 3.375595031480094654, 1.942439644884850880, -26.72777140799306039 ) ) ;
#660 = CARTESIAN_POINT ( 'NONE',  ( -0.3687629783918160986, 2.205518047424141148, -27.47096924999684475 ) ) ;
#661 = VERTEX_POINT ( 'NONE', #1539 ) ;
#662 = ADVANCED_FACE ( 'NONE', ( #569 ), #1875, .F. ) ;
#663 = EDGE_CURVE ( 'NONE', #2144, #3285, #2352, .T. ) ;
#664 = ORIENTED_EDGE ( 'NONE', *, *, #3442, .T. ) ;
#665 = CARTESIAN_POINT ( 'NONE',  ( -3.022565301346932909, 2.202169128626377148, -27.10289723918870308 ) ) ;
#666 = CARTESIAN_POINT ( 'NONE',  ( -3.556539900539610333, 1.963318223362976012, -26.72230616727229702 ) ) ;
#667 = CARTESIAN_POINT ( 'NONE',  ( 0.1351554724072653313, 2.011827392798274605, -26.91140014154207805 ) ) ;
#668 = CARTESIAN_POINT ( 'NONE',  ( 3.073898794719755578, 1.941862424691525479, -26.72923707565327334 ) ) ;
#669 = CARTESIAN_POINT ( 'NONE',  ( -3.595502225854618317, 2.004663988466177660, -23.65789122274700063 ) ) ;
#670 = CARTESIAN_POINT ( 'NONE',  ( 1.941627092615690442, 2.460089418014174356, -27.83726992770484543 ) ) ;
#671 = DIRECTION ( 'NONE',  ( 0.000000000000000000, 0.000000000000000000, -1.000000000000000000 ) ) ;
#672 = CARTESIAN_POINT ( 'NONE',  ( 0.2294977741453823328, 1.966934225413054627, -26.73050798782740500 ) ) ;
#673 = ORIENTED_EDGE ( 'NONE', *, *, #1003, .T. ) ;
#674 = CARTESIAN_POINT ( 'NONE',  ( -2.711397572484314011, 1.896271023522929866, -24.18019205516300119 ) ) ;
#675 = CARTESIAN_POINT ( 'NONE',  ( -2.235507452146668239, 2.539146879534246004, -27.83726992770484898 ) ) ;
#676 = CARTESIAN_POINT ( 'NONE',  ( 2.385747774145382305, 1.966934225413054627, -26.73050798782740500 ) ) ;
#677 = CARTESIAN_POINT ( 'NONE',  ( 2.477480490126165336, 1.958979905883669881, -26.71797698997332660 ) ) ;
#678 = CARTESIAN_POINT ( 'NONE',  ( -0.2262321258522672907, 2.099050092535357681, -27.09942863445322558 ) ) ;
#679 = CARTESIAN_POINT ( 'NONE',  ( 3.563635378727279424, 2.348933904893160562, -27.47426199162671878 ) ) ;
#680 = CARTESIAN_POINT ( 'NONE',  ( -0.3777125917397110011, 2.336364078613884843, -27.84390039299028174 ) ) ;
#681 = VERTEX_POINT ( 'NONE', #862 ) ;
#682 = EDGE_CURVE ( 'NONE', #3263, #1507, #2572, .T. ) ;
#683 = CARTESIAN_POINT ( 'NONE',  ( -3.057906196225694373, 2.332184983954076252, -27.28938454633987831 ) ) ;
#684 = CARTESIAN_POINT ( 'NONE',  ( 2.579097234516841475, 2.004427634586039897, -23.52243052234773302 ) ) ;
#685 = MANIFOLD_SOLID_BREP ( 'Boss-Extrude1', #891 ) ;
#686 = DIRECTION ( 'NONE',  ( 0.000000000000000000, 0.000000000000000000, 1.000000000000000000 ) ) ;
#687 = ADVANCED_FACE ( 'NONE', ( #1575 ), #1896, .T. ) ;
#688 = CARTESIAN_POINT ( 'NONE',  ( 3.297329448973625787, 2.570308138806133069, -27.66220640441970602 ) ) ;
#689 = DIRECTION ( 'NONE',  ( 0.000000000000000000, -0.001744812478206600936, 0.9999984778135494468 ) ) ;
#690 = CARTESIAN_POINT ( 'NONE',  ( 2.600399446502208445, 2.651886005029337134, -27.83726992770485253 ) ) ;
#691 = VECTOR ( 'NONE', #208, 39.37007874015748143 ) ;
#692 = CIRCLE ( 'NONE', #2688, 0.06250000000000295597 ) ;
#693 = DIRECTION ( 'NONE',  ( -7.277325085833640951E-15, 5.059390552176238870E-17, -1.000000000000000000 ) ) ;
#694 = AXIS2_PLACEMENT_3D ( 'NONE', #3742, #807, #3427 ) ;
#695 = AXIS2_PLACEMENT_3D ( 'NONE', #2674, #3962, #671 ) ;
#696 = CARTESIAN_POINT ( 'NONE',  ( 0.4542337598274327481, 1.964046382806206026, -26.72215398925802177 ) ) ;
#697 = VERTEX_POINT ( 'NONE', #926 ) ;
#698 = CARTESIAN_POINT ( 'NONE',  ( 2.640391840304454618, 2.310503295743135510, -27.28829374858552370 ) ) ;
#699 = DIRECTION ( 'NONE',  ( 0.000000000000000000, 0.000000000000000000, -1.000000000000000000 ) ) ;
#700 = CARTESIAN_POINT ( 'NONE',  ( -2.569769968022913798, 1.966934225413054627, -26.33048099950435272 ) ) ;
#701 = CARTESIAN_POINT ( 'NONE',  ( -2.132412633135063018, 1.964749772814900597, -26.72640707754985456 ) ) ;
#702 = CARTESIAN_POINT ( 'NONE',  ( 3.041997774145382305, 1.966934225413054627, -26.73050798782740500 ) ) ;
#703 = B_SPLINE_CURVE_WITH_KNOTS ( 'NONE', 3,
 ( #3800, #1509, #2814, #1470, #1780, #1533, #2125, #500, #1441, #3776, #1489, #4115, #861, #2503, #476, #3436, #1760, #2087, #798, #522, #1803, #1145, #3480, #542, #1846, #3164, #2434, #3733, #3398, #220, #4092, #1165, #2773, #4072 ),
 .UNSPECIFIED., .F., .F.,
 ( 4, 1, 1, 1, 1, 1, 1, 1, 1, 1, 1, 1, 1, 1, 1, 1, 1, 1, 1, 1, 1, 1, 1, 1, 1, 1, 1, 1, 1, 1, 1, 4 ),
 ( 0.1030470635329923945, 0.1249999999999807099, 0.1406249999999832356, 0.1562499999999816258, 0.1718749999999841516, 0.1874999999999830136, 0.2031249999999859557, 0.2187499999999844014, 0.2499999999999853173, 0.2812499999999871214, 0.3124999999999839018, 0.3437499999999857891, 0.3593749999999882316, 0.3749999999999866773, 0.3906249999999892308, 0.4062499999999875655, 0.4218749999999868994, 0.4374999999999894529, 0.4531249999999877875, 0.4687499999999903411, 0.4999999999999875655, 0.5312499999999890088, 0.5624999999999898970, 0.5937499999999916733, 0.6249999999999926725, 0.6562499999999944489, 0.6874999999999954481, 0.7499999999999940048, 0.8124999999999963363, 0.8749999999999990008, 0.9374999999999972244, 1.000000000000000000 ),
 .UNSPECIFIED. ) ;
#704 = CARTESIAN_POINT ( 'NONE',  ( 2.657668196037732855, 2.669475093687181388, -27.83726992770486675 ) ) ;
#705 = CARTESIAN_POINT ( 'NONE',  ( 2.505976465822947308, 1.966934225413054627, -26.23205580265396009 ) ) ;
#706 = CARTESIAN_POINT ( 'NONE',  ( 3.488327535038165728, 2.145398571524537168, -27.10109831890066090 ) ) ;
#707 = CARTESIAN_POINT ( 'NONE',  ( -0.2025590512885848959, 2.010990124804629797, -26.91172781233060007 ) ) ;
#708 = ORIENTED_EDGE ( 'NONE', *, *, #896, .T. ) ;
#709 = CARTESIAN_POINT ( 'NONE',  ( -3.215783998234806873, 1.942398944907432368, -26.72920569144590885 ) ) ;
#710 = CARTESIAN_POINT ( 'NONE',  ( 3.732666378106412441, 2.491097183102063184, -27.83726992770485253 ) ) ;
#711 = CARTESIAN_POINT ( 'NONE',  ( -3.426109756737226064, 2.070271023522929354, -27.24257398322169621 ) ) ;
#712 = CARTESIAN_POINT ( 'NONE',  ( 3.253548970482023961, 2.711970153159385166, -27.84884857405263503 ) ) ;
#713 = CARTESIAN_POINT ( 'NONE',  ( -2.744961191953149360, 2.004663988466177660, -23.65789122274700063 ) ) ;
#714 = CARTESIAN_POINT ( 'NONE',  ( 2.421324338029763545, 2.595154692862723156, -27.83726992770484898 ) ) ;
#715 = CARTESIAN_POINT ( 'NONE',  ( -3.774517198282988595, 1.896271023522930310, -27.83726992770484898 ) ) ;
#716 = EDGE_CURVE ( 'NONE', #2938, #3134, #1319, .T. ) ;
#717 = CARTESIAN_POINT ( 'NONE',  ( 1.822472562655418127, 2.434784022549381532, -27.83726992770486675 ) ) ;
#718 = ORIENTED_EDGE ( 'NONE', *, *, #218, .F. ) ;
#719 = CARTESIAN_POINT ( 'NONE',  ( -2.733916800144386094, 1.896271023522930310, -23.52243052234773302 ) ) ;
#720 = CARTESIAN_POINT ( 'NONE',  ( 0.004497774136094276863, 2.017732247045910920, -26.92203773983262849 ) ) ;
#721 = CARTESIAN_POINT ( 'NONE',  ( -2.019372391979228354, 1.962830704053974307, -26.72230616727229702 ) ) ;
#722 = CARTESIAN_POINT ( 'NONE',  ( 1.307670729227665918, 1.896271023522930310, -27.83726992770484898 ) ) ;
#723 = CARTESIAN_POINT ( 'NONE',  ( 3.632773658555910057, 2.129583213592101121, -27.09942863445322558 ) ) ;
#724 = CARTESIAN_POINT ( 'NONE',  ( 0.01649777414538233095, 1.966934225413054627, -26.73050798782740500 ) ) ;
#725 = CARTESIAN_POINT ( 'NONE',  ( 3.783512746573752583, 1.896271023522930310, -27.83726992770484898 ) ) ;
#726 = CARTESIAN_POINT ( 'NONE',  ( -0.1681710903504693433, 2.146871204922705001, -27.28470003021274692 ) ) ;
#727 = ORIENTED_EDGE ( 'NONE', *, *, #2290, .F. ) ;
#728 = VERTEX_POINT ( 'NONE', #3548 ) ;
#729 = CARTESIAN_POINT ( 'NONE',  ( -3.176845505203592879, 2.193438229766004444, -27.10275744980054569 ) ) ;
#730 = CARTESIAN_POINT ( 'NONE',  ( 3.518245971466005262, 2.645256251127133140, -27.83726992770484898 ) ) ;
#731 = CARTESIAN_POINT ( 'NONE',  ( 0.02069558519264015975, 1.943506096602576561, -26.72500561970700872 ) ) ;
#732 = CARTESIAN_POINT ( 'NONE',  ( 2.505976465822947308, 2.046934225413054698, -26.33048099950435272 ) ) ;
#733 = CARTESIAN_POINT ( 'NONE',  ( 2.363081081512224291, 2.576304610439466902, -27.83726992770485253 ) ) ;
#734 = DIRECTION ( 'NONE',  ( 0.000000000000000000, -1.000000000000000000, 0.000000000000000000 ) ) ;
#735 = CARTESIAN_POINT ( 'NONE',  ( -3.595502225854618317, 1.984629061719719534, -23.63789122274700105 ) ) ;
#736 = ORIENTED_EDGE ( 'NONE', *, *, #1869, .T. ) ;
#737 = DIRECTION ( 'NONE',  ( 0.000000000000000000, 0.000000000000000000, -1.000000000000000000 ) ) ;
#738 = CARTESIAN_POINT ( 'NONE',  ( 1.307670729227665918, 2.085996040120311257, -27.05645503214892500 ) ) ;
#739 = EDGE_CURVE ( 'NONE', #1098, #2107, #1170, .T. ) ;
#740 = CARTESIAN_POINT ( 'NONE',  ( 2.505976465822947308, 2.046934225413054698, -23.58831582086456891 ) ) ;
#741 = CARTESIAN_POINT ( 'NONE',  ( 3.326779465001748370, 2.451350105755822462, -27.46834928107903551 ) ) ;
#742 = CARTESIAN_POINT ( 'NONE',  ( 0.04047767545674894191, 1.963817035571030489, -26.72230616727229702 ) ) ;
#743 = CARTESIAN_POINT ( 'NONE',  ( -3.734051227593153666, 2.478974802704450031, -27.83726992770485253 ) ) ;
#744 = DIRECTION ( 'NONE',  ( 0.000000000000000000, 0.000000000000000000, 1.000000000000000000 ) ) ;
#745 = EDGE_LOOP ( 'NONE', ( #148, #2302 ) ) ;
#746 = CARTESIAN_POINT ( 'NONE',  ( 3.029088875613354936, 1.896271023522930532, -26.20946511189843520 ) ) ;
#747 = CARTESIAN_POINT ( 'NONE',  ( -2.725527204126910519, 2.679212852284035051, -27.84749392505271004 ) ) ;
#748 = CARTESIAN_POINT ( 'NONE',  ( 3.498514132732750692, 2.654460602449395079, -27.83726992770484543 ) ) ;
#749 = CARTESIAN_POINT ( 'NONE',  ( 0.02040468724229809599, 2.153599465735681395, -27.28464478007445138 ) ) ;
#750 = CARTESIAN_POINT ( 'NONE',  ( -3.073005031996915992, 1.896271023522930310, -26.49399093562022856 ) ) ;
#751 = CARTESIAN_POINT ( 'NONE',  ( 2.598629895913436627, 2.651352470306269193, -27.83726992770485253 ) ) ;
#752 = DIRECTION ( 'NONE',  ( 0.000000000000000000, 0.9999984778135494468, 0.001744812478206600936 ) ) ;
#753 = CARTESIAN_POINT ( 'NONE',  ( -2.569769968022913798, 2.046934225413054698, -26.23205580265396009 ) ) ;
#754 = VECTOR ( 'NONE', #2458, 39.37007874015748143 ) ;
#755 = CARTESIAN_POINT ( 'NONE',  ( 3.649081010440546446, 2.405823516037034704, -27.64145330530878653 ) ) ;
#756 = CARTESIAN_POINT ( 'NONE',  ( -1.580369930915083598, 2.396032485157316483, -27.83726992770485609 ) ) ;
#757 = CARTESIAN_POINT ( 'NONE',  ( -2.075597378701278917, 1.962701452430654525, -26.72230616727229702 ) ) ;
#758 = CARTESIAN_POINT ( 'NONE',  ( 2.544036018213844397, 1.984629061719719534, -23.63789122274700105 ) ) ;
#759 = VECTOR ( 'NONE', #2953, 39.37007874015748143 ) ;
#760 = CARTESIAN_POINT ( 'NONE',  ( 3.603822158744421689, 1.965212610884119027, -26.72633098854271338 ) ) ;
#761 = B_SPLINE_CURVE_WITH_KNOTS ( 'NONE', 2,
 ( #2220, #4227, #2261 ),
 .UNSPECIFIED., .F., .F.,
 ( 3, 3 ),
 ( 0.7596672032735880542, 1.000000000000000000 ),
 .UNSPECIFIED. ) ;
#762 = DIMENSIONAL_EXPONENTS ( 1.000000000000000000, 0.000000000000000000, 0.000000000000000000, 0.000000000000000000, 0.000000000000000000, 0.000000000000000000, 0.000000000000000000 ) ;
#763 = CARTESIAN_POINT ( 'NONE',  ( 0.02970316850988772434, 2.246563130304821243, -27.46834928107903551 ) ) ;
#764 = FACE_OUTER_BOUND ( 'NONE', #129, .T. ) ;
#765 = CARTESIAN_POINT ( 'NONE',  ( -0.01140902485222819104, 2.153693192660784295, -27.28489442227363071 ) ) ;
#766 = VERTEX_POINT ( 'NONE', #2511 ) ;
#767 = EDGE_CURVE ( 'NONE', #2656, #2079, #518, .T. ) ;
#768 = VERTEX_POINT ( 'NONE', #3568 ) ;
#769 = EDGE_CURVE ( 'NONE', #2449, #4135, #2000, .T. ) ;
#770 = AXIS2_PLACEMENT_3D ( 'NONE', #2597, #1963, #1902 ) ;
#771 = CARTESIAN_POINT ( 'NONE',  ( 3.444632261170889720, 1.896271023522930754, -27.25906995581438608 ) ) ;
#772 = CARTESIAN_POINT ( 'NONE',  ( -2.568629187403486558, 2.065062645008016506, -26.91586197843148653 ) ) ;
#773 = CARTESIAN_POINT ( 'NONE',  ( -3.317784614218413530, 2.451349889498042334, -27.46834928107902840 ) ) ;
#774 = CARTESIAN_POINT ( 'NONE',  ( 0.3688207082304946760, 2.074559861453256104, -27.09770198591024837 ) ) ;
#775 = B_SPLINE_CURVE_WITH_KNOTS ( 'NONE', 3,
 ( #3046, #446, #168, #3407 ),
 .UNSPECIFIED., .F., .F.,
 ( 4, 4 ),
 ( 0.000000000000000000, 2.804800454251353106E-05 ),
 .UNSPECIFIED. ) ;
#776 = ORIENTED_EDGE ( 'NONE', *, *, #1331, .F. ) ;
#777 = CARTESIAN_POINT ( 'NONE',  ( -2.694769968022916906, 2.004433541306125832, -23.52581582086456535 ) ) ;
#778 = CARTESIAN_POINT ( 'NONE',  ( 2.650058264539674191, 2.666495926337241418, -27.83726992770485253 ) ) ;
#779 = CARTESIAN_POINT ( 'NONE',  ( 3.783512746573753027, 2.298825800693371058, -27.83726992770484898 ) ) ;
#780 = LINE ( 'NONE', #458, #3240 ) ;
#781 = ORIENTED_EDGE ( 'NONE', *, *, #3730, .F. ) ;
#782 = CARTESIAN_POINT ( 'NONE',  ( 0.4647987917813746761, 2.079608863114986050, -27.05645503214893566 ) ) ;
#783 = CARTESIAN_POINT ( 'NONE',  ( -2.569769968022913798, 2.004433541306125388, -23.52581582086456535 ) ) ;
#784 = CARTESIAN_POINT ( 'NONE',  ( -1.611351805754011490, 2.115685060171407450, -27.09942863445322558 ) ) ;
#785 = CARTESIAN_POINT ( 'NONE',  ( -0.07216626396631026230, 2.087562909122292698, -27.05645503214892145 ) ) ;
#786 = CARTESIAN_POINT ( 'NONE',  ( 1.327670729227666158, 1.896271023522930310, -27.83726992770484898 ) ) ;
#787 = CARTESIAN_POINT ( 'NONE',  ( -3.348121921593943284, 2.706072963175814472, -27.83726992770484898 ) ) ;
#788 = CARTESIAN_POINT ( 'NONE',  ( -0.01159100582102851225, 2.013687727705601560, -26.91197250946497022 ) ) ;
#789 = ORIENTED_EDGE ( 'NONE', *, *, #1893, .F. ) ;
#790 = EDGE_LOOP ( 'NONE', ( #333, #1500, #2172, #1468, #3116, #1439, #2311, #2377 ) ) ;
#791 = CARTESIAN_POINT ( 'NONE',  ( -2.462387122573126419, 1.984562163647690447, -23.59955015685393320 ) ) ;
#792 = CARTESIAN_POINT ( 'NONE',  ( -3.123863849790757818, 2.723564418503054974, -27.84878211207239218 ) ) ;
#793 = CARTESIAN_POINT ( 'NONE',  ( -3.250765990040767939, 2.728172374296543801, -27.83726992770485253 ) ) ;
#794 = EDGE_CURVE ( 'NONE', #2495, #2293, #3777, .T. ) ;
#795 = CARTESIAN_POINT ( 'NONE',  ( 1.237214025280069185, 2.139313789033807645, -27.28417423284193788 ) ) ;
#796 = ORIENTED_EDGE ( 'NONE', *, *, #794, .F. ) ;
#797 = CARTESIAN_POINT ( 'NONE',  ( 2.742912348435150527, 1.984427604142264379, -23.52243052234773302 ) ) ;
#798 = CARTESIAN_POINT ( 'NONE',  ( -2.020502225854617695, 1.966934225413054627, -26.73050798782740500 ) ) ;
#799 = FACE_OUTER_BOUND ( 'NONE', #2525, .T. ) ;
#800 = CARTESIAN_POINT ( 'NONE',  ( 2.958062447800031247, 2.072081468925134118, -26.91598920664876715 ) ) ;
#801 = DIRECTION ( 'NONE',  ( 0.000000000000000000, -1.000000000000000000, 0.000000000000000000 ) ) ;
#802 = UNCERTAINTY_MEASURE_WITH_UNIT (LENGTH_MEASURE( 1.000000000000000082E-05 ), #1559, 'distance_accuracy_value', 'NONE');
#803 = CARTESIAN_POINT ( 'NONE',  ( -1.682035323253444625, 1.963467156304756100, -26.72230616727229702 ) ) ;
#804 = LINE ( 'NONE', #4013, #4176 ) ;
#805 =( NAMED_UNIT ( * ) SI_UNIT ( $, .STERADIAN. ) SOLID_ANGLE_UNIT ( ) );
#806 = ORIENTED_EDGE ( 'NONE', *, *, #1734, .T. ) ;
#807 = DIRECTION ( 'NONE',  ( 0.000000000000000000, 0.000000000000000000, 1.000000000000000000 ) ) ;
#808 = CARTESIAN_POINT ( 'NONE',  ( -3.559761808401662009, 2.618568465913301058, -27.83726992770484898 ) ) ;
#809 = CARTESIAN_POINT ( 'NONE',  ( -2.500151128417984481, 1.966934225413054627, -23.65789122274700063 ) ) ;
#810 = ORIENTED_EDGE ( 'NONE', *, *, #608, .F. ) ;
#811 = ORIENTED_EDGE ( 'NONE', *, *, #1079, .F. ) ;
#812 = CARTESIAN_POINT ( 'NONE',  ( -2.949145230512566496, 2.072373480057020156, -26.91640731099780126 ) ) ;
#813 = CARTESIAN_POINT ( 'NONE',  ( -3.237902221517070522, 2.466252821424559372, -27.46834928107902840 ) ) ;
#814 = CARTESIAN_POINT ( 'NONE',  ( 0.2115492026893144584, 2.010839431347895001, -26.91130973119157943 ) ) ;
#815 = VERTEX_POINT ( 'NONE', #1620 ) ;
#816 = EDGE_CURVE ( 'NONE', #4135, #3502, #3673, .T. ) ;
#817 = CARTESIAN_POINT ( 'NONE',  ( 0.004497774145380696587, 1.946934225413054831, -26.73415120872314432 ) ) ;
#818 = CYLINDRICAL_SURFACE ( 'NONE', #283, 0.06250000000000295597 ) ;
#819 = DIRECTION ( 'NONE',  ( 1.000000000000000000, 0.000000000000000000, 0.000000000000000000 ) ) ;
#820 = EDGE_CURVE ( 'NONE', #2972, #180, #27, .T. ) ;
#821 = ORIENTED_EDGE ( 'NONE', *, *, #33, .T. ) ;
#822 = CARTESIAN_POINT ( 'NONE',  ( 3.082000580287678204, 2.070271023522930243, -26.49399093562022500 ) ) ;
#823 = CARTESIAN_POINT ( 'NONE',  ( -2.569769968022913798, 2.046934225413054698, -26.23205580265396009 ) ) ;
#824 = EDGE_LOOP ( 'NONE', ( #468, #1757, #498, #47 ) ) ;
#825 = CARTESIAN_POINT ( 'NONE',  ( -3.517871085975257106, 2.325232101984106237, -27.41274335342067303 ) ) ;
#826 = CARTESIAN_POINT ( 'NONE',  ( -2.767769017487283989, 2.699633758446175147, -27.83726992770484898 ) ) ;
#827 = CARTESIAN_POINT ( 'NONE',  ( 3.672936011753150876, 2.070271023522930243, -27.69216233395229310 ) ) ;
#828 = CIRCLE ( 'NONE', #3632, 0.06250000000000295597 ) ;
#829 = ORIENTED_EDGE ( 'NONE', *, *, #3234, .F. ) ;
#830 = AXIS2_PLACEMENT_3D ( 'NONE', #595, #3514, #2223 ) ;
#831 = ORIENTED_EDGE ( 'NONE', *, *, #2103, .T. ) ;
#832 = AXIS2_PLACEMENT_3D ( 'NONE', #3986, #1074, #3352 ) ;
#833 = CARTESIAN_POINT ( 'NONE',  ( -2.830298795427084624, 2.201176956344167657, -27.10274015920532520 ) ) ;
#834 = CARTESIAN_POINT ( 'NONE',  ( -3.257118155961526984, 1.964386491541205926, -26.72640707754985456 ) ) ;
#835 = CARTESIAN_POINT ( 'NONE',  ( 0.9585028522092119418, 2.327033468702853991, -27.84371964730951632 ) ) ;
#836 = VECTOR ( 'NONE', #2124, 39.37007874015748143 ) ;
#837 = VERTEX_POINT ( 'NONE', #3943 ) ;
#838 = CARTESIAN_POINT ( 'NONE',  ( 2.505976465822947308, 2.046934225413054698, -23.58831582086456891 ) ) ;
#839 = LINE ( 'NONE', #2146, #2060 ) ;
#840 = PLANE ( 'NONE',  #2754 ) ;
#841 = ORIENTED_EDGE ( 'NONE', *, *, #2542, .F. ) ;
#842 = CARTESIAN_POINT ( 'NONE',  ( 0.9254148367481025428, 2.078225916440209264, -27.05645503214893566 ) ) ;
#843 = CARTESIAN_POINT ( 'NONE',  ( -1.451507889398456319, 2.379465984553485125, -27.83726992770485253 ) ) ;
#844 = EDGE_CURVE ( 'NONE', #2032, #2033, #1281, .T. ) ;
#845 = EDGE_CURVE ( 'NONE', #2972, #1933, #2321, .T. ) ;
#846 = FILL_AREA_STYLE ('',( #2883 ) ) ;
#847 = DIRECTION ( 'NONE',  ( 1.000000000000000000, 0.000000000000000000, 0.000000000000000000 ) ) ;
#848 = CARTESIAN_POINT ( 'NONE',  ( -3.595502225854618317, 2.004663988466178548, -23.63789122274700105 ) ) ;
#849 = EDGE_LOOP ( 'NONE', ( #3449, #3150, #2043, #829 ) ) ;
#850 = CARTESIAN_POINT ( 'NONE',  ( -2.579166433815074377, 1.896271023522930310, -25.85562229806822998 ) ) ;
#851 = CARTESIAN_POINT ( 'NONE',  ( -2.837462717720101502, 2.714549420198846263, -27.83726992770484898 ) ) ;
#852 = CARTESIAN_POINT ( 'NONE',  ( 2.679361455596509956, 1.946934225413052610, -26.73677730201291780 ) ) ;
#853 = ORIENTED_EDGE ( 'NONE', *, *, #3053, .F. ) ;
#854 = CARTESIAN_POINT ( 'NONE',  ( 2.500985746633630491, 2.415192993950130873, -27.46834928107902840 ) ) ;
#855 = CARTESIAN_POINT ( 'NONE',  ( 3.416504402897680759, 2.280658182274725831, -27.28838312893043749 ) ) ;
#856 = CARTESIAN_POINT ( 'NONE',  ( -1.602757934196115785, 2.368415936847307890, -27.84412646650581280 ) ) ;
#857 = CARTESIAN_POINT ( 'NONE',  ( -3.031388455762870304, 1.961292959236572431, -26.72230616727229702 ) ) ;
#858 = CARTESIAN_POINT ( 'NONE',  ( 0.9112118402369675518, 2.071490919010461784, -27.09754453238603134 ) ) ;
#859 = ORIENTED_EDGE ( 'NONE', *, *, #3549, .F. ) ;
#860 = DIRECTION ( 'NONE',  ( 0.000000000000000000, -0.000000000000000000, -1.000000000000000000 ) ) ;
#861 = CARTESIAN_POINT ( 'NONE',  ( -2.376752225854618317, 1.966934225413054627, -26.73050798782740500 ) ) ;
#862 = CARTESIAN_POINT ( 'NONE',  ( -2.569769968022913798, 2.046934225413054698, -26.13363060580356745 ) ) ;
#863 = FACE_OUTER_BOUND ( 'NONE', #583, .T. ) ;
#864 = EDGE_CURVE ( 'NONE', #4083, #4235, #2926, .T. ) ;
#865 = VERTEX_POINT ( 'NONE', #1360 ) ;
#866 = CARTESIAN_POINT ( 'NONE',  ( 3.760166554960240770, 1.896271023522930310, -27.83726992770484898 ) ) ;
#867 = CARTESIAN_POINT ( 'NONE',  ( 2.753956740240350420, 1.966934225413054627, -23.65789122280828494 ) ) ;
#868 = CARTESIAN_POINT ( 'NONE',  ( -3.117808258650225373, 2.740119128511983249, -27.83726992770485609 ) ) ;
#869 = DIRECTION ( 'NONE',  ( 0.000000000000000000, 0.9999984778135494468, 0.001744812478206600936 ) ) ;
#870 = CARTESIAN_POINT ( 'NONE',  ( 1.321004053013445034, 2.065116119258837202, -27.05645503214892500 ) ) ;
#871 = CARTESIAN_POINT ( 'NONE',  ( 2.197635097940417559, 1.964637653957300278, -26.72633098854271338 ) ) ;
#872 = CARTESIAN_POINT ( 'NONE',  ( -2.087520384809625984, 2.477656581575589989, -27.84515059127020464 ) ) ;
#873 = CARTESIAN_POINT ( 'NONE',  ( -3.000163122531208426, 2.482899792361680458, -27.46834928107903551 ) ) ;
#874 = CARTESIAN_POINT ( 'NONE',  ( 2.055992798426953261, 1.942740188596266293, -26.72704426755824514 ) ) ;
#875 = ORIENTED_EDGE ( 'NONE', *, *, #1708, .F. ) ;
#876 = CARTESIAN_POINT ( 'NONE',  ( -3.649839702085522664, 2.295372926995175256, -27.47331825356885204 ) ) ;
#877 = FACE_OUTER_BOUND ( 'NONE', #1444, .T. ) ;
#878 = VERTEX_POINT ( 'NONE', #2594 ) ;
#879 = CARTESIAN_POINT ( 'NONE',  ( -2.569769968022913798, 2.046934225413054698, -26.23205580265396009 ) ) ;
#880 = CARTESIAN_POINT ( 'NONE',  ( -1.082366134306727901, 1.964064034040369000, -26.72230616727229702 ) ) ;
#881 = DIRECTION ( 'NONE',  ( 0.000000000000000000, -1.000000000000000000, 0.000000000000000000 ) ) ;
#882 = DIRECTION ( 'NONE',  ( 0.000000000000000000, 0.000000000000000000, -1.000000000000000000 ) ) ;
#883 = ORIENTED_EDGE ( 'NONE', *, *, #948, .T. ) ;
#884 = CARTESIAN_POINT ( 'NONE',  ( 2.591004689979600872, 1.984629061719719534, -23.63789122274700105 ) ) ;
#885 = DIRECTION ( 'NONE',  ( 0.000000000000000000, -1.000000000000000000, 0.000000000000000000 ) ) ;
#886 = CARTESIAN_POINT ( 'NONE',  ( -2.877259505986895949, 2.721752699190204350, -27.83726992770484543 ) ) ;
#887 = CARTESIAN_POINT ( 'NONE',  ( 2.822115705145951114, 1.946934225413055053, -25.34035223856881203 ) ) ;
#888 = PLANE ( 'NONE',  #420 ) ;
#889 = CARTESIAN_POINT ( 'NONE',  ( 2.241583991259425090, 2.538108876798434999, -27.83726992770483122 ) ) ;
#890 = CIRCLE ( 'NONE', #1649, 0.09842519685039161081 ) ;
#891 = CLOSED_SHELL ( 'NONE', ( #2476, #1107, #3209, #1277, #587, #3023, #662, #3264, #296, #1220, #2313, #3078, #1787, #977, #2790, #2868, #2050, #1190, #4194, #1681, #1810, #1163, #1702, #1614, #4140, #3520, #4118, #1634, #1424, #687, #3832, #4217, #1218, #3415, #3977, #113, #3364, #947, #1353, #241, #1241, #3751, #1584, #2213, #2614, #3443, #1898, #3907, #2235, #639, #3863, #1762, #2739, #534, #1299, #4159, #2693, #1004, #3052, #2639, #2566, #195, #4196, #2997, #267, #4087, #3286, #1023, #3135, #2078, #2942, #557, #1995, #2923, #997, #2589 ) ) ;
#892 = CARTESIAN_POINT ( 'NONE',  ( -1.212206551655711007, 2.074214782786262035, -27.09797638046004309 ) ) ;
#893 = CARTESIAN_POINT ( 'NONE',  ( -2.470413491283310670, 2.614007788700145163, -27.83726992770484898 ) ) ;
#894 = CARTESIAN_POINT ( 'NONE',  ( 2.225276340521663787, 2.144503062256331472, -27.10034753783607542 ) ) ;
#895 = EDGE_CURVE ( 'NONE', #878, #3284, #2891, .T. ) ;
#896 = EDGE_CURVE ( 'NONE', #2293, #394, #3292, .T. ) ;
#897 = ORIENTED_EDGE ( 'NONE', *, *, #2943, .T. ) ;
#898 = CARTESIAN_POINT ( 'NONE',  ( -3.519228819541964093, 2.364433881513291258, -27.47468747653292098 ) ) ;
#899 = CARTESIAN_POINT ( 'NONE',  ( 2.778453718991658938, 2.700026377206032446, -27.83726992770484898 ) ) ;
#900 = CARTESIAN_POINT ( 'NONE',  ( -3.736505353902125570, 2.442720501241428366, -27.83726992770484543 ) ) ;
#901 = CIRCLE ( 'NONE', #2826, 0.06250000000000295597 ) ;
#902 = VECTOR ( 'NONE', #2381, 39.37007874015748143 ) ;
#903 = FACE_OUTER_BOUND ( 'NONE', #3792, .T. ) ;
#904 = CARTESIAN_POINT ( 'NONE',  ( 1.460957412942943900, 2.380007911990046576, -27.83726992770485609 ) ) ;
#905 = DIRECTION ( 'NONE',  ( 0.000000000000000000, 0.000000000000000000, -1.000000000000000000 ) ) ;
#906 = ORIENTED_EDGE ( 'NONE', *, *, #1788, .T. ) ;
#907 = CARTESIAN_POINT ( 'NONE',  ( 2.302122260842971890, 2.153081851337070418, -27.10065530844529036 ) ) ;
#908 = FACE_OUTER_BOUND ( 'NONE', #2159, .T. ) ;
#909 = CARTESIAN_POINT ( 'NONE',  ( -2.970482099394525122, 2.734448845285767593, -27.83726992770485253 ) ) ;
#910 = FACE_OUTER_BOUND ( 'NONE', #2574, .T. ) ;
#911 = CARTESIAN_POINT ( 'NONE',  ( 2.309474696043499975, 1.962050021188588955, -26.72215398925802177 ) ) ;
#912 = CARTESIAN_POINT ( 'NONE',  ( -0.4571613626325932711, 2.094464144803277250, -27.09942863445321493 ) ) ;
#913 = CARTESIAN_POINT ( 'NONE',  ( 3.299670399277983446, 2.436293461135871308, -27.47553810425883114 ) ) ;
#914 = CARTESIAN_POINT ( 'NONE',  ( -2.010854728595135477, 2.210278339380604251, -27.28617270897397162 ) ) ;
#915 = CARTESIAN_POINT ( 'NONE',  ( -2.300502336981677054, 1.962138992526182957, -26.72230616727229702 ) ) ;
#916 = CARTESIAN_POINT ( 'NONE',  ( 2.348885350400194749, 2.458547612826421425, -27.65959882574601281 ) ) ;
#917 = FACE_OUTER_BOUND ( 'NONE', #1801, .T. ) ;
#918 = VERTEX_POINT ( 'NONE', #2906 ) ;
#919 = EDGE_CURVE ( 'NONE', #3456, #3617, #1979, .T. ) ;
#920 = CARTESIAN_POINT ( 'NONE',  ( -3.616830780870447626, 2.206970428902010006, -27.28689653146898308 ) ) ;
#922 = CARTESIAN_POINT ( 'NONE',  ( 3.093823750901213199, 2.740655275161951288, -27.83726992770484898 ) ) ;
#921 =( BOUNDED_CURVE ( )  B_SPLINE_CURVE ( 3, ( #486, #1496, #2800, #884 ),
 .UNSPECIFIED., .F., .T. ) 
 B_SPLINE_CURVE_WITH_KNOTS ( ( 4, 4 ),
 ( 0.8374027013074129000, 2.098656680095883242 ),
 .UNSPECIFIED. ) 
 CURVE ( )  GEOMETRIC_REPRESENTATION_ITEM ( )  RATIONAL_B_SPLINE_CURVE ( ( 1.000000000000000000, 0.8717719746648733281, 0.8717719746648733281, 1.000000000000000000 ) ) 
 REPRESENTATION_ITEM ( '' )  );
#923 = CARTESIAN_POINT ( 'NONE',  ( -3.092313512769567563, 2.716447190028424608, -27.83726992770483477 ) ) ;
#924 = CARTESIAN_POINT ( 'NONE',  ( 3.651901163566886765, 2.408004933525979219, -27.60508486304124887 ) ) ;
#925 = CARTESIAN_POINT ( 'NONE',  ( -3.231324941603836987, 1.989031349195492293, -26.80209595154343916 ) ) ;
#926 = CARTESIAN_POINT ( 'NONE',  ( 0.004497774145380696587, 1.946934225413054831, -26.73415120872314432 ) ) ;
#927 = CARTESIAN_POINT ( 'NONE',  ( -0.008406271627996963342, 2.385184198118370347, -27.83726992770484898 ) ) ;
#928 = ORIENTED_EDGE ( 'NONE', *, *, #1275, .F. ) ;
#929 = DIRECTION ( 'NONE',  ( 0.000000000000000000, 0.000000000000000000, -1.000000000000000000 ) ) ;
#930 = CARTESIAN_POINT ( 'NONE',  ( -1.926098553558762028, 2.458643877487323604, -27.83726992770485253 ) ) ;
#931 = CARTESIAN_POINT ( 'NONE',  ( -2.650736369846225404, 1.966934225413054627, -25.27989743104352272 ) ) ;
#932 = DIRECTION ( 'NONE',  ( 0.000000000000000000, 1.000000000000000000, -3.475471168776155271E-14 ) ) ;
#933 = CARTESIAN_POINT ( 'NONE',  ( 2.364837593510417779, 2.385462110906644284, -27.46834928107903551 ) ) ;
#934 = CARTESIAN_POINT ( 'NONE',  ( -0.6699130801548073277, 1.962753884931455861, -26.71820525699473592 ) ) ;
#935 = CARTESIAN_POINT ( 'NONE',  ( 3.597203900163944201, 2.331945979480837483, -27.47394877753709963 ) ) ;
#936 = CARTESIAN_POINT ( 'NONE',  ( -2.233135968417107264, 2.338374972308247202, -27.47313177873427392 ) ) ;
#937 = CARTESIAN_POINT ( 'NONE',  ( -2.131233447695952687, 1.960380867618593204, -26.71820525699473592 ) ) ;
#938 = CARTESIAN_POINT ( 'NONE',  ( 1.935062086906617740, 2.439670652715836940, -27.84479985609416630 ) ) ;
#939 = DIRECTION ( 'NONE',  ( 0.000000000000000000, 1.000000000000000000, 0.000000000000000000 ) ) ;
#940 = VERTEX_POINT ( 'NONE', #3607 ) ;
#941 = ORIENTED_EDGE ( 'NONE', *, *, #2051, .F. ) ;
#942 = CARTESIAN_POINT ( 'NONE',  ( -3.592511956247865790, 2.450932561411656163, -27.66078028762936469 ) ) ;
#943 = CYLINDRICAL_SURFACE ( 'NONE', #1928, 0.09842519685039161081 ) ;
#944 = CARTESIAN_POINT ( 'NONE',  ( -3.595502225854618317, 1.984427665029768972, -23.52246541859729589 ) ) ;
#945 = CARTESIAN_POINT ( 'NONE',  ( 1.685332300461536370, 2.410977582251970119, -27.83726992770484543 ) ) ;
#946 = CARTESIAN_POINT ( 'NONE',  ( 2.505976465822947308, 1.966934225413054627, -26.23205580265396009 ) ) ;
#947 = ADVANCED_FACE ( 'NONE', ( #2970 ), #4202, .F. ) ;
#948 = EDGE_CURVE ( 'NONE', #1477, #1742, #3186, .T. ) ;
#949 = CARTESIAN_POINT ( 'NONE',  ( 1.702046525110209485, 2.413186732439561943, -27.83726992770484898 ) ) ;
#950 = VERTEX_POINT ( 'NONE', #3888 ) ;
#951 = CARTESIAN_POINT ( 'NONE',  ( 2.425532365999095052, 2.056204249908227588, -26.91487281655546937 ) ) ;
#952 = CARTESIAN_POINT ( 'NONE',  ( -3.393647633123689111, 1.896271023522929422, -27.17596368580367638 ) ) ;
#953 = CARTESIAN_POINT ( 'NONE',  ( -2.401964111133449098, 2.591791497872850236, -27.83726992770484543 ) ) ;
#954 = CYLINDRICAL_SURFACE ( 'NONE', #1585, 0.06250000000000295597 ) ;
#955 = CARTESIAN_POINT ( 'NONE',  ( 1.973247774145382216, 1.966934225413054627, -26.73050798782741211 ) ) ;
#956 =( BOUNDED_CURVE ( )  B_SPLINE_CURVE ( 3, ( #4233, #3919, #3599, #1968 ),
 .UNSPECIFIED., .F., .F. ) 
 B_SPLINE_CURVE_WITH_KNOTS ( ( 4, 4 ),
 ( 0.8374027013074091252, 2.355882424688600540 ),
 .UNSPECIFIED. ) 
 CURVE ( )  GEOMETRIC_REPRESENTATION_ITEM ( )  RATIONAL_B_SPLINE_CURVE ( ( 1.000000000000000000, 0.8169063179094966376, 0.8169063179094966376, 1.000000000000000000 ) ) 
 REPRESENTATION_ITEM ( '' )  );
#957 = CARTESIAN_POINT ( 'NONE',  ( 2.589905502827748673, 1.958624583893513682, -26.71797698997332660 ) ) ;
#958 = CARTESIAN_POINT ( 'NONE',  ( 3.625786814708716221, 2.108466542694976464, -27.09974914514253896 ) ) ;
#959 = CARTESIAN_POINT ( 'NONE',  ( -0.2073865383950102281, 2.145414942743663289, -27.28465786363344137 ) ) ;
#960 = CARTESIAN_POINT ( 'NONE',  ( 1.839856536274172560, 2.108527554867367204, -27.09902442856716931 ) ) ;
#961 = PLANE ( 'NONE',  #15 ) ;
#962 = ORIENTED_EDGE ( 'NONE', *, *, #2340, .T. ) ;
#963 = CARTESIAN_POINT ( 'NONE',  ( -3.524695595476299737, 2.619588807341185266, -27.84798841448545303 ) ) ;
#964 = CARTESIAN_POINT ( 'NONE',  ( -3.529260567242701097, 2.608842699322182490, -27.83726992770485964 ) ) ;
#965 = AXIS2_PLACEMENT_3D ( 'NONE', #465, #2007, #3952 ) ;
#966 = VECTOR ( 'NONE', #3463, 39.37007874015748143 ) ;
#967 = AXIS2_PLACEMENT_3D ( 'NONE', #946, #45, #287 ) ;
#968 = CARTESIAN_POINT ( 'NONE',  ( 3.596137174300772177, 2.375909958789111265, -27.50192332669213613 ) ) ;
#969 = CARTESIAN_POINT ( 'NONE',  ( 1.589363770072176774, 2.396032253995185268, -27.83726992770484543 ) ) ;
#970 = CARTESIAN_POINT ( 'NONE',  ( -2.569769968022913798, 2.046934225413054698, -23.48989062401417627 ) ) ;
#971 = AXIS2_PLACEMENT_3D ( 'NONE', #431, #3373, #689 ) ;
#972 = CARTESIAN_POINT ( 'NONE',  ( 1.353297555150063447, 1.962263451702871864, -26.71797698997332660 ) ) ;
#973 = ORIENTED_EDGE ( 'NONE', *, *, #919, .F. ) ;
#974 = DIRECTION ( 'NONE',  ( -7.588466649067393207E-18, -1.000000000000000000, -5.059390552176238870E-17 ) ) ;
#975 = EDGE_CURVE ( 'NONE', #728, #341, #2196, .T. ) ;
#976 = CARTESIAN_POINT ( 'NONE',  ( -2.369897133589009108, 2.581403111420541130, -27.83726992770485253 ) ) ;
#977 = ADVANCED_FACE ( 'NONE', ( #2636 ), #1302, .T. ) ;
#978 = CARTESIAN_POINT ( 'NONE',  ( -1.318675180936895286, 2.159971419600252407, -27.31623731048563641 ) ) ;
#979 = CARTESIAN_POINT ( 'NONE',  ( 2.505976465822947308, 2.046934225413054698, -26.33048099950435272 ) ) ;
#980 = CARTESIAN_POINT ( 'NONE',  ( 2.929497774145382483, 1.966934225413054627, -26.73050798782740500 ) ) ;
#981 = CARTESIAN_POINT ( 'NONE',  ( 3.560616421390589981, 2.234411115120318758, -27.28738218313194963 ) ) ;
#982 = CARTESIAN_POINT ( 'NONE',  ( -0.3509244210144546461, 1.943841835272650309, -26.72509985052182202 ) ) ;
#983 = ORIENTED_EDGE ( 'NONE', *, *, #663, .T. ) ;
#984 = ORIENTED_EDGE ( 'NONE', *, *, #1535, .T. ) ;
#985 = CARTESIAN_POINT ( 'NONE',  ( -3.204169958096365178, 2.718504941333715230, -27.84886404929124737 ) ) ;
#986 = CARTESIAN_POINT ( 'NONE',  ( 3.133353525234924053, 2.739916658592776333, -27.83726992770483832 ) ) ;
#987 = FACE_OUTER_BOUND ( 'NONE', #1191, .T. ) ;
#988 = CARTESIAN_POINT ( 'NONE',  ( 3.181025292303687024, 2.455233735500248926, -27.47569915085971815 ) ) ;
#989 = CARTESIAN_POINT ( 'NONE',  ( -3.358061063672888036, 2.070271023522930243, -27.18559163194253969 ) ) ;
#990 = CARTESIAN_POINT ( 'NONE',  ( 1.856023646970321295, 2.441827305964617612, -27.83726992770484898 ) ) ;
#991 = CARTESIAN_POINT ( 'NONE',  ( -3.595502225854618317, 1.966934225413054627, -23.65789122274700063 ) ) ;
#992 = CARTESIAN_POINT ( 'NONE',  ( 1.177832841979050027, 2.354240756811474711, -27.83726992770483122 ) ) ;
#993 = ORIENTED_EDGE ( 'NONE', *, *, #3861, .F. ) ;
#994 = DIRECTION ( 'NONE',  ( -1.000000000000000000, 7.588466649067399370E-18, -1.214154663850783899E-16 ) ) ;
#995 = CARTESIAN_POINT ( 'NONE',  ( -2.447987873990140173, 2.606716968966240611, -27.83726992770483832 ) ) ;
#996 = CARTESIAN_POINT ( 'NONE',  ( 2.591004689979600428, 2.046934225413053365, -23.63789122274700105 ) ) ;
#997 = ADVANCED_FACE ( 'NONE', ( #348 ), #4224, .T. ) ;
#998 = CARTESIAN_POINT ( 'NONE',  ( 2.590602926600291678, 1.961394464400027626, -26.72215398925802177 ) ) ;
#999 = CARTESIAN_POINT ( 'NONE',  ( -1.082684180080674352, 1.965499129726711480, -26.72640707754985456 ) ) ;
#1000 = CARTESIAN_POINT ( 'NONE',  ( 3.413356559014667724, 1.942546476697280644, -26.72749020573329659 ) ) ;
#1001 = CARTESIAN_POINT ( 'NONE',  ( -0.5846513355595814865, 2.007497695038050534, -26.91140326498119606 ) ) ;
#1002 = ORIENTED_EDGE ( 'NONE', *, *, #1298, .T. ) ;
#1003 = EDGE_CURVE ( 'NONE', #3798, #507, #2065, .T. ) ;
#1004 = ADVANCED_FACE ( 'NONE', ( #3102 ), #3057, .T. ) ;
#1005 = CARTESIAN_POINT ( 'NONE',  ( -3.292595792607671878, 2.180004691342553258, -27.10243875842708050 ) ) ;
#1006 = CARTESIAN_POINT ( 'NONE',  ( -0.01815959094037227980, 2.084805091470009586, -27.09815473661566543 ) ) ;
#1007 = CARTESIAN_POINT ( 'NONE',  ( 3.213166121175979661, 2.718507003325292715, -27.84886704577812466 ) ) ;
#1008 = LINE ( 'NONE', #669, #1794 ) ;
#1009 = CARTESIAN_POINT ( 'NONE',  ( 2.657940082442882712, 2.668741010163479643, -27.83726992770485964 ) ) ;
#1010 = CARTESIAN_POINT ( 'NONE',  ( -2.569769968022913798, 2.046934225413054698, -26.23205580265396009 ) ) ;
#1011 = CARTESIAN_POINT ( 'NONE',  ( 0.4661569014587917947, 2.094464144531821947, -27.09942863445322558 ) ) ;
#1012 = VERTEX_POINT ( 'NONE', #1404 ) ;
#1013 = CARTESIAN_POINT ( 'NONE',  ( 0.004497774145382328961, 1.966934225413054627, -26.73050798782740500 ) ) ;
#1014 = CARTESIAN_POINT ( 'NONE',  ( -2.125518732233378394, 2.507622047306452995, -27.83726992770484898 ) ) ;
#1015 = CARTESIAN_POINT ( 'NONE',  ( -2.583002225854618139, 1.966934225413054627, -26.73050798782740500 ) ) ;
#1016 = CARTESIAN_POINT ( 'NONE',  ( 1.091997774145382571, 1.966934225413054627, -26.73050798782740500 ) ) ;
#1017 = CARTESIAN_POINT ( 'NONE',  ( 2.703773530785350765, 1.964073071466305498, -26.72633098854271338 ) ) ;
#1018 = CARTESIAN_POINT ( 'NONE',  ( 0.01740181991876146514, 2.385184198118370347, -27.83726992770484898 ) ) ;
#1019 = CARTESIAN_POINT ( 'NONE',  ( 3.525981456882722576, 2.247166238208849087, -27.28768015526368984 ) ) ;
#1020 = CARTESIAN_POINT ( 'NONE',  ( -0.8904149055366173959, 2.007749215046485958, -26.91141888413406136 ) ) ;
#1021 = ORIENTED_EDGE ( 'NONE', *, *, #2452, .T. ) ;
#1022 = CARTESIAN_POINT ( 'NONE',  ( -3.328407544824479203, 2.559987113457929730, -27.66219097856812681 ) ) ;
#1023 = ADVANCED_FACE ( 'NONE', ( #2755, #3419 ), #3376, .F. ) ;
#1024 = CARTESIAN_POINT ( 'NONE',  ( 3.492058044034365150, 2.657380315273831783, -27.83726992770484898 ) ) ;
#1025 = EDGE_CURVE ( 'NONE', #341, #2699, #3231, .T. ) ;
#1026 = CARTESIAN_POINT ( 'NONE',  ( 0.05917560126886804717, 2.082342481728415517, -27.09804751484842811 ) ) ;
#1027 = CARTESIAN_POINT ( 'NONE',  ( -3.287958337423248167, 2.070271023522818332, -26.93405855973047380 ) ) ;
#1028 = CARTESIAN_POINT ( 'NONE',  ( 2.450664905938083393, 2.604670750498075282, -27.83726992770484543 ) ) ;
#1029 = CIRCLE ( 'NONE', #3098, 0.09842519685039161081 ) ;
#1030 = AXIS2_PLACEMENT_3D ( 'NONE', #2551, #3506, #609 ) ;
#1031 = CARTESIAN_POINT ( 'NONE',  ( 2.762968264769913862, 1.896271023522930310, -23.52243052234773302 ) ) ;
#1032 = VECTOR ( 'NONE', #3908, 39.37007874015748143 ) ;
#1033 = CARTESIAN_POINT ( 'NONE',  ( 1.543253375352461543, 2.252174033525097041, -27.46834928107903551 ) ) ;
#1034 = ORIENTED_EDGE ( 'NONE', *, *, #2452, .F. ) ;
#1035 = CARTESIAN_POINT ( 'NONE',  ( 2.893498575302782871, 2.705919100044720249, -27.84811110661068767 ) ) ;
#1036 = CARTESIAN_POINT ( 'NONE',  ( 3.703811986540562540, 2.423650825439682244, -27.73918857071720723 ) ) ;
#1037 = CARTESIAN_POINT ( 'NONE',  ( -1.696163913392624512, 2.414243595527345576, -27.83726992770485253 ) ) ;
#1038 = CARTESIAN_POINT ( 'NONE',  ( 0.07949777414538233833, 1.966934225413054627, -26.73050798782740145 ) ) ;
#1039 = VECTOR ( 'NONE', #4178, 39.37007874015748143 ) ;
#1040 = CARTESIAN_POINT ( 'NONE',  ( 3.264296347935701004, 1.959149212656215555, -26.71797698997332660 ) ) ;
#1041 = CARTESIAN_POINT ( 'NONE',  ( 0.04049777414538233145, 1.966934225413054627, -26.73050798782740500 ) ) ;
#1042 = CARTESIAN_POINT ( 'NONE',  ( -3.422995702170482879, 2.681840800168458827, -27.83726992770484898 ) ) ;
#1043 = CARTESIAN_POINT ( 'NONE',  ( -0.6150099066489882471, 2.261881034027205306, -27.65727356423161254 ) ) ;
#1044 = EDGE_LOOP ( 'NONE', ( #469, #3115 ) ) ;
#1045 = ORIENTED_EDGE ( 'NONE', *, *, #4007, .T. ) ;
#1046 = CARTESIAN_POINT ( 'NONE',  ( -3.213996731549003005, 2.319073112237321599, -27.28927545535714927 ) ) ;
#1047 = CARTESIAN_POINT ( 'NONE',  ( 3.438664204499279009, 2.679355821634219481, -27.83726992770485253 ) ) ;
#1048 = CARTESIAN_POINT ( 'NONE',  ( 0.1407880475811487120, 2.284906756379541992, -27.65758848243988766 ) ) ;
#1049 = EDGE_CURVE ( 'NONE', #3998, #2033, #3842, .T. ) ;
#1050 = CARTESIAN_POINT ( 'NONE',  ( 3.105792151322749550, 2.330145579997593863, -27.28913682230189508 ) ) ;
#1051 = CARTESIAN_POINT ( 'NONE',  ( 1.307670729227665918, 1.896271023522930310, -26.73050798782740500 ) ) ;
#1052 = CARTESIAN_POINT ( 'NONE',  ( 2.521286486214908695, 2.627361466077597463, -27.83726992770485253 ) ) ;
#1053 = DIRECTION ( 'NONE',  ( 0.000000000000000000, 0.9999984778135494468, 0.001744812478206600936 ) ) ;
#1054 = CARTESIAN_POINT ( 'NONE',  ( -2.641805074910591689, 1.984433510862350314, -23.52581582086456535 ) ) ;
#1055 = CARTESIAN_POINT ( 'NONE',  ( 1.691997774145382438, 1.966934225413054627, -26.73050798782741211 ) ) ;
#1056 = ORIENTED_EDGE ( 'NONE', *, *, #2257, .T. ) ;
#1057 = CARTESIAN_POINT ( 'NONE',  ( 2.839234549721656009, 2.200945065322320815, -27.10240637362101168 ) ) ;
#1058 = CARTESIAN_POINT ( 'NONE',  ( 3.714997687216938349, 2.425344428038381572, -27.75882924490257864 ) ) ;
#1059 = CARTESIAN_POINT ( 'NONE',  ( -2.063581245691338939, 2.325094780074597800, -27.46834928107902840 ) ) ;
#1060 =( BOUNDED_CURVE ( )  B_SPLINE_CURVE ( 3, ( #4003, #1714, #2383, #3681 ),
 .UNSPECIFIED., .F., .F. ) 
 B_SPLINE_CURVE_WITH_KNOTS ( ( 4, 4 ),
 ( 3.927302882490985692, 5.445782605872176774 ),
 .UNSPECIFIED. ) 
 CURVE ( )  GEOMETRIC_REPRESENTATION_ITEM ( )  RATIONAL_B_SPLINE_CURVE ( ( 1.000000000000000000, 0.8169063179094966376, 0.8169063179094966376, 1.000000000000000000 ) ) 
 REPRESENTATION_ITEM ( '' )  );
#1061 = CARTESIAN_POINT ( 'NONE',  ( -3.725702885849406343, 2.432628167763382532, -27.75300297107302683 ) ) ;
#1062 = DIRECTION ( 'NONE',  ( 1.000000000000000000, 0.000000000000000000, 0.000000000000000000 ) ) ;
#1063 = CARTESIAN_POINT ( 'NONE',  ( -3.572153286643494408, 2.611442180256042356, -27.83726992770485253 ) ) ;
#1064 = CARTESIAN_POINT ( 'NONE',  ( -2.569769968022913798, 2.046934225413054698, -23.58831582086456891 ) ) ;
#1065 = EDGE_LOOP ( 'NONE', ( #1561, #941, #3413, #1461 ) ) ;
#1066 = LINE ( 'NONE', #3389, #1652 ) ;
#1067 = CARTESIAN_POINT ( 'NONE',  ( -3.172061849510805942, 2.455347583476509055, -27.47586461115957945 ) ) ;
#1068 = CARTESIAN_POINT ( 'NONE',  ( -3.593512301064602621, 1.961863465591591194, -26.71820525699473592 ) ) ;
#1069 = CARTESIAN_POINT ( 'NONE',  ( 0.02024569335520508620, 2.293679061521513685, -27.65773100268657814 ) ) ;
#1070 = CARTESIAN_POINT ( 'NONE',  ( 3.257189922463780807, 2.578148602016371971, -27.66226077022187013 ) ) ;
#1071 = LINE ( 'NONE', #2672, #3033 ) ;
#1072 = CARTESIAN_POINT ( 'NONE',  ( 2.541199846439321064, 2.633645674121751323, -27.83726992770483832 ) ) ;
#1073 = DIRECTION ( 'NONE',  ( 0.000000000000000000, 0.000000000000000000, -1.000000000000000000 ) ) ;
#1074 = DIRECTION ( 'NONE',  ( 0.000000000000000000, -1.000000000000000000, 0.000000000000000000 ) ) ;
#1075 = CARTESIAN_POINT ( 'NONE',  ( 2.729704712028261149, 2.069177239389829115, -26.91574817536297815 ) ) ;
#1076 = FACE_OUTER_BOUND ( 'NONE', #1831, .T. ) ;
#1077 = CARTESIAN_POINT ( 'NONE',  ( 2.065219107483759586, 2.465702048079116526, -27.83726992770485253 ) ) ;
#1078 = EDGE_CURVE ( 'NONE', #1155, #940, #1096, .T. ) ;
#1079 = EDGE_CURVE ( 'NONE', #2293, #2495, #2339, .T. ) ;
#1080 = CARTESIAN_POINT ( 'NONE',  ( -1.286348970354841859, 2.085620096359341424, -27.05645503214892500 ) ) ;
#1081 = CARTESIAN_POINT ( 'NONE',  ( 3.378594802387323348, 1.964575847265568331, -26.72633098854271338 ) ) ;
#1082 = CARTESIAN_POINT ( 'NONE',  ( -3.595502225854618317, 1.984629061719719534, -23.63789122274700105 ) ) ;
#1083 =( BOUNDED_CURVE ( )  B_SPLINE_CURVE ( 3, ( #398, #3930, #2995, #72 ),
 .UNSPECIFIED., .F., .T. ) 
 B_SPLINE_CURVE_WITH_KNOTS ( ( 4, 4 ),
 ( 0.000000000000000000, 3.141592653589793116 ),
 .UNSPECIFIED. ) 
 CURVE ( )  GEOMETRIC_REPRESENTATION_ITEM ( )  RATIONAL_B_SPLINE_CURVE ( ( 1.000000000000000000, 0.3333333333333333703, 0.3333333333333333703, 1.000000000000000000 ) ) 
 REPRESENTATION_ITEM ( '' )  );
#1084 = CARTESIAN_POINT ( 'NONE',  ( -3.443207094419583392, 2.674139616589276791, -27.83726992770484898 ) ) ;
#1085 = CARTESIAN_POINT ( 'NONE',  ( -0.01149424540912999393, 2.083687735139511332, -27.09843449510985991 ) ) ;
#1086 = CARTESIAN_POINT ( 'NONE',  ( 0.004497774145382300338, 2.048817755676274999, -26.94780601737508263 ) ) ;
#1087 = ORIENTED_EDGE ( 'NONE', *, *, #33, .F. ) ;
#1088 = LINE ( 'NONE', #2056, #2414 ) ;
#1089 = CARTESIAN_POINT ( 'NONE',  ( -2.283161881791504033, 2.252158615188825319, -27.28712504969618280 ) ) ;
#1090 = CARTESIAN_POINT ( 'NONE',  ( -3.714845540806861912, 2.271046867990079932, -27.46834928107903551 ) ) ;
#1091 = CARTESIAN_POINT ( 'NONE',  ( 1.591590152268397951, 2.297570876097545955, -27.65762923512397720 ) ) ;
#1092 = ORIENTED_EDGE ( 'NONE', *, *, #84, .T. ) ;
#1093 = CARTESIAN_POINT ( 'NONE',  ( -3.286862954641181389, 2.070271023522930243, -26.93391888649903620 ) ) ;
#1094 = CARTESIAN_POINT ( 'NONE',  ( 2.391037271307336010, 2.585333464778793111, -27.83726992770484543 ) ) ;
#1095 = DIRECTION ( 'NONE',  ( 0.000000000000000000, -1.000000000000000000, 0.000000000000000000 ) ) ;
#1096 = LINE ( 'NONE', #3331, #3916 ) ;
#1097 = VECTOR ( 'NONE', #2592, 39.37007874015748143 ) ;
#1098 = VERTEX_POINT ( 'NONE', #392 ) ;
#1099 = AXIS2_PLACEMENT_3D ( 'NONE', #2111, #4031, #3382 ) ;
#1100 = CARTESIAN_POINT ( 'NONE',  ( 2.740802894120368816, 2.070271023522930687, -25.05207063902089004 ) ) ;
#1101 = DIRECTION ( 'NONE',  ( 1.000000000000000000, 0.000000000000000000, 0.000000000000000000 ) ) ;
#1102 = CARTESIAN_POINT ( 'NONE',  ( -1.570502225854617739, 1.966934225413054627, -26.73050798782740500 ) ) ;
#1103 = DIRECTION ( 'NONE',  ( 0.000000000000000000, -5.059390552176238870E-17, 1.000000000000000000 ) ) ;
#1104 = VECTOR ( 'NONE', #3468, 39.37007874015748143 ) ;
#1105 = VECTOR ( 'NONE', #885, 39.37007874015748143 ) ;
#1106 = CARTESIAN_POINT ( 'NONE',  ( 3.664169431621508544, 2.118990546701567279, -27.09942863445322558 ) ) ;
#1107 = ADVANCED_FACE ( 'NONE', ( #112 ), #477, .T. ) ;
#1108 = CARTESIAN_POINT ( 'NONE',  ( 0.004497774145382328961, 1.963843566822932818, -26.72230616727229702 ) ) ;
#1109 = CARTESIAN_POINT ( 'NONE',  ( -3.402736098340406468, 2.689131068048311146, -27.83726992770485253 ) ) ;
#1110 = AXIS2_PLACEMENT_3D ( 'NONE', #4049, #3732, #1420 ) ;
#1111 = CARTESIAN_POINT ( 'NONE',  ( -3.595502225854618317, 1.984427604142264379, -23.52243052234773302 ) ) ;
#1112 = CARTESIAN_POINT ( 'NONE',  ( 1.327670729227666158, 2.253098159158001934, -27.57657028849040515 ) ) ;
#1113 = VERTEX_POINT ( 'NONE', #1781 ) ;
#1114 = VECTOR ( 'NONE', #3524, 39.37007874015748143 ) ;
#1115 = LINE ( 'NONE', #1197, #1720 ) ;
#1116 = CARTESIAN_POINT ( 'NONE',  ( -2.786298697724466145, 2.324020181523016149, -27.28895457658158108 ) ) ;
#1117 = CARTESIAN_POINT ( 'NONE',  ( -2.976752225854617961, 1.966934225413054627, -26.73050798782740500 ) ) ;
#1118 = CARTESIAN_POINT ( 'NONE',  ( 0.4352864315485401314, 1.943687340444910649, -26.72454269827501605 ) ) ;
#1119 = ORIENTED_EDGE ( 'NONE', *, *, #2398, .F. ) ;
#1120 = CARTESIAN_POINT ( 'NONE',  ( 2.505976465822947308, 1.966934225413054627, -26.13363060580356745 ) ) ;
#1121 = FACE_OUTER_BOUND ( 'NONE', #3211, .T. ) ;
#1122 = CARTESIAN_POINT ( 'NONE',  ( -3.774517198282988595, 2.423103189278592584, -27.83726992770484898 ) ) ;
#1123 = ORIENTED_EDGE ( 'NONE', *, *, #3981, .F. ) ;
#1124 = CARTESIAN_POINT ( 'NONE',  ( 2.684665788806828157, 2.070271023522930243, -24.30177871424679736 ) ) ;
#1125 = CARTESIAN_POINT ( 'NONE',  ( -1.793966800111039150, 1.961456374551496351, -26.71820525699473592 ) ) ;
#1126 = DIRECTION ( 'NONE',  ( -0.000000000000000000, 1.000000000000000000, -0.000000000000000000 ) ) ;
#1127 = CARTESIAN_POINT ( 'NONE',  ( 3.376788858871205168, 1.959859090970595741, -26.71797698997332660 ) ) ;
#1128 = EDGE_LOOP ( 'NONE', ( #1541, #479, #3698, #2356 ) ) ;
#1129 = EDGE_LOOP ( 'NONE', ( #3638, #2838, #1273, #2689, #2866, #1877, #1056, #1632, #1872, #1179 ) ) ;
#1130 = FACE_OUTER_BOUND ( 'NONE', #3719, .T. ) ;
#1131 = B_SPLINE_CURVE_WITH_KNOTS ( 'NONE', 3,
 ( #97, #418, #2372, #3444, #440, #139, #3128, #1807, #3689, #3357, #2721, #2071, #2779, #3738, #1061, #1386, #483, #4058 ),
 .UNSPECIFIED., .F., .F.,
 ( 4, 2, 2, 2, 2, 2, 2, 2, 4 ),
 ( 0.000000000000000000, 0.007430932486195205959, 0.01486186497239041192, 0.01857733121548801533, 0.02229279745858561701, 0.02415053058013442305, 0.02600826370168322563, 0.02786599682323203167, 0.02972372994478083771 ),
 .UNSPECIFIED. ) ;
#1132 = CARTESIAN_POINT ( 'NONE',  ( -3.280043982374229561, 2.722258067834736117, -27.83726992770484898 ) ) ;
#1133 = CARTESIAN_POINT ( 'NONE',  ( -0.01118735264596500655, 2.363724669804114331, -27.84426849661727132 ) ) ;
#1134 = CARTESIAN_POINT ( 'NONE',  ( -1.305341838083219796, 2.064912815316190198, -27.05645503214890368 ) ) ;
#1135 = EDGE_CURVE ( 'NONE', #815, #3502, #1841, .T. ) ;
#1136 = ORIENTED_EDGE ( 'NONE', *, *, #3597, .F. ) ;
#1137 = CARTESIAN_POINT ( 'NONE',  ( -2.819049086475517107, 2.451305980423888808, -27.47534535009181411 ) ) ;
#1138 = CARTESIAN_POINT ( 'NONE',  ( -2.920502225854617606, 1.966934225413054627, -26.73050798782740500 ) ) ;
#1139 = CARTESIAN_POINT ( 'NONE',  ( 0.3643605980657688703, 2.009111586614971579, -26.91115026679529620 ) ) ;
#1140 = EDGE_CURVE ( 'NONE', #386, #3069, #780, .T. ) ;
#1141 = EDGE_CURVE ( 'NONE', #3004, #837, #3854, .T. ) ;
#1142 = ORIENTED_EDGE ( 'NONE', *, *, #1920, .T. ) ;
#1143 = CARTESIAN_POINT ( 'NONE',  ( -2.569769968022913798, 2.046934225413054698, -26.23205580265396009 ) ) ;
#1144 = CARTESIAN_POINT ( 'NONE',  ( 2.727486009659243926, 2.687575153790767502, -27.83726992770484543 ) ) ;
#1145 = CARTESIAN_POINT ( 'NONE',  ( -1.795502225854617606, 1.966934225413054627, -26.73050798782740500 ) ) ;
#1146 = CARTESIAN_POINT ( 'NONE',  ( 3.783512746573753027, 1.998937690189596106, -27.83726992770484898 ) ) ;
#1147 = EDGE_LOOP ( 'NONE', ( #459, #1648, #3304, #1236, #736, #1689, #216, #2856, #490 ) ) ;
#1148 = CARTESIAN_POINT ( 'NONE',  ( 2.578011572710625199, 1.984433510862350314, -23.52581582086456535 ) ) ;
#1149 = CARTESIAN_POINT ( 'NONE',  ( -2.731041764798065596, 1.984494724438029545, -23.56089895057934669 ) ) ;
#1150 = DIRECTION ( 'NONE',  ( 1.000000000000000000, 0.000000000000000000, 0.000000000000000000 ) ) ;
#1151 = ORIENTED_EDGE ( 'NONE', *, *, #3234, .T. ) ;
#1152 = CARTESIAN_POINT ( 'NONE',  ( -2.753972716479149874, 1.896271023522930310, -23.52243052234773302 ) ) ;
#1153 = CARTESIAN_POINT ( 'NONE',  ( -2.522978032085620104, 2.630740983830198054, -27.83726992770485253 ) ) ;
#1154 = FACE_OUTER_BOUND ( 'NONE', #512, .T. ) ;
#1155 = VERTEX_POINT ( 'NONE', #132 ) ;
#1156 = ORIENTED_EDGE ( 'NONE', *, *, #1558, .F. ) ;
#1157 = CARTESIAN_POINT ( 'NONE',  ( 3.262024073100812327, 2.312682155411785345, -27.28893317002778929 ) ) ;
#1158 = CARTESIAN_POINT ( 'NONE',  ( -2.160166276119494189, 1.942837800990447894, -26.72800964615946739 ) ) ;
#1159 = CARTESIAN_POINT ( 'NONE',  ( -3.609759173226247952, 2.591823670073649222, -27.83726992770484898 ) ) ;
#1160 = CARTESIAN_POINT ( 'NONE',  ( 0.9230367553627525368, 2.135376243520322515, -27.28408828212022286 ) ) ;
#1161 = EDGE_LOOP ( 'NONE', ( #1593, #3837 ) ) ;
#1162 = EDGE_CURVE ( 'NONE', #837, #3486, #1442, .T. ) ;
#1163 = ADVANCED_FACE ( 'NONE', ( #799 ), #66, .F. ) ;
#1164 = CARTESIAN_POINT ( 'NONE',  ( 3.295858504717181781, 2.070271023522929354, -26.93391889064928435 ) ) ;
#1165 = CARTESIAN_POINT ( 'NONE',  ( -0.2205022258546176783, 1.966934225413054627, -26.73050798782740500 ) ) ;
#1166 = CARTESIAN_POINT ( 'NONE',  ( 2.762968264769913862, 2.050271023522930225, -23.52243052234773302 ) ) ;
#1167 = VERTEX_POINT ( 'NONE', #3665 ) ;
#1168 = CARTESIAN_POINT ( 'NONE',  ( 3.062932813687591072, 2.462972160770645846, -27.47566851054169135 ) ) ;
#1169 = CARTESIAN_POINT ( 'NONE',  ( 2.544036018213844397, 1.984629061719719534, -23.63789122274700105 ) ) ;
#1170 = LINE ( 'NONE', #1916, #2066 ) ;
#1171 = CARTESIAN_POINT ( 'NONE',  ( -0.007491990053007555397, 1.962198708838442496, -26.71797698997332660 ) ) ;
#1172 = VERTEX_POINT ( 'NONE', #91 ) ;
#1173 = DIRECTION ( 'NONE',  ( 0.000000000000000000, 0.000000000000000000, 1.000000000000000000 ) ) ;
#1174 = CARTESIAN_POINT ( 'NONE',  ( -3.003634892312553539, 2.737311371738965882, -27.83726992770484543 ) ) ;
#1175 = DIRECTION ( 'NONE',  ( 0.000000000000000000, -0.001744812478206600936, 0.9999984778135494468 ) ) ;
#1176 = CIRCLE ( 'NONE', #3840, 0.06250000000000295597 ) ;
#1177 = ORIENTED_EDGE ( 'NONE', *, *, #1735, .T. ) ;
#1178 = B_SPLINE_CURVE_WITH_KNOTS ( 'NONE', 3,
 ( #3759, #1766, #2048, #3717 ),
 .UNSPECIFIED., .F., .F.,
 ( 4, 4 ),
 ( 0.000000000000000000, 0.004239872413484000943 ),
 .UNSPECIFIED. ) ;
#1179 = ORIENTED_EDGE ( 'NONE', *, *, #3574, .F. ) ;
#1180 = CARTESIAN_POINT ( 'NONE',  ( 1.896614451416181790, 1.961086542458984283, -26.71797698997332660 ) ) ;
#1181 = AXIS2_PLACEMENT_3D ( 'NONE', #501, #601, #1911 ) ;
#1182 = CARTESIAN_POINT ( 'NONE',  ( -2.122466931882105889, 1.942890704775052324, -26.72785425167720064 ) ) ;
#1183 = CARTESIAN_POINT ( 'NONE',  ( -3.163577223685846818, 2.216593523418807443, -27.09942863445321493 ) ) ;
#1184 = CARTESIAN_POINT ( 'NONE',  ( 0.2139595186964087237, 2.078080554013250314, -27.09785962773804613 ) ) ;
#1185 = CIRCLE ( 'NONE', #2633, 0.09842519685039161081 ) ;
#1186 = ORIENTED_EDGE ( 'NONE', *, *, #3391, .T. ) ;
#1187 = DIRECTION ( 'NONE',  ( 0.000000000000000000, -1.000000000000000000, 0.000000000000000000 ) ) ;
#1188 = CARTESIAN_POINT ( 'NONE',  ( -3.774517198282988595, 1.896271023522930310, -27.83726992770484898 ) ) ;
#1189 = CARTESIAN_POINT ( 'NONE',  ( -2.654798192179566474, 1.946934225413054831, -23.63789122274700105 ) ) ;
#1190 = ADVANCED_FACE ( 'NONE', ( #2716 ), #4006, .F. ) ;
#1191 = EDGE_LOOP ( 'NONE', ( #3038, #103 ) ) ;
#1192 = DIRECTION ( 'NONE',  ( 0.000000000000000000, -0.001744812478206600936, 0.9999984778135494468 ) ) ;
#1193 = CARTESIAN_POINT ( 'NONE',  ( -1.233002225854617828, 1.966934225413054627, -26.73050798782740500 ) ) ;
#1194 = DIRECTION ( 'NONE',  ( -1.000000000000000000, 0.000000000000000000, 0.000000000000000000 ) ) ;
#1195 = DIRECTION ( 'NONE',  ( -1.000000000000000000, 7.588466649067399370E-18, -1.214154663850783899E-16 ) ) ;
#1196 = CARTESIAN_POINT ( 'NONE',  ( -3.740161540107075577, 2.423460931542738006, -27.81808517302887296 ) ) ;
#1197 = CARTESIAN_POINT ( 'NONE',  ( 2.505976465822947308, 2.046934225413054698, -26.29455580265396364 ) ) ;
#1198 = CARTESIAN_POINT ( 'NONE',  ( -2.987134502114254353, 2.735999687946813808, -27.83726992770483832 ) ) ;
#1199 = DIRECTION ( 'NONE',  ( 0.000000000000000000, -1.000000000000000000, 0.000000000000000000 ) ) ;
#1200 = DIRECTION ( 'NONE',  ( 0.000000000000000000, -0.000000000000000000, -1.000000000000000000 ) ) ;
#1201 = CARTESIAN_POINT ( 'NONE',  ( 2.080318086130515720, 2.151511997039063928, -27.09942863445322558 ) ) ;
#1202 = CARTESIAN_POINT ( 'NONE',  ( -1.959629681321928496, 2.032141697342582543, -26.91348116194905771 ) ) ;
#1203 = CARTESIAN_POINT ( 'NONE',  ( -2.351590548534602476, 2.575447126916170504, -27.83726992770484898 ) ) ;
#1204 = CARTESIAN_POINT ( 'NONE',  ( 1.966529693976622584, 2.285888227468068745, -27.47212417153339103 ) ) ;
#1205 = EDGE_LOOP ( 'NONE', ( #3275, #3109, #1601, #4061 ) ) ;
#1206 = CARTESIAN_POINT ( 'NONE',  ( -3.478735696105440756, 2.039821550794481020, -26.91448562755291718 ) ) ;
#1207 = CARTESIAN_POINT ( 'NONE',  ( 2.674985364176433844, 2.673559873209123250, -27.83726992770484543 ) ) ;
#1208 = CYLINDRICAL_SURFACE ( 'NONE', #2192, 0.06250000000000295597 ) ;
#1209 = EDGE_LOOP ( 'NONE', ( #1811, #3047, #3928 ) ) ;
#1210 = CARTESIAN_POINT ( 'NONE',  ( 3.413648323865566603, 2.209032891063348103, -27.13962313828925943 ) ) ;
#1211 = CARTESIAN_POINT ( 'NONE',  ( 3.560574386181022621, 2.596669156238668563, -27.83726992770483832 ) ) ;
#1212 = CARTESIAN_POINT ( 'NONE',  ( -1.380837447035897281, 2.104444811793198422, -27.09942863445322558 ) ) ;
#1213 = DIRECTION ( 'NONE',  ( 0.000000000000000000, 0.000000000000000000, 1.000000000000000000 ) ) ;
#1214 = CARTESIAN_POINT ( 'NONE',  ( 0.08514806022900169025, 2.376532159533937261, -27.83726992770484898 ) ) ;
#1215 = ORIENTED_EDGE ( 'NONE', *, *, #3730, .T. ) ;
#1216 = LINE ( 'NONE', #1832, #2486 ) ;
#1217 = DIRECTION ( 'NONE',  ( 0.000000000000000000, -1.000000000000000000, 0.000000000000000000 ) ) ;
#1218 = ADVANCED_FACE ( 'NONE', ( #1613 ), #144, .F. ) ;
#1219 = CARTESIAN_POINT ( 'NONE',  ( -2.581908777935972843, 2.649015809359382079, -27.83726992770484898 ) ) ;
#1220 = ADVANCED_FACE ( 'NONE', ( #917 ), #840, .T. ) ;
#1221 = CARTESIAN_POINT ( 'NONE',  ( -2.569769968022913798, 1.966934225413054627, -23.58831582086456891 ) ) ;
#1222 = CARTESIAN_POINT ( 'NONE',  ( -2.639388807627843114, 2.046934225413052477, -23.65789122274700063 ) ) ;
#1223 = CARTESIAN_POINT ( 'NONE',  ( 1.897703333235650325, 1.964984997761697993, -26.72633098854271338 ) ) ;
#1224 = CARTESIAN_POINT ( 'NONE',  ( 3.301522367271427782, 2.179791860091902844, -27.10210474158975202 ) ) ;
#1225 = CARTESIAN_POINT ( 'NONE',  ( -2.112085315492012949, 2.039640417106268977, -26.91405695920533603 ) ) ;
#1226 = CARTESIAN_POINT ( 'NONE',  ( -2.376752225854618317, 1.966934225413054627, -26.73050798782740500 ) ) ;
#1227 = CARTESIAN_POINT ( 'NONE',  ( 2.109812167279818240, 2.132257984480877777, -27.09990910869286651 ) ) ;
#1228 = ORIENTED_EDGE ( 'NONE', *, *, #3242, .F. ) ;
#1229 = CARTESIAN_POINT ( 'NONE',  ( -3.551669829997440075, 2.234541643220043117, -27.28763185528972102 ) ) ;
#1231 =( BOUNDED_CURVE ( )  B_SPLINE_CURVE ( 3, ( #2719, #1406, #1348, #3965 ),
 .UNSPECIFIED., .F., .T. ) 
 B_SPLINE_CURVE_WITH_KNOTS ( ( 4, 4 ),
 ( 4.184528627083700769, 5.445782605872176774 ),
 .UNSPECIFIED. ) 
 CURVE ( )  GEOMETRIC_REPRESENTATION_ITEM ( )  RATIONAL_B_SPLINE_CURVE ( ( 1.000000000000000000, 0.8717719746648722179, 0.8717719746648722179, 1.000000000000000000 ) ) 
 REPRESENTATION_ITEM ( '' )  );
#1230 = CARTESIAN_POINT ( 'NONE',  ( 2.773554918717417994, 2.698883829325875006, -27.83726992770484898 ) ) ;
#1232 = CARTESIAN_POINT ( 'NONE',  ( -2.500151128417984481, 2.004663988466177660, -23.65789122274700063 ) ) ;
#1233 = CARTESIAN_POINT ( 'NONE',  ( 3.491604945307710484, 2.290257280724528943, -27.29925638484327521 ) ) ;
#1234 = CARTESIAN_POINT ( 'NONE',  ( -0.8642513976908160478, 2.051733473523975171, -27.05645503214890368 ) ) ;
#1235 = DIRECTION ( 'NONE',  ( -7.588466649067393207E-18, -1.000000000000000000, -5.059390552176238870E-17 ) ) ;
#1236 = ORIENTED_EDGE ( 'NONE', *, *, #3670, .T. ) ;
#1237 = FACE_OUTER_BOUND ( 'NONE', #2002, .T. ) ;
#1238 = CARTESIAN_POINT ( 'NONE',  ( -2.589632604877475153, 2.651351943820706936, -27.83726992770484898 ) ) ;
#1239 = CARTESIAN_POINT ( 'NONE',  ( -2.484741743866261121, 1.984629061719719534, -23.63789122274700105 ) ) ;
#1240 = FACE_OUTER_BOUND ( 'NONE', #3450, .T. ) ;
#1241 = ADVANCED_FACE ( 'NONE', ( #302, #199, #2126 ), #961, .T. ) ;
#1242 = CARTESIAN_POINT ( 'NONE',  ( 2.027771578481752268, 1.960664737160469961, -26.71797698997332660 ) ) ;
#1243 = AXIS2_PLACEMENT_3D ( 'NONE', #3351, #3375, #336 ) ;
#1244 = CIRCLE ( 'NONE', #1929, 0.09842519685039161081 ) ;
#1245 = CARTESIAN_POINT ( 'NONE',  ( -2.166636330891233531, 2.233218088994272765, -27.28668966490651826 ) ) ;
#1246 = CARTESIAN_POINT ( 'NONE',  ( -2.789252225854617961, 1.966934225413054627, -26.73050798782740500 ) ) ;
#1247 = CARTESIAN_POINT ( 'NONE',  ( 1.941797629929790991, 2.200138737532006949, -27.28568709965417227 ) ) ;
#1248 = ORIENTED_EDGE ( 'NONE', *, *, #640, .T. ) ;
#1249 = AXIS2_PLACEMENT_3D ( 'NONE', #1876, #2193, #905 ) ;
#1250 = AXIS2_PLACEMENT_3D ( 'NONE', #2230, #3540, #277 ) ;
#1251 = CARTESIAN_POINT ( 'NONE',  ( -3.442251579328711841, 1.942928030461637645, -26.72767199443632791 ) ) ;
#1252 = CARTESIAN_POINT ( 'NONE',  ( -3.598003167751324671, 2.568152691140305421, -27.83726992770484543 ) ) ;
#1253 = AXIS2_PLACEMENT_3D ( 'NONE', #3529, #1624, #593 ) ;
#1254 = CARTESIAN_POINT ( 'NONE',  ( 2.432855697129053585, 2.004427634586039897, -23.52243052234773302 ) ) ;
#1255 = CARTESIAN_POINT ( 'NONE',  ( 2.239748934630215071, 2.537716760087099566, -27.83726992770484898 ) ) ;
#1256 = CARTESIAN_POINT ( 'NONE',  ( 2.505976465822947308, 2.046934225413054698, -23.58831582086456891 ) ) ;
#1257 = CARTESIAN_POINT ( 'NONE',  ( -0.007502225854617672156, 1.966934225413054627, -26.73050798782740500 ) ) ;
#1258 = ORIENTED_EDGE ( 'NONE', *, *, #2667, .F. ) ;
#1259 = CARTESIAN_POINT ( 'NONE',  ( -3.655534443945556600, 1.896271023522930310, -27.67491001080543711 ) ) ;
#1260 = CARTESIAN_POINT ( 'NONE',  ( -2.412326281452970456, 2.595153878940535286, -27.83726992770484898 ) ) ;
#1261 = CARTESIAN_POINT ( 'NONE',  ( -3.595502225854618317, 1.984427665029768972, -23.52246541859729589 ) ) ;
#1262 = DIRECTION ( 'NONE',  ( 0.000000000000000000, 0.000000000000000000, -1.000000000000000000 ) ) ;
#1263 = CARTESIAN_POINT ( 'NONE',  ( 2.022912283286803614, 2.146014502585767314, -27.09942863445321493 ) ) ;
#1264 = CARTESIAN_POINT ( 'NONE',  ( -0.8955022258546176950, 1.966934225413054627, -26.73050798782740500 ) ) ;
#1265 = CARTESIAN_POINT ( 'NONE',  ( 3.725998443823193007, 2.473051374005621028, -27.84553248119377855 ) ) ;
#1266 = B_SPLINE_CURVE_WITH_KNOTS ( 'NONE', 3,
 ( #2871, #232, #576, #3133, #3790, #1545, #887, #3871, #2802, #2849 ),
 .UNSPECIFIED., .F., .F.,
 ( 4, 2, 2, 2, 4 ),
 ( 0.000000000000000000, 0.02009911218468788188, 0.03014866827703182803, 0.04019822436937576376, 0.08039644873875151365 ),
 .UNSPECIFIED. ) ;
#1267 = CARTESIAN_POINT ( 'NONE',  ( -2.115186019112718530, 2.314470488205460530, -27.47275143464632663 ) ) ;
#1268 = CARTESIAN_POINT ( 'NONE',  ( -2.300672077279649841, 2.176198155971299730, -27.09942863445322558 ) ) ;
#1269 = EDGE_CURVE ( 'NONE', #865, #3601, #3704, .T. ) ;
#1270 = CARTESIAN_POINT ( 'NONE',  ( 2.163526277785910779, 2.321937954255250958, -27.47270630665793334 ) ) ;
#1271 = CARTESIAN_POINT ( 'NONE',  ( -3.595502225854618317, 1.966934225413054627, -23.65789122274700063 ) ) ;
#1272 = ORIENTED_EDGE ( 'NONE', *, *, #325, .T. ) ;
#1273 = ORIENTED_EDGE ( 'NONE', *, *, #3545, .T. ) ;
#1274 = CARTESIAN_POINT ( 'NONE',  ( -3.480084414992313580, 1.943052273038339273, -26.72730683745027136 ) ) ;
#1275 = EDGE_CURVE ( 'NONE', #2107, #2449, #2767, .T. ) ;
#1276 = CARTESIAN_POINT ( 'NONE',  ( 2.966011679572943649, 2.732983007432245870, -27.83726992770484543 ) ) ;
#1277 = ADVANCED_FACE ( 'NONE', ( #3222 ), #1510, .T. ) ;
#1278 = CARTESIAN_POINT ( 'NONE',  ( -3.304548554061617516, 2.693408822449403495, -27.83726992770485964 ) ) ;
#1279 = CYLINDRICAL_SURFACE ( 'NONE', #2562, 0.09842519685039161081 ) ;
#1280 = CARTESIAN_POINT ( 'NONE',  ( 1.374849828438229782, 2.370747670554788300, -27.83726992770485253 ) ) ;
#1281 = LINE ( 'NONE', #970, #492 ) ;
#1282 = CARTESIAN_POINT ( 'NONE',  ( 0.7148311110575603644, 2.217645054075734645, -27.46834928107902840 ) ) ;
#1283 = ORIENTED_EDGE ( 'NONE', *, *, #217, .F. ) ;
#1284 = PLANE ( 'NONE',  #1790 ) ;
#1285 = CARTESIAN_POINT ( 'NONE',  ( -2.293273353028988382, 2.556942487644526363, -27.83726992770485609 ) ) ;
#1286 = DIRECTION ( 'NONE',  ( 1.000000000000000000, 0.000000000000000000, 0.000000000000000000 ) ) ;
#1287 = FACE_OUTER_BOUND ( 'NONE', #3562, .T. ) ;
#1288 = CARTESIAN_POINT ( 'NONE',  ( 2.984140939694016392, 1.961127589903313373, -26.72215398925802177 ) ) ;
#1289 = CARTESIAN_POINT ( 'NONE',  ( -0.4452430206608862240, 1.964098988286010705, -26.72230616727229702 ) ) ;
#1290 = CARTESIAN_POINT ( 'NONE',  ( 3.595493144140132991, 2.025516446409865612, -26.91296076352731959 ) ) ;
#1291 = CARTESIAN_POINT ( 'NONE',  ( -0.5998275741904407488, 2.134689264076774506, -27.28433859395751071 ) ) ;
#1292 = CARTESIAN_POINT ( 'NONE',  ( 1.863681277562466931, 2.191292440261169538, -27.28547465107750014 ) ) ;
#1293 = DIRECTION ( 'NONE',  ( 0.000000000000000000, 1.000000000000000000, 0.000000000000000000 ) ) ;
#1294 = VERTEX_POINT ( 'NONE', #1189 ) ;
#1295 = CARTESIAN_POINT ( 'NONE',  ( -3.647357390080378625, 2.192158179742818902, -27.28646009952265672 ) ) ;
#1296 = CARTESIAN_POINT ( 'NONE',  ( 2.876429129890004432, 2.720086878703638522, -27.83726992770485253 ) ) ;
#1297 = CARTESIAN_POINT ( 'NONE',  ( -1.745414402155655686, 2.395768909494409904, -27.83726992770485609 ) ) ;
#1298 = EDGE_CURVE ( 'NONE', #4070, #3079, #4215, .T. ) ;
#1299 = ADVANCED_FACE ( 'NONE', ( #1825, #2504, #2272 ), #178, .F. ) ;
#1300 = CARTESIAN_POINT ( 'NONE',  ( 3.102211346468918496, 2.462085489438107011, -27.47570640107980822 ) ) ;
#1301 = LINE ( 'NONE', #4201, #1114 ) ;
#1302 = PLANE ( 'NONE',  #221 ) ;
#1303 = CARTESIAN_POINT ( 'NONE',  ( 0.2466874876050362819, 2.363281827284897219, -27.83726992770483832 ) ) ;
#1304 = ORIENTED_EDGE ( 'NONE', *, *, #4029, .T. ) ;
#1305 = CARTESIAN_POINT ( 'NONE',  ( -1.780458536934909075, 2.428841397182503581, -27.83726992770485253 ) ) ;
#1306 = FACE_OUTER_BOUND ( 'NONE', #4197, .T. ) ;
#1307 = CARTESIAN_POINT ( 'NONE',  ( 2.141997774145382394, 1.966934225413054627, -26.73050798782741211 ) ) ;
#1308 = CARTESIAN_POINT ( 'NONE',  ( 2.796751007644713294, 1.961120311546351802, -26.72215398925802177 ) ) ;
#1309 = CARTESIAN_POINT ( 'NONE',  ( -0.8952390568697027318, 1.965534006409174639, -26.72640707754985456 ) ) ;
#1310 = CARTESIAN_POINT ( 'NONE',  ( 3.601490774215739155, 2.450888199189434680, -27.66069914966817223 ) ) ;
#1311 = CARTESIAN_POINT ( 'NONE',  ( -0.9258766270251713726, 2.199318223322516364, -27.47079746109424292 ) ) ;
#1312 = VERTEX_POINT ( 'NONE', #2899 ) ;
#1313 = VECTOR ( 'NONE', #2198, 39.37007874015748143 ) ;
#1314 = CARTESIAN_POINT ( 'NONE',  ( -3.025337794473181852, 2.071538273623900306, -26.91638599098927287 ) ) ;
#1315 = CARTESIAN_POINT ( 'NONE',  ( 3.015877030553997695, 2.737548850026225722, -27.83726992770484543 ) ) ;
#1316 = CARTESIAN_POINT ( 'NONE',  ( -0.01984008365048028563, 2.296817940743229425, -27.65778308249466733 ) ) ;
#1317 = AXIS2_PLACEMENT_3D ( 'NONE', #2173, #1854, #3175 ) ;
#1318 = VECTOR ( 'NONE', #337, 39.37007874015748143 ) ;
#1319 = CIRCLE ( 'NONE', #2133, 0.06250000000000295597 ) ;
#1320 = CARTESIAN_POINT ( 'NONE',  ( 2.740037313088830029, 1.984494724438029545, -23.56089895057934669 ) ) ;
#1321 = CARTESIAN_POINT ( 'NONE',  ( 1.705162370521535520, 2.414244074661306971, -27.83726992770484898 ) ) ;
#1322 = B_SPLINE_CURVE_WITH_KNOTS ( 'NONE', 3,
 ( #2796, #925, #3547, #3906 ),
 .UNSPECIFIED., .F., .F.,
 ( 4, 4 ),
 ( 0.05208199620419000364, 0.05834825147466465856 ),
 .UNSPECIFIED. ) ;
#1323 = EDGE_CURVE ( 'NONE', #2616, #3740, #2820, .T. ) ;
#1324 = CARTESIAN_POINT ( 'NONE',  ( -1.298675180936901263, 2.364737773675663401, -27.83726992770483832 ) ) ;
#1325 = VECTOR ( 'NONE', #2299, 39.37007874015748143 ) ;
#1326 = CARTESIAN_POINT ( 'NONE',  ( 1.091673826416404536, 1.965472502664630916, -26.72633098854271338 ) ) ;
#1327 = VERTEX_POINT ( 'NONE', #4195 ) ;
#1328 = FACE_OUTER_BOUND ( 'NONE', #4074, .T. ) ;
#1329 = CARTESIAN_POINT ( 'NONE',  ( -2.386450764870588603, 2.586761468939601905, -27.83726992770484543 ) ) ;
#1330 = DIRECTION ( 'NONE',  ( 0.000000000000000000, -0.001744812478206600936, 0.9999984778135494468 ) ) ;
#1331 = EDGE_CURVE ( 'NONE', #4083, #768, #2586, .T. ) ;
#1332 = CARTESIAN_POINT ( 'NONE',  ( 1.691997774145382438, 1.966934225413054627, -26.73050798782741211 ) ) ;
#1333 = CARTESIAN_POINT ( 'NONE',  ( 2.872478368893409684, 1.964013288621322184, -26.72633098854271338 ) ) ;
#1334 = B_SPLINE_CURVE_WITH_KNOTS ( 'NONE', 3,
 ( #1795, #3448, #3763, #3114, #827, #511 ),
 .UNSPECIFIED., .F., .F.,
 ( 4, 2, 4 ),
 ( 0.01626307522896533464, 0.02915511002145165786, 0.04204714481393798109 ),
 .UNSPECIFIED. ) ;
#1335 = CARTESIAN_POINT ( 'NONE',  ( -0.2203111456914070565, 1.962528437971239326, -26.71820525699473592 ) ) ;
#1336 = CARTESIAN_POINT ( 'NONE',  ( 3.415107928235953327, 2.160831722831724644, -27.10157944677975550 ) ) ;
#1337 = CARTESIAN_POINT ( 'NONE',  ( -0.3642980653848190697, 2.140097521123480284, -27.28450255180926831 ) ) ;
#1338 = ORIENTED_EDGE ( 'NONE', *, *, #3779, .T. ) ;
#1339 = CARTESIAN_POINT ( 'NONE',  ( -3.253079213175309459, 2.312847482042519331, -27.28918289286998444 ) ) ;
#1340 = CARTESIAN_POINT ( 'NONE',  ( 3.628437322098057471, 2.581153351102927207, -27.83726992770485253 ) ) ;
#1341 = CARTESIAN_POINT ( 'NONE',  ( 0.1714584351188120082, 1.943585336072001679, -26.72480200956583829 ) ) ;
#1342 = B_SPLINE_CURVE_WITH_KNOTS ( 'NONE', 3,
 ( #209, #2850, #870, #4164 ),
 .UNSPECIFIED., .F., .F.,
 ( 4, 4 ),
 ( 0.03310071981517592049, 0.03360868268189706048 ),
 .UNSPECIFIED. ) ;
#1343 = FACE_OUTER_BOUND ( 'NONE', #644, .T. ) ;
#1344 = CARTESIAN_POINT ( 'NONE',  ( 2.478998866157715586, 2.613826729910031066, -27.83726992770484898 ) ) ;
#1345 = CARTESIAN_POINT ( 'NONE',  ( -1.298675180936897267, 2.085996039768850174, -27.05645503214891789 ) ) ;
#1346 = CARTESIAN_POINT ( 'NONE',  ( 0.2293031484949024368, 1.962446692214112165, -26.71797698997332660 ) ) ;
#1347 = ORIENTED_EDGE ( 'NONE', *, *, #2025, .T. ) ;
#1348 = CARTESIAN_POINT ( 'NONE',  ( -2.672599843273762321, 1.984485133727287076, -23.55540225894991835 ) ) ;
#1349 = CARTESIAN_POINT ( 'NONE',  ( -2.294755732788094083, 2.557408090643855214, -27.83726992770484543 ) ) ;
#1350 = CARTESIAN_POINT ( 'NONE',  ( -2.787782735154145985, 1.961226219548315663, -26.72230616727229702 ) ) ;
#1351 = CARTESIAN_POINT ( 'NONE',  ( 2.254497774145382216, 1.966934225413054627, -26.73050798782741211 ) ) ;
#1352 = CARTESIAN_POINT ( 'NONE',  ( 3.172572721177162158, 2.216593537791124557, -27.09942863445322558 ) ) ;
#1353 = ADVANCED_FACE ( 'NONE', ( #3561 ), #3488, .T. ) ;
#1354 = CARTESIAN_POINT ( 'NONE',  ( 3.630206314581708504, 2.020285085054966956, -26.91249250769244483 ) ) ;
#1355 = CARTESIAN_POINT ( 'NONE',  ( -0.2001594896107750099, 1.943783537323584776, -26.72526048735251791 ) ) ;
#1356 = ORIENTED_EDGE ( 'NONE', *, *, #1949, .T. ) ;
#1357 = CARTESIAN_POINT ( 'NONE',  ( -2.987232989640106862, 2.072154185622413269, -26.91640767193979400 ) ) ;
#1358 = CARTESIAN_POINT ( 'NONE',  ( 0.1379617312407225016, 2.148363013800617338, -27.28449588707099949 ) ) ;
#1359 = DIRECTION ( 'NONE',  ( 0.000000000000000000, -1.000000000000000000, 0.000000000000000000 ) ) ;
#1360 = CARTESIAN_POINT ( 'NONE',  ( -2.569769968022913798, 1.966934225413054627, -26.13363060580356745 ) ) ;
#1361 = CARTESIAN_POINT ( 'NONE',  ( 0.4778160287722012511, 2.221994063650589712, -27.46834928107903551 ) ) ;
#1362 = ORIENTED_EDGE ( 'NONE', *, *, #3932, .T. ) ;
#1363 = CARTESIAN_POINT ( 'NONE',  ( 3.433317612017504405, 2.235820950289697517, -27.22641341392292347 ) ) ;
#1364 = CARTESIAN_POINT ( 'NONE',  ( 2.474679322420900718, 2.589771613908783632, -27.83726992770485609 ) ) ;
#1365 = CARTESIAN_POINT ( 'NONE',  ( -1.795502225854617606, 1.966934225413054627, -26.73050798782740500 ) ) ;
#1366 =( BOUNDED_CURVE ( )  B_SPLINE_CURVE ( 3, ( #3552, #2576, #2556, #1562 ),
 .UNSPECIFIED., .F., .T. ) 
 B_SPLINE_CURVE_WITH_KNOTS ( ( 4, 4 ),
 ( 3.141592653589793116, 6.283185307179586232 ),
 .UNSPECIFIED. ) 
 CURVE ( )  GEOMETRIC_REPRESENTATION_ITEM ( )  RATIONAL_B_SPLINE_CURVE ( ( 1.000000000000000000, 0.3333333333333333703, 0.3333333333333333703, 1.000000000000000000 ) ) 
 REPRESENTATION_ITEM ( '' )  );
#1367 = CARTESIAN_POINT ( 'NONE',  ( 1.466997774145382571, 1.966934225413054627, -26.73050798782740500 ) ) ;
#1368 = CARTESIAN_POINT ( 'NONE',  ( 2.927140077776488880, 1.958177417416592458, -26.71797698997332660 ) ) ;
#1369 = DIRECTION ( 'NONE',  ( 0.000000000000000000, 0.000000000000000000, 1.000000000000000000 ) ) ;
#1370 = DIRECTION ( 'NONE',  ( -7.588466649067393207E-18, -1.000000000000000000, -5.059390552176238870E-17 ) ) ;
#1371 = CARTESIAN_POINT ( 'NONE',  ( -0.4538264328474634346, 2.267920591087812188, -27.65738128407941332 ) ) ;
#1372 = ORIENTED_EDGE ( 'NONE', *, *, #508, .F. ) ;
#1373 = EDGE_CURVE ( 'NONE', #2616, #3284, #1115, .T. ) ;
#1374 = EDGE_LOOP ( 'NONE', ( #3125, #1347, #1797, #2928 ) ) ;
#1375 = CARTESIAN_POINT ( 'NONE',  ( -3.369700649290375605, 2.417801448746762727, -27.47548696256744805 ) ) ;
#1376 = CARTESIAN_POINT ( 'NONE',  ( 3.656139982165053315, 2.560743171443161881, -27.83726992770483832 ) ) ;
#1377 = CARTESIAN_POINT ( 'NONE',  ( 2.505976465822947308, 2.004651643197893574, -23.65081582086457246 ) ) ;
#1378 = CARTESIAN_POINT ( 'NONE',  ( 2.477169096481755428, 2.613237185428619380, -27.83726992770484898 ) ) ;
#1379 = CIRCLE ( 'NONE', #1657, 0.06250000000000295597 ) ;
#1380 = DIRECTION ( 'NONE',  ( 0.000000000000000000, -3.475471168776155271E-14, -1.000000000000000000 ) ) ;
#1381 = AXIS2_PLACEMENT_3D ( 'NONE', #2918, #1804, #2815 ) ;
#1382 = CARTESIAN_POINT ( 'NONE',  ( 1.691505352895032344, 1.965168526577947716, -26.72633098854271338 ) ) ;
#1383 = ORIENTED_EDGE ( 'NONE', *, *, #1456, .T. ) ;
#1384 = LINE ( 'NONE', #2304, #2492 ) ;
#1385 = CARTESIAN_POINT ( 'NONE',  ( 1.541781503551861165, 2.364020737343743850, -27.83726992770484898 ) ) ;
#1386 = CARTESIAN_POINT ( 'NONE',  ( -3.750185261989946284, 2.431491433721239659, -27.79555415845641875 ) ) ;
#1387 = AXIS2_PLACEMENT_3D ( 'NONE', #3736, #2130, #3802 ) ;
#1388 = CARTESIAN_POINT ( 'NONE',  ( 3.564763587813075230, 1.961409584435432008, -26.71797698997332660 ) ) ;
#1389 = CARTESIAN_POINT ( 'NONE',  ( 0.004497774145382328961, 1.962298237527871692, -26.71820525699473592 ) ) ;
#1390 = CARTESIAN_POINT ( 'NONE',  ( -3.758953070540643981, 1.896271023522929200, -27.83726992770484898 ) ) ;
#1391 = CARTESIAN_POINT ( 'NONE',  ( -0.08797184587497058894, 2.012533873489630309, -26.91186833265479805 ) ) ;
#1392 = ORIENTED_EDGE ( 'NONE', *, *, #716, .T. ) ;
#1393 = ORIENTED_EDGE ( 'NONE', *, *, #3692, .T. ) ;
#1394 = DIRECTION ( 'NONE',  ( 0.000000000000000000, -1.000000000000000000, 0.000000000000000000 ) ) ;
#1395 = CARTESIAN_POINT ( 'NONE',  ( -3.101586109932870094, 2.069377735973214172, -26.91628999833592673 ) ) ;
#1396 = CARTESIAN_POINT ( 'NONE',  ( 3.559333481353665452, 2.623829325676163116, -27.83726992770485253 ) ) ;
#1397 = CARTESIAN_POINT ( 'NONE',  ( -3.751302298413720759, 2.070271023522930243, -27.83726992770484898 ) ) ;
#1398 = EDGE_CURVE ( 'NONE', #1113, #918, #3093, .T. ) ;
#1399 = EDGE_CURVE ( 'NONE', #2726, #2454, #1088, .T. ) ;
#1400 = CARTESIAN_POINT ( 'NONE',  ( 3.110499583782844191, 2.069092557785185971, -26.91587176545698767 ) ) ;
#1401 = CARTESIAN_POINT ( 'NONE',  ( -2.569769968022913798, 2.046934225413054698, -26.29455580265396364 ) ) ;
#1402 = CARTESIAN_POINT ( 'NONE',  ( 2.479350512379726368, 2.613940015944747675, -27.83726992770484898 ) ) ;
#1403 = CYLINDRICAL_SURFACE ( 'NONE', #1782, 0.09842519685039161081 ) ;
#1404 = CARTESIAN_POINT ( 'NONE',  ( 2.505976465822947308, 1.966934225413054627, -26.33048099950435272 ) ) ;
#1405 = ORIENTED_EDGE ( 'NONE', *, *, #1842, .T. ) ;
#1406 = CARTESIAN_POINT ( 'NONE',  ( -2.677152813472701176, 1.984562163647690891, -23.59955015685392965 ) ) ;
#1407 = DIRECTION ( 'NONE',  ( 0.000000000000000000, -1.000000000000000000, 0.000000000000000000 ) ) ;
#1408 = CARTESIAN_POINT ( 'NONE',  ( -1.693050965552798770, 2.413186729688112209, -27.83726992770485253 ) ) ;
#1409 = FACE_OUTER_BOUND ( 'NONE', #824, .T. ) ;
#1410 = CARTESIAN_POINT ( 'NONE',  ( 3.764325427376964850, 2.454881189950194109, -27.83726992770484898 ) ) ;
#1411 = CARTESIAN_POINT ( 'NONE',  ( 0.04140181991876130257, 2.107146472736383558, -27.09942863445322558 ) ) ;
#1412 = CARTESIAN_POINT ( 'NONE',  ( -3.601885285651189594, 2.592835207908753326, -27.83726992770484543 ) ) ;
#1413 = CARTESIAN_POINT ( 'NONE',  ( 11.78001469834810599, 2.050271023522930225, -23.15234489679908947 ) ) ;
#1414 = ORIENTED_EDGE ( 'NONE', *, *, #2206, .T. ) ;
#1415 = B_SPLINE_CURVE_WITH_KNOTS ( 'NONE', 3,
 ( #2733, #656, #978, #3893 ),
 .UNSPECIFIED., .F., .F.,
 ( 4, 4 ),
 ( 0.000000000000000000, 0.02106825350985367176 ),
 .UNSPECIFIED. ) ;
#1416 = CARTESIAN_POINT ( 'NONE',  ( 2.723071626263894096, 1.896271023522929644, -23.89813898103490786 ) ) ;
#1417 = CARTESIAN_POINT ( 'NONE',  ( -2.379378983575201723, 2.469418450399063047, -27.65983115469878584 ) ) ;
#1418 = CARTESIAN_POINT ( 'NONE',  ( -3.774517198282988595, 2.423103189278592584, -27.83726992770484898 ) ) ;
#1419 = CARTESIAN_POINT ( 'NONE',  ( 0.7950999062276989937, 2.323066575877877238, -27.84369496412678657 ) ) ;
#1420 = DIRECTION ( 'NONE',  ( 0.000000000000000000, 0.000000000000000000, -1.000000000000000000 ) ) ;
#1421 = CARTESIAN_POINT ( 'NONE',  ( 2.480265662447194597, 2.614234777889929529, -27.83726992770485253 ) ) ;
#1422 = DIRECTION ( 'NONE',  ( 0.000000000000000000, -1.000000000000000000, 0.000000000000000000 ) ) ;
#1423 = DIRECTION ( 'NONE',  ( 0.000000000000000000, -1.000000000000000000, 0.000000000000000000 ) ) ;
#1424 = ADVANCED_FACE ( 'NONE', ( #3176 ), #407, .T. ) ;
#1425 = ORIENTED_EDGE ( 'NONE', *, *, #1972, .F. ) ;
#1426 = DIRECTION ( 'NONE',  ( 0.000000000000000000, 1.000000000000000000, 0.000000000000000000 ) ) ;
#1427 = CARTESIAN_POINT ( 'NONE',  ( -1.686207788189113321, 2.412596284481216991, -27.83726992770484898 ) ) ;
#1428 = CARTESIAN_POINT ( 'NONE',  ( -1.457578398411929044, 1.965348867053019921, -26.72640707754985456 ) ) ;
#1429 = FACE_OUTER_BOUND ( 'NONE', #3805, .T. ) ;
#1430 = CARTESIAN_POINT ( 'NONE',  ( 3.715611356164894019, 2.514729751533868018, -27.83726992770485253 ) ) ;
#1431 = CARTESIAN_POINT ( 'NONE',  ( 0.02849777414538232773, 1.966934225413054627, -26.73050798782740500 ) ) ;
#1432 = CARTESIAN_POINT ( 'NONE',  ( -3.604737479404542810, 2.590961359222511362, -27.83726992770485253 ) ) ;
#1433 = DIRECTION ( 'NONE',  ( 0.000000000000000000, -1.000000000000000000, 0.000000000000000000 ) ) ;
#1434 = ORIENTED_EDGE ( 'NONE', *, *, #3956, .F. ) ;
#1435 = CARTESIAN_POINT ( 'NONE',  ( 2.928550207531747773, 1.896271023522930532, -25.84650053055687025 ) ) ;
#1436 = CARTESIAN_POINT ( 'NONE',  ( -2.216331011249977223, 2.144683878479461292, -27.10068111651854750 ) ) ;
#1437 = CARTESIAN_POINT ( 'NONE',  ( -2.861986053990381418, 1.958331039948711494, -26.71820525699473592 ) ) ;
#1438 = CARTESIAN_POINT ( 'NONE',  ( 0.4573050438356808245, 2.203049561024046810, -27.47074945432364501 ) ) ;
#1439 = ORIENTED_EDGE ( 'NONE', *, *, #2998, .F. ) ;
#1440 = CARTESIAN_POINT ( 'NONE',  ( -2.569769968022913798, 1.966934225413054627, -23.58831582086456891 ) ) ;
#1441 = CARTESIAN_POINT ( 'NONE',  ( -2.789252225854617961, 1.966934225413054627, -26.73050798782740500 ) ) ;
#1442 = LINE ( 'NONE', #2459, #4177 ) ;
#1443 = AXIS2_PLACEMENT_3D ( 'NONE', #1874, #3423, #481 ) ;
#1444 = EDGE_LOOP ( 'NONE', ( #3817, #1889, #238, #1283, #2756, #3498, #2314, #3316, #1021, #3267 ) ) ;
#1445 = CARTESIAN_POINT ( 'NONE',  ( 2.881888664888883955, 2.072519054012852191, -26.91598854674296248 ) ) ;
#1446 = VECTOR ( 'NONE', #4064, 39.37007874015748143 ) ;
#1447 = CARTESIAN_POINT ( 'NONE',  ( -1.298675180936901263, 1.896271023522930310, -27.83726992770483832 ) ) ;
#1448 = PRODUCT_DEFINITION ( 'UNKNOWN', '', #349, #4056 ) ;
#1449 = CARTESIAN_POINT ( 'NONE',  ( -1.451958467400631614, 2.380007522961396393, -27.83726992770484898 ) ) ;
#1450 = EDGE_CURVE ( 'NONE', #3087, #4065, #4026, .T. ) ;
#1451 = CARTESIAN_POINT ( 'NONE',  ( -2.180643052458571152, 2.347717329650530260, -27.46834928107903551 ) ) ;
#1452 = DIRECTION ( 'NONE',  ( 0.000000000000000000, -1.000000000000000000, 0.000000000000000000 ) ) ;
#1453 = VECTOR ( 'NONE', #2088, 39.37007874015748143 ) ;
#1454 = CARTESIAN_POINT ( 'NONE',  ( 3.618754404680854631, 2.591823768258197269, -27.83726992770483122 ) ) ;
#1455 = DIRECTION ( 'NONE',  ( 1.000000000000000000, 0.000000000000000000, 0.000000000000000000 ) ) ;
#1456 = EDGE_CURVE ( 'NONE', #2494, #1098, #2519, .T. ) ;
#1457 = CARTESIAN_POINT ( 'NONE',  ( -3.320769133278854923, 2.713146496025391041, -27.83726992770484898 ) ) ;
#1458 = EDGE_CURVE ( 'NONE', #3486, #3256, #2962, .T. ) ;
#1459 = VECTOR ( 'NONE', #2530, 39.37007874015748143 ) ;
#1460 = CARTESIAN_POINT ( 'NONE',  ( -1.298675180936901263, 2.364737773675663401, -27.83726992770483832 ) ) ;
#1461 = ORIENTED_EDGE ( 'NONE', *, *, #1078, .T. ) ;
#1462 = ORIENTED_EDGE ( 'NONE', *, *, #2480, .F. ) ;
#1463 = VECTOR ( 'NONE', #3664, 39.37007874015748143 ) ;
#1464 = CARTESIAN_POINT ( 'NONE',  ( 3.002142692154512016, 1.896271023522930754, -26.11933119636868028 ) ) ;
#1465 = CARTESIAN_POINT ( 'NONE',  ( -2.235568317843608099, 1.942730587068626003, -26.72832131232845043 ) ) ;
#1466 = CARTESIAN_POINT ( 'NONE',  ( -3.755329879086200862, 2.454881189950194109, -27.83726992770484898 ) ) ;
#1467 = CARTESIAN_POINT ( 'NONE',  ( 1.551215868093171357, 2.155907251177819894, -27.28462485677082938 ) ) ;
#1468 = ORIENTED_EDGE ( 'NONE', *, *, #2427, .F. ) ;
#1469 = DIRECTION ( 'NONE',  ( 0.000000000000000000, 0.000000000000000000, 1.000000000000000000 ) ) ;
#1470 = CARTESIAN_POINT ( 'NONE',  ( -3.089252225854618228, 1.966934225413054627, -26.73050798782740500 ) ) ;
#1471 = CARTESIAN_POINT ( 'NONE',  ( 3.783512746573752583, 2.050271023522930225, -27.83726992770484898 ) ) ;
#1472 = EDGE_LOOP ( 'NONE', ( #2323, #1816, #2444, #1783 ) ) ;
#1473 = CARTESIAN_POINT ( 'NONE',  ( 3.734708723998780400, 2.432619963513579453, -27.75302008676564469 ) ) ;
#1474 = CARTESIAN_POINT ( 'NONE',  ( 3.337957610299610245, 2.686236976074147798, -27.83726992770485253 ) ) ;
#1475 = CARTESIAN_POINT ( 'NONE',  ( -1.298675180936897267, 2.085996039768850174, -27.05645503214891789 ) ) ;
#1476 = CARTESIAN_POINT ( 'NONE',  ( 3.426061228738938258, 2.425325803432197169, -27.46834928107904616 ) ) ;
#1477 = VERTEX_POINT ( 'NONE', #2174 ) ;
#1478 = CARTESIAN_POINT ( 'NONE',  ( -3.577403558946298023, 2.370552183568262805, -27.52615083486963954 ) ) ;
#1479 = CARTESIAN_POINT ( 'NONE',  ( -2.530345159084438578, 2.633061276926345950, -27.83726992770485253 ) ) ;
#1480 = CARTESIAN_POINT ( 'NONE',  ( -0.1332199864398151967, 2.353182693736039166, -27.84412976724420830 ) ) ;
#1481 = ORIENTED_EDGE ( 'NONE', *, *, #345, .T. ) ;
#1482 = ORIENTED_EDGE ( 'NONE', *, *, #1399, .F. ) ;
#1483 = EDGE_CURVE ( 'NONE', #2332, #2726, #3711, .T. ) ;
#1484 = CARTESIAN_POINT ( 'NONE',  ( -2.416604561473245205, 2.056459834108656182, -26.91529057351949206 ) ) ;
#1485 = CARTESIAN_POINT ( 'NONE',  ( -3.369615701626507587, 1.964618808290715668, -26.72640707754985456 ) ) ;
#1486 = CARTESIAN_POINT ( 'NONE',  ( 0.3016857984062997211, 2.274939687681877487, -27.65742278692376388 ) ) ;
#1487 = ORIENTED_EDGE ( 'NONE', *, *, #1373, .F. ) ;
#1488 = CARTESIAN_POINT ( 'NONE',  ( 2.762968264769913862, 2.004427634586039897, -23.52243052234773302 ) ) ;
#1489 = CARTESIAN_POINT ( 'NONE',  ( -2.583002225854618139, 1.966934225413054627, -26.73050798782740500 ) ) ;
#1490 = CARTESIAN_POINT ( 'NONE',  ( 2.588161982105838366, 1.896271023522930310, -25.85562229806822998 ) ) ;
#1491 = ORIENTED_EDGE ( 'NONE', *, *, #3597, .T. ) ;
#1492 = CARTESIAN_POINT ( 'NONE',  ( -2.569769968022913798, 2.046934225413054698, -26.16955580265395653 ) ) ;
#1493 = CARTESIAN_POINT ( 'NONE',  ( 3.728312193803508645, 2.463690644184409528, -27.83726992770485609 ) ) ;
#1494 = CARTESIAN_POINT ( 'NONE',  ( 2.395843308830734042, 2.004499306459961883, -23.56350758118322375 ) ) ;
#1495 = ORIENTED_EDGE ( 'NONE', *, *, #86, .T. ) ;
#1496 = CARTESIAN_POINT ( 'NONE',  ( 2.608806341073795387, 1.984485133727286854, -23.55540225894991480 ) ) ;
#1497 = CARTESIAN_POINT ( 'NONE',  ( -3.051340571835859716, 2.740132310189893783, -27.83726992770485253 ) ) ;
#1498 = CARTESIAN_POINT ( 'NONE',  ( 1.307670729227689677, 2.272946737060821842, -27.57659866603533061 ) ) ;
#1499 = DIRECTION ( 'NONE',  ( 0.000000000000000000, -1.000000000000000000, 0.000000000000000000 ) ) ;
#1500 = ORIENTED_EDGE ( 'NONE', *, *, #400, .F. ) ;
#1501 = CARTESIAN_POINT ( 'NONE',  ( 2.181958710100784238, 2.520667540291082531, -27.83726992770486675 ) ) ;
#1502 = CARTESIAN_POINT ( 'NONE',  ( 3.377587597564368771, 2.167743041825004990, -27.10177782801840607 ) ) ;
#1503 = CARTESIAN_POINT ( 'NONE',  ( -2.930578848762420474, 2.589740305170433299, -27.66199854504956335 ) ) ;
#1504 = CARTESIAN_POINT ( 'NONE',  ( -3.163398895260169486, 1.964241850787745935, -26.72640707754985456 ) ) ;
#1505 = EDGE_CURVE ( 'NONE', #1155, #2786, #104, .T. ) ;
#1506 = CARTESIAN_POINT ( 'NONE',  ( 0.3867081992413525238, 2.336365129441919652, -27.84390338885065930 ) ) ;
#1507 = VERTEX_POINT ( 'NONE', #2098 ) ;
#1508 = DIRECTION ( 'NONE',  ( 0.000000000000000000, 0.000000000000000000, -1.000000000000000000 ) ) ;
#1509 = CARTESIAN_POINT ( 'NONE',  ( -3.198189273375394936, 1.966934225413054627, -26.73050798782740145 ) ) ;
#1510 = CYLINDRICAL_SURFACE ( 'NONE', #1181, 0.09842519685039161081 ) ;
#1511 = CARTESIAN_POINT ( 'NONE',  ( 2.993016691194916756, 2.202378251759419037, -27.10254953278625223 ) ) ;
#1512 = CARTESIAN_POINT ( 'NONE',  ( 2.742912348435150527, 1.896271023522929644, -23.52243052234773302 ) ) ;
#1513 = CARTESIAN_POINT ( 'NONE',  ( 3.745500565228284895, 2.442721034391812207, -27.83726992770485964 ) ) ;
#1514 = CARTESIAN_POINT ( 'NONE',  ( -1.458002225854617695, 1.966934225413054627, -26.73050798782740500 ) ) ;
#1515 = DIRECTION ( 'NONE',  ( 0.000000000000000000, 0.000000000000000000, -1.000000000000000000 ) ) ;
#1516 = CARTESIAN_POINT ( 'NONE',  ( 0.07947644955869462291, 1.965388373305035241, -26.72633098854271338 ) ) ;
#1517 = ORIENTED_EDGE ( 'NONE', *, *, #345, .F. ) ;
#1518 = CARTESIAN_POINT ( 'NONE',  ( -3.751346062328468456, 2.420017905891063137, -27.83726992770484898 ) ) ;
#1519 = CARTESIAN_POINT ( 'NONE',  ( -2.946864710544030874, 2.731799347822512214, -27.83726992770485253 ) ) ;
#1520 = CARTESIAN_POINT ( 'NONE',  ( -3.595502225854618317, 1.984427604142264379, -23.52243052234773302 ) ) ;
#1521 = APPLICATION_CONTEXT ( 'automotive_design' ) ;
#1522 =( GEOMETRIC_REPRESENTATION_CONTEXT ( 3 ) GLOBAL_UNCERTAINTY_ASSIGNED_CONTEXT ( ( #3083 ) ) GLOBAL_UNIT_ASSIGNED_CONTEXT ( ( #2027, #4059, #805 ) ) REPRESENTATION_CONTEXT ( 'NONE', 'WORKASPACE' ) );
#1523 = CARTESIAN_POINT ( 'NONE',  ( 3.760166554960240770, 1.973271023522930046, -27.83726992770484898 ) ) ;
#1524 = VECTOR ( 'NONE', #295, 39.37007874015748143 ) ;
#1525 = CARTESIAN_POINT ( 'NONE',  ( 2.137693179850063352, 2.157325775874848084, -27.09942863445321493 ) ) ;
#1526 = AXIS2_PLACEMENT_3D ( 'NONE', #1010, #372, #2654 ) ;
#1527 = CARTESIAN_POINT ( 'NONE',  ( -2.062006931859480918, 2.388497140733389035, -27.65883493404557569 ) ) ;
#1528 = CARTESIAN_POINT ( 'NONE',  ( -3.417065270177791270, 2.425325930580052525, -27.46834928107903551 ) ) ;
#1529 = CARTESIAN_POINT ( 'NONE',  ( 2.217100974411269743, 2.511753778706995455, -27.84545396603943246 ) ) ;
#1530 = VECTOR ( 'NONE', #3851, 39.37007874015748143 ) ;
#1531 = ORIENTED_EDGE ( 'NONE', *, *, #2762, .T. ) ;
#1532 = CARTESIAN_POINT ( 'NONE',  ( -3.479399263501376183, 2.145580520081439069, -27.10143236703299863 ) ) ;
#1533 = CARTESIAN_POINT ( 'NONE',  ( -2.976752225854617961, 1.966934225413054627, -26.73050798782740500 ) ) ;
#1534 = B_SPLINE_CURVE_WITH_KNOTS ( 'NONE', 3,
 ( #2061, #2944, #1320, #2634 ),
 .UNSPECIFIED., .F., .F.,
 ( 4, 4 ),
 ( 0.000000000000000000, 0.002939399863106681270 ),
 .UNSPECIFIED. ) ;
#1535 = EDGE_CURVE ( 'NONE', #3134, #3141, #2727, .T. ) ;
#1536 = ORIENTED_EDGE ( 'NONE', *, *, #1298, .F. ) ;
#1537 = CARTESIAN_POINT ( 'NONE',  ( 2.735106980215870731, 1.946934225413054165, -23.63789122274700105 ) ) ;
#1538 = DIRECTION ( 'NONE',  ( 0.000000000000000000, 0.000000000000000000, 1.000000000000000000 ) ) ;
#1539 = CARTESIAN_POINT ( 'NONE',  ( -2.569769968022913798, 2.046934225413054698, -23.52581582086456535 ) ) ;
#1540 = CARTESIAN_POINT ( 'NONE',  ( -0.03421436317475522876, 2.387570967383040976, -27.83726992770484898 ) ) ;
#1541 = ORIENTED_EDGE ( 'NONE', *, *, #4166, .F. ) ;
#1542 = PLANE ( 'NONE',  #694 ) ;
#1543 = CARTESIAN_POINT ( 'NONE',  ( -2.496649199329020519, 1.984427604142264379, -23.52243052234773302 ) ) ;
#1544 = CARTESIAN_POINT ( 'NONE',  ( -3.192615392728974211, 2.735763777300189048, -27.83726992770485253 ) ) ;
#1545 = CARTESIAN_POINT ( 'NONE',  ( 2.845514053827415069, 1.946934225413054831, -25.47012790767416845 ) ) ;
#1546 = CYLINDRICAL_SURFACE ( 'NONE', #2269, 0.06250000000000295597 ) ;
#1547 = CARTESIAN_POINT ( 'NONE',  ( 2.131138398115650201, 2.336089768665073674, -27.46834928107904616 ) ) ;
#1548 = CARTESIAN_POINT ( 'NONE',  ( -2.127709613908834285, 2.227224888254230706, -27.28655715501090384 ) ) ;
#1549 = CARTESIAN_POINT ( 'NONE',  ( -2.759469053690527307, 2.219636881913688686, -27.09942863445322558 ) ) ;
#1550 = CARTESIAN_POINT ( 'NONE',  ( 2.082912617312840275, 2.037468649884771388, -26.91349072219438554 ) ) ;
#1551 = EDGE_LOOP ( 'NONE', ( #1362, #1392 ) ) ;
#1552 = CARTESIAN_POINT ( 'NONE',  ( -3.683143708465600685, 2.384210025192891713, -27.65947757560194376 ) ) ;
#1553 = CARTESIAN_POINT ( 'NONE',  ( 3.006039844126612959, 2.736803449119157516, -27.83726992770485253 ) ) ;
#1554 = CARTESIAN_POINT ( 'NONE',  ( -2.986047606080601824, 2.712835240241018298, -27.83726992770483477 ) ) ;
#1555 = ORIENTED_EDGE ( 'NONE', *, *, #4167, .F. ) ;
#1556 = LINE ( 'NONE', #1958, #1459 ) ;
#1557 = CARTESIAN_POINT ( 'NONE',  ( 3.232541821550161121, 2.707184989261553820, -27.83726992770484898 ) ) ;
#1558 = EDGE_CURVE ( 'NONE', #406, #3609, #1066, .T. ) ;
#1559 =( CONVERSION_BASED_UNIT ( 'INCH', #4124 ) LENGTH_UNIT ( ) NAMED_UNIT ( #327 ) );
#1560 = CARTESIAN_POINT ( 'NONE',  ( -0.01948857811913751528, 1.963768206524181714, -26.72215398925802177 ) ) ;
#1561 = ORIENTED_EDGE ( 'NONE', *, *, #2340, .F. ) ;
#1562 = CARTESIAN_POINT ( 'NONE',  ( 2.505976465822947308, 2.004433541306125388, -23.52581582086456535 ) ) ;
#1563 = CARTESIAN_POINT ( 'NONE',  ( -2.957017106610329016, 2.732983080456792280, -27.83726992770484898 ) ) ;
#1564 = CARTESIAN_POINT ( 'NONE',  ( -2.744961191949585988, 1.966934225413054627, -23.65789122280828494 ) ) ;
#1565 = CARTESIAN_POINT ( 'NONE',  ( 2.403146590572099672, 1.984485133727287076, -23.55540225894991835 ) ) ;
#1566 = CARTESIAN_POINT ( 'NONE',  ( 2.253248482866142322, 1.962195562249796854, -26.72215398925802177 ) ) ;
#1567 = CARTESIAN_POINT ( 'NONE',  ( -1.985260413701288362, 2.121189421095549310, -27.09983429313874481 ) ) ;
#1568 = CARTESIAN_POINT ( 'NONE',  ( -2.469181867240476613, 1.961727944279421543, -26.72230616727229702 ) ) ;
#1569 = CARTESIAN_POINT ( 'NONE',  ( 1.911301144750504610, 2.356852708882162251, -27.65836524625139603 ) ) ;
#1570 = EDGE_LOOP ( 'NONE', ( #1536, #1678, #3472, #323, #2475, #727 ) ) ;
#1571 = CARTESIAN_POINT ( 'NONE',  ( -3.561889336379497895, 2.598896761857350413, -27.84773255859145280 ) ) ;
#1572 = CARTESIAN_POINT ( 'NONE',  ( 3.258228506379982736, 2.727736866221998291, -27.83726992770484543 ) ) ;
#1573 = CARTESIAN_POINT ( 'NONE',  ( -1.318675180936893510, 2.065323568709457991, -27.05645503214891789 ) ) ;
#1574 = CARTESIAN_POINT ( 'NONE',  ( 2.467916913432050663, 1.984629061719719534, -23.63789122274700105 ) ) ;
#1575 = FACE_OUTER_BOUND ( 'NONE', #205, .T. ) ;
#1576 = CARTESIAN_POINT ( 'NONE',  ( -0.01950222585461767327, 1.966934225413054627, -26.73050798782740500 ) ) ;
#1577 = EDGE_CURVE ( 'NONE', #3141, #3712, #1366, .T. ) ;
#1578 = EDGE_LOOP ( 'NONE', ( #502, #897 ) ) ;
#1579 = CARTESIAN_POINT ( 'NONE',  ( 2.505976465822947308, 2.046934225413054698, -23.48989062401417627 ) ) ;
#1580 = CARTESIAN_POINT ( 'NONE',  ( -2.256058317762155152, 2.545379184133270023, -27.83726992770485964 ) ) ;
#1581 = DIRECTION ( 'NONE',  ( 0.000000000000000000, 0.9999984778135494468, 0.001744812478206600936 ) ) ;
#1582 = PLANE ( 'NONE',  #830 ) ;
#1583 = CARTESIAN_POINT ( 'NONE',  ( 2.072576792428225012, 2.325094779758480446, -27.46834928107902840 ) ) ;
#1584 = ADVANCED_FACE ( 'NONE', ( #4161 ), #3911, .F. ) ;
#1585 = AXIS2_PLACEMENT_3D ( 'NONE', #2385, #734, #3036 ) ;
#1586 = CARTESIAN_POINT ( 'NONE',  ( -1.562433608391100792, 2.226796524389604848, -27.47129307436131640 ) ) ;
#1587 = CARTESIAN_POINT ( 'NONE',  ( -2.469842046547547465, 1.964331084846238085, -26.72640707754985456 ) ) ;
#1588 = CARTESIAN_POINT ( 'NONE',  ( 1.792127156222074413, 1.943096457934508914, -26.72609013900450847 ) ) ;
#1589 = CARTESIAN_POINT ( 'NONE',  ( 2.759587171027702013, 2.004506375423768638, -23.56755899251506747 ) ) ;
#1590 = ORIENTED_EDGE ( 'NONE', *, *, #3779, .F. ) ;
#1591 = AXIS2_PLACEMENT_3D ( 'NONE', #705, #381, #1369 ) ;
#1592 = AXIS2_PLACEMENT_3D ( 'NONE', #263, #1515, #1194 ) ;
#1593 = ORIENTED_EDGE ( 'NONE', *, *, #1079, .T. ) ;
#1594 = CARTESIAN_POINT ( 'NONE',  ( -3.404462010073258327, 1.942819193806890388, -26.72799337665701103 ) ) ;
#1595 = CARTESIAN_POINT ( 'NONE',  ( 3.309385691440163146, 2.717905951245925600, -27.83726992770484543 ) ) ;
#1596 = CARTESIAN_POINT ( 'NONE',  ( -2.733916800144386094, 1.896271023522930310, -23.52243052234773302 ) ) ;
#1597 = AXIS2_PLACEMENT_3D ( 'NONE', #1779, #156, #1469 ) ;
#1598 = CARTESIAN_POINT ( 'NONE',  ( -2.569769968022913798, 2.046934225413054698, -23.48989062401417627 ) ) ;
#1599 = CARTESIAN_POINT ( 'NONE',  ( -3.774517198282984154, 1.947604356856262431, -27.83726992770484898 ) ) ;
#1600 = CARTESIAN_POINT ( 'NONE',  ( 1.578572758517945651, 1.963565847200032799, -26.72215398925802177 ) ) ;
#1601 = ORIENTED_EDGE ( 'NONE', *, *, #1734, .F. ) ;
#1602 = CARTESIAN_POINT ( 'NONE',  ( 2.330884574322244163, 2.258492665467068505, -27.28702883691832426 ) ) ;
#1603 = CARTESIAN_POINT ( 'NONE',  ( -1.298675180936897267, -1.951533724615070575, -27.05645503214891789 ) ) ;
#1604 = CARTESIAN_POINT ( 'NONE',  ( -2.408016433447546234, 2.593755290920451095, -27.83726992770484898 ) ) ;
#1605 = LINE ( 'NONE', #4208, #2128 ) ;
#1606 = CARTESIAN_POINT ( 'NONE',  ( 1.074444016954273051, 1.946934225413053499, -26.73363882448786200 ) ) ;
#1607 = CARTESIAN_POINT ( 'NONE',  ( 3.170640295672366715, 1.958707233494092703, -26.71797698997332660 ) ) ;
#1608 = CARTESIAN_POINT ( 'NONE',  ( -0.4453726232577523425, 1.965516606849532444, -26.72640707754985456 ) ) ;
#1609 = CARTESIAN_POINT ( 'NONE',  ( 3.593199299773710997, 2.220631586624503218, -27.28701456177226348 ) ) ;
#1610 = CARTESIAN_POINT ( 'NONE',  ( -2.154554506924585944, 2.322022103475361199, -27.47287158956489250 ) ) ;
#1611 = CARTESIAN_POINT ( 'NONE',  ( 2.257243669404662256, 2.523812280712342204, -27.84555487455642009 ) ) ;
#1612 = EDGE_CURVE ( 'NONE', #3223, #815, #761, .T. ) ;
#1613 = FACE_OUTER_BOUND ( 'NONE', #3002, .T. ) ;
#1614 = ADVANCED_FACE ( 'NONE', ( #1328 ), #1284, .T. ) ;
#1615 = EDGE_LOOP ( 'NONE', ( #3859, #2877 ) ) ;
#1616 = CARTESIAN_POINT ( 'NONE',  ( -3.708719144793269695, 2.359818146210709955, -27.65889100768822928 ) ) ;
#1617 = CARTESIAN_POINT ( 'NONE',  ( 2.979474629748967374, 2.734448563391903786, -27.83726992770485253 ) ) ;
#1618 = CARTESIAN_POINT ( 'NONE',  ( -3.719536218742674816, 2.463407852296618739, -27.83726992770483832 ) ) ;
#1619 = CARTESIAN_POINT ( 'NONE',  ( 3.618047427882460809, 2.390161261656170044, -27.54291246957233241 ) ) ;
#1620 = CARTESIAN_POINT ( 'NONE',  ( 3.783512746573752583, 2.050271023522930225, -27.83726992770484898 ) ) ;
#1621 = CARTESIAN_POINT ( 'NONE',  ( 1.149221152701161985, 2.225138579678668016, -27.46834928107902840 ) ) ;
#1622 = VERTEX_POINT ( 'NONE', #334 ) ;
#1623 = CARTESIAN_POINT ( 'NONE',  ( 2.516129356604129619, 2.398498556402762993, -27.47401207365606979 ) ) ;
#1624 = DIRECTION ( 'NONE',  ( -0.000000000000000000, -1.000000000000000000, -0.000000000000000000 ) ) ;
#1625 = CARTESIAN_POINT ( 'NONE',  ( -2.059802650011535174, 2.489891901060370838, -27.83726992770485964 ) ) ;
#1626 = DIRECTION ( 'NONE',  ( 0.000000000000000000, -0.000000000000000000, -1.000000000000000000 ) ) ;
#1627 = CARTESIAN_POINT ( 'NONE',  ( 2.873247774145382127, 1.966934225413054627, -26.73050798782741211 ) ) ;
#1628 = CARTESIAN_POINT ( 'NONE',  ( 2.984944356919697395, 1.964030907658184111, -26.72633098854271338 ) ) ;
#1629 = CARTESIAN_POINT ( 'NONE',  ( -0.4804796361885429468, 2.349523983583723385, -27.83726992770483832 ) ) ;
#1630 = CARTESIAN_POINT ( 'NONE',  ( 3.625782178156832014, 2.206852058128687233, -27.28664694041258088 ) ) ;
#1631 = CARTESIAN_POINT ( 'NONE',  ( -0.9140570474010677460, 2.135461738361043693, -27.28433792381424183 ) ) ;
#1632 = ORIENTED_EDGE ( 'NONE', *, *, #137, .F. ) ;
#1633 = ORIENTED_EDGE ( 'NONE', *, *, #739, .F. ) ;
#1634 = ADVANCED_FACE ( 'NONE', ( #908 ), #266, .F. ) ;
#1635 = CARTESIAN_POINT ( 'NONE',  ( -3.244552776662222637, 2.711968109225877832, -27.84884557798625693 ) ) ;
#1636 = CARTESIAN_POINT ( 'NONE',  ( -3.751346062328468456, 2.420017905891063137, -27.83726992770484898 ) ) ;
#1637 = CARTESIAN_POINT ( 'NONE',  ( 1.307670729227665918, 1.896271023522930310, -27.83726992770484898 ) ) ;
#1638 = CARTESIAN_POINT ( 'NONE',  ( 3.604497774145382749, 1.896271023522930310, -27.05645503214893566 ) ) ;
#1639 = CARTESIAN_POINT ( 'NONE',  ( 1.241997774145382705, 1.966934225413054627, -26.73050798782740500 ) ) ;
#1640 = ORIENTED_EDGE ( 'NONE', *, *, #3159, .T. ) ;
#1641 = CARTESIAN_POINT ( 'NONE',  ( -2.441667583340086267, 2.604670175475136684, -27.83726992770485964 ) ) ;
#1642 = CARTESIAN_POINT ( 'NONE',  ( -1.318675180936901281, 2.460306002910070955, -27.83726992770484898 ) ) ;
#1643 = CARTESIAN_POINT ( 'NONE',  ( 0.2294977741453823605, 1.966934225413054627, -26.73050798782740500 ) ) ;
#1644 = CARTESIAN_POINT ( 'NONE',  ( 3.095723204809732731, 1.958454135355005121, -26.71797698997332660 ) ) ;
#1645 = CARTESIAN_POINT ( 'NONE',  ( -0.8949758878847861032, 1.964133787405295095, -26.72230616727229702 ) ) ;
#1646 = CARTESIAN_POINT ( 'NONE',  ( 3.658805807195024684, 2.295294100674658111, -27.47315307780255367 ) ) ;
#1647 = CARTESIAN_POINT ( 'NONE',  ( -0.2755425068779651654, 1.943815220415671341, -26.72517284483492261 ) ) ;
#1648 = ORIENTED_EDGE ( 'NONE', *, *, #108, .T. ) ;
#1649 = AXIS2_PLACEMENT_3D ( 'NONE', #202, #225, #1538 ) ;
#1650 = CARTESIAN_POINT ( 'NONE',  ( -3.254150773256456741, 2.061155494257271847, -26.91586026514505292 ) ) ;
#1651 = CARTESIAN_POINT ( 'NONE',  ( 0.1422155612540295100, 2.353183790360321215, -27.84413276304092832 ) ) ;
#1652 = VECTOR ( 'NONE', #2428, 39.37007874015748143 ) ;
#1653 = VECTOR ( 'NONE', #2731, 39.37007874015748143 ) ;
#1654 = CARTESIAN_POINT ( 'NONE',  ( -2.675670240516064613, 1.896271023522930310, -24.30177871424680092 ) ) ;
#1655 = CARTESIAN_POINT ( 'NONE',  ( -3.774517198282988595, 2.050271023522930225, -27.83726992770484898 ) ) ;
#1656 = EDGE_CURVE ( 'NONE', #3196, #524, #2201, .T. ) ;
#1657 = AXIS2_PLACEMENT_3D ( 'NONE', #3259, #3985, #433 ) ;
#1658 = CARTESIAN_POINT ( 'NONE',  ( 1.091025930958447132, 1.962549057167783939, -26.71797698997332660 ) ) ;
#1659 = EDGE_LOOP ( 'NONE', ( #3224, #4120, #60, #2501 ) ) ;
#1660 = CARTESIAN_POINT ( 'NONE',  ( 2.772315022951978847, 1.941805365560373531, -26.72939153347675045 ) ) ;
#1661 = CARTESIAN_POINT ( 'NONE',  ( -2.569769968022913798, 1.966934225413054627, -26.16955580265395653 ) ) ;
#1662 = CARTESIAN_POINT ( 'NONE',  ( -2.352589198735895781, 2.575822972126283528, -27.83726992770485253 ) ) ;
#1663 = CARTESIAN_POINT ( 'NONE',  ( -2.375471243163515656, 1.961951394407199789, -26.72230616727229702 ) ) ;
#1664 =( BOUNDED_CURVE ( )  B_SPLINE_CURVE ( 3, ( #271, #2559, #1565, #2177 ),
 .UNSPECIFIED., .F., .T. ) 
 B_SPLINE_CURVE_WITH_KNOTS ( ( 4, 4 ),
 ( 4.184528627083697216, 5.445782605872173221 ),
 .UNSPECIFIED. ) 
 CURVE ( )  GEOMETRIC_REPRESENTATION_ITEM ( )  RATIONAL_B_SPLINE_CURVE ( ( 1.000000000000000000, 0.8717719746648722179, 0.8717719746648722179, 1.000000000000000000 ) ) 
 REPRESENTATION_ITEM ( '' )  );
#1665 = CARTESIAN_POINT ( 'NONE',  ( 1.314337395894334959, 1.896271023522928756, -27.83726992770484898 ) ) ;
#1666 = CARTESIAN_POINT ( 'NONE',  ( 3.114585749904748457, 2.220680261068709971, -27.09942863445321493 ) ) ;
#1667 = CARTESIAN_POINT ( 'NONE',  ( 1.307670729227665918, 2.064713622603874477, -27.05645503214892500 ) ) ;
#1668 = CARTESIAN_POINT ( 'NONE',  ( -0.7861042870414882699, 2.323065564920901327, -27.84369196827654491 ) ) ;
#1669 = EDGE_LOOP ( 'NONE', ( #57, #3572, #1123, #385 ) ) ;
#1670 = CARTESIAN_POINT ( 'NONE',  ( -3.093247091104455393, 2.462200839281775355, -27.47587185349104999 ) ) ;
#1671 = CARTESIAN_POINT ( 'NONE',  ( 3.452201247839584042, 2.674140224057199422, -27.83726992770484898 ) ) ;
#1672 = CARTESIAN_POINT ( 'NONE',  ( -3.581363031133822705, 2.070271023522929354, -27.54425107571464437 ) ) ;
#1673 = CARTESIAN_POINT ( 'NONE',  ( 3.186801323714855361, 2.065488422548632741, -26.91568978154765190 ) ) ;
#1674 = CARTESIAN_POINT ( 'NONE',  ( -3.757391644412751752, 2.070271023522930243, -27.84760024254213917 ) ) ;
#1675 = CARTESIAN_POINT ( 'NONE',  ( 2.301616927133231183, 2.556737814302636913, -27.83726992770485609 ) ) ;
#1676 = DIRECTION ( 'NONE',  ( 0.000000000000000000, 1.000000000000000000, 0.000000000000000000 ) ) ;
#1677 = CARTESIAN_POINT ( 'NONE',  ( 1.505125574748921835, 2.109554129469076056, -27.09942863445322558 ) ) ;
#1678 = ORIENTED_EDGE ( 'NONE', *, *, #2641, .T. ) ;
#1679 = CARTESIAN_POINT ( 'NONE',  ( 3.638371522145447123, 2.400703667314258993, -27.62199908118798319 ) ) ;
#1680 = CARTESIAN_POINT ( 'NONE',  ( 0.004497774467295127462, 2.012718562073001038, -26.90873178181035286 ) ) ;
#1681 = ADVANCED_FACE ( 'NONE', ( #1237 ), #574, .F. ) ;
#1682 = CARTESIAN_POINT ( 'NONE',  ( -2.133002225854617961, 1.966934225413054627, -26.73050798782740500 ) ) ;
#1683 = CARTESIAN_POINT ( 'NONE',  ( -3.487235204747984874, 2.050271023522930225, -27.36101500869006387 ) ) ;
#1684 = CARTESIAN_POINT ( 'NONE',  ( 2.598278055406949338, 2.435294804262472468, -27.46834928107904616 ) ) ;
#1685 = CARTESIAN_POINT ( 'NONE',  ( 0.04320991146551957096, 2.387570967383040976, -27.83726992770484898 ) ) ;
#1686 = CARTESIAN_POINT ( 'NONE',  ( -3.700520306272779170, 2.514712113026687845, -27.83726992770485609 ) ) ;
#1687 = CARTESIAN_POINT ( 'NONE',  ( -0.1643590533453258562, 2.011464532046383535, -26.91177123746551914 ) ) ;
#1688 = VERTEX_POINT ( 'NONE', #1579 ) ;
#1689 = ORIENTED_EDGE ( 'NONE', *, *, #31, .T. ) ;
#1690 = CARTESIAN_POINT ( 'NONE',  ( -3.369354499228192967, 2.289856204765469805, -27.28879785689809623 ) ) ;
#1691 = CARTESIAN_POINT ( 'NONE',  ( 3.581145440082817100, 2.611444250654307186, -27.83726992770485253 ) ) ;
#1692 = CARTESIAN_POINT ( 'NONE',  ( 0.02018289992284182446, 2.363725794713077644, -27.84427149234547016 ) ) ;
#1693 = CARTESIAN_POINT ( 'NONE',  ( -3.358061063672888036, 1.896271023522930310, -27.18559163194253969 ) ) ;
#1694 = CARTESIAN_POINT ( 'NONE',  ( 2.442517276359038814, 2.602030445540600923, -27.83726992770484898 ) ) ;
#1695 = DIRECTION ( 'NONE',  ( 1.000000000000000000, 0.000000000000000000, 0.000000000000000000 ) ) ;
#1696 = CARTESIAN_POINT ( 'NONE',  ( 1.896583095141272324, 2.295461665392572570, -27.46834928107902840 ) ) ;
#1697 = ORIENTED_EDGE ( 'NONE', *, *, #1398, .F. ) ;
#1698 = CARTESIAN_POINT ( 'NONE',  ( -2.569769968022913798, 2.046934225413054698, -23.58831582086456891 ) ) ;
#1699 = CARTESIAN_POINT ( 'NONE',  ( -1.298675180936901263, 2.364737773675663401, -27.83726992770483832 ) ) ;
#1700 = CARTESIAN_POINT ( 'NONE',  ( -1.569139977927519469, 1.961973696643779741, -26.71820525699473592 ) ) ;
#1701 = CARTESIAN_POINT ( 'NONE',  ( 2.798247774145382394, 1.966934225413054627, -26.73050798782741211 ) ) ;
#1702 = ADVANCED_FACE ( 'NONE', ( #2950 ), #1919, .T. ) ;
#1703 = CARTESIAN_POINT ( 'NONE',  ( 1.327670729227666158, 2.065323568904305240, -27.05645503214892500 ) ) ;
#1704 = CARTESIAN_POINT ( 'NONE',  ( -3.287958337423248167, 2.070271023522818332, -26.93405855973047380 ) ) ;
#1705 = CARTESIAN_POINT ( 'NONE',  ( -3.768223944672941528, 2.433526063646579640, -27.83726992770484898 ) ) ;
#1706 = CARTESIAN_POINT ( 'NONE',  ( -0.1275605483449200328, 2.080215350949105257, -27.09828266325941826 ) ) ;
#1707 = ORIENTED_EDGE ( 'NONE', *, *, #1505, .T. ) ;
#1708 = EDGE_CURVE ( 'NONE', #2983, #1507, #3213, .T. ) ;
#1709 = ORIENTED_EDGE ( 'NONE', *, *, #1788, .F. ) ;
#1710 = CARTESIAN_POINT ( 'NONE',  ( 3.663035358973521838, 1.896271023522930532, -27.67569056018566087 ) ) ;
#1711 = CARTESIAN_POINT ( 'NONE',  ( -3.330269466039971871, 2.428097963116243818, -27.47561365388760279 ) ) ;
#1712 = CARTESIAN_POINT ( 'NONE',  ( 3.568756002602102129, 2.618569304514919427, -27.83726992770484543 ) ) ;
#1713 = CARTESIAN_POINT ( 'NONE',  ( 0.05958685595970306809, 2.151758022296132555, -27.28459280806848497 ) ) ;
#1714 = CARTESIAN_POINT ( 'NONE',  ( -2.678474185526315221, 2.004595749130297033, -23.61878144283642555 ) ) ;
#1715 = CARTESIAN_POINT ( 'NONE',  ( 2.490255445436352577, 2.617450132527871620, -27.83726992770484898 ) ) ;
#1716 = CIRCLE ( 'NONE', #3569, 0.09842519685039161081 ) ;
#1717 = DIRECTION ( 'NONE',  ( 0.000000000000000000, -1.000000000000000000, 0.000000000000000000 ) ) ;
#1718 = CIRCLE ( 'NONE', #1099, 0.09842519685039161081 ) ;
#1719 = VECTOR ( 'NONE', #530, 39.37007874015748143 ) ;
#1720 = VECTOR ( 'NONE', #3070, 39.37007874015748143 ) ;
#1721 = ORIENTED_EDGE ( 'NONE', *, *, #4066, .F. ) ;
#1722 = CARTESIAN_POINT ( 'NONE',  ( -2.758069288130857277, 1.896271023522930754, -25.02633703358464601 ) ) ;
#1723 = CARTESIAN_POINT ( 'NONE',  ( 1.307670729227665918, 2.364737762996838910, -27.83726992770484898 ) ) ;
#1724 = CARTESIAN_POINT ( 'NONE',  ( -1.652201385653405241, 2.264435894929760273, -27.46834928107903551 ) ) ;
#1725 = CARTESIAN_POINT ( 'NONE',  ( 2.735106980215870731, 1.984629061719719534, -23.63789122274700105 ) ) ;
#1726 = VECTOR ( 'NONE', #2909, 39.37007874015748143 ) ;
#1727 = CARTESIAN_POINT ( 'NONE',  ( 3.266097298742154376, 1.964339221160775306, -26.72633098854271338 ) ) ;
#1728 = FACE_OUTER_BOUND ( 'NONE', #2010, .T. ) ;
#1729 = CARTESIAN_POINT ( 'NONE',  ( -3.746169418127974549, 2.464178927875441349, -27.83726992770484543 ) ) ;
#1730 = CARTESIAN_POINT ( 'NONE',  ( 1.327670729227666158, 2.159971393855194766, -27.31623723835569706 ) ) ;
#1731 = ORIENTED_EDGE ( 'NONE', *, *, #401, .F. ) ;
#1732 = CARTESIAN_POINT ( 'NONE',  ( 2.766149313388780673, 1.896271023522930310, -25.01730857830751376 ) ) ;
#1733 = CARTESIAN_POINT ( 'NONE',  ( -2.963990426252244959, 2.719269168669296022, -27.84841520341234755 ) ) ;
#1734 = EDGE_CURVE ( 'NONE', #123, #950, #4184, .T. ) ;
#1735 = EDGE_CURVE ( 'NONE', #1172, #3235, #3277, .T. ) ;
#1736 = FACE_OUTER_BOUND ( 'NONE', #1147, .T. ) ;
#1737 = FACE_OUTER_BOUND ( 'NONE', #1821, .T. ) ;
#1738 = CARTESIAN_POINT ( 'NONE',  ( 2.293745895692410830, 2.554271409603956933, -27.83726992770485253 ) ) ;
#1739 = CARTESIAN_POINT ( 'NONE',  ( 2.436357626218017991, 1.966934225413054627, -23.65789122274700063 ) ) ;
#1740 = CARTESIAN_POINT ( 'NONE',  ( -3.774517198282984154, 2.298825800693371058, -27.83726992770484898 ) ) ;
#1741 = B_SPLINE_CURVE_WITH_KNOTS ( 'NONE', 3,
 ( #2725, #4017, #1086, #2400 ),
 .UNSPECIFIED., .F., .F.,
 ( 4, 4 ),
 ( 0.000000000000000000, 0.2945051077177525123 ),
 .UNSPECIFIED. ) ;
#1742 = VERTEX_POINT ( 'NONE', #3610 ) ;
#1743 = FACE_OUTER_BOUND ( 'NONE', #3074, .T. ) ;
#1744 = CARTESIAN_POINT ( 'NONE',  ( -1.325644499384851294, 2.367027076826115906, -27.83726992770484898 ) ) ;
#1745 = CARTESIAN_POINT ( 'NONE',  ( -1.963148087601491731, 1.962952923978557696, -26.72230616727229702 ) ) ;
#1746 = CARTESIAN_POINT ( 'NONE',  ( -3.595502225854618317, 2.004663988466178548, -23.63789122274700105 ) ) ;
#1747 = CARTESIAN_POINT ( 'NONE',  ( 3.346529501442161880, 2.196130014422626342, -27.09942863445322558 ) ) ;
#1748 = CARTESIAN_POINT ( 'NONE',  ( -3.774517198282988595, 1.896271023522930310, -27.83726992770484898 ) ) ;
#1749 = CARTESIAN_POINT ( 'NONE',  ( 3.783512746573752583, 2.423103189278592584, -27.83726992770484898 ) ) ;
#1750 = B_SPLINE_SURFACE_WITH_KNOTS ( 'NONE', 3, 1, ( 
 ( #1674, #2016 ),
 ( #989, #1693 ),
 ( #3034, #750 ),
 ( #1998, #3291 ),
 ( #43, #1654 ),
 ( #3605, #411 ) ),
 .UNSPECIFIED., .F., .F., .F.,
 ( 4, 2, 4 ),
 ( 2, 2 ),
 ( 0.000000000000000000, 0.5000000000000000000, 1.000000000000000000 ),
 ( 0.000000000000000000, 1.000000000000000000 ),
 .UNSPECIFIED. ) ;
#1751 = CARTESIAN_POINT ( 'NONE',  ( 1.307670729227665918, -1.951533724615070575, -27.05645503214892500 ) ) ;
#1752 = ORIENTED_EDGE ( 'NONE', *, *, #535, .T. ) ;
#1753 = CARTESIAN_POINT ( 'NONE',  ( 1.942576492255449594, 2.460306002910070955, -27.83726992770484898 ) ) ;
#1754 = CARTESIAN_POINT ( 'NONE',  ( -2.600047336066075854, 2.187849235178094709, -27.10221109080339374 ) ) ;
#1755 = CARTESIAN_POINT ( 'NONE',  ( -3.450254541645161765, 2.175230706966586158, -27.09942863445322558 ) ) ;
#1756 = CARTESIAN_POINT ( 'NONE',  ( 0.5936298754965405600, 2.007355105155355979, -26.91098517982275951 ) ) ;
#1757 = ORIENTED_EDGE ( 'NONE', *, *, #478, .T. ) ;
#1758 = EDGE_CURVE ( 'NONE', #313, #950, #1231, .T. ) ;
#1759 = CARTESIAN_POINT ( 'NONE',  ( 3.760166554960240770, 1.896271023522930310, -27.83726992770484898 ) ) ;
#1760 = CARTESIAN_POINT ( 'NONE',  ( -2.133002225854617961, 1.966934225413054627, -26.73050798782740500 ) ) ;
#1761 = CARTESIAN_POINT ( 'NONE',  ( -2.607829520413810886, 1.984629061719719534, -23.63789122274700105 ) ) ;
#1762 = ADVANCED_FACE ( 'NONE', ( #3039 ), #1982, .T. ) ;
#1763 = EDGE_LOOP ( 'NONE', ( #1142, #3408, #1815, #3725 ) ) ;
#1764 = CARTESIAN_POINT ( 'NONE',  ( 1.307670729227665918, 2.064713622603874477, -27.05645503214892500 ) ) ;
#1765 = CARTESIAN_POINT ( 'NONE',  ( 2.168407336256952256, 2.492952670070034848, -27.83726992770485609 ) ) ;
#1766 = CARTESIAN_POINT ( 'NONE',  ( 3.269343105209137956, 2.022974238523721713, -26.81973364731639009 ) ) ;
#1767 = CARTESIAN_POINT ( 'NONE',  ( 3.603146543343452635, 1.963490996355184093, -26.72215398925802177 ) ) ;
#1768 = CARTESIAN_POINT ( 'NONE',  ( 0.02848437501962677865, 1.963825879321664525, -26.72230616727229702 ) ) ;
#1769 = CARTESIAN_POINT ( 'NONE',  ( -3.469906105971813481, 2.663150998951413939, -27.83726992770483832 ) ) ;
#1770 = CARTESIAN_POINT ( 'NONE',  ( -0.01169974396247257936, 1.943694641869904594, -26.72550791247549284 ) ) ;
#1771 = LINE ( 'NONE', #3697, #3299 ) ;
#1772 = VERTEX_POINT ( 'NONE', #1013 ) ;
#1773 = CARTESIAN_POINT ( 'NONE',  ( -3.595502225854618317, 2.004427634586039897, -23.52243052234773302 ) ) ;
#1774 = B_SPLINE_CURVE_WITH_KNOTS ( 'NONE', 3,
 ( #1447, #2108, #4054, #4096 ),
 .UNSPECIFIED., .F., .F.,
 ( 4, 4 ),
 ( 0.6809962437614279773, 0.6837740215392059673 ),
 .UNSPECIFIED. ) ;
#1775 = CARTESIAN_POINT ( 'NONE',  ( -2.897158515976991477, 2.460215820364439754, -27.47558034963703832 ) ) ;
#1776 = CARTESIAN_POINT ( 'NONE',  ( -3.557540028543201061, 2.149532752088587628, -27.09942863445322558 ) ) ;
#1777 = CARTESIAN_POINT ( 'NONE',  ( 0.4683391196735863238, 2.332736108867380587, -27.84385019231006808 ) ) ;
#1778 = ORIENTED_EDGE ( 'NONE', *, *, #2811, .F. ) ;
#1779 = CARTESIAN_POINT ( 'NONE',  ( -3.595502225854618317, 1.966934225413054627, -23.65789122274700063 ) ) ;
#1780 = CARTESIAN_POINT ( 'NONE',  ( -3.033002225854618317, 1.966934225413054627, -26.73050798782740500 ) ) ;
#1781 = CARTESIAN_POINT ( 'NONE',  ( 2.575595305427877069, 2.004663988466177660, -23.65789122274700063 ) ) ;
#1782 = AXIS2_PLACEMENT_3D ( 'NONE', #4005, #1422, #1073 ) ;
#1783 = ORIENTED_EDGE ( 'NONE', *, *, #820, .F. ) ;
#1784 = AXIS2_PLACEMENT_3D ( 'NONE', #3239, #3831, #1200 ) ;
#1785 = DIRECTION ( 'NONE',  ( 0.000000000000000000, 0.000000000000000000, -1.000000000000000000 ) ) ;
#1786 = CARTESIAN_POINT ( 'NONE',  ( -1.888717702265314324, 1.965020505179954968, -26.72640707754985456 ) ) ;
#1787 = ADVANCED_FACE ( 'NONE', ( #1076 ), #3015, .T. ) ;
#1788 = EDGE_CURVE ( 'NONE', #2021, #3649, #3295, .T. ) ;
#1789 = LINE ( 'NONE', #161, #147 ) ;
#1790 = AXIS2_PLACEMENT_3D ( 'NONE', #292, #3869, #994 ) ;
#1791 = ORIENTED_EDGE ( 'NONE', *, *, #535, .F. ) ;
#1792 = CARTESIAN_POINT ( 'NONE',  ( 2.762968264769913862, 1.896271023522930310, -23.52243052234773302 ) ) ;
#1793 = CARTESIAN_POINT ( 'NONE',  ( -2.650670393873436836, 2.669230385284819373, -27.83726992770484898 ) ) ;
#1794 = VECTOR ( 'NONE', #3623, 39.37007874015748143 ) ;
#1795 = CARTESIAN_POINT ( 'NONE',  ( 3.295858504717181781, 2.070271023522929354, -26.93391889064928435 ) ) ;
#1796 = ORIENTED_EDGE ( 'NONE', *, *, #31, .F. ) ;
#1797 = ORIENTED_EDGE ( 'NONE', *, *, #1269, .T. ) ;
#1798 = CARTESIAN_POINT ( 'NONE',  ( -2.264382074005652168, 2.047965856937450368, -26.91467335595207899 ) ) ;
#1799 = CARTESIAN_POINT ( 'NONE',  ( -2.918959061466275262, 1.961202697133435979, -26.72230616727229702 ) ) ;
#1800 = CARTESIAN_POINT ( 'NONE',  ( 0.7465141865051918568, 2.006966756713436606, -26.91094585644121651 ) ) ;
#1801 = EDGE_LOOP ( 'NONE', ( #3731, #3104, #1707, #2401, #1258, #806 ) ) ;
#1802 = CARTESIAN_POINT ( 'NONE',  ( -3.205340157898905584, 1.946934225413054165, -26.73636043497679893 ) ) ;
#1803 = CARTESIAN_POINT ( 'NONE',  ( -1.889252225854617606, 1.966934225413054627, -26.73050798782740500 ) ) ;
#1804 = DIRECTION ( 'NONE',  ( 0.000000000000000000, 1.000000000000000000, 0.000000000000000000 ) ) ;
#1805 = CARTESIAN_POINT ( 'NONE',  ( 1.117276640043698643, 2.080997977162340362, -27.05645503214892855 ) ) ;
#1806 = CARTESIAN_POINT ( 'NONE',  ( -2.728438692570824387, 1.984561876812535930, -23.59938576399151344 ) ) ;
#1807 = CARTESIAN_POINT ( 'NONE',  ( -3.587171269687541297, 2.375933296443895060, -27.50198034155643612 ) ) ;
#1808 = DIRECTION ( 'NONE',  ( 0.000000000000000000, 0.000000000000000000, 1.000000000000000000 ) ) ;
#1809 = CARTESIAN_POINT ( 'NONE',  ( 0.004497774145382281256, 2.105953088104047577, -27.09942863445322558 ) ) ;
#1810 = ADVANCED_FACE ( 'NONE', ( #1743 ), #2973, .F. ) ;
#1811 = ORIENTED_EDGE ( 'NONE', *, *, #2510, .T. ) ;
#1812 = DIRECTION ( 'NONE',  ( 0.000000000000000000, -1.000000000000000000, 0.000000000000000000 ) ) ;
#1813 = CARTESIAN_POINT ( 'NONE',  ( -2.801317361126954175, 2.707210195164460931, -27.83726992770483832 ) ) ;
#1814 = CARTESIAN_POINT ( 'NONE',  ( -1.318675180936901281, 1.896271023522930310, -27.83726992770484898 ) ) ;
#1815 = ORIENTED_EDGE ( 'NONE', *, *, #3242, .T. ) ;
#1816 = ORIENTED_EDGE ( 'NONE', *, *, #58, .F. ) ;
#1817 = CARTESIAN_POINT ( 'NONE',  ( 2.423188491641398379, 2.398316578612243788, -27.46834928107903551 ) ) ;
#1818 = CARTESIAN_POINT ( 'NONE',  ( -2.507160439529402929, 2.398599782351896970, -27.47417732474516683 ) ) ;
#1819 = CARTESIAN_POINT ( 'NONE',  ( -3.480516546260039146, 1.960844947014902084, -26.71820525699473592 ) ) ;
#1820 = CARTESIAN_POINT ( 'NONE',  ( 1.253254641603926745, 2.204529506832571428, -27.47070591787185734 ) ) ;
#1821 = EDGE_LOOP ( 'NONE', ( #796, #1912, #810, #3294 ) ) ;
#1822 = B_SPLINE_CURVE_WITH_KNOTS ( 'NONE', 3,
 ( #2167, #779, #3123, #2836 ),
 .UNSPECIFIED., .F., .F.,
 ( 4, 4 ),
 ( 0.000000000000000000, 0.7076867928534509300 ),
 .UNSPECIFIED. ) ;
#1823 = CARTESIAN_POINT ( 'NONE',  ( -1.065449021359438087, 1.946934225413066821, -26.73363882470670916 ) ) ;
#1824 = DIRECTION ( 'NONE',  ( 0.000000000000000000, -1.000000000000000000, 0.000000000000000000 ) ) ;
#1825 = FACE_OUTER_BOUND ( 'NONE', #3848, .T. ) ;
#1826 = ORIENTED_EDGE ( 'NONE', *, *, #3314, .F. ) ;
#1827 = CARTESIAN_POINT ( 'NONE',  ( 2.950215296664599141, 2.334003790815350587, -27.28905733096274844 ) ) ;
#1828 = CARTESIAN_POINT ( 'NONE',  ( 2.742912348435150527, 2.070271023522930243, -23.52243052234773302 ) ) ;
#1829 = B_SPLINE_CURVE_WITH_KNOTS ( 'NONE', 3,
 ( #4186, #4163, #1498, #3554 ),
 .UNSPECIFIED., .F., .F.,
 ( 4, 4 ),
 ( 0.000000000000000000, 0.02105862733956744698 ),
 .UNSPECIFIED. ) ;
#1830 = CARTESIAN_POINT ( 'NONE',  ( -0.03148175425139743827, 1.963759198685050222, -26.72215398925802177 ) ) ;
#1831 = EDGE_LOOP ( 'NONE', ( #1697, #4009, #1633, #2567 ) ) ;
#1832 = CARTESIAN_POINT ( 'NONE',  ( 3.760341610619233332, 2.806271023522929120, -27.83726992770484898 ) ) ;
#1833 = CARTESIAN_POINT ( 'NONE',  ( -3.006880150987430778, 2.737548759721494918, -27.83726992770484898 ) ) ;
#1834 = CARTESIAN_POINT ( 'NONE',  ( -1.318675180936901281, 2.345188227821477955, -27.83726992770484898 ) ) ;
#1835 = CARTESIAN_POINT ( 'NONE',  ( -3.595502225854618317, 1.896271023522930310, -23.52243052234773302 ) ) ;
#1836 = CARTESIAN_POINT ( 'NONE',  ( 2.384443024917992648, 1.961858942767147118, -26.72215398925802177 ) ) ;
#1837 = CARTESIAN_POINT ( 'NONE',  ( 3.417041526868554335, 2.405634628246573037, -27.47515497694520548 ) ) ;
#1838 = CARTESIAN_POINT ( 'NONE',  ( -1.542247303081007326, 2.156002024585252919, -27.28487444433481102 ) ) ;
#1839 = CARTESIAN_POINT ( 'NONE',  ( -2.974385878354346424, 1.958382934554078414, -26.71820525699473592 ) ) ;
#1840 = CARTESIAN_POINT ( 'NONE',  ( 1.269285910420272723, 2.269747484238783919, -27.65723747936150900 ) ) ;
#1841 = B_SPLINE_CURVE_WITH_KNOTS ( 'NONE', 3,
 ( #1471, #1146, #2413, #3710 ),
 .UNSPECIFIED., .F., .F.,
 ( 4, 4 ),
 ( 0.7076867928534509300, 1.000000000000000000 ),
 .UNSPECIFIED. ) ;
#1842 = EDGE_CURVE ( 'NONE', #2032, #386, #2277, .T. ) ;
#1843 = EDGE_CURVE ( 'NONE', #2648, #602, #1384, .T. ) ;
#1844 = VERTEX_POINT ( 'NONE', #1661 ) ;
#1845 = CARTESIAN_POINT ( 'NONE',  ( -3.549460278030872384, 2.127809261596238954, -27.10081222175363891 ) ) ;
#1846 = CARTESIAN_POINT ( 'NONE',  ( -1.458002225854617695, 1.966934225413054627, -26.73050798782740500 ) ) ;
#1847 = EDGE_LOOP ( 'NONE', ( #3509, #821, #452, #3658, #1709 ) ) ;
#1848 = CARTESIAN_POINT ( 'NONE',  ( 3.771258351228665706, 2.428200182288213327, -27.81630628045846265 ) ) ;
#1849 = CARTESIAN_POINT ( 'NONE',  ( 3.606463097059029899, 2.568518601548016811, -27.83726992770482767 ) ) ;
#1850 = CARTESIAN_POINT ( 'NONE',  ( -1.344323870240527130, 1.962348535383639625, -26.71820525699473592 ) ) ;
#1851 = AXIS2_PLACEMENT_3D ( 'NONE', #2753, #1824, #4050 ) ;
#1852 = CARTESIAN_POINT ( 'NONE',  ( 2.397272248319546328, 2.004595749130297477, -23.61878144283642555 ) ) ;
#1853 = EDGE_LOOP ( 'NONE', ( #3616, #2460 ) ) ;
#1854 = DIRECTION ( 'NONE',  ( 0.000000000000000000, -1.000000000000000000, 0.000000000000000000 ) ) ;
#1855 = CARTESIAN_POINT ( 'NONE',  ( 3.325337291189539357, 1.896271023522930754, -27.00300304208704816 ) ) ;
#1856 = CARTESIAN_POINT ( 'NONE',  ( -2.665992016668764286, 2.673560466988970763, -27.83726992770485253 ) ) ;
#1857 = DIRECTION ( 'NONE',  ( 0.000000000000000000, -0.001744812478206600936, 0.9999984778135494468 ) ) ;
#1858 = VECTOR ( 'NONE', #1455, 39.37007874015748143 ) ;
#1859 = CARTESIAN_POINT ( 'NONE',  ( 2.144389185926401709, 1.946934225413052610, -26.73555779298149204 ) ) ;
#1860 = PRESENTATION_LAYER_ASSIGNMENT (  '', '', ( #3366 ) ) ;
#1861 = CARTESIAN_POINT ( 'NONE',  ( 2.385095399531689697, 1.964396584090100761, -26.72633098854271338 ) ) ;
#1862 = VECTOR ( 'NONE', #1217, 39.37007874015748143 ) ;
#1863 = CARTESIAN_POINT ( 'NONE',  ( -1.807060080462501883, 2.025978688187527688, -26.91298219037390638 ) ) ;
#1864 = CARTESIAN_POINT ( 'NONE',  ( -2.694791172612968300, 1.964125190649921970, -26.72640707754985456 ) ) ;
#1865 = CARTESIAN_POINT ( 'NONE',  ( 2.019816014581620855, 2.210159063462160844, -27.28592322931664071 ) ) ;
#1866 = AXIS2_PLACEMENT_3D ( 'NONE', #2839, #2818, #1192 ) ;
#1867 = ORIENTED_EDGE ( 'NONE', *, *, #3933, .F. ) ;
#1868 = EDGE_CURVE ( 'NONE', #661, #3551, #2700, .T. ) ;
#1869 = EDGE_CURVE ( 'NONE', #2273, #3196, #2395, .T. ) ;
#1870 = CARTESIAN_POINT ( 'NONE',  ( -3.648102962442247854, 2.098036497961030200, -27.09961542849607596 ) ) ;
#1871 = DIRECTION ( 'NONE',  ( 0.000000000000000000, 0.000000000000000000, -1.000000000000000000 ) ) ;
#1872 = ORIENTED_EDGE ( 'NONE', *, *, #2837, .F. ) ;
#1873 = DIRECTION ( 'NONE',  ( 0.000000000000000000, -1.000000000000000000, 0.000000000000000000 ) ) ;
#1874 = CARTESIAN_POINT ( 'NONE',  ( -1.298675180936897267, -1.951533724615070575, -27.05645503214891789 ) ) ;
#1875 = CYLINDRICAL_SURFACE ( 'NONE', #4039, 0.06250000000000295597 ) ;
#1876 = CARTESIAN_POINT ( 'NONE',  ( 2.505976465822947308, 2.046934225413054698, -23.58831582086456891 ) ) ;
#1877 = ORIENTED_EDGE ( 'NONE', *, *, #4166, .T. ) ;
#1878 = CARTESIAN_POINT ( 'NONE',  ( -1.318675180936893510, 1.896271023522930310, -26.73050798782737303 ) ) ;
#1879 = DIRECTION ( 'NONE',  ( 1.000000000000000000, 0.000000000000000000, -3.354088014807555410E-15 ) ) ;
#1880 = CARTESIAN_POINT ( 'NONE',  ( -2.867436046882396283, 2.720087335107616244, -27.83726992770484543 ) ) ;
#1881 = CARTESIAN_POINT ( 'NONE',  ( -2.744961191953149360, 2.050271023522930225, -23.65789122274700063 ) ) ;
#1882 = CARTESIAN_POINT ( 'NONE',  ( -2.639388807627843114, 1.966934225413054627, -23.65789122274700063 ) ) ;
#1883 = CARTESIAN_POINT ( 'NONE',  ( 1.898247774145382483, 1.966934225413054627, -26.73050798782741211 ) ) ;
#1884 = CARTESIAN_POINT ( 'NONE',  ( 3.378661845506115924, 2.417695933768699401, -27.47532152404793493 ) ) ;
#1885 = CARTESIAN_POINT ( 'NONE',  ( -1.522060997770914081, 2.085207524780900545, -27.09845581430830919 ) ) ;
#1886 = CARTESIAN_POINT ( 'NONE',  ( -2.244888959525421335, 1.964608054158078820, -26.72640707754985456 ) ) ;
#1887 = CARTESIAN_POINT ( 'NONE',  ( 2.097718153215783143, 2.221451667399430008, -27.28617954822248137 ) ) ;
#1888 = B_SPLINE_CURVE_WITH_KNOTS ( 'NONE', 3,
 ( #109, #175, #2477, #1759 ),
 .UNSPECIFIED., .F., .F.,
 ( 4, 4 ),
 ( 0.000000000000000000, 0.1304147429503506039 ),
 .UNSPECIFIED. ) ;
#1889 = ORIENTED_EDGE ( 'NONE', *, *, #844, .T. ) ;
#1890 = CARTESIAN_POINT ( 'NONE',  ( -3.483784149057232327, 2.379843474046273499, -27.47494762439467308 ) ) ;
#1891 = CARTESIAN_POINT ( 'NONE',  ( 2.929609825980820759, 2.728494399431734774, -27.83726992770484898 ) ) ;
#1892 = DIRECTION ( 'NONE',  ( 0.000000000000000000, -1.000000000000000000, 0.000000000000000000 ) ) ;
#1893 = EDGE_CURVE ( 'NONE', #2495, #1844, #2507, .T. ) ;
#1894 = CARTESIAN_POINT ( 'NONE',  ( 3.686654869358203968, 2.422446504444081494, -27.66794783718808759 ) ) ;
#1895 = CARTESIAN_POINT ( 'NONE',  ( 1.902239872367802676, 2.451499804514937875, -27.83726992770485253 ) ) ;
#1896 = PLANE ( 'NONE',  #1592 ) ;
#1897 = EDGE_CURVE ( 'NONE', #1933, #2810, #1774, .T. ) ;
#1898 = ADVANCED_FACE ( 'NONE', ( #4076 ), #3936, .T. ) ;
#1899 = DIRECTION ( 'NONE',  ( 0.000000000000000000, -1.000000000000000000, 0.000000000000000000 ) ) ;
#1900 = ORIENTED_EDGE ( 'NONE', *, *, #1025, .F. ) ;
#1901 = CARTESIAN_POINT ( 'NONE',  ( 2.546104551605783417, 1.941982225660263461, -26.72898896690667669 ) ) ;
#1902 = DIRECTION ( 'NONE',  ( 0.000000000000000000, 1.000000000000000000, -3.475471168776155271E-14 ) ) ;
#1903 = CARTESIAN_POINT ( 'NONE',  ( -1.993203607242918229, 2.473644262365489510, -27.83726992770484898 ) ) ;
#1904 = DIRECTION ( 'NONE',  ( 0.000000000000000000, 1.000000000000000000, 0.000000000000000000 ) ) ;
#1905 = DIRECTION ( 'NONE',  ( 0.000000000000000000, 1.000000000000000000, 0.000000000000000000 ) ) ;
#1906 = CARTESIAN_POINT ( 'NONE',  ( 2.253873128505764267, 1.964564893831425296, -26.72633098854271338 ) ) ;
#1907 = CARTESIAN_POINT ( 'NONE',  ( -0.2319620258499169307, 2.231165959657661180, -27.46834928107903551 ) ) ;
#1908 = CARTESIAN_POINT ( 'NONE',  ( -1.883360590980633020, 2.028867449026685588, -26.91321874937069580 ) ) ;
#1909 = CARTESIAN_POINT ( 'NONE',  ( -2.297477774307940201, 2.372609493081798693, -27.46834928107903551 ) ) ;
#1910 = CARTESIAN_POINT ( 'NONE',  ( 2.124158159183591188, 2.314388030050642087, -27.47258614311105518 ) ) ;
#1911 = DIRECTION ( 'NONE',  ( 0.000000000000000000, 0.000000000000000000, -1.000000000000000000 ) ) ;
#1912 = ORIENTED_EDGE ( 'NONE', *, *, #1893, .T. ) ;
#1913 = CARTESIAN_POINT ( 'NONE',  ( -3.441956339764471906, 2.044059280932049028, -26.91478406789607902 ) ) ;
#1914 = DIRECTION ( 'NONE',  ( 0.000000000000000000, -1.000000000000000000, 0.000000000000000000 ) ) ;
#1915 = LINE ( 'NONE', #3208, #3439 ) ;
#1916 = CARTESIAN_POINT ( 'NONE',  ( 2.753956740243913792, 2.050271023522930225, -23.65789122274700063 ) ) ;
#1917 = CARTESIAN_POINT ( 'NONE',  ( 0.9281725900252769668, 2.092898867010838160, -27.09942863445322558 ) ) ;
#1918 = ORIENTED_EDGE ( 'NONE', *, *, #1450, .T. ) ;
#1919 = PLANE ( 'NONE',  #2894 ) ;
#1920 = EDGE_CURVE ( 'NONE', #2168, #406, #326, .T. ) ;
#1921 = CARTESIAN_POINT ( 'NONE',  ( -2.233227709979721087, 2.538460456039049351, -27.83726992770484898 ) ) ;
#1922 = EDGE_CURVE ( 'NONE', #3285, #3456, #653, .T. ) ;
#1923 = CARTESIAN_POINT ( 'NONE',  ( 2.742912348435150527, 1.896271023522930310, -23.52243052234773302 ) ) ;
#1924 = DIRECTION ( 'NONE',  ( 0.000000000000000000, -1.000000000000000000, 0.000000000000000000 ) ) ;
#1925 = ADVANCED_BREP_SHAPE_REPRESENTATION ( 'rear diffuser', ( #685, #3435 ), #1522 ) ;
#1926 = CARTESIAN_POINT ( 'NONE',  ( 2.871708963641441681, 1.961092351829589964, -26.72215398925802177 ) ) ;
#1927 = CARTESIAN_POINT ( 'NONE',  ( 3.564706056955238900, 1.943094201231884366, -26.72602932319761493 ) ) ;
#1928 = AXIS2_PLACEMENT_3D ( 'NONE', #2880, #328, #3588 ) ;
#1929 = AXIS2_PLACEMENT_3D ( 'NONE', #2890, #1905, #2872 ) ;
#1930 = CARTESIAN_POINT ( 'NONE',  ( -1.582603314703960651, 2.297601704211387652, -27.65771043361169390 ) ) ;
#1931 = CARTESIAN_POINT ( 'NONE',  ( 2.197190603510151607, 2.043499815460814606, -26.91394502674249622 ) ) ;
#1932 = DIRECTION ( 'NONE',  ( 0.000000000000000000, 0.9999984778135494468, 0.001744812478206600936 ) ) ;
#1933 = VERTEX_POINT ( 'NONE', #3460 ) ;
#1934 = VECTOR ( 'NONE', #4144, 39.37007874015748143 ) ;
#1935 = B_SPLINE_CURVE_WITH_KNOTS ( 'NONE', 3,
 ( #3996, #1705, #3066, #1729, #2397, #2354, #743, #3020, #2075, #1686, #3341, #3694, #2742, #3385, #3000, #121, #4063, #2095, #2683, #2053, #1432, #1412, #3971, #55, #1063, #808, #3045, #3405, #2029, #2375, #3675, #100, #2724, #1769, #4015, #1084, #4034, #1042, #1109, #142, #2423, #787, #3655, #1457, #3089, #2765, #1132, #2446, #3743, #2115, #3428, #2538, #1544, #207, #3177, #509, #868, #3850, #2467, #1497, #2516, #1833, #1174, #2848, #1198, #909, #1563, #1519, #575, #3810, #531, #2175, #2782, #3152, #886, #1880, #2491, #851, #2825, #2197, #2869, #1813, #3489, #249, #826, #2801, #3447, #549, #487, #4162, #3132, #185, #4128, #2221, #3469, #1856, #1793, #3112, #4103, #3762, #3789, #3198, #231, #4146, #1238, #4080, #1219, #3829, #2557, #166, #1479, #3511, #1153, #2136, #2156, #1964, #355, #2974, #1983, #3553, #2619, #635, #4185, #995, #2577, #1641, #3870, #2305, #3912, #2951, #3214, #3296, #12, #1260, #655, #1604, #953, #3611, #1329, #2640, #2910, #4228, #335, #976, #3531, #2285, #1662, #3929, #268, #3892, #3278, #32, #1349, #1285, #2262, #3594, #293, #3575, #1580, #1946, #675, #612, #1921, #2658, #2598, #3258, #315, #594, #3948, #1014, #1625, #1903, #4207, #930, #2931, #2888, #2242, #1305, #3236, #1037, #116, #1427, #3380, #2046, #756, #2349, #4011, #1449, #49, #3335, #95, #2069, #1744, #1699 ),
 .UNSPECIFIED., .F., .F.,
 ( 4, 1, 2, 2, 1, 2, 2, 1, 1, 2, 2, 1, 2, 2, 1, 1, 2, 2, 1, 2, 2, 1, 2, 2, 2, 2, 2, 2, 2, 2, 1, 1, 2, 2, 1, 1, 1, 2, 2, 1, 1, 2, 2, 1, 2, 2, 1, 1, 2, 2, 1, 2, 2, 1, 1, 1, 2, 2, 1, 1, 2, 2, 1, 1, 1, 2, 2, 1, 1, 2, 2, 1, 1, 1, 1, 1, 2, 2, 1, 1, 1, 1, 2, 2, 1, 1, 1, 2, 2, 1, 1, 1, 2, 2, 1, 1, 2, 2, 1, 1, 1, 2, 2, 1, 1, 1, 1, 2, 2, 1, 1, 2, 2, 1, 2, 2, 1, 1, 1, 2, 2, 1, 1, 1, 2, 2, 1, 1, 1, 4 ),
 ( 0.000000000000000000, 0.01038571858083811236, 0.01557857787125730212, 0.01817500751646675822, 0.02077143716167621432, 0.03115715574251591222, 0.03375358538772584016, 0.03635001503293575770, 0.04154287432335561359, 0.04673573361377546254, 0.04933216325898526211, 0.05192859290419504781, 0.06231431148503489836, 0.06491074113024486447, 0.06750717077545483058, 0.07270003006587495709, 0.07789288935629509747, 0.08048931900150517460, 0.08308574864671525173, 0.09347146722755410309, 0.09866432651797345244, 0.1038571858083927879, 0.1090500450988121373, 0.1142429043892315005, 0.1246286229700696857, 0.1350143415509078848, 0.1402072008413271509, 0.1454000601317464170, 0.1557857787125845883, 0.1583822083577944850, 0.1609786380030043540, 0.1661714972934241197, 0.1869429344551020444, 0.1895393641003116636, 0.1921357937455213105, 0.1973286530359410484, 0.2077143716167808851, 0.2181000901976207773, 0.2206965198428310626, 0.2232929494880413201, 0.2284858087784618352, 0.2336786680688824058, 0.2362750977140926356, 0.2388715273593029209, 0.2492572459401450613, 0.2518536755853557629, 0.2544501052305663258, 0.2596429645209877290, 0.2648358238114091323, 0.2674322534566197507, 0.2700286831018304246, 0.2804144016826720098, 0.2817126165052768472, 0.2830108313278817400, 0.2856072609730915257, 0.2908001202635110971, 0.2959929795539307240, 0.2972911943765353948, 0.2985894091991400656, 0.3011858388443497403, 0.3115715574251878284, 0.3128697722477926102, 0.3141679870703973920, 0.3167644167156070667, 0.3219572760060264160, 0.3271501352964457654, 0.3284483501190506027, 0.3297465649416554401, 0.3323429945868655588, 0.3427287131677056453, 0.3440269279903104271, 0.3453251428129151535, 0.3479215724581252722, 0.3531144317485456208, 0.3583072910389659693, 0.3589563984502684435, 0.3592809521559195973, 0.3596055058615708067, 0.3609037206841751444, 0.3635001503293835423, 0.3660965799745919957, 0.3667456873858940258, 0.3670702410915449576, 0.3672325179443706178, 0.3673947947971961669, 0.3686930096198013929, 0.3738858689102225186, 0.3745349763215252148, 0.3751840837328279110, 0.3764822985554333035, 0.3790787282006442549, 0.3816751578458552618, 0.3823242652571581246, 0.3829733726684609318, 0.3842715874910663798, 0.3894644467814877831, 0.3901135541927906458, 0.3907626616040934531, 0.3920608764266989010, 0.3946573060719096304, 0.4050430246527525480, 0.4056921320640551887, 0.4063412394753577739, 0.4076394542979631108, 0.4102358839431738957, 0.4154287432335955210, 0.4206216025240171463, 0.4212707099353197870, 0.4219198173466223722, 0.4232180321692275982, 0.4258144618144379390, 0.4362001803952794132, 0.4465858989761209430, 0.4569716175569624173, 0.4985144918803291469, 0.5037073511707500506, 0.5089002104611709543, 0.5192859290420127616, 0.5400573662036961542, 0.5608288033653795468, 0.5634252330105898876, 0.5660216626558003394, 0.5712145219462209100, 0.5816002405270621622, 0.6231431148504271711, 0.6257395444956375119, 0.6283359741408478527, 0.6335288334312686453, 0.6439145520121101196, 0.6646859891737929571 ),
 .UNSPECIFIED. ) ;
#1936 = CARTESIAN_POINT ( 'NONE',  ( -3.702256380507464861, 2.254982795501068615, -27.47220655668593281 ) ) ;
#1937 = CARTESIAN_POINT ( 'NONE',  ( 2.892780997942892451, 2.722837783694723068, -27.83726992770484543 ) ) ;
#1938 = CARTESIAN_POINT ( 'NONE',  ( -2.672943154165454693, 2.652982344421014549, -27.83726992770483832 ) ) ;
#1939 = AXIS2_PLACEMENT_3D ( 'NONE', #550, #2539, #2889 ) ;
#1940 = DIRECTION ( 'NONE',  ( 0.000000000000000000, -0.001744812478206600936, 0.9999984778135494468 ) ) ;
#1941 = CARTESIAN_POINT ( 'NONE',  ( 1.662243633253457364, 2.407267321797455395, -27.83726992770485253 ) ) ;
#1942 = DIRECTION ( 'NONE',  ( 0.000000000000000000, -3.475471168776155271E-14, -1.000000000000000000 ) ) ;
#1943 = CARTESIAN_POINT ( 'NONE',  ( 0.4543657669864075155, 1.965490304109630326, -26.72633098854271338 ) ) ;
#1944 = ORIENTED_EDGE ( 'NONE', *, *, #3111, .T. ) ;
#1945 = CARTESIAN_POINT ( 'NONE',  ( -3.173331785730687749, 1.896271023522930310, -26.66073214532121938 ) ) ;
#1946 = CARTESIAN_POINT ( 'NONE',  ( -2.242503549141426689, 2.541256165204664796, -27.83726992770484898 ) ) ;
#1947 = CARTESIAN_POINT ( 'NONE',  ( -3.595502225854618317, 2.004427634586039897, -23.52243052234773302 ) ) ;
#1948 = DIRECTION ( 'NONE',  ( 0.000000000000000000, -1.000000000000000000, 0.000000000000000000 ) ) ;
#1949 = EDGE_CURVE ( 'NONE', #529, #661, #4181, .T. ) ;
#1950 = CARTESIAN_POINT ( 'NONE',  ( 2.653595589132441646, 2.211575423050763600, -27.09942863445321493 ) ) ;
#1951 = CARTESIAN_POINT ( 'NONE',  ( 3.711227607581188526, 2.254912488651189761, -27.47204160337517109 ) ) ;
#1952 = CARTESIAN_POINT ( 'NONE',  ( -0.2823842583338324053, 2.076270611815585809, -27.09810776946926225 ) ) ;
#1953 = ORIENTED_EDGE ( 'NONE', *, *, #1656, .F. ) ;
#1954 = ORIENTED_EDGE ( 'NONE', *, *, #3914, .T. ) ;
#1955 = CARTESIAN_POINT ( 'NONE',  ( -3.065001797246038162, 1.942204998665477689, -26.72973959972294011 ) ) ;
#1956 = CARTESIAN_POINT ( 'NONE',  ( 2.826609304694267966, 2.710575329594581806, -27.83726992770485253 ) ) ;
#1957 = FACE_OUTER_BOUND ( 'NONE', #3528, .T. ) ;
#1958 = CARTESIAN_POINT ( 'NONE',  ( 2.505976465822947308, 2.046934225413054698, -23.48989062401417627 ) ) ;
#1959 = CARTESIAN_POINT ( 'NONE',  ( 1.789452849636883780, 2.428841136886827456, -27.83726992770485253 ) ) ;
#1960 = DIRECTION ( 'NONE',  ( 0.000000000000000000, -1.000000000000000000, 0.000000000000000000 ) ) ;
#1961 = CARTESIAN_POINT ( 'NONE',  ( 1.466566082947547978, 1.965319452039231196, -26.72633098854271338 ) ) ;
#1962 = VERTEX_POINT ( 'NONE', #1537 ) ;
#1963 = DIRECTION ( 'NONE',  ( 0.000000000000000000, -3.475471168776155271E-14, -1.000000000000000000 ) ) ;
#1964 = CARTESIAN_POINT ( 'NONE',  ( -2.481260095769943330, 2.617450192102625195, -27.83726992770484898 ) ) ;
#1965 = CARTESIAN_POINT ( 'NONE',  ( 3.267473357020528102, 2.030284666878356514, -26.86793013863679747 ) ) ;
#1966 = CARTESIAN_POINT ( 'NONE',  ( 3.162091297905834431, 1.966934225413054627, -26.73050798782740500 ) ) ;
#1967 = CARTESIAN_POINT ( 'NONE',  ( 3.041997774145382305, 1.966934225413054627, -26.73050798782740500 ) ) ;
#1968 = CARTESIAN_POINT ( 'NONE',  ( -2.500151128417984481, 2.004663988466177660, -23.65789122274700063 ) ) ;
#1969 = CARTESIAN_POINT ( 'NONE',  ( -0.4428079016533596479, 2.138294768774578358, -27.28444789919201341 ) ) ;
#1970 = VERTEX_POINT ( 'NONE', #480 ) ;
#1971 = CARTESIAN_POINT ( 'NONE',  ( -3.102696061070970401, 1.942241349724237010, -26.72964107660949296 ) ) ;
#1972 = EDGE_CURVE ( 'NONE', #2470, #1688, #1185, .T. ) ;
#1973 = CARTESIAN_POINT ( 'NONE',  ( -3.595502225854618317, 1.966934225413054627, -26.73050798782740500 ) ) ;
#1974 = EDGE_CURVE ( 'NONE', #3353, #3617, #2560, .T. ) ;
#1975 = CARTESIAN_POINT ( 'NONE',  ( -2.569769968022913798, 1.946934225413054831, -23.58831582086456891 ) ) ;
#1976 = CARTESIAN_POINT ( 'NONE',  ( 3.185774429618595693, 2.193213348790068906, -27.10242346892898269 ) ) ;
#1977 = CARTESIAN_POINT ( 'NONE',  ( -1.298675180936897267, -1.951533724615070575, -27.05645503214891789 ) ) ;
#1978 = CARTESIAN_POINT ( 'NONE',  ( 2.134514142644943657, 2.507622058811267873, -27.83726992770484898 ) ) ;
#1979 = LINE ( 'NONE', #331, #350 ) ;
#1980 = CARTESIAN_POINT ( 'NONE',  ( 0.2352276786319335011, 2.099050092703669268, -27.09942863445321493 ) ) ;
#1981 = ORIENTED_EDGE ( 'NONE', *, *, #1842, .F. ) ;
#1982 = CYLINDRICAL_SURFACE ( 'NONE', #3706, 9.287824232792631918 ) ;
#1983 = CARTESIAN_POINT ( 'NONE',  ( -2.470352795035634319, 2.613939317257603978, -27.83726992770485609 ) ) ;
#1984 = CARTESIAN_POINT ( 'NONE',  ( -2.644599926129724388, 2.211575423487771808, -27.09942863445321493 ) ) ;
#1985 = LINE ( 'NONE', #3298, #3841 ) ;
#1986 = CARTESIAN_POINT ( 'NONE',  ( 2.479497774145382305, 1.966934225413054627, -26.73050798782740500 ) ) ;
#1987 = CARTESIAN_POINT ( 'NONE',  ( -0.07046035358663217674, 1.963898840264395984, -26.72230616727229702 ) ) ;
#1988 = CARTESIAN_POINT ( 'NONE',  ( 3.639620478362715961, 2.552870525956140391, -27.84706291501908737 ) ) ;
#1989 = CARTESIAN_POINT ( 'NONE',  ( -0.6074172166937674699, 2.198285098736597387, -27.47080616880747073 ) ) ;
#1990 = ORIENTED_EDGE ( 'NONE', *, *, #2051, .T. ) ;
#1991 = VECTOR ( 'NONE', #240, 39.37007874015748143 ) ;
#1992 = VECTOR ( 'NONE', #1103, 39.37007874015748143 ) ;
#1993 = CARTESIAN_POINT ( 'NONE',  ( -3.655173883330744111, 2.118990546701567279, -27.09942863445322558 ) ) ;
#1994 = CARTESIAN_POINT ( 'NONE',  ( 0.1771640827754740188, 2.146780557844767401, -27.28445038299862091 ) ) ;
#1995 = ADVANCED_FACE ( 'NONE', ( #201 ), #2089, .T. ) ;
#1996 = CARTESIAN_POINT ( 'NONE',  ( 3.334596924678104202, 2.696029563864102307, -27.84876840222088745 ) ) ;
#1997 = AXIS2_PLACEMENT_3D ( 'NONE', #838, #2145, #1508 ) ;
#1998 = CARTESIAN_POINT ( 'NONE',  ( -2.731807345829604827, 2.070271023522930243, -25.05207063902089004 ) ) ;
#1999 = CARTESIAN_POINT ( 'NONE',  ( 2.449977924049115519, 2.604448203620735480, -27.83726992770484543 ) ) ;
#2000 = LINE ( 'NONE', #2613, #3371 ) ;
#2001 = CARTESIAN_POINT ( 'NONE',  ( 1.466997774145382571, 1.966934225413054627, -26.73050798782740500 ) ) ;
#2002 = EDGE_LOOP ( 'NONE', ( #3026, #2415, #3757, #3249 ) ) ;
#2003 = CARTESIAN_POINT ( 'NONE',  ( 3.488614880226067694, 2.291225040505063593, -27.33781193319689251 ) ) ;
#2004 = CARTESIAN_POINT ( 'NONE',  ( -2.186042383434862124, 2.163449050291039732, -27.09942863445322558 ) ) ;
#2005 = CARTESIAN_POINT ( 'NONE',  ( 3.098247774145382660, 1.966934225413054627, -26.73050798782740500 ) ) ;
#2006 = CARTESIAN_POINT ( 'NONE',  ( 2.927925976566122745, 1.961096353415413329, -26.72215398925802177 ) ) ;
#2007 = DIRECTION ( 'NONE',  ( 0.000000000000000000, 1.000000000000000000, 0.000000000000000000 ) ) ;
#2008 = CARTESIAN_POINT ( 'NONE',  ( 3.531724246916581489, 2.489310956554595666, -27.66128533966433878 ) ) ;
#2009 = CARTESIAN_POINT ( 'NONE',  ( -0.2049682909633228356, 2.078200897173744011, -27.09819349172472158 ) ) ;
#2010 = EDGE_LOOP ( 'NONE', ( #1867, #3068, #374 ) ) ;
#2011 = ORIENTED_EDGE ( 'NONE', *, *, #218, .T. ) ;
#2012 = CARTESIAN_POINT ( 'NONE',  ( -3.140391400755161655, 1.942289897259463327, -26.72950746282864287 ) ) ;
#2013 = CARTESIAN_POINT ( 'NONE',  ( 3.749084674430161801, 2.471731776678985693, -27.83726992770484543 ) ) ;
#2014 = CARTESIAN_POINT ( 'NONE',  ( 0.02058677645499453965, 2.013530781607130393, -26.91155443617155640 ) ) ;
#2015 = CARTESIAN_POINT ( 'NONE',  ( 3.108575777499780646, 2.198519208535714142, -27.10252009750033864 ) ) ;
#2016 = CARTESIAN_POINT ( 'NONE',  ( -3.757391644412751752, 1.896271023522930310, -27.84760024254213917 ) ) ;
#2017 = CARTESIAN_POINT ( 'NONE',  ( 2.333369143062149043, 2.566769982433033892, -27.83726992770485253 ) ) ;
#2018 = EDGE_CURVE ( 'NONE', #2628, #3223, #2455, .T. ) ;
#2019 = DIRECTION ( 'NONE',  ( 0.000000000000000000, 0.000000000000000000, -1.000000000000000000 ) ) ;
#2020 = CARTESIAN_POINT ( 'NONE',  ( 1.803976469193425913, 1.965074396078010377, -26.72633098854271338 ) ) ;
#2021 = VERTEX_POINT ( 'NONE', #1637 ) ;
#2022 = CARTESIAN_POINT ( 'NONE',  ( -2.719174419762683925, 1.896271023522930754, -24.46227882165558043 ) ) ;
#2023 = CARTESIAN_POINT ( 'NONE',  ( 2.782533492435168565, 2.680402778889976911, -27.83726992770484543 ) ) ;
#2024 = CARTESIAN_POINT ( 'NONE',  ( -1.985424429027126125, 2.311253343887769596, -27.46834928107904972 ) ) ;
#2025 = EDGE_CURVE ( 'NONE', #681, #865, #286, .T. ) ;
#2026 = CARTESIAN_POINT ( 'NONE',  ( 2.085747774145382483, 1.966934225413054627, -26.73050798782741211 ) ) ;
#2027 =( CONVERSION_BASED_UNIT ( 'INCH', #3672 ) LENGTH_UNIT ( ) NAMED_UNIT ( #762 ) );
#2028 = DIRECTION ( 'NONE',  ( 0.000000000000000000, 0.000000000000000000, -1.000000000000000000 ) ) ;
#2029 = CARTESIAN_POINT ( 'NONE',  ( -3.541039012461578039, 2.628894404144513697, -27.83726992770485253 ) ) ;
#2030 = CARTESIAN_POINT ( 'NONE',  ( -0.1247761968022326612, 1.943750588397119561, -26.72535178909156883 ) ) ;
#2031 = ORIENTED_EDGE ( 'NONE', *, *, #1535, .F. ) ;
#2032 = VERTEX_POINT ( 'NONE', #1598 ) ;
#2033 = VERTEX_POINT ( 'NONE', #606 ) ;
#2034 = B_SPLINE_CURVE_WITH_KNOTS ( 'NONE', 3,
 ( #1027, #390, #2713, #2 ),
 .UNSPECIFIED., .F., .F.,
 ( 4, 4 ),
 ( 0.000000000000000000, 2.804799586981332184E-05 ),
 .UNSPECIFIED. ) ;
#2035 = CARTESIAN_POINT ( 'NONE',  ( -3.288350545912799738, 2.570362746845452406, -27.66228762855995882 ) ) ;
#2036 = CARTESIAN_POINT ( 'NONE',  ( 3.398117522545569980, 2.693689137803792377, -27.83726992770483832 ) ) ;
#2037 = DIRECTION ( 'NONE',  ( 0.000000000000000000, 1.000000000000000000, 0.000000000000000000 ) ) ;
#2038 = CARTESIAN_POINT ( 'NONE',  ( 3.036203223131136664, 1.941834301286529341, -26.72930554890669796 ) ) ;
#2039 = PLANE ( 'NONE',  #3305 ) ;
#2040 = CARTESIAN_POINT ( 'NONE',  ( 2.390528925489541212, 2.585168854806683569, -27.83726992770485253 ) ) ;
#2041 = CARTESIAN_POINT ( 'NONE',  ( 2.505976465822947308, 2.046934225413054698, -23.58831582086456891 ) ) ;
#2042 = CARTESIAN_POINT ( 'NONE',  ( -2.497734861135236351, 1.984433510862350314, -23.52581582086456535 ) ) ;
#2043 = ORIENTED_EDGE ( 'NONE', *, *, #2509, .F. ) ;
#2044 = CARTESIAN_POINT ( 'NONE',  ( 2.872679545163956849, 2.330522992943363292, -27.28891066626252027 ) ) ;
#2045 = CARTESIAN_POINT ( 'NONE',  ( -2.719877399508368487, 1.896271023522930310, -23.71027992617254654 ) ) ;
#2046 = CARTESIAN_POINT ( 'NONE',  ( -1.653247264267907024, 2.407267152568873136, -27.83726992770484898 ) ) ;
#2047 = CARTESIAN_POINT ( 'NONE',  ( -2.232588465760546814, 2.538108881769268077, -27.83726992770484898 ) ) ;
#2048 = CARTESIAN_POINT ( 'NONE',  ( 3.251167692916834717, 1.995160129205806543, -26.77510189337848345 ) ) ;
#2049 = APPLICATION_PROTOCOL_DEFINITION ( 'draft international standard', 'automotive_design', 1998, #2254 ) ;
#2050 = ADVANCED_FACE ( 'NONE', ( #903 ), #3504, .F. ) ;
#2051 = EDGE_CURVE ( 'NONE', #3764, #1312, #1301, .T. ) ;
#2052 = DIRECTION ( 'NONE',  ( 0.000000000000000000, -1.000000000000000000, 0.000000000000000000 ) ) ;
#2053 = CARTESIAN_POINT ( 'NONE',  ( -3.619444504763409842, 2.581151351469000765, -27.83726992770485253 ) ) ;
#2054 = CARTESIAN_POINT ( 'NONE',  ( -0.05018077895783354392, 2.082466709169735530, -27.09838137342730846 ) ) ;
#2055 = ORIENTED_EDGE ( 'NONE', *, *, #682, .T. ) ;
#2056 = CARTESIAN_POINT ( 'NONE',  ( -3.595502225854618317, 1.984629061719719534, -23.63789122274700105 ) ) ;
#2057 = CARTESIAN_POINT ( 'NONE',  ( -2.914211048576854868, 1.942135793847808545, -26.72993020763273364 ) ) ;
#2058 = CARTESIAN_POINT ( 'NONE',  ( 3.411727515672711597, 2.689132496258381799, -27.83726992770484543 ) ) ;
#2059 = CARTESIAN_POINT ( 'NONE',  ( 0.05999811065053808207, 2.221173562863849593, -27.47113810128853828 ) ) ;
#2060 = VECTOR ( 'NONE', #3252, 39.37007874015748143 ) ;
#2061 = CARTESIAN_POINT ( 'NONE',  ( 2.735106980215870731, 1.984629061719719534, -23.63789122274700105 ) ) ;
#2062 = CARTESIAN_POINT ( 'NONE',  ( 2.608977326043186995, 2.654466027766290814, -27.83726992770484543 ) ) ;
#2063 = CARTESIAN_POINT ( 'NONE',  ( -2.569769968022913798, 2.046934225413054698, -26.23205580265396009 ) ) ;
#2064 = CIRCLE ( 'NONE', #2626, 9.267824232792628791 ) ;
#2065 = LINE ( 'NONE', #735, #1453 ) ;
#2066 = VECTOR ( 'NONE', #2819, 39.37007874015748143 ) ;
#2067 = EDGE_LOOP ( 'NONE', ( #4018, #2165, #1393, #92 ) ) ;
#2068 = CARTESIAN_POINT ( 'NONE',  ( 3.754766851494395485, 2.422089365641627356, -27.82772703311654183 ) ) ;
#2069 = CARTESIAN_POINT ( 'NONE',  ( -1.365854718865817441, 2.370747685294708251, -27.83726992770484543 ) ) ;
#2070 = CARTESIAN_POINT ( 'NONE',  ( -1.457154570969235730, 1.963763508692984772, -26.72230616727229702 ) ) ;
#2071 = CARTESIAN_POINT ( 'NONE',  ( -3.677955561142925323, 2.422545329795732449, -27.66847845714068654 ) ) ;
#2072 = VECTOR ( 'NONE', #3843, 39.37007874015748143 ) ;
#2073 =( LENGTH_UNIT ( ) NAMED_UNIT ( * ) SI_UNIT ( $, .METRE. ) );
#2074 = CARTESIAN_POINT ( 'NONE',  ( 0.04046762611243241020, 1.962258440650018088, -26.71820525699473592 ) ) ;
#2075 = CARTESIAN_POINT ( 'NONE',  ( -3.712440143910214818, 2.502991127591614795, -27.83726992770484543 ) ) ;
#2076 = CARTESIAN_POINT ( 'NONE',  ( 0.02658090517970175190, 2.014299769397123629, -26.91202729720536979 ) ) ;
#2077 = ORIENTED_EDGE ( 'NONE', *, *, #3111, .F. ) ;
#2078 = ADVANCED_FACE ( 'NONE', ( #3228 ), #1279, .T. ) ;
#2079 = VERTEX_POINT ( 'NONE', #3589 ) ;
#2080 = DIRECTION ( 'NONE',  ( 0.000000000000000000, 0.9999984778135494468, 0.001744812478206600936 ) ) ;
#2081 = CARTESIAN_POINT ( 'NONE',  ( -2.688004279739736990, 1.942207115851046106, -26.72975948132495461 ) ) ;
#2082 = CARTESIAN_POINT ( 'NONE',  ( -2.989914278967893413, 2.224740294792740603, -27.09942863445322558 ) ) ;
#2083 = CARTESIAN_POINT ( 'NONE',  ( 0.9348616704885376327, 2.199261568030183689, -27.47063203185441438 ) ) ;
#2084 = VERTEX_POINT ( 'NONE', #1254 ) ;
#2085 = CARTESIAN_POINT ( 'NONE',  ( 2.505976465822947308, 2.046934225413054698, -23.68674101771496154 ) ) ;
#2086 = CARTESIAN_POINT ( 'NONE',  ( 2.433289059102017760, 2.599037156675141347, -27.83726992770484898 ) ) ;
#2087 = CARTESIAN_POINT ( 'NONE',  ( -2.076752225854617606, 1.966934225413054627, -26.73050798782740500 ) ) ;
#2088 = DIRECTION ( 'NONE',  ( 1.000000000000000000, 0.000000000000000000, 0.000000000000000000 ) ) ;
#2089 = PLANE ( 'NONE',  #1866 ) ;
#2090 = CARTESIAN_POINT ( 'NONE',  ( -1.933630158393625731, 2.459725373033598839, -27.83726992770483122 ) ) ;
#2091 = DIRECTION ( 'NONE',  ( 0.000000000000000000, 1.000000000000000000, -3.475471168776155271E-14 ) ) ;
#2092 = CARTESIAN_POINT ( 'NONE',  ( 3.250013619573567603, 2.209142165584438988, -27.09942863445322558 ) ) ;
#2093 = ORIENTED_EDGE ( 'NONE', *, *, #1458, .T. ) ;
#2094 = FACE_OUTER_BOUND ( 'NONE', #2387, .T. ) ;
#2095 = CARTESIAN_POINT ( 'NONE',  ( -3.647146460704407289, 2.560741703175078765, -27.83726992770484898 ) ) ;
#2096 = ORIENTED_EDGE ( 'NONE', *, *, #2335, .F. ) ;
#2097 = ORIENTED_EDGE ( 'NONE', *, *, #2969, .F. ) ;
#2098 = CARTESIAN_POINT ( 'NONE',  ( 2.436357626218017991, 2.004663988466177660, -23.65789122274700063 ) ) ;
#2099 = CARTESIAN_POINT ( 'NONE',  ( -2.918187479272106089, 1.958336932993626212, -26.71820525699473592 ) ) ;
#2100 = CARTESIAN_POINT ( 'NONE',  ( 1.285308744172237949, 2.334967254352806609, -27.84376901367496870 ) ) ;
#2101 =( BOUNDED_CURVE ( )  B_SPLINE_CURVE ( 3, ( #2821, #1852, #1494, #3485 ),
 .UNSPECIFIED., .F., .T. ) 
 B_SPLINE_CURVE_WITH_KNOTS ( ( 4, 4 ),
 ( 3.927302882490985692, 5.445782605872173221 ),
 .UNSPECIFIED. ) 
 CURVE ( )  GEOMETRIC_REPRESENTATION_ITEM ( )  RATIONAL_B_SPLINE_CURVE ( ( 1.000000000000000000, 0.8169063179094975258, 0.8169063179094975258, 1.000000000000000000 ) ) 
 REPRESENTATION_ITEM ( '' )  );
#2102 = EDGE_LOOP ( 'NONE', ( #4183, #3130, #781, #3161, #3387, #1002, #3676, #4078, #81, #3974 ) ) ;
#2103 = EDGE_CURVE ( 'NONE', #3657, #1167, #243, .T. ) ;
#2104 = CARTESIAN_POINT ( 'NONE',  ( -3.751171006669476782, 1.973271023522930046, -27.83726992770484898 ) ) ;
#2105 = CARTESIAN_POINT ( 'NONE',  ( -3.595502225854618317, 1.946934225413054831, -23.63789122274700105 ) ) ;
#2106 = DIRECTION ( 'NONE',  ( 0.000000000000000000, 0.000000000000000000, 1.000000000000000000 ) ) ;
#2107 = VERTEX_POINT ( 'NONE', #329 ) ;
#2108 = CARTESIAN_POINT ( 'NONE',  ( -1.305341847603562755, 1.896271023522928756, -27.83726992770484898 ) ) ;
#2109 = CARTESIAN_POINT ( 'NONE',  ( 2.505976465822947308, 2.046934225413054698, -26.16955580265395653 ) ) ;
#2110 = CARTESIAN_POINT ( 'NONE',  ( -1.682518774554031316, 1.965200690858905697, -26.72640707754985456 ) ) ;
#2111 = CARTESIAN_POINT ( 'NONE',  ( -2.569769968022913798, 1.966934225413054627, -26.23205580265396009 ) ) ;
#2112 = CARTESIAN_POINT ( 'NONE',  ( 3.505592956035717300, 2.654521592441768441, -27.83726992770485253 ) ) ;
#2113 = ORIENTED_EDGE ( 'NONE', *, *, #2943, .F. ) ;
#2114 = CYLINDRICAL_SURFACE ( 'NONE', #1317, 0.06250000000000295597 ) ;
#2115 = CARTESIAN_POINT ( 'NONE',  ( -3.245979056893127712, 2.728263625912676904, -27.83726992770484543 ) ) ;
#2116 = LINE ( 'NONE', #488, #3780 ) ;
#2117 = EDGE_LOOP ( 'NONE', ( #2347, #1918, #3187, #3741 ) ) ;
#2118 = ORIENTED_EDGE ( 'NONE', *, *, #2843, .T. ) ;
#2119 = CARTESIAN_POINT ( 'NONE',  ( 3.293931819788068260, 2.705433302993477618, -27.84883010232714184 ) ) ;
#2120 = CARTESIAN_POINT ( 'NONE',  ( -2.386374170068926492, 1.942517293060706418, -26.72893822984099188 ) ) ;
#2121 = CARTESIAN_POINT ( 'NONE',  ( -3.482173665989760192, 1.964904465947003631, -26.72640707754985456 ) ) ;
#2122 = CARTESIAN_POINT ( 'NONE',  ( 0.3777545508534968510, 2.205460003711455563, -27.47080381516364511 ) ) ;
#2123 = ORIENTED_EDGE ( 'NONE', *, *, #2534, .F. ) ;
#2124 = DIRECTION ( 'NONE',  ( -0.000000000000000000, 1.000000000000000000, -0.000000000000000000 ) ) ;
#2125 = CARTESIAN_POINT ( 'NONE',  ( -2.920502225854617606, 1.966934225413054627, -26.73050798782740500 ) ) ;
#2126 = FACE_BOUND ( 'NONE', #2804, .T. ) ;
#2127 = EDGE_CURVE ( 'NONE', #1688, #2607, #1556, .T. ) ;
#2128 = VECTOR ( 'NONE', #3100, 39.37007874015748143 ) ;
#2129 = CARTESIAN_POINT ( 'NONE',  ( 2.984375748124934891, 2.464745503435724405, -27.47559272946546471 ) ) ;
#2130 = DIRECTION ( 'NONE',  ( 0.000000000000000000, -1.000000000000000000, 0.000000000000000000 ) ) ;
#2131 = CARTESIAN_POINT ( 'NONE',  ( 3.760341610619233332, 2.420017909175882220, -27.83726992770484898 ) ) ;
#2132 = FACE_OUTER_BOUND ( 'NONE', #3064, .T. ) ;
#2133 = AXIS2_PLACEMENT_3D ( 'NONE', #1256, #544, #3171 ) ;
#2134 = EDGE_LOOP ( 'NONE', ( #2443, #40, #928, #415 ) ) ;
#2135 = CARTESIAN_POINT ( 'NONE',  ( -3.661844525169684950, 2.414652833586608427, -27.68064062864515762 ) ) ;
#2136 = CARTESIAN_POINT ( 'NONE',  ( -2.512292714395678139, 2.627362036547507440, -27.83726992770483122 ) ) ;
#2137 = AXIS2_PLACEMENT_3D ( 'NONE', #879, #1873, #3192 ) ;
#2138 = CARTESIAN_POINT ( 'NONE',  ( -0.01132380429532638642, 2.223698650182057257, -27.47135434943740151 ) ) ;
#2139 = DIRECTION ( 'NONE',  ( 0.000000000000000000, 1.000000000000000000, 0.000000000000000000 ) ) ;
#2140 = CARTESIAN_POINT ( 'NONE',  ( 3.339554982417898277, 2.173767450958453917, -27.10194128480408082 ) ) ;
#2141 = CARTESIAN_POINT ( 'NONE',  ( -2.567352375798095832, 2.626884018431892454, -27.84667959919136493 ) ) ;
#2142 = CARTESIAN_POINT ( 'NONE',  ( -3.632077831231790732, 2.332131278764121074, -27.46834928107903551 ) ) ;
#2143 = CARTESIAN_POINT ( 'NONE',  ( 0.3822282831431526029, 2.270911872553401878, -27.65735392480665311 ) ) ;
#2144 = VERTEX_POINT ( 'NONE', #3821 ) ;
#2145 = DIRECTION ( 'NONE',  ( 0.000000000000000000, -1.000000000000000000, 0.000000000000000000 ) ) ;
#2146 = CARTESIAN_POINT ( 'NONE',  ( -2.569769968022913798, 2.046934225413054698, -23.65081582086457246 ) ) ;
#2147 = DIRECTION ( 'NONE',  ( 0.000000000000000000, 0.000000000000000000, 1.000000000000000000 ) ) ;
#2148 = ORIENTED_EDGE ( 'NONE', *, *, #3691, .T. ) ;
#2149 = CARTESIAN_POINT ( 'NONE',  ( 1.244672410489034986, 2.084133747298042572, -27.05645503214893566 ) ) ;
#2150 = CARTESIAN_POINT ( 'NONE',  ( -1.572385631220243773, 2.394793938305562531, -27.83726992770483832 ) ) ;
#2151 = PRODUCT_CONTEXT ( 'NONE', #2254, 'mechanical' ) ;
#2152 = DIRECTION ( 'NONE',  ( 0.000000000000000000, 1.000000000000000000, -3.475471168776155271E-14 ) ) ;
#2153 = VERTEX_POINT ( 'NONE', #629 ) ;
#2154 = CARTESIAN_POINT ( 'NONE',  ( 1.327670729227666158, -1.951533724615070575, -27.83726992770484898 ) ) ;
#2155 = EDGE_CURVE ( 'NONE', #229, #2084, #1915, .T. ) ;
#2156 = CARTESIAN_POINT ( 'NONE',  ( -2.496091823851410041, 2.622205884257739594, -27.83726992770484898 ) ) ;
#2157 = CARTESIAN_POINT ( 'NONE',  ( 2.505976465822947308, 2.046934225413054698, -26.13363060580356745 ) ) ;
#2158 = FACE_OUTER_BOUND ( 'NONE', #1615, .T. ) ;
#2159 = EDGE_LOOP ( 'NONE', ( #3092, #2148, #1752, #3881, #973, #3205 ) ) ;
#2160 = CARTESIAN_POINT ( 'NONE',  ( 2.189638585554744221, 2.347717326336641985, -27.46834928107902840 ) ) ;
#2161 = CARTESIAN_POINT ( 'NONE',  ( 3.494904376078988850, 2.637651087590128007, -27.84819558631207315 ) ) ;
#2162 = CARTESIAN_POINT ( 'NONE',  ( -1.180110806012301117, 1.943849574551946180, -26.72508092847381533 ) ) ;
#2163 = CARTESIAN_POINT ( 'NONE',  ( -3.178178068645385768, 2.474426324668713928, -27.46834928107904616 ) ) ;
#2164 = CARTESIAN_POINT ( 'NONE',  ( 1.510808296002184026, 2.014264946913392862, -26.91161797596363314 ) ) ;
#2165 = ORIENTED_EDGE ( 'NONE', *, *, #52, .T. ) ;
#2166 = CARTESIAN_POINT ( 'NONE',  ( -3.595502225854618317, 1.984629061719719534, -23.63789122274700105 ) ) ;
#2167 = CARTESIAN_POINT ( 'NONE',  ( 3.783512746573752583, 2.423103189278592584, -27.83726992770484898 ) ) ;
#2168 = VERTEX_POINT ( 'NONE', #1574 ) ;
#2169 = CARTESIAN_POINT ( 'NONE',  ( 3.783512746573752583, 2.423103189278592584, -27.83726992770484898 ) ) ;
#2170 =( NAMED_UNIT ( * ) SI_UNIT ( $, .STERADIAN. ) SOLID_ANGLE_UNIT ( ) );
#2171 = CARTESIAN_POINT ( 'NONE',  ( 0.07949777414538233833, 1.966934225413054627, -26.73050798782740500 ) ) ;
#2172 = ORIENTED_EDGE ( 'NONE', *, *, #2366, .F. ) ;
#2173 = CARTESIAN_POINT ( 'NONE',  ( 2.505976465822947308, 2.046934225413054698, -23.58831582086456891 ) ) ;
#2174 = CARTESIAN_POINT ( 'NONE',  ( -3.224532797135846618, 1.966934225413054627, -26.73050798782740500 ) ) ;
#2175 = CARTESIAN_POINT ( 'NONE',  ( -2.903918489994132379, 2.726062639689122769, -27.83726992770485253 ) ) ;
#2176 = LINE ( 'NONE', #2517, #222 ) ;
#2177 = CARTESIAN_POINT ( 'NONE',  ( 2.432855697129053585, 1.984427604142264379, -23.52243052234773302 ) ) ;
#2178 = EDGE_CURVE ( 'NONE', #681, #2153, #3639, .T. ) ;
#2179 = EDGE_CURVE ( 'NONE', #1933, #2656, #4157, .T. ) ;
#2180 = CARTESIAN_POINT ( 'NONE',  ( 2.248078118217716970, 2.359963881368615013, -27.46834928107904972 ) ) ;
#2181 = CARTESIAN_POINT ( 'NONE',  ( 3.300102826130093092, 1.942239728070033644, -26.72829364657119555 ) ) ;
#2182 = CARTESIAN_POINT ( 'NONE',  ( -1.982244084315677002, 2.371710528150793529, -27.65863041075314044 ) ) ;
#2183 = CARTESIAN_POINT ( 'NONE',  ( -2.582317507760248265, 1.964214801567644386, -26.72640707754985456 ) ) ;
#2184 = CARTESIAN_POINT ( 'NONE',  ( 2.281353241885450966, 2.346626255038003261, -27.47310315976696060 ) ) ;
#2185 = EDGE_LOOP ( 'NONE', ( #2113, #1272, #424, #1487 ) ) ;
#2186 = CARTESIAN_POINT ( 'NONE',  ( -3.662162406867545794, 2.527529695793846898, -27.84664416824955069 ) ) ;
#2187 = CARTESIAN_POINT ( 'NONE',  ( 2.709335737069056727, 2.682843534048822143, -27.83726992770484898 ) ) ;
#2188 = CARTESIAN_POINT ( 'NONE',  ( -2.058082431079792940, 2.466162678345563020, -27.83726992770484898 ) ) ;
#2189 = ORIENTED_EDGE ( 'NONE', *, *, #3497, .F. ) ;
#2190 = CARTESIAN_POINT ( 'NONE',  ( -2.873974525797855506, 1.946934225413054387, -25.73772531557975185 ) ) ;
#2191 = PLANE ( 'NONE',  #3699 ) ;
#2192 = AXIS2_PLACEMENT_3D ( 'NONE', #3755, #3709, #457 ) ;
#2193 = DIRECTION ( 'NONE',  ( 0.000000000000000000, -1.000000000000000000, 0.000000000000000000 ) ) ;
#2194 = ORIENTED_EDGE ( 'NONE', *, *, #1331, .T. ) ;
#2195 = CARTESIAN_POINT ( 'NONE',  ( 2.505976465822947308, 2.046934225413054698, -23.65081582086457246 ) ) ;
#2196 = B_SPLINE_CURVE_WITH_KNOTS ( 'NONE', 3,
 ( #715, #1599, #2946, #1655 ),
 .UNSPECIFIED., .F., .F.,
 ( 4, 4 ),
 ( 0.000000000000000000, 0.2923132071465485149 ),
 .UNSPECIFIED. ) ;
#2197 = CARTESIAN_POINT ( 'NONE',  ( -2.824106125300181347, 2.711897536691349586, -27.83726992770485253 ) ) ;
#2198 = DIRECTION ( 'NONE',  ( -0.000000000000000000, 1.000000000000000000, -0.000000000000000000 ) ) ;
#2199 = AXIS2_PLACEMENT_3D ( 'NONE', #4102, #3197, #1173 ) ;
#2200 = LINE ( 'NONE', #1222, #3025 ) ;
#2201 = CIRCLE ( 'NONE', #1253, 9.287824232792631918 ) ;
#2202 = CARTESIAN_POINT ( 'NONE',  ( 2.301118290253882037, 2.556478709346395650, -27.83726992770486675 ) ) ;
#2203 = VECTOR ( 'NONE', #475, 39.37007874015748143 ) ;
#2204 = CARTESIAN_POINT ( 'NONE',  ( -2.300360837086271371, 2.447789727579401831, -27.65953770157652158 ) ) ;
#2205 = CARTESIAN_POINT ( 'NONE',  ( -2.470502225854617873, 1.966934225413054627, -26.73050798782740500 ) ) ;
#2206 = EDGE_CURVE ( 'NONE', #1155, #3764, #3011, .T. ) ;
#2207 = CARTESIAN_POINT ( 'NONE',  ( 2.206785738546787723, 1.942506294927792698, -26.72766509365428433 ) ) ;
#2208 = AXIS2_PLACEMENT_3D ( 'NONE', #3904, #3883, #1871 ) ;
#2209 = EDGE_LOOP ( 'NONE', ( #1156, #2123, #321, #485 ) ) ;
#2210 = CARTESIAN_POINT ( 'NONE',  ( -3.367542032705839183, 2.051732223294180812, -26.91529472415019342 ) ) ;
#2211 = EDGE_CURVE ( 'NONE', #2021, #768, #3865, .T. ) ;
#2212 = CARTESIAN_POINT ( 'NONE',  ( 2.810309525812916487, 2.707209457412162568, -27.83726992770484898 ) ) ;
#2213 = ADVANCED_FACE ( 'NONE', ( #3008 ), #2039, .T. ) ;
#2214 = CARTESIAN_POINT ( 'NONE',  ( -2.161420158187945084, 2.493516031051944193, -27.83726992770485253 ) ) ;
#2215 = CARTESIAN_POINT ( 'NONE',  ( 3.471632624558687041, 2.270726367432730708, -27.25908624222911669 ) ) ;
#2216 = CARTESIAN_POINT ( 'NONE',  ( -1.298675180936893270, 2.064713622259401138, -27.05645503214891789 ) ) ;
#2217 = CARTESIAN_POINT ( 'NONE',  ( -0.02010492303687046872, 2.106748677858937935, -27.09942863445322558 ) ) ;
#2218 = ORIENTED_EDGE ( 'NONE', *, *, #3620, .F. ) ;
#2219 = CARTESIAN_POINT ( 'NONE',  ( 2.455760835529319674, 2.170264358324658804, -27.10127122016115919 ) ) ;
#2220 = CARTESIAN_POINT ( 'NONE',  ( 3.288088831865583206, 2.050271023522930225, -26.86445495552626284 ) ) ;
#2221 = CARTESIAN_POINT ( 'NONE',  ( -2.700340536998222074, 2.682843643342988305, -27.83726992770484898 ) ) ;
#2222 = CARTESIAN_POINT ( 'NONE',  ( -3.595502225854618317, 1.984427665029768972, -23.52246541859729589 ) ) ;
#2223 = DIRECTION ( 'NONE',  ( 0.000000000000000000, 0.000000000000000000, -1.000000000000000000 ) ) ;
#2224 = CARTESIAN_POINT ( 'NONE',  ( 2.366968132893390475, 2.182625402012649207, -27.09942863445322558 ) ) ;
#2225 = CARTESIAN_POINT ( 'NONE',  ( -0.6701094620547444203, 1.964147331758655302, -26.72230616727229702 ) ) ;
#2226 = CARTESIAN_POINT ( 'NONE',  ( 3.417337745788457060, 2.536696423467086792, -27.66187627340086053 ) ) ;
#2227 = CARTESIAN_POINT ( 'NONE',  ( -2.047069733177820705, 1.942995250251917216, -26.72754628464061710 ) ) ;
#2228 = CARTESIAN_POINT ( 'NONE',  ( -2.414193069473747677, 2.398316600937782539, -27.46834928107903551 ) ) ;
#2229 = CARTESIAN_POINT ( 'NONE',  ( 2.377181044044617497, 2.561880967507740081, -27.84593467254492083 ) ) ;
#2230 = CARTESIAN_POINT ( 'NONE',  ( 2.505976465822947308, 2.046934225413054698, -26.23205580265396009 ) ) ;
#2231 = VERTEX_POINT ( 'NONE', #25 ) ;
#2232 = CARTESIAN_POINT ( 'NONE',  ( -3.588240963588508414, 2.332032694056452637, -27.47411407644128190 ) ) ;
#2233 = CARTESIAN_POINT ( 'NONE',  ( -3.065665587097059053, 2.716234157120393622, -27.83726992770484543 ) ) ;
#2234 = EDGE_CURVE ( 'NONE', #364, #1012, #3645, .T. ) ;
#2235 = ADVANCED_FACE ( 'NONE', ( #1343 ), #1750, .T. ) ;
#2236 = CARTESIAN_POINT ( 'NONE',  ( -2.774659255121594281, 1.946934225413054831, -25.08774088766354637 ) ) ;
#2237 = CARTESIAN_POINT ( 'NONE',  ( 2.244504373591082125, 2.539147288287052273, -27.83726992770485253 ) ) ;
#2238 = CARTESIAN_POINT ( 'NONE',  ( -2.569769968022913798, 1.966934225413054627, -26.23205580265396009 ) ) ;
#2239 = CARTESIAN_POINT ( 'NONE',  ( 0.004497774145382328961, 1.962212220597139734, -26.71797698997332660 ) ) ;
#2240 = EDGE_LOOP ( 'NONE', ( #1228, #303 ) ) ;
#2241 = CARTESIAN_POINT ( 'NONE',  ( -3.564420487780118219, 1.896271023522930310, -27.51009038951523422 ) ) ;
#2242 = CARTESIAN_POINT ( 'NONE',  ( -1.847029235214205478, 2.441827502139435335, -27.83726992770484898 ) ) ;
#2243 = FACE_BOUND ( 'NONE', #1551, .T. ) ;
#2244 = CARTESIAN_POINT ( 'NONE',  ( 2.864346428662614130, 2.223682277895456583, -27.09942863445322558 ) ) ;
#2245 = CARTESIAN_POINT ( 'NONE',  ( 3.657050328951797269, 2.097896677903940965, -27.09928153708403542 ) ) ;
#2246 = CARTESIAN_POINT ( 'NONE',  ( -2.009372426166631254, 1.943044809214796054, -26.72739990256789255 ) ) ;
#2247 = CARTESIAN_POINT ( 'NONE',  ( -2.188650709962236096, 1.964679488669869967, -26.72640707754985456 ) ) ;
#2248 = CARTESIAN_POINT ( 'NONE',  ( 1.892300626433377930, 2.028675373799385451, -26.91280088712264273 ) ) ;
#2249 = DIRECTION ( 'NONE',  ( -1.000000000000000000, 7.588466649067219103E-18, 3.354088014807555410E-15 ) ) ;
#2250 = ORIENTED_EDGE ( 'NONE', *, *, #4008, .T. ) ;
#2251 = CARTESIAN_POINT ( 'NONE',  ( -3.557628859067078153, 2.470145612404630153, -27.66107340154156446 ) ) ;
#2252 = CARTESIAN_POINT ( 'NONE',  ( 2.833102155882023965, 2.711897619748176780, -27.83726992770485253 ) ) ;
#2253 = CARTESIAN_POINT ( 'NONE',  ( 2.505976465822947308, 1.966934225413054627, -26.29455580265396364 ) ) ;
#2254 = APPLICATION_CONTEXT ( 'automotive_design' ) ;
#2255 = CARTESIAN_POINT ( 'NONE',  ( -2.707216299299105344, 1.946934225413055053, -24.16600783454508772 ) ) ;
#2256 = CARTESIAN_POINT ( 'NONE',  ( 1.735612085696343065, 2.419339333351628429, -27.83726992770485253 ) ) ;
#2257 = EDGE_CURVE ( 'NONE', #2084, #1970, #2696, .T. ) ;
#2258 = CARTESIAN_POINT ( 'NONE',  ( -3.595502225854618317, 2.004663988466177660, -23.65789122274700063 ) ) ;
#2259 = CARTESIAN_POINT ( 'NONE',  ( 1.690520510394327491, 1.961637128907733452, -26.71797698997332660 ) ) ;
#2260 = EDGE_LOOP ( 'NONE', ( #1555, #1981 ) ) ;
#2261 = CARTESIAN_POINT ( 'NONE',  ( 3.783512746573752583, 2.050271023522930225, -27.83726992770484898 ) ) ;
#2262 = CARTESIAN_POINT ( 'NONE',  ( -2.292618920688723527, 2.556737043555026734, -27.83726992770484898 ) ) ;
#2263 = DIRECTION ( 'NONE',  ( 0.000000000000000000, 0.000000000000000000, -1.000000000000000000 ) ) ;
#2264 = LINE ( 'NONE', #3612, #759 ) ;
#2265 = CARTESIAN_POINT ( 'NONE',  ( 2.702325044065287507, 1.958350763572807018, -26.71797698997332660 ) ) ;
#2266 = CARTESIAN_POINT ( 'NONE',  ( -1.111613837579633390, 2.096036398526412103, -27.09942863445322558 ) ) ;
#2267 = CARTESIAN_POINT ( 'NONE',  ( 3.489953993746638172, 2.258727627195422194, -27.28793049720558983 ) ) ;
#2268 = AXIS2_PLACEMENT_3D ( 'NONE', #4014, #2052, #2028 ) ;
#2269 = AXIS2_PLACEMENT_3D ( 'NONE', #4148, #3200, #1262 ) ;
#2270 = CARTESIAN_POINT ( 'NONE',  ( -0.1289680656349261045, 2.148454375665827865, -27.28474553320543095 ) ) ;
#2271 = CARTESIAN_POINT ( 'NONE',  ( 2.202860846041405196, 2.329948075502091598, -27.47282986415268624 ) ) ;
#2272 = FACE_BOUND ( 'NONE', #4052, .T. ) ;
#2273 = VERTEX_POINT ( 'NONE', #2988 ) ;
#2274 = AXIS2_PLACEMENT_3D ( 'NONE', #3124, #939, #3801 ) ;
#2275 = CARTESIAN_POINT ( 'NONE',  ( -3.253497756647116379, 1.942471028502987584, -26.72900114734757437 ) ) ;
#2276 = CARTESIAN_POINT ( 'NONE',  ( -1.533500079893963974, 2.364083544388201119, -27.83726992770484898 ) ) ;
#2277 = CIRCLE ( 'NONE', #3103, 0.09842519685039161081 ) ;
#2278 = CARTESIAN_POINT ( 'NONE',  ( 3.288088831865583206, 2.050271023522930225, -26.86445495552626284 ) ) ;
#2279 = CARTESIAN_POINT ( 'NONE',  ( -2.744961191953149360, 2.004663988466177660, -23.65789122274700063 ) ) ;
#2280 = CARTESIAN_POINT ( 'NONE',  ( 3.783512746573752583, 1.896271023522930310, -27.83726992770484898 ) ) ;
#2281 = CARTESIAN_POINT ( 'NONE',  ( 1.091349878687426500, 1.964010779916207428, -26.72215398925802177 ) ) ;
#2282 = ORIENTED_EDGE ( 'NONE', *, *, #1505, .F. ) ;
#2283 = CARTESIAN_POINT ( 'NONE',  ( 2.388362118450116256, 2.469372526792170230, -27.65975002925136295 ) ) ;
#2284 = CARTESIAN_POINT ( 'NONE',  ( -3.702646146503770108, 1.896271023522930310, -27.75654801200225918 ) ) ;
#2285 = CARTESIAN_POINT ( 'NONE',  ( -2.354084892487728009, 2.576304405458350377, -27.83726992770484898 ) ) ;
#2286 = CARTESIAN_POINT ( 'NONE',  ( -3.774517198282988595, 2.050271023522930225, -27.83726992770484898 ) ) ;
#2287 = B_SPLINE_CURVE_WITH_KNOTS ( 'NONE', 3,
 ( #2599, #1965, #2642, #413 ),
 .UNSPECIFIED., .F., .F.,
 ( 4, 4 ),
 ( 0.02010758417825393024, 0.02636491323905700360 ),
 .UNSPECIFIED. ) ;
#2288 = CARTESIAN_POINT ( 'NONE',  ( 3.137734072424658294, 2.740352425476277443, -27.83726992770485253 ) ) ;
#2289 = EDGE_CURVE ( 'NONE', #1113, #2107, #1008, .T. ) ;
#2290 = EDGE_CURVE ( 'NONE', #3079, #2449, #1071, .T. ) ;
#2291 = CARTESIAN_POINT ( 'NONE',  ( 3.559962657188305180, 2.030446098437733937, -26.91336464226160174 ) ) ;
#2292 = CARTESIAN_POINT ( 'NONE',  ( -0.3553750440867402549, 2.009258262995381017, -26.91156835174332684 ) ) ;
#2293 = VERTEX_POINT ( 'NONE', #1401 ) ;
#2294 = ORIENTED_EDGE ( 'NONE', *, *, #378, .F. ) ;
#2295 = CARTESIAN_POINT ( 'NONE',  ( -3.325601293545387804, 2.696027387648500806, -27.84876540587364602 ) ) ;
#2296 = CARTESIAN_POINT ( 'NONE',  ( 3.201606889465011818, 2.735764173493764773, -27.83726992770484898 ) ) ;
#2297 = CARTESIAN_POINT ( 'NONE',  ( 0.1015341808526513123, 2.356600964582275193, -27.84417815573684152 ) ) ;
#2298 = CARTESIAN_POINT ( 'NONE',  ( 3.137576804695523691, 2.592160979891253270, -27.66227567149047317 ) ) ;
#2299 = DIRECTION ( 'NONE',  ( -0.000000000000000000, 1.000000000000000000, -0.000000000000000000 ) ) ;
#2300 = DIRECTION ( 'NONE',  ( 0.000000000000000000, 1.000000000000000000, 0.000000000000000000 ) ) ;
#2301 = CARTESIAN_POINT ( 'NONE',  ( 1.460503434589004446, 2.379465983251290773, -27.83726992770484898 ) ) ;
#2302 = ORIENTED_EDGE ( 'NONE', *, *, #640, .F. ) ;
#2303 = CARTESIAN_POINT ( 'NONE',  ( 2.485945096066724869, 2.284381457363711121, -27.28764164690861449 ) ) ;
#2304 = CARTESIAN_POINT ( 'NONE',  ( -3.751346062328468456, 2.806271023522929120, -27.83726992770484898 ) ) ;
#2305 = CARTESIAN_POINT ( 'NONE',  ( -2.440733338020820486, 2.604367523656327066, -27.83726992770484543 ) ) ;
#2306 = CARTESIAN_POINT ( 'NONE',  ( 1.354497774145382305, 1.966934225413054627, -26.73050798782740500 ) ) ;
#2307 = CARTESIAN_POINT ( 'NONE',  ( 2.832430919681803605, 2.472339513845228876, -27.46834928107902840 ) ) ;
#2308 = CARTESIAN_POINT ( 'NONE',  ( -0.6703058439546814018, 1.965540778585855186, -26.72640707754985456 ) ) ;
#2309 = CARTESIAN_POINT ( 'NONE',  ( 3.451717731637059305, 2.153115147178131128, -27.10133888284020642 ) ) ;
#2310 = CARTESIAN_POINT ( 'NONE',  ( -0.1720021828777406891, 2.282285193878426544, -27.65762594637589444 ) ) ;
#2311 = ORIENTED_EDGE ( 'NONE', *, *, #2691, .T. ) ;
#2312 = EDGE_CURVE ( 'NONE', #918, #1098, #3330, .T. ) ;
#2313 = ADVANCED_FACE ( 'NONE', ( #3960 ), #64, .T. ) ;
#2314 = ORIENTED_EDGE ( 'NONE', *, *, #3466, .T. ) ;
#2315 = CARTESIAN_POINT ( 'NONE',  ( -3.139745848594899691, 2.067823224785317660, -26.91621555756095319 ) ) ;
#2316 = CARTESIAN_POINT ( 'NONE',  ( -3.594838917591279603, 1.965243972139233408, -26.72640707754985456 ) ) ;
#2317 = CARTESIAN_POINT ( 'NONE',  ( 0.1752524444076571652, 2.079044817697470737, -27.09790248999290441 ) ) ;
#2318 = CARTESIAN_POINT ( 'NONE',  ( 3.148658169344431546, 2.067541618551119065, -26.91579729126495835 ) ) ;
#2319 = CARTESIAN_POINT ( 'NONE',  ( -2.753972716479149874, 2.004427634586039897, -23.52243052234773302 ) ) ;
#2320 = CARTESIAN_POINT ( 'NONE',  ( 2.659667196115277132, 2.669230745282417328, -27.83726992770485253 ) ) ;
#2321 = LINE ( 'NONE', #3625, #2487 ) ;
#2322 = CARTESIAN_POINT ( 'NONE',  ( 0.9042297227638723678, 1.965508026519978690, -26.72633098854271338 ) ) ;
#2323 = ORIENTED_EDGE ( 'NONE', *, *, #2811, .T. ) ;
#2324 = CARTESIAN_POINT ( 'NONE',  ( 1.307670729227665918, -1.951533724615070575, -27.83726992770484898 ) ) ;
#2325 = CARTESIAN_POINT ( 'NONE',  ( 0.004497774113923856849, 2.027817781148134824, -26.94880421700226591 ) ) ;
#2326 = CARTESIAN_POINT ( 'NONE',  ( -2.299877392545208288, 1.959741376082747344, -26.71820525699473592 ) ) ;
#2327 = CARTESIAN_POINT ( 'NONE',  ( 2.479497774145382305, 1.966934225413054627, -26.73050798782740500 ) ) ;
#2328 = CARTESIAN_POINT ( 'NONE',  ( 3.056707135688933707, 2.223360858621275860, -27.09942863445322558 ) ) ;
#2329 = CARTESIAN_POINT ( 'NONE',  ( -2.569769968022913798, 2.046934225413054698, -23.58831582086456891 ) ) ;
#2330 = CARTESIAN_POINT ( 'NONE',  ( 3.698578511505605348, 2.500291311275256945, -27.84608982263535282 ) ) ;
#2331 = CARTESIAN_POINT ( 'NONE',  ( -0.4593434906143064045, 2.332735067722825129, -27.84384719643644956 ) ) ;
#2332 = VERTEX_POINT ( 'NONE', #3310 ) ;
#2333 = VECTOR ( 'NONE', #1101, 39.37007874015748143 ) ;
#2334 = AXIS2_PLACEMENT_3D ( 'NONE', #823, #1452, #3671 ) ;
#2335 = EDGE_CURVE ( 'NONE', #4111, #2588, #2034, .T. ) ;
#2336 = CARTESIAN_POINT ( 'NONE',  ( -3.138206331590001952, 2.196571108514571158, -27.10281914528588487 ) ) ;
#2337 = CARTESIAN_POINT ( 'NONE',  ( 3.783512746573752583, 2.423103189278592584, -27.83726992770484898 ) ) ;
#2338 = LINE ( 'NONE', #3643, #902 ) ;
#2339 = CIRCLE ( 'NONE', #149, 0.06250000000000295597 ) ;
#2340 = EDGE_CURVE ( 'NONE', #1312, #940, #1060, .T. ) ;
#2341 = CARTESIAN_POINT ( 'NONE',  ( 3.034253206296351202, 2.071248167263010309, -26.91596782449149217 ) ) ;
#2342 = VECTOR ( 'NONE', #2343, 39.37007874015748143 ) ;
#2343 = DIRECTION ( 'NONE',  ( 0.000000000000000000, -1.000000000000000000, 0.000000000000000000 ) ) ;
#2344 = CARTESIAN_POINT ( 'NONE',  ( 2.452032867499230662, 2.605113858012193973, -27.83726992770484543 ) ) ;
#2345 = CARTESIAN_POINT ( 'NONE',  ( -3.260347556013926340, 2.022974237315485091, -26.81973364507729229 ) ) ;
#2346 = CARTESIAN_POINT ( 'NONE',  ( 1.581381175955996587, 2.394793937581118470, -27.83726992770484898 ) ) ;
#2347 = ORIENTED_EDGE ( 'NONE', *, *, #2812, .F. ) ;
#2348 = CARTESIAN_POINT ( 'NONE',  ( 3.362882829244395744, 2.156393068230389343, -27.07945402867134277 ) ) ;
#2349 = CARTESIAN_POINT ( 'NONE',  ( -1.513158176678220945, 2.387108802782123895, -27.83726992770485253 ) ) ;
#2350 = CARTESIAN_POINT ( 'NONE',  ( 1.241997774145382705, 1.966934225413054627, -26.73050798782740500 ) ) ;
#2351 = CARTESIAN_POINT ( 'NONE',  ( 3.566253045367949071, 1.965092678420513606, -26.72633098854271338 ) ) ;
#2352 = B_SPLINE_CURVE_WITH_KNOTS ( 'NONE', 3,
 ( #2216, #1234, #4141, #2864 ),
 .UNSPECIFIED., .F., .F.,
 ( 4, 4 ),
 ( 0.0005079628667099075510, 0.03360868268190991132 ),
 .UNSPECIFIED. ) ;
#2353 = CARTESIAN_POINT ( 'NONE',  ( 2.505976465822947308, 2.046934225413054698, -23.58831582086456891 ) ) ;
#2354 = CARTESIAN_POINT ( 'NONE',  ( -3.738133442158302344, 2.474109684217491445, -27.83726992770485609 ) ) ;
#2355 = CARTESIAN_POINT ( 'NONE',  ( -0.2122320388339032360, 2.279846308681279243, -27.65758529942041477 ) ) ;
#2356 = ORIENTED_EDGE ( 'NONE', *, *, #2155, .T. ) ;
#2357 = ORIENTED_EDGE ( 'NONE', *, *, #895, .F. ) ;
#2358 = CARTESIAN_POINT ( 'NONE',  ( -3.251147957894413132, 2.444707994708638754, -27.47579346091375641 ) ) ;
#2359 = CARTESIAN_POINT ( 'NONE',  ( 3.556271299399017760, 2.625513439180563235, -27.83726992770484898 ) ) ;
#2360 = CARTESIAN_POINT ( 'NONE',  ( -0.01758406171358955355, 2.014141406748378493, -26.91160922546657375 ) ) ;
#2361 = CARTESIAN_POINT ( 'NONE',  ( 3.141569059083702875, 2.459596094835918123, -27.47571862963711808 ) ) ;
#2362 = CARTESIAN_POINT ( 'NONE',  ( -2.496649199329020519, 2.046934225413054698, -23.52243052234773302 ) ) ;
#2363 = CARTESIAN_POINT ( 'NONE',  ( 2.531973534342544241, 2.630740963161021462, -27.83726992770485609 ) ) ;
#2364 = LINE ( 'NONE', #1642, #1463 ) ;
#2365 = CARTESIAN_POINT ( 'NONE',  ( -2.664968230391419723, 1.984552523689068426, -23.59402523995379752 ) ) ;
#2366 = EDGE_CURVE ( 'NONE', #507, #2535, #1534, .T. ) ;
#2367 = EDGE_CURVE ( 'NONE', #2332, #229, #3924, .T. ) ;
#2368 = VERTEX_POINT ( 'NONE', #1120 ) ;
#2369 = CARTESIAN_POINT ( 'NONE',  ( -3.595502225854618317, 2.004663988466178548, -23.63789122274700105 ) ) ;
#2370 = CARTESIAN_POINT ( 'NONE',  ( -2.569769968022913798, 2.046934225413054698, -26.23205580265396009 ) ) ;
#2371 = CARTESIAN_POINT ( 'NONE',  ( -1.937338327440869756, 2.139093784650412555, -27.09942863445322558 ) ) ;
#2372 = CARTESIAN_POINT ( 'NONE',  ( -3.348802214361741747, 2.143814967325763821, -27.02099474281006408 ) ) ;
#2373 = CARTESIAN_POINT ( 'NONE',  ( 3.641073495491728540, 2.332131242826930517, -27.46834928107904616 ) ) ;
#2374 = CARTESIAN_POINT ( 'NONE',  ( -3.424332960508905899, 2.235832434301340932, -27.22643567357993533 ) ) ;
#2375 = CARTESIAN_POINT ( 'NONE',  ( -3.525359484527159637, 2.637269864136676745, -27.83726992770484898 ) ) ;
#2376 = CARTESIAN_POINT ( 'NONE',  ( -0.05185724427871483966, 2.360017023867155839, -27.84422055267655693 ) ) ;
#2377 = ORIENTED_EDGE ( 'NONE', *, *, #163, .T. ) ;
#2378 = DIRECTION ( 'NONE',  ( 0.000000000000000000, -0.001744812478206600936, 0.9999984778135494468 ) ) ;
#2379 = CARTESIAN_POINT ( 'NONE',  ( -2.884502685543800293, 2.705917063207542217, -27.84810811062580171 ) ) ;
#2380 = CARTESIAN_POINT ( 'NONE',  ( -3.594175609327940890, 1.963553718865411968, -26.72230616727229702 ) ) ;
#2381 = DIRECTION ( 'NONE',  ( 0.000000000000000000, -1.000000000000000000, 0.000000000000000000 ) ) ;
#2382 = CARTESIAN_POINT ( 'NONE',  ( 3.217275382157037455, 2.583599419329842828, -27.66227790805988818 ) ) ;
#2383 = CARTESIAN_POINT ( 'NONE',  ( -2.679903125015127507, 2.004499306459961883, -23.56350758118322375 ) ) ;
#2384 = CARTESIAN_POINT ( 'NONE',  ( 2.556878721307786151, 2.638565966847298938, -27.83726992770483832 ) ) ;
#2385 = CARTESIAN_POINT ( 'NONE',  ( 2.505976465822947308, 2.046934225413054698, -23.58831582086456891 ) ) ;
#2386 = DIRECTION ( 'NONE',  ( 0.000000000000000000, 0.000000000000000000, -1.000000000000000000 ) ) ;
#2387 = EDGE_LOOP ( 'NONE', ( #3145, #1796, #3174 ) ) ;
#2388 = CARTESIAN_POINT ( 'NONE',  ( 2.762485147654485829, 2.196506488221637632, -27.10223006568292092 ) ) ;
#2389 = CARTESIAN_POINT ( 'NONE',  ( 3.681685543064386668, 2.418298782802034363, -27.70000913504841833 ) ) ;
#2390 = DIRECTION ( 'NONE',  ( 0.000000000000000000, 0.000000000000000000, -1.000000000000000000 ) ) ;
#2391 = EDGE_CURVE ( 'NONE', #3502, #4065, #1888, .T. ) ;
#2392 = CARTESIAN_POINT ( 'NONE',  ( -2.018807475041535238, 1.960778943374434258, -26.71820525699473592 ) ) ;
#2393 = CARTESIAN_POINT ( 'NONE',  ( -0.9164193264456874655, 2.078225917946576295, -27.05645503214891789 ) ) ;
#2394 = CARTESIAN_POINT ( 'NONE',  ( 3.265196823338929910, 1.961744216908495320, -26.72215398925802177 ) ) ;
#2395 = B_SPLINE_CURVE_WITH_KNOTS ( 'NONE', 3,
 ( #30, #2068, #437, #3990, #2657, #1058, #1036, #2389, #3686, #755, #1679, #375, #115, #3060, #3947, #2003, #2993, #1363, #2677, #2348, #3650, #3481 ),
 .UNSPECIFIED., .F., .F.,
 ( 4, 2, 2, 2, 2, 2, 2, 2, 2, 2, 4 ),
 ( 0.1012906692997051356, 0.1021468609619416990, 0.1030030526241782624, 0.1047154359486516806, 0.1064278192731250988, 0.1081402025975985171, 0.1115649692465450621, 0.1149897358954916071, 0.1184145025444381522, 0.1218392691933846972, 0.1286888024912775375 ),
 .UNSPECIFIED. ) ;
#2396 = CARTESIAN_POINT ( 'NONE',  ( 0.04048772480106556382, 1.965375630492042669, -26.72640707754985456 ) ) ;
#2397 = CARTESIAN_POINT ( 'NONE',  ( -3.740088864042655281, 2.471732186990675650, -27.83726992770485609 ) ) ;
#2398 = EDGE_CURVE ( 'NONE', #1167, #697, #3573, .T. ) ;
#2399 = CARTESIAN_POINT ( 'NONE',  ( -0.09253861535926501125, 2.356599858801597502, -27.84417515996038262 ) ) ;
#2400 = CARTESIAN_POINT ( 'NONE',  ( 0.004497774145382284726, 2.089759520807885629, -27.05645503214892500 ) ) ;
#2401 = ORIENTED_EDGE ( 'NONE', *, *, #246, .T. ) ;
#2402 = DIRECTION ( 'NONE',  ( 0.000000000000000000, 0.000000000000000000, -1.000000000000000000 ) ) ;
#2403 = CARTESIAN_POINT ( 'NONE',  ( -2.197866854787278612, 1.942783910570605732, -26.72816708295031773 ) ) ;
#2404 = CARTESIAN_POINT ( 'NONE',  ( -3.118671034258318819, 2.479787476628071197, -27.46834928107902840 ) ) ;
#2405 = CARTESIAN_POINT ( 'NONE',  ( 0.2163788509057587295, 2.145324953193179507, -27.28440821548864292 ) ) ;
#2406 = ORIENTED_EDGE ( 'NONE', *, *, #1869, .F. ) ;
#2407 = VECTOR ( 'NONE', #1286, 39.37007874015748143 ) ;
#2408 = B_SPLINE_CURVE_WITH_KNOTS ( 'NONE', 3,
 ( #2448, #1038, #1643, #14, #2643, #3894, #1016, #2350, #2306, #1367, #3950, #1332, #317, #3653, #955, #357, #2026, #1307, #3320, #1351, #35, #676, #2327, #3915, #2660, #1701, #1627, #3596, #3631, #702, #2005, #1966, #3280, #637 ),
 .UNSPECIFIED., .F., .F.,
 ( 4, 1, 1, 1, 1, 1, 1, 1, 1, 1, 1, 1, 1, 1, 1, 1, 1, 1, 1, 1, 1, 1, 1, 1, 1, 1, 1, 1, 1, 1, 1, 4 ),
 ( 0.000000000000000000, 0.06249999999999756445, 0.1249999999999951289, 0.1874999999999927003, 0.2499999999999902578, 0.3124999999999878431, 0.3437499999999864553, 0.3749999999999854561, 0.4062499999999839573, 0.4374999999999833467, 0.4687499999999811262, 0.4999999999999805156, 0.5312499999999791278, 0.5468749999999787947, 0.5624999999999777955, 0.5781249999999774625, 0.5937499999999763522, 0.6093749999999761302, 0.6249999999999756861, 0.6406249999999753530, 0.6562499999999752420, 0.6874999999999724665, 0.7187499999999718003, 0.7499999999999713562, 0.7812499999999686917, 0.7968749999999682476, 0.8124999999999680256, 0.8281249999999676925, 0.8437499999999672484, 0.8593749999999671374, 0.8749999999999646949, 0.8969529364670080218 ),
 .UNSPECIFIED. ) ;
#2409 = CARTESIAN_POINT ( 'NONE',  ( -2.569769968022913798, 2.004651643197893574, -23.65081582086457246 ) ) ;
#2410 = CARTESIAN_POINT ( 'NONE',  ( 2.417013610425965187, 2.593755819448339661, -27.83726992770484898 ) ) ;
#2411 = AXIS2_PLACEMENT_3D ( 'NONE', #848, #4158, #2152 ) ;
#2412 = CARTESIAN_POINT ( 'NONE',  ( 2.579097234516841475, 2.004427634586039897, -23.52243052234773302 ) ) ;
#2413 = CARTESIAN_POINT ( 'NONE',  ( 3.783512746573753027, 1.947604356856262431, -27.83726992770484898 ) ) ;
#2414 = VECTOR ( 'NONE', #2537, 39.37007874015748143 ) ;
#2415 = ORIENTED_EDGE ( 'NONE', *, *, #379, .T. ) ;
#2416 = CARTESIAN_POINT ( 'NONE',  ( 3.766387192703515741, 2.070271023522930243, -27.84760024254213917 ) ) ;
#2417 = LINE ( 'NONE', #3651, #2333 ) ;
#2418 = DIRECTION ( 'NONE',  ( 0.000000000000000000, -1.000000000000000000, 0.000000000000000000 ) ) ;
#2419 = CIRCLE ( 'NONE', #1997, 0.09842519685039161081 ) ;
#2420 = CARTESIAN_POINT ( 'NONE',  ( 3.723841089097626789, 2.271046867990079932, -27.46834928107903551 ) ) ;
#2421 = ORIENTED_EDGE ( 'NONE', *, *, #1974, .F. ) ;
#2422 = CARTESIAN_POINT ( 'NONE',  ( 0.004497774145382349778, 2.105953088104047577, -27.09942863445322558 ) ) ;
#2423 = CARTESIAN_POINT ( 'NONE',  ( -3.361693705931227516, 2.702195669606664019, -27.83726992770484898 ) ) ;
#2424 = CARTESIAN_POINT ( 'NONE',  ( -2.569769968022913798, 1.966934225413054627, -26.23205580265396009 ) ) ;
#2425 = CARTESIAN_POINT ( 'NONE',  ( -1.318675180936893510, 2.065323568709457991, -27.05645503214891789 ) ) ;
#2426 = ORIENTED_EDGE ( 'NONE', *, *, #346, .T. ) ;
#2427 = EDGE_CURVE ( 'NONE', #1962, #507, #2456, .T. ) ;
#2428 = DIRECTION ( 'NONE',  ( 0.000000000000000000, -1.000000000000000000, 0.000000000000000000 ) ) ;
#2429 = CARTESIAN_POINT ( 'NONE',  ( -2.339902080099506954, 2.458592593980402086, -27.65967995087164510 ) ) ;
#2430 = CARTESIAN_POINT ( 'NONE',  ( -3.623778110265145624, 2.129583213592101121, -27.09942863445322558 ) ) ;
#2431 = CARTESIAN_POINT ( 'NONE',  ( 0.7659481204040943236, 2.133407470763580172, -27.28404530675936357 ) ) ;
#2432 = ORIENTED_EDGE ( 'NONE', *, *, #1323, .F. ) ;
#2433 = CARTESIAN_POINT ( 'NONE',  ( -2.670366156382855571, 1.946934225413058828, -26.73677730129345775 ) ) ;
#2434 = CARTESIAN_POINT ( 'NONE',  ( -1.233002225854617828, 1.966934225413054627, -26.73050798782740500 ) ) ;
#2435 = DIRECTION ( 'NONE',  ( 0.000000000000000000, -1.000000000000000000, 0.000000000000000000 ) ) ;
#2436 = ORIENTED_EDGE ( 'NONE', *, *, #269, .T. ) ;
#2437 = CARTESIAN_POINT ( 'NONE',  ( 3.052680055942284643, 2.726225373785926553, -27.84866918641421663 ) ) ;
#2438 = CARTESIAN_POINT ( 'NONE',  ( 2.684665788806828157, 1.896271023522929644, -24.30177871424679736 ) ) ;
#2439 = CARTESIAN_POINT ( 'NONE',  ( 3.100263915364699585, 2.717364765460632992, -27.83726992770484898 ) ) ;
#2440 = CARTESIAN_POINT ( 'NONE',  ( -1.964252225854617562, 1.966934225413054627, -26.73050798782740500 ) ) ;
#2441 = CARTESIAN_POINT ( 'NONE',  ( -2.569769968022913798, 2.046934225413054698, -26.33048099950435272 ) ) ;
#2442 = CARTESIAN_POINT ( 'NONE',  ( 3.173247774145382838, 1.966934225413054627, -26.73050798782740500 ) ) ;
#2443 = ORIENTED_EDGE ( 'NONE', *, *, #3809, .F. ) ;
#2444 = ORIENTED_EDGE ( 'NONE', *, *, #3265, .F. ) ;
#2445 = FACE_OUTER_BOUND ( 'NONE', #1570, .T. ) ;
#2446 = CARTESIAN_POINT ( 'NONE',  ( -3.266395693451027427, 2.724859806719241107, -27.83726992770484898 ) ) ;
#2447 = CARTESIAN_POINT ( 'NONE',  ( -0.08887066365137678836, 2.081341030059420394, -27.09833201834336336 ) ) ;
#2448 = CARTESIAN_POINT ( 'NONE',  ( 0.004497774145382328961, 1.966934225413054627, -26.73050798782740500 ) ) ;
#2449 = VERTEX_POINT ( 'NONE', #1488 ) ;
#2450 = CARTESIAN_POINT ( 'NONE',  ( -2.838812569089491866, 1.942126254186497869, -26.72995989293853825 ) ) ;
#2451 = CARTESIAN_POINT ( 'NONE',  ( -2.862741444611795583, 1.961198768436825945, -26.72230616727229702 ) ) ;
#2452 = EDGE_CURVE ( 'NONE', #2666, #3069, #426, .T. ) ;
#2453 = CARTESIAN_POINT ( 'NONE',  ( 0.7562310558773456259, 2.070187342898170524, -27.09749552467303602 ) ) ;
#2454 = VERTEX_POINT ( 'NONE', #3142 ) ;
#2455 = B_SPLINE_CURVE_WITH_KNOTS ( 'NONE', 3,
 ( #2169, #543, #1848, #3168, #134, #1473, #309, #4222, #1894, #261, #924, #1619, #968, #4138, #2611, #1233, #2215, #3905, #1210, #3546, #3271, #2278 ),
 .UNSPECIFIED., .F., .F.,
 ( 4, 2, 2, 2, 2, 2, 2, 2, 2, 2, 4 ),
 ( 0.000000000000000000, 0.0009291427648738893657, 0.001858285529747778731, 0.003716571059495289014, 0.005574856589242799948, 0.007433142118990309147, 0.01114971317848530499, 0.01486628423798030084, 0.01858285529747529669, 0.02229942635697029427, 0.02973256847596028596 ),
 .UNSPECIFIED. ) ;
#2456 = LINE ( 'NONE', #3799, #836 ) ;
#2457 = CARTESIAN_POINT ( 'NONE',  ( 2.757373959910853323, 2.695041771569632427, -27.83726992770484898 ) ) ;
#2458 = DIRECTION ( 'NONE',  ( 1.000000000000000000, 0.000000000000000000, 0.000000000000000000 ) ) ;
#2459 = CARTESIAN_POINT ( 'NONE',  ( -2.531710415632016709, 2.046934225413053365, -23.63789122274700105 ) ) ;
#2460 = ORIENTED_EDGE ( 'NONE', *, *, #2534, .T. ) ;
#2461 = CARTESIAN_POINT ( 'NONE',  ( 0.004497774145414298180, 2.068379306165320397, -27.05645503214892500 ) ) ;
#2462 = DIRECTION ( 'NONE',  ( 0.000000000000000000, 1.000000000000000000, 0.000000000000000000 ) ) ;
#2463 = CARTESIAN_POINT ( 'NONE',  ( -1.108281023233780305, 2.080997973611089513, -27.05645503214892500 ) ) ;
#2464 = ORIENTED_EDGE ( 'NONE', *, *, #3932, .F. ) ;
#2465 = LINE ( 'NONE', #1878, #1934 ) ;
#2466 = B_SPLINE_CURVE_WITH_KNOTS ( 'NONE', 3,
 ( #1475, #1080, #2702, #2463, #2393, #464, #3993, #3062, #785, #118 ),
 .UNSPECIFIED., .F., .F.,
 ( 4, 1, 1, 1, 1, 1, 1, 4 ),
 ( 0.000000000000000000, 0.0009399041128894195787, 0.003863615656374971667, 0.009711038743345777255, 0.01555846183031692372, 0.02140588491728811354, 0.02725330800425887837, 0.03310073109123006646 ),
 .UNSPECIFIED. ) ;
#2467 = CARTESIAN_POINT ( 'NONE',  ( -3.084831132106877316, 2.740655349734631763, -27.83726992770484898 ) ) ;
#2468 = DIRECTION ( 'NONE',  ( 1.000000000000000000, 0.000000000000000000, 0.000000000000000000 ) ) ;
#2469 = CARTESIAN_POINT ( 'NONE',  ( 1.327670729227666158, 2.065323568904305240, -27.05645503214892500 ) ) ;
#2470 = VERTEX_POINT ( 'NONE', #2085 ) ;
#2471 = CARTESIAN_POINT ( 'NONE',  ( 3.340092106388771853, 2.298743896930301123, -27.28871313281884525 ) ) ;
#2472 = CARTESIAN_POINT ( 'NONE',  ( -3.043684095316052218, 2.726223295868097640, -27.84866619077255123 ) ) ;
#2473 = CARTESIAN_POINT ( 'NONE',  ( -3.030581570716996076, 1.958472326148331000, -26.71820525699473592 ) ) ;
#2474 = CARTESIAN_POINT ( 'NONE',  ( 0.9466835996357446659, 2.263147339966531835, -27.65717581640024036 ) ) ;
#2475 = ORIENTED_EDGE ( 'NONE', *, *, #769, .F. ) ;
#2476 = ADVANCED_FACE ( 'NONE', ( #1737 ), #2792, .F. ) ;
#2477 = CARTESIAN_POINT ( 'NONE',  ( 3.767948618831413743, 1.896271023522929200, -27.83726992770484898 ) ) ;
#2478 = FACE_OUTER_BOUND ( 'NONE', #2185, .T. ) ;
#2479 = CARTESIAN_POINT ( 'NONE',  ( -3.595502225854618317, 1.984427665029768972, -23.52246541859729589 ) ) ;
#2480 = EDGE_CURVE ( 'NONE', #1688, #2470, #2419, .T. ) ;
#2481 = VECTOR ( 'NONE', #76, 39.37007874015748143 ) ;
#2482 = ORIENTED_EDGE ( 'NONE', *, *, #3884, .F. ) ;
#2483 = CARTESIAN_POINT ( 'NONE',  ( 3.097894693437931668, 2.593269287420103542, -27.66222716170132045 ) ) ;
#2484 = CARTESIAN_POINT ( 'NONE',  ( 2.505976465822947308, 2.046934225413054698, -23.58831582086456891 ) ) ;
#2485 = DIRECTION ( 'NONE',  ( 0.000000000000000000, -1.000000000000000000, 0.000000000000000000 ) ) ;
#2486 = VECTOR ( 'NONE', #1812, 39.37007874015748143 ) ;
#2487 = VECTOR ( 'NONE', #693, 39.37007874015748143 ) ;
#2488 = CYLINDRICAL_SURFACE ( 'NONE', #1249, 0.09842519685039161081 ) ;
#2489 = ORIENTED_EDGE ( 'NONE', *, *, #2667, .T. ) ;
#2490 = CARTESIAN_POINT ( 'NONE',  ( -3.629500151940786790, 2.400765560263673937, -27.62222535217511776 ) ) ;
#2491 = CARTESIAN_POINT ( 'NONE',  ( -2.850888166722215455, 2.717122720398301716, -27.83726992770484898 ) ) ;
#2492 = VECTOR ( 'NONE', #3667, 39.37007874015748143 ) ;
#2493 = FACE_OUTER_BOUND ( 'NONE', #1205, .T. ) ;
#2494 = VERTEX_POINT ( 'NONE', #4090 ) ;
#2495 = VERTEX_POINT ( 'NONE', #2752 ) ;
#2496 = CARTESIAN_POINT ( 'NONE',  ( 2.383790650304299152, 1.959321301444193475, -26.71797698997332660 ) ) ;
#2497 = CARTESIAN_POINT ( 'NONE',  ( 3.339230624888326560, 2.427990309392746848, -27.47544820746896832 ) ) ;
#2498 = CARTESIAN_POINT ( 'NONE',  ( -2.260729210379013754, 2.437346709680762835, -27.65940839711310062 ) ) ;
#2499 = CARTESIAN_POINT ( 'NONE',  ( -3.689553994675673021, 2.292232201771147615, -27.46834928107903551 ) ) ;
#2500 = CARTESIAN_POINT ( 'NONE',  ( 0.2845288517893020397, 1.943636822559544619, -26.72467054258869368 ) ) ;
#2501 = ORIENTED_EDGE ( 'NONE', *, *, #845, .F. ) ;
#2502 = CARTESIAN_POINT ( 'NONE',  ( -2.569769968022913798, 2.046934225413054698, -23.58831582086456891 ) ) ;
#2503 = CARTESIAN_POINT ( 'NONE',  ( -2.301752225854618139, 1.966934225413054627, -26.73050798782740500 ) ) ;
#2504 = FACE_BOUND ( 'NONE', #2240, .T. ) ;
#2505 = B_SPLINE_CURVE_WITH_KNOTS ( 'NONE', 3,
 ( #2863, #1149, #1806, #4139 ),
 .UNSPECIFIED., .F., .F.,
 ( 4, 4 ),
 ( 0.000000000000000000, 0.002939399863106681270 ),
 .UNSPECIFIED. ) ;
#2506 = VERTEX_POINT ( 'NONE', #1164 ) ;
#2507 = LINE ( 'NONE', #1492, #2966 ) ;
#2508 = CARTESIAN_POINT ( 'NONE',  ( -1.330452232190377782, 2.367063476271251243, -27.83726992770484898 ) ) ;
#2509 = EDGE_CURVE ( 'NONE', #2587, #3551, #2552, .T. ) ;
#2510 = EDGE_CURVE ( 'NONE', #2648, #4111, #565, .T. ) ;
#2511 = CARTESIAN_POINT ( 'NONE',  ( 3.214335706451158181, 1.946934225413054831, -26.73636043563830356 ) ) ;
#2512 = CARTESIAN_POINT ( 'NONE',  ( -0.01948175425139743455, 1.962185197079745258, -26.71797698997332660 ) ) ;
#2513 = EDGE_LOOP ( 'NONE', ( #3771, #3976, #3826, #3191, #3388, #4226, #2860, #3434, #1034, #1045, #2097 ) ) ;
#2514 = CARTESIAN_POINT ( 'NONE',  ( -3.774517198282988595, 1.896271023522930310, -27.83726992770484898 ) ) ;
#2515 = CARTESIAN_POINT ( 'NONE',  ( 2.742912348435150527, 1.896271023522930310, -23.52243052234773302 ) ) ;
#2516 = CARTESIAN_POINT ( 'NONE',  ( -3.024071895233957807, 2.738731375813333369, -27.83726992770485253 ) ) ;
#2517 = CARTESIAN_POINT ( 'NONE',  ( -1.298675180936897267, -1.951533724615070575, -27.05645503214891789 ) ) ;
#2518 = CARTESIAN_POINT ( 'NONE',  ( -1.318675180936893510, 1.896271023522930310, -27.05645503214891789 ) ) ;
#2519 = B_SPLINE_CURVE_WITH_KNOTS ( 'NONE', 2,
 ( #3999, #470, #867 ),
 .UNSPECIFIED., .F., .F.,
 ( 3, 3 ),
 ( 0.2726587583239051815, 0.9709071825910580156 ),
 .UNSPECIFIED. ) ;
#2520 = CARTESIAN_POINT ( 'NONE',  ( 2.308838156992559121, 1.959607919076356231, -26.71797698997332660 ) ) ;
#2521 = CARTESIAN_POINT ( 'NONE',  ( 3.455909088552755914, 2.521634286112770074, -27.66169426663463327 ) ) ;
#2522 = CARTESIAN_POINT ( 'NONE',  ( -2.177857123209778756, 2.140543019646621303, -27.10053265441174375 ) ) ;
#2523 = CARTESIAN_POINT ( 'NONE',  ( -2.239082541015105843, 2.359963875169024838, -27.46834928107903551 ) ) ;
#2524 = CARTESIAN_POINT ( 'NONE',  ( 2.242107043963427859, 2.338287165270047208, -27.47296651195982164 ) ) ;
#2525 = EDGE_LOOP ( 'NONE', ( #447, #3022, #1482, #4198 ) ) ;
#2526 = CARTESIAN_POINT ( 'NONE',  ( -3.621271464069819146, 2.020458610187889192, -26.91291120681636073 ) ) ;
#2527 = CARTESIAN_POINT ( 'NONE',  ( 2.691604969831893790, 2.678134723938124573, -27.83726992770483832 ) ) ;
#2528 = CARTESIAN_POINT ( 'NONE',  ( 0.004497774145382284726, 2.089759520807885629, -27.05645503214892500 ) ) ;
#2529 = ORIENTED_EDGE ( 'NONE', *, *, #2257, .F. ) ;
#2530 = DIRECTION ( 'NONE',  ( 0.000000000000000000, -1.000000000000000000, 0.000000000000000000 ) ) ;
#2531 = DIRECTION ( 'NONE',  ( 0.000000000000000000, -1.000000000000000000, 0.000000000000000000 ) ) ;
#2532 = CARTESIAN_POINT ( 'NONE',  ( -3.595502225854618317, 2.004663988466177660, -23.65789122274700063 ) ) ;
#2533 = DIRECTION ( 'NONE',  ( 3.354088014807555410E-15, 0.000000000000000000, 1.000000000000000000 ) ) ;
#2534 = EDGE_CURVE ( 'NONE', #2168, #406, #3054, .T. ) ;
#2535 = VERTEX_POINT ( 'NONE', #797 ) ;
#2536 = CARTESIAN_POINT ( 'NONE',  ( -3.479624354889222282, 2.291230454806094663, -27.33782220858856249 ) ) ;
#2537 = DIRECTION ( 'NONE',  ( 1.000000000000000000, 0.000000000000000000, 0.000000000000000000 ) ) ;
#2538 = CARTESIAN_POINT ( 'NONE',  ( -3.229372867652367862, 2.730808999231688183, -27.83726992770484543 ) ) ;
#2539 = DIRECTION ( 'NONE',  ( -1.000000000000000000, 0.000000000000000000, 7.277325085833640951E-15 ) ) ;
#2540 = DIRECTION ( 'NONE',  ( 0.000000000000000000, -3.475471168776155271E-14, -1.000000000000000000 ) ) ;
#2541 = CARTESIAN_POINT ( 'NONE',  ( 2.084571499927847071, 1.962622916857330813, -26.72215398925802177 ) ) ;
#2542 = EDGE_CURVE ( 'NONE', #1172, #2648, #3707, .T. ) ;
#2543 = CARTESIAN_POINT ( 'NONE',  ( -2.167910122594735256, 2.500387029257352456, -27.84535084588886278 ) ) ;
#2544 = CARTESIAN_POINT ( 'NONE',  ( -2.434371258061204468, 2.191063639651596784, -27.09942863445321493 ) ) ;
#2545 = CARTESIAN_POINT ( 'NONE',  ( 2.214455095727646761, 2.239326563634758571, -27.28658278907927937 ) ) ;
#2546 = ORIENTED_EDGE ( 'NONE', *, *, #163, .F. ) ;
#2547 = CARTESIAN_POINT ( 'NONE',  ( -3.366701972928118014, 1.942722955773316551, -26.72827450965230511 ) ) ;
#2548 = CARTESIAN_POINT ( 'NONE',  ( 2.886254114012864580, 2.721752510981676476, -27.83726992770484898 ) ) ;
#2549 = CARTESIAN_POINT ( 'NONE',  ( -1.318675180936897284, -1.951533724615070575, -27.05645503214891789 ) ) ;
#2550 = CARTESIAN_POINT ( 'NONE',  ( -3.205340157898905584, 1.946934225413054165, -26.73636043497679893 ) ) ;
#2551 = CARTESIAN_POINT ( 'NONE',  ( 2.505976465822947308, 2.046934225413054698, -26.23205580265396009 ) ) ;
#2552 =( BOUNDED_CURVE ( )  B_SPLINE_CURVE ( 3, ( #2409, #3457, #777, #520 ),
 .UNSPECIFIED., .F., .T. ) 
 B_SPLINE_CURVE_WITH_KNOTS ( ( 4, 4 ),
 ( 3.141592653589793116, 6.283185307179586232 ),
 .UNSPECIFIED. ) 
 CURVE ( )  GEOMETRIC_REPRESENTATION_ITEM ( )  RATIONAL_B_SPLINE_CURVE ( ( 1.000000000000000000, 0.3333333333333333703, 0.3333333333333333703, 1.000000000000000000 ) ) 
 REPRESENTATION_ITEM ( '' )  );
#2553 = VECTOR ( 'NONE', #3687, 39.37007874015748143 ) ;
#2554 = CARTESIAN_POINT ( 'NONE',  ( -0.03240627162799688404, 2.107146472736383558, -27.09942863445322558 ) ) ;
#2555 = ORIENTED_EDGE ( 'NONE', *, *, #1483, .T. ) ;
#2556 = CARTESIAN_POINT ( 'NONE',  ( 2.380976465822944199, 2.004433541306125832, -23.52581582086456535 ) ) ;
#2557 = CARTESIAN_POINT ( 'NONE',  ( -2.547885178281875440, 2.638566582513238057, -27.83726992770485253 ) ) ;
#2558 = PLANE ( 'NONE',  #4119 ) ;
#2559 = CARTESIAN_POINT ( 'NONE',  ( 2.398593620373160373, 1.984562163647690891, -23.59955015685392965 ) ) ;
#2560 = B_SPLINE_CURVE_WITH_KNOTS ( 'NONE', 3,
 ( #3105, #3441, #3400, #782, #160, #842, #1805, #2149, #525, #2758 ),
 .UNSPECIFIED., .F., .F.,
 ( 4, 1, 1, 1, 1, 1, 1, 4 ),
 ( 0.000000000000000000, 0.005847423092747534509, 0.01169484618549506902, 0.01754226927824260179, 0.02338969237099013804, 0.02923711546373767428, 0.03216082701011142159, 0.03310073109120438561 ),
 .UNSPECIFIED. ) ;
#2561 = CARTESIAN_POINT ( 'NONE',  ( 2.029497774145382127, 1.966934225413054627, -26.73050798782741211 ) ) ;
#2562 = AXIS2_PLACEMENT_3D ( 'NONE', #2593, #3886, #242 ) ;
#2563 = CARTESIAN_POINT ( 'NONE',  ( -2.193889426612887217, 2.330034017174763772, -27.47299513750809652 ) ) ;
#2564 = CARTESIAN_POINT ( 'NONE',  ( -2.694080119371319082, 1.961316155886789314, -26.72230616727229702 ) ) ;
#2565 = CARTESIAN_POINT ( 'NONE',  ( 2.044797662764061830, 2.035626454598359558, -26.91334825621946791 ) ) ;
#2566 = ADVANCED_FACE ( 'NONE', ( #2813, #3099 ), #4114, .F. ) ;
#2567 = ORIENTED_EDGE ( 'NONE', *, *, #2312, .F. ) ;
#2568 = CARTESIAN_POINT ( 'NONE',  ( -3.446460084695137205, 2.393673598310555928, -27.47515384097757263 ) ) ;
#2569 = LINE ( 'NONE', #2549, #1097 ) ;
#2570 = CARTESIAN_POINT ( 'NONE',  ( -2.726111431925105855, 1.946934225413054165, -23.63789122274700105 ) ) ;
#2571 = CARTESIAN_POINT ( 'NONE',  ( 2.242954515116871494, 2.538680490865791839, -27.83726992770484543 ) ) ;
#2572 = LINE ( 'NONE', #2532, #966 ) ;
#2573 = CARTESIAN_POINT ( 'NONE',  ( -0.007803574445744090697, 2.106350882981493200, -27.09942863445322558 ) ) ;
#2574 = EDGE_LOOP ( 'NONE', ( #3344, #2250, #673, #3890 ) ) ;
#2575 = CARTESIAN_POINT ( 'NONE',  ( 2.244486247607288654, 1.942447107538570528, -26.72781932286575568 ) ) ;
#2576 = CARTESIAN_POINT ( 'NONE',  ( 2.380976465822944199, 2.004651643197893574, -23.65081582086457246 ) ) ;
#2577 = CARTESIAN_POINT ( 'NONE',  ( -2.443036139991330735, 2.605113475514938770, -27.83726992770484543 ) ) ;
#2578 = FACE_OUTER_BOUND ( 'NONE', #1853, .T. ) ;
#2579 = FACE_OUTER_BOUND ( 'NONE', #3519, .T. ) ;
#2580 = CARTESIAN_POINT ( 'NONE',  ( 2.198247774145382305, 1.966934225413054627, -26.73050798782741211 ) ) ;
#2581 = CARTESIAN_POINT ( 'NONE',  ( -0.4451134180640201055, 1.962681369722488300, -26.71820525699473592 ) ) ;
#2582 = CARTESIAN_POINT ( 'NONE',  ( 3.717700923500546040, 2.359781527244940502, -27.65881001778370774 ) ) ;
#2583 = CARTESIAN_POINT ( 'NONE',  ( -2.181356856209351935, 2.416869542099568058, -27.65916645975375587 ) ) ;
#2584 = CARTESIAN_POINT ( 'NONE',  ( -2.767795326679932888, 2.700857819637207946, -27.83726992770483122 ) ) ;
#2585 = CARTESIAN_POINT ( 'NONE',  ( 2.269712778127836117, 2.437303585501292780, -27.65932726533662844 ) ) ;
#2586 = LINE ( 'NONE', #3879, #3579 ) ;
#2587 = VERTEX_POINT ( 'NONE', #3479 ) ;
#2588 = VERTEX_POINT ( 'NONE', #1093 ) ;
#2589 = ADVANCED_FACE ( 'NONE', ( #3396 ), #3753, .T. ) ;
#2590 = CARTESIAN_POINT ( 'NONE',  ( -3.616845663189609539, 2.108615633807000123, -27.10008311655237989 ) ) ;
#2591 = CARTESIAN_POINT ( 'NONE',  ( 3.329763349892254087, 2.713146878018072528, -27.83726992770484543 ) ) ;
#2592 = DIRECTION ( 'NONE',  ( 0.000000000000000000, 1.000000000000000000, 0.000000000000000000 ) ) ;
#2593 = CARTESIAN_POINT ( 'NONE',  ( -2.569769968022913798, 2.046934225413054698, -26.23205580265396009 ) ) ;
#2594 = CARTESIAN_POINT ( 'NONE',  ( 2.505976465822947308, 1.966934225413054627, -26.16955580265395653 ) ) ;
#2595 = CARTESIAN_POINT ( 'NONE',  ( 1.091997774145382571, 1.966934225413054627, -26.73050798782740500 ) ) ;
#2596 = ORIENTED_EDGE ( 'NONE', *, *, #2179, .T. ) ;
#2597 = CARTESIAN_POINT ( 'NONE',  ( -3.595502225854618317, 2.004663988466178548, -23.63789122274700105 ) ) ;
#2598 = CARTESIAN_POINT ( 'NONE',  ( -2.225799133414485098, 2.536231032602656921, -27.83726992770484898 ) ) ;
#2599 = CARTESIAN_POINT ( 'NONE',  ( 3.295858504717181781, 2.070271023522929354, -26.93391889064928435 ) ) ;
#2600 = CARTESIAN_POINT ( 'NONE',  ( 1.321004062561002224, 1.896271023522929200, -27.83726992770484898 ) ) ;
#2601 = CARTESIAN_POINT ( 'NONE',  ( 2.983337522468330949, 1.958224272148442857, -26.71797698997332660 ) ) ;
#2602 = CARTESIAN_POINT ( 'NONE',  ( 3.526823569890624288, 1.942940902275846593, -26.72643837133457367 ) ) ;
#2603 = CARTESIAN_POINT ( 'NONE',  ( -0.3598331523778220964, 2.074676994822819420, -27.09803585362168832 ) ) ;
#2604 = CARTESIAN_POINT ( 'NONE',  ( 2.096516349838032589, 2.477658015618529053, -27.84515358495348281 ) ) ;
#2605 = DIRECTION ( 'NONE',  ( -0.000000000000000000, 1.000000000000000000, -0.000000000000000000 ) ) ;
#2606 = ORIENTED_EDGE ( 'NONE', *, *, #137, .T. ) ;
#2607 = VERTEX_POINT ( 'NONE', #2772 ) ;
#2608 = CARTESIAN_POINT ( 'NONE',  ( -3.407560777507362193, 2.280809339486281839, -27.28863285329893174 ) ) ;
#2609 = CARTESIAN_POINT ( 'NONE',  ( 3.336604775523789979, 2.711439626981646978, -27.83726992770484543 ) ) ;
#2610 = CARTESIAN_POINT ( 'NONE',  ( -3.172738967748081507, 2.712871135054943483, -27.83726992770483832 ) ) ;
#2611 = CARTESIAN_POINT ( 'NONE',  ( 3.532468904716778990, 2.327087935843037414, -27.37994463020837443 ) ) ;
#2612 = CARTESIAN_POINT ( 'NONE',  ( 1.454367038800206569, 2.379256260423377345, -27.83726992770484898 ) ) ;
#2613 = CARTESIAN_POINT ( 'NONE',  ( 2.762968264769913862, 2.028271023522929095, -23.52243052234773302 ) ) ;
#2614 = ADVANCED_FACE ( 'NONE', ( #3122 ), #3329, .F. ) ;
#2615 = CARTESIAN_POINT ( 'NONE',  ( 1.389832994293256574, 2.104444811359133194, -27.09942863445322558 ) ) ;
#2616 = VERTEX_POINT ( 'NONE', #3090 ) ;
#2617 = CARTESIAN_POINT ( 'NONE',  ( 2.576348594692600802, 2.626885898039765799, -27.84668258019639353 ) ) ;
#2618 = CARTESIAN_POINT ( 'NONE',  ( 1.307670729227665918, -1.951533724615070575, -27.05645503214892500 ) ) ;
#2619 = CARTESIAN_POINT ( 'NONE',  ( -2.468172999546914159, 2.613237009734551641, -27.83726992770484898 ) ) ;
#2620 = CARTESIAN_POINT ( 'NONE',  ( -1.298675180936893270, 1.896271023522930310, -27.05645503214891789 ) ) ;
#2621 = DIRECTION ( 'NONE',  ( 0.000000000000000000, 0.000000000000000000, 1.000000000000000000 ) ) ;
#2622 = CIRCLE ( 'NONE', #3024, 0.09842519685039161081 ) ;
#2623 = CARTESIAN_POINT ( 'NONE',  ( 3.077113849091595466, 2.740882567162521877, -27.83726992770483122 ) ) ;
#2624 = CARTESIAN_POINT ( 'NONE',  ( -0.4455022258546176839, 1.966934225413054627, -26.73050798782740500 ) ) ;
#2625 = CARTESIAN_POINT ( 'NONE',  ( 3.376450983224572600, 2.051487262941180667, -26.91487623691723030 ) ) ;
#2626 = AXIS2_PLACEMENT_3D ( 'NONE', #1413, #251, #614 ) ;
#2627 = CARTESIAN_POINT ( 'NONE',  ( -0.6226052883634973778, 2.325477045940705256, -27.84374080332878520 ) ) ;
#2628 = VERTEX_POINT ( 'NONE', #1749 ) ;
#2629 = AXIS2_PLACEMENT_3D ( 'NONE', #2479, #1932, #3144 ) ;
#2630 = CARTESIAN_POINT ( 'NONE',  ( -3.063461952203025973, 2.070458004798557017, -26.91633799466260157 ) ) ;
#2631 = CARTESIAN_POINT ( 'NONE',  ( 3.126803487450837693, 2.740119074120184628, -27.83726992770483477 ) ) ;
#2632 = CARTESIAN_POINT ( 'NONE',  ( 0.09786459393197774470, 2.081217827494855399, -27.09799815828577962 ) ) ;
#2633 = AXIS2_PLACEMENT_3D ( 'NONE', #2484, #3146, #1785 ) ;
#2634 = CARTESIAN_POINT ( 'NONE',  ( 2.742912348435150527, 1.984427604142264379, -23.52243052234773302 ) ) ;
#2635 = CARTESIAN_POINT ( 'NONE',  ( 2.160731121126261201, 2.514833032167347326, -27.83726992770484898 ) ) ;
#2636 = FACE_OUTER_BOUND ( 'NONE', #278, .T. ) ;
#2637 = CARTESIAN_POINT ( 'NONE',  ( 1.339447774460650331, 2.367063478517448250, -27.83726992770486675 ) ) ;
#2638 = ORIENTED_EDGE ( 'NONE', *, *, #2234, .T. ) ;
#2639 = ADVANCED_FACE ( 'NONE', ( #1154 ), #3361, .F. ) ;
#2640 = CARTESIAN_POINT ( 'NONE',  ( -2.383272605959300794, 2.585732080431268454, -27.83726992770484898 ) ) ;
#2641 = EDGE_CURVE ( 'NONE', #4070, #2535, #4035, .T. ) ;
#2642 = CARTESIAN_POINT ( 'NONE',  ( 3.240313793257147079, 1.989020505599064181, -26.80207901057423214 ) ) ;
#2643 = CARTESIAN_POINT ( 'NONE',  ( 0.6794977741453824827, 1.966934225413054627, -26.73050798782740500 ) ) ;
#2644 = CARTESIAN_POINT ( 'NONE',  ( 2.798247774145382394, 1.966934225413054627, -26.73050798782741211 ) ) ;
#2645 = CARTESIAN_POINT ( 'NONE',  ( -0.2204385324668810819, 1.965465629599116193, -26.72640707754985456 ) ) ;
#2646 = CARTESIAN_POINT ( 'NONE',  ( 3.413659439305448906, 2.047659541284460261, -26.91462086714559021 ) ) ;
#2647 = CARTESIAN_POINT ( 'NONE',  ( -0.1700818734228706774, 2.214576369992586447, -27.47116370757303727 ) ) ;
#2648 = VERTEX_POINT ( 'NONE', #423 ) ;
#2649 = CARTESIAN_POINT ( 'NONE',  ( -2.951910288320535702, 1.942140563678463883, -26.72991536497982779 ) ) ;
#2650 = CARTESIAN_POINT ( 'NONE',  ( 2.591004689979600872, 1.984629061719719534, -23.63789122274700105 ) ) ;
#2651 = CARTESIAN_POINT ( 'NONE',  ( -0.01928759904454216759, 2.226143358244313752, -27.47124166521833288 ) ) ;
#2652 = DIRECTION ( 'NONE',  ( 0.000000000000000000, -5.059390552176238870E-17, 1.000000000000000000 ) ) ;
#2653 = CARTESIAN_POINT ( 'NONE',  ( 2.395445798447199959, 2.586761301257821444, -27.83726992770484898 ) ) ;
#2654 = DIRECTION ( 'NONE',  ( 0.000000000000000000, 0.000000000000000000, -1.000000000000000000 ) ) ;
#2655 = CARTESIAN_POINT ( 'NONE',  ( 0.2294328989285555898, 1.965438381013406843, -26.72633098854271338 ) ) ;
#2656 = VERTEX_POINT ( 'NONE', #1460 ) ;
#2657 = CARTESIAN_POINT ( 'NONE',  ( 3.732009944283942282, 2.425536598704561619, -27.78844542124715034 ) ) ;
#2658 = CARTESIAN_POINT ( 'NONE',  ( -2.230751566559060706, 2.537716210462352517, -27.83726992770485253 ) ) ;
#2659 = CARTESIAN_POINT ( 'NONE',  ( -2.188049194069854320, 1.962424751926685973, -26.72230616727229702 ) ) ;
#2660 = CARTESIAN_POINT ( 'NONE',  ( 2.704497774145382394, 1.966934225413054627, -26.73050798782741211 ) ) ;
#2661 = EDGE_CURVE ( 'NONE', #1844, #394, #901, .T. ) ;
#2662 = CARTESIAN_POINT ( 'NONE',  ( 2.941203132460787462, 2.224917005996210673, -27.09942863445321493 ) ) ;
#2663 = CARTESIAN_POINT ( 'NONE',  ( -0.07238565454915767139, 2.103466870120015209, -27.09942863445322558 ) ) ;
#2664 = CARTESIAN_POINT ( 'NONE',  ( 3.488986208755546325, 1.942803962306645982, -26.72680356619675024 ) ) ;
#2665 = CARTESIAN_POINT ( 'NONE',  ( -0.7569656182523784027, 2.133492077068824599, -27.28429495654515335 ) ) ;
#2666 = VERTEX_POINT ( 'NONE', #809 ) ;
#2667 = EDGE_CURVE ( 'NONE', #123, #3235, #2116, .T. ) ;
#2668 = CARTESIAN_POINT ( 'NONE',  ( -3.292161694801615468, 2.306621851847716620, -27.28909033038281606 ) ) ;
#2669 = CARTESIAN_POINT ( 'NONE',  ( 3.682671393907753110, 2.539329032877166714, -27.83726992770484898 ) ) ;
#2670 = CARTESIAN_POINT ( 'NONE',  ( -0.02038166018247238032, 2.367496728265615857, -27.84432292306181722 ) ) ;
#2671 = CARTESIAN_POINT ( 'NONE',  ( 3.144800534901734057, 2.326876472017981534, -27.28910962418002839 ) ) ;
#2672 = CARTESIAN_POINT ( 'NONE',  ( -3.595502225854618317, 2.004427634586039897, -23.52243052234773302 ) ) ;
#2673 = CARTESIAN_POINT ( 'NONE',  ( 2.298984327913585535, 2.555912039439862227, -27.83726992770485253 ) ) ;
#2674 = CARTESIAN_POINT ( 'NONE',  ( 11.78001469834810599, 2.806271023522929120, -23.15234489679908947 ) ) ;
#2675 = CARTESIAN_POINT ( 'NONE',  ( 0.7324977795136493608, 2.343000468407074877, -27.83726992770483832 ) ) ;
#2676 = EDGE_LOOP ( 'NONE', ( #2744, #1495, #2077 ) ) ;
#2677 = CARTESIAN_POINT ( 'NONE',  ( 3.415435271888890956, 2.216395636293285065, -27.18956473373782856 ) ) ;
#2678 = CARTESIAN_POINT ( 'NONE',  ( 0.004497774145414298180, 2.068379306165320397, -27.05645503214892500 ) ) ;
#2679 = CARTESIAN_POINT ( 'NONE',  ( -1.683002225854617784, 1.966934225413054627, -26.73050798782740500 ) ) ;
#2680 = DIRECTION ( 'NONE',  ( 1.000000000000000000, 0.000000000000000000, 0.000000000000000000 ) ) ;
#2681 = CARTESIAN_POINT ( 'NONE',  ( 3.041175917397602735, 1.964061257962950169, -26.72633098854271338 ) ) ;
#2682 = CARTESIAN_POINT ( 'NONE',  ( 0.004497774145382369727, 2.244971950795041415, -27.46834928107903551 ) ) ;
#2683 = CARTESIAN_POINT ( 'NONE',  ( -3.633624731729433677, 2.571098379781058263, -27.83726992770484898 ) ) ;
#2684 = CARTESIAN_POINT ( 'NONE',  ( -0.7666783106671662962, 2.196683665431422572, -27.47076052351895825 ) ) ;
#2685 = ORIENTED_EDGE ( 'NONE', *, *, #1275, .T. ) ;
#2686 =( BOUNDED_CURVE ( )  B_SPLINE_CURVE ( 3, ( #684, #3050, #3660, #2709 ),
 .UNSPECIFIED., .F., .F. ) 
 B_SPLINE_CURVE_WITH_KNOTS ( ( 4, 4 ),
 ( 0.8374027013074129000, 2.355882424688600540 ),
 .UNSPECIFIED. ) 
 CURVE ( )  GEOMETRIC_REPRESENTATION_ITEM ( )  RATIONAL_B_SPLINE_CURVE ( ( 1.000000000000000000, 0.8169063179094975258, 0.8169063179094975258, 1.000000000000000000 ) ) 
 REPRESENTATION_ITEM ( '' )  );
#2687 = CIRCLE ( 'NONE', #1851, 0.09842519685039161081 ) ;
#2688 = AXIS2_PLACEMENT_3D ( 'NONE', #2238, #2842, #1213 ) ;
#2689 = ORIENTED_EDGE ( 'NONE', *, *, #2969, .T. ) ;
#2690 = CARTESIAN_POINT ( 'NONE',  ( -3.408359138556753987, 2.536748222261468566, -27.66195748137779375 ) ) ;
#2691 = EDGE_CURVE ( 'NONE', #2506, #524, #1334, .T. ) ;
#2692 = CARTESIAN_POINT ( 'NONE',  ( 3.721433282806670739, 2.502993778382140544, -27.83726992770485253 ) ) ;
#2693 = ADVANCED_FACE ( 'NONE', ( #3997 ), #3215, .T. ) ;
#2694 = CARTESIAN_POINT ( 'NONE',  ( 0.1337680092040023916, 1.943566793028040030, -26.72484949138602417 ) ) ;
#2695 = VECTOR ( 'NONE', #48, 39.37007874015748143 ) ;
#2696 = LINE ( 'NONE', #3941, #2342 ) ;
#2697 = CARTESIAN_POINT ( 'NONE',  ( 1.327670729227666158, -1.951533724615070575, -27.05645503214892500 ) ) ;
#2698 = CARTESIAN_POINT ( 'NONE',  ( 1.778980966485406157, 2.278834090170605897, -27.46834928107904616 ) ) ;
#2699 = VERTEX_POINT ( 'NONE', #270 ) ;
#2700 = LINE ( 'NONE', #416, #2695 ) ;
#2701 = CARTESIAN_POINT ( 'NONE',  ( 1.753135410076900325, 2.395567231323515234, -27.83726992770484898 ) ) ;
#2702 = CARTESIAN_POINT ( 'NONE',  ( -1.235676852476909504, 2.084133746156900280, -27.05645503214892145 ) ) ;
#2703 = CARTESIAN_POINT ( 'NONE',  ( -3.353899194549803564, 2.156407591122761147, -27.07947955662942618 ) ) ;
#2704 = PLANE ( 'NONE',  #4037 ) ;
#2705 = DIRECTION ( 'NONE',  ( 0.000000000000000000, -1.000000000000000000, 0.000000000000000000 ) ) ;
#2706 = ORIENTED_EDGE ( 'NONE', *, *, #2892, .T. ) ;
#2707 = CARTESIAN_POINT ( 'NONE',  ( 2.720062924757354672, 1.896271023522930532, -24.27255528796482054 ) ) ;
#2708 = CARTESIAN_POINT ( 'NONE',  ( -3.027305073800781177, 1.942179853034265991, -26.72980801799631223 ) ) ;
#2709 = CARTESIAN_POINT ( 'NONE',  ( 2.575595305427877069, 2.004663988466177660, -23.65789122274700063 ) ) ;
#2710 = PLANE ( 'NONE',  #3696 ) ;
#2711 = EDGE_CURVE ( 'NONE', #3617, #3649, #1829, .T. ) ;
#2712 = CARTESIAN_POINT ( 'NONE',  ( 3.183808918480718120, 2.323607364038369649, -27.28908242605815815 ) ) ;
#2713 = CARTESIAN_POINT ( 'NONE',  ( -3.287228094774734100, 2.070271023522930243, -26.93396534579621360 ) ) ;
#2714 = CARTESIAN_POINT ( 'NONE',  ( 2.536413584453270698, 2.632140055088042274, -27.83726992770485253 ) ) ;
#2715 = CARTESIAN_POINT ( 'NONE',  ( -2.607829520413810886, 1.984629061719719534, -23.63789122274700105 ) ) ;
#2716 = FACE_OUTER_BOUND ( 'NONE', #3945, .T. ) ;
#2717 = VERTEX_POINT ( 'NONE', #1834 ) ;
#2718 = CARTESIAN_POINT ( 'NONE',  ( 2.696911532503247333, 1.941864318927003508, -26.72925734462005920 ) ) ;
#2719 = CARTESIAN_POINT ( 'NONE',  ( -2.654798192179566474, 1.984629061719719534, -23.63789122274700105 ) ) ;
#2720 = CARTESIAN_POINT ( 'NONE',  ( -2.076752225854617606, 1.966934225413054627, -26.73050798782740500 ) ) ;
#2721 = CARTESIAN_POINT ( 'NONE',  ( -3.654702860868153991, 2.413508247873182189, -27.62655437813745607 ) ) ;
#2722 = CARTESIAN_POINT ( 'NONE',  ( 0.03030586569214051978, 2.386377582750705884, -27.83726992770484898 ) ) ;
#2723 = B_SPLINE_CURVE_WITH_KNOTS ( 'NONE', 3,
 ( #2469, #1730, #1112, #3430 ),
 .UNSPECIFIED., .F., .F.,
 ( 4, 4 ),
 ( 0.000000000000000000, 0.02106824636910325371 ),
 .UNSPECIFIED. ) ;
#2724 = CARTESIAN_POINT ( 'NONE',  ( -3.483064715789390142, 2.657379388691990751, -27.83726992770484898 ) ) ;
#2725 = CARTESIAN_POINT ( 'NONE',  ( 0.004497774145382328961, 1.966934225413054627, -26.73050798782740500 ) ) ;
#2726 = VERTEX_POINT ( 'NONE', #1239 ) ;
#2727 = LINE ( 'NONE', #2195, #3503 ) ;
#2728 = CARTESIAN_POINT ( 'NONE',  ( -2.321927480710268554, 2.258633723398177917, -27.28727825083208103 ) ) ;
#2729 = CARTESIAN_POINT ( 'NONE',  ( 3.613733891771629292, 2.590960750340594032, -27.83726992770485253 ) ) ;
#2730 = CARTESIAN_POINT ( 'NONE',  ( 0.4517960736702239521, 2.138207994618416929, -27.28419824753076028 ) ) ;
#2731 = DIRECTION ( 'NONE',  ( 1.000000000000000000, 0.000000000000000000, 0.000000000000000000 ) ) ;
#2732 = CARTESIAN_POINT ( 'NONE',  ( 2.420158605476367075, 2.594776389348970369, -27.83726992770484898 ) ) ;
#2733 = CARTESIAN_POINT ( 'NONE',  ( -1.318675180936901281, 2.345188227821477955, -27.83726992770484898 ) ) ;
#2734 = DIRECTION ( 'NONE',  ( 0.000000000000000000, 0.000000000000000000, -1.000000000000000000 ) ) ;
#2735 = ORIENTED_EDGE ( 'NONE', *, *, #2785, .F. ) ;
#2736 = CARTESIAN_POINT ( 'NONE',  ( -3.595502225854618317, 2.004663988466177660, -23.65789122274700063 ) ) ;
#2737 = DIRECTION ( 'NONE',  ( 0.000000000000000000, 0.000000000000000000, -1.000000000000000000 ) ) ;
#2738 = CARTESIAN_POINT ( 'NONE',  ( -1.887587514213956208, 2.295461657160083657, -27.46834928107902840 ) ) ;
#2739 = ADVANCED_FACE ( 'NONE', ( #2493 ), #2558, .F. ) ;
#2740 = PLANE ( 'NONE',  #2817 ) ;
#2741 = CYLINDRICAL_SURFACE ( 'NONE', #2268, 9.287824232792631918 ) ;
#2742 = CARTESIAN_POINT ( 'NONE',  ( -3.686208922849545377, 2.528218338642446827, -27.83726992770484543 ) ) ;
#2743 = CARTESIAN_POINT ( 'NONE',  ( -0.09068925957104950752, 2.218964263052386698, -27.47125596666952774 ) ) ;
#2744 = ORIENTED_EDGE ( 'NONE', *, *, #2018, .T. ) ;
#2745 = ORIENTED_EDGE ( 'NONE', *, *, #1577, .F. ) ;
#2746 = CARTESIAN_POINT ( 'NONE',  ( 3.760166554960240770, 1.896271023522930310, -27.83726992770484898 ) ) ;
#2747 = CARTESIAN_POINT ( 'NONE',  ( -2.984083695607694597, 2.202611443320666051, -27.10288341606718987 ) ) ;
#2748 = CARTESIAN_POINT ( 'NONE',  ( -2.975174660854436937, 1.961233364840403892, -26.72230616727229702 ) ) ;
#2749 = CARTESIAN_POINT ( 'NONE',  ( 0.6088129619266803294, 2.134604118690539121, -27.28408894151838737 ) ) ;
#2750 = EDGE_LOOP ( 'NONE', ( #2406, #3478, #1953 ) ) ;
#2751 = CIRCLE ( 'NONE', #4175, 0.09842519685039161081 ) ;
#2752 = CARTESIAN_POINT ( 'NONE',  ( -2.569769968022913798, 2.046934225413054698, -26.16955580265395653 ) ) ;
#2753 = CARTESIAN_POINT ( 'NONE',  ( 2.505976465822947308, 2.046934225413054698, -26.23205580265396009 ) ) ;
#2754 = AXIS2_PLACEMENT_3D ( 'NONE', #3778, #2147, #819 ) ;
#2755 = FACE_BOUND ( 'NONE', #1578, .T. ) ;
#2756 = ORIENTED_EDGE ( 'NONE', *, *, #1483, .F. ) ;
#2757 = CARTESIAN_POINT ( 'NONE',  ( 2.916054845204262946, 2.203262078194977214, -27.10252193246002861 ) ) ;
#2758 = CARTESIAN_POINT ( 'NONE',  ( 1.307670729227665918, 2.085996040120311257, -27.05645503214892500 ) ) ;
#2759 = CARTESIAN_POINT ( 'NONE',  ( -2.019937308916925023, 1.964882464733514578, -26.72640707754985456 ) ) ;
#2760 = CYLINDRICAL_SURFACE ( 'NONE', #2954, 0.06250000000000295597 ) ;
#2761 = CARTESIAN_POINT ( 'NONE',  ( 3.783512746573752583, 2.423103189278592584, -27.83726992770484898 ) ) ;
#2762 = EDGE_CURVE ( 'NONE', #2938, #3712, #250, .T. ) ;
#2763 = ORIENTED_EDGE ( 'NONE', *, *, #3313, .T. ) ;
#2764 = LINE ( 'NONE', #184, #1104 ) ;
#2765 = CARTESIAN_POINT ( 'NONE',  ( -3.300392061613020900, 2.717905585319697614, -27.83726992770484898 ) ) ;
#2766 = ORIENTED_EDGE ( 'NONE', *, *, #3497, .T. ) ;
#2767 = B_SPLINE_CURVE_WITH_KNOTS ( 'NONE', 3,
 ( #523, #3459, #1589, #3438 ),
 .UNSPECIFIED., .F., .F.,
 ( 4, 4 ),
 ( 0.000000000000000000, 0.003448312156400708175 ),
 .UNSPECIFIED. ) ;
#2768 = ORIENTED_EDGE ( 'NONE', *, *, #510, .T. ) ;
#2769 = CARTESIAN_POINT ( 'NONE',  ( -3.087599837189070495, 1.961383815640961981, -26.72230616727229702 ) ) ;
#2770 = CARTESIAN_POINT ( 'NONE',  ( 0.3599079805065476534, 1.943665618460883149, -26.72459754723518799 ) ) ;
#2771 = ORIENTED_EDGE ( 'NONE', *, *, #2178, .T. ) ;
#2772 = CARTESIAN_POINT ( 'NONE',  ( 2.505976465822947308, 1.946934225413054831, -23.48989062401417627 ) ) ;
#2773 = CARTESIAN_POINT ( 'NONE',  ( -0.07050222585461768388, 1.966934225413054627, -26.73050798782740500 ) ) ;
#2774 = CARTESIAN_POINT ( 'NONE',  ( -2.474571705654408760, 1.984552523689068426, -23.59402523995379752 ) ) ;
#2775 = ORIENTED_EDGE ( 'NONE', *, *, #767, .F. ) ;
#2776 = CARTESIAN_POINT ( 'NONE',  ( 2.972986681383707808, 2.719271272370231252, -27.84841820580172111 ) ) ;
#2777 = CARTESIAN_POINT ( 'NONE',  ( 3.367056611963652024, 2.070271023522930243, -27.18559163194254324 ) ) ;
#2778 = CARTESIAN_POINT ( 'NONE',  ( -1.298675180936897267, -1.951533724615070575, -27.05645503214891789 ) ) ;
#2779 = CARTESIAN_POINT ( 'NONE',  ( -3.689717744928732390, 2.426240578656719826, -27.68949394159274746 ) ) ;
#2780 = ORIENTED_EDGE ( 'NONE', *, *, #1949, .F. ) ;
#2781 = CARTESIAN_POINT ( 'NONE',  ( -3.706089445009626893, 2.425355809608469304, -27.75898231947736150 ) ) ;
#2782 = CARTESIAN_POINT ( 'NONE',  ( -2.887015789464189464, 2.723364670819059974, -27.83726992770484898 ) ) ;
#2783 = CARTESIAN_POINT ( 'NONE',  ( -0.04978063959875478339, 2.013087364775585364, -26.91191844524787768 ) ) ;
#2784 = ORIENTED_EDGE ( 'NONE', *, *, #1162, .F. ) ;
#2785 = EDGE_CURVE ( 'NONE', #2332, #1970, #3532, .T. ) ;
#2786 = VERTEX_POINT ( 'NONE', #3830 ) ;
#2787 = CARTESIAN_POINT ( 'NONE',  ( -2.408018473401039028, 2.574880243533279600, -27.84608126170897791 ) ) ;
#2788 = CARTESIAN_POINT ( 'NONE',  ( -3.481345106124901445, 1.962874706480953302, -26.72230616727229702 ) ) ;
#2789 = CARTESIAN_POINT ( 'NONE',  ( 0.3732876295419957358, 2.140009932582355834, -27.28425290053694852 ) ) ;
#2790 = ADVANCED_FACE ( 'NONE', ( #910 ), #3490, .F. ) ;
#2791 = ORIENTED_EDGE ( 'NONE', *, *, #371, .F. ) ;
#2792 = CYLINDRICAL_SURFACE ( 'NONE', #3846, 0.06250000000000295597 ) ;
#2793 = CARTESIAN_POINT ( 'NONE',  ( -2.579166433815074377, 1.896271023522930310, -25.85562229806822998 ) ) ;
#2794 = CARTESIAN_POINT ( 'NONE',  ( 3.783512746573752583, 2.050271023522930225, -27.83726992770484898 ) ) ;
#2795 = ORIENTED_EDGE ( 'NONE', *, *, #454, .T. ) ;
#2796 = CARTESIAN_POINT ( 'NONE',  ( -3.205340157898905584, 1.946934225413054165, -26.73636043497679893 ) ) ;
#2797 = CARTESIAN_POINT ( 'NONE',  ( -3.751346062328468456, 2.420017905891063137, -27.83726992770484898 ) ) ;
#2798 = CARTESIAN_POINT ( 'NONE',  ( -0.03150222585461767005, 1.966934225413054627, -26.73050798782740500 ) ) ;
#2799 = ORIENTED_EDGE ( 'NONE', *, *, #453, .T. ) ;
#2800 = CARTESIAN_POINT ( 'NONE',  ( 2.613359311272735130, 1.984562163647690447, -23.59955015685392965 ) ) ;
#2801 = CARTESIAN_POINT ( 'NONE',  ( -2.764558736277594519, 2.698883691868637857, -27.83726992770484898 ) ) ;
#2802 = CARTESIAN_POINT ( 'NONE',  ( 2.703195427768917192, 1.946934225413055053, -24.16588062901770684 ) ) ;
#2803 = LINE ( 'NONE', #102, #1446 ) ;
#2804 = EDGE_LOOP ( 'NONE', ( #4027, #159 ) ) ;
#2805 = CARTESIAN_POINT ( 'NONE',  ( 2.252623837226523928, 1.959826230668168190, -26.71797698997332660 ) ) ;
#2806 = CARTESIAN_POINT ( 'NONE',  ( 3.375167681397904573, 2.683584986868666533, -27.84866018650401642 ) ) ;
#2807 = CARTESIAN_POINT ( 'NONE',  ( -2.753548308973415182, 2.196734382622143489, -27.10256380307134805 ) ) ;
#2808 = CARTESIAN_POINT ( 'NONE',  ( -3.086773642856299293, 1.958608610754916102, -26.71820525699473592 ) ) ;
#2809 = CARTESIAN_POINT ( 'NONE',  ( 0.2913736672739118960, 2.076152026644809467, -27.09777390322834023 ) ) ;
#2810 = VERTEX_POINT ( 'NONE', #1814 ) ;
#2811 = EDGE_CURVE ( 'NONE', #2972, #2144, #2176, .T. ) ;
#2812 = EDGE_CURVE ( 'NONE', #3087, #4135, #4104, .T. ) ;
#2813 = FACE_BOUND ( 'NONE', #435, .T. ) ;
#2814 = CARTESIAN_POINT ( 'NONE',  ( -3.153095749615006493, 1.966934225413054627, -26.73050798782740145 ) ) ;
#2815 = DIRECTION ( 'NONE',  ( 0.000000000000000000, 0.000000000000000000, 1.000000000000000000 ) ) ;
#2816 = CIRCLE ( 'NONE', #2199, 0.09842519685039161081 ) ;
#2817 = AXIS2_PLACEMENT_3D ( 'NONE', #1746, #3108, #2091 ) ;
#2818 = DIRECTION ( 'NONE',  ( 0.000000000000000000, 0.9999984778135494468, 0.001744812478206600936 ) ) ;
#2819 = DIRECTION ( 'NONE',  ( -0.000000000000000000, 1.000000000000000000, -0.000000000000000000 ) ) ;
#2820 = CIRCLE ( 'NONE', #1250, 0.06250000000000295597 ) ;
#2821 = CARTESIAN_POINT ( 'NONE',  ( 2.436357626218017991, 2.004663988466177660, -23.65789122274700063 ) ) ;
#2822 = ORIENTED_EDGE ( 'NONE', *, *, #1141, .T. ) ;
#2823 = CARTESIAN_POINT ( 'NONE',  ( -3.774517198282988595, 2.050271023522931557, -27.83726992770484898 ) ) ;
#2824 = DIRECTION ( 'NONE',  ( -1.000000000000000000, 0.000000000000000000, 0.000000000000000000 ) ) ;
#2825 = CARTESIAN_POINT ( 'NONE',  ( -2.827323451640778362, 2.712543841887256058, -27.83726992770485609 ) ) ;
#2826 = AXIS2_PLACEMENT_3D ( 'NONE', #2424, #467, #744 ) ;
#2827 = CARTESIAN_POINT ( 'NONE',  ( -3.224532797135846618, 1.966934225413054627, -26.73050798782740500 ) ) ;
#2828 = CARTESIAN_POINT ( 'NONE',  ( -2.744961191949585988, 1.966934225413054627, -23.65789122280828494 ) ) ;
#2829 = CARTESIAN_POINT ( 'NONE',  ( 1.994419920118508438, 2.311253329414165503, -27.46834928107904616 ) ) ;
#2830 = CARTESIAN_POINT ( 'NONE',  ( 3.186980075948195434, 1.942011503752362200, -26.72887112172792001 ) ) ;
#2831 = CARTESIAN_POINT ( 'NONE',  ( -1.260297275303498221, 2.269775874604563537, -27.65731869074596005 ) ) ;
#2832 = CARTESIAN_POINT ( 'NONE',  ( -3.088426031521846582, 1.964159020527008082, -26.72640707754985456 ) ) ;
#2833 = CARTESIAN_POINT ( 'NONE',  ( 2.190340757939515548, 2.416828214263021302, -27.65908531939967929 ) ) ;
#2834 = ORIENTED_EDGE ( 'NONE', *, *, #2661, .F. ) ;
#2835 = CARTESIAN_POINT ( 'NONE',  ( -3.630624468303750518, 2.552868843019864276, -27.84705992222681203 ) ) ;
#2836 = CARTESIAN_POINT ( 'NONE',  ( 3.783512746573752583, 2.050271023522930225, -27.83726992770484898 ) ) ;
#2837 = EDGE_CURVE ( 'NONE', #3760, #2454, #3811, .T. ) ;
#2838 = ORIENTED_EDGE ( 'NONE', *, *, #2480, .T. ) ;
#2839 = CARTESIAN_POINT ( 'NONE',  ( -3.595502225854618317, 2.004427634586039897, -23.52243052234773302 ) ) ;
#2840 = CARTESIAN_POINT ( 'NONE',  ( 2.505976465822947308, 1.946934225413054831, -23.58831582086456891 ) ) ;
#2841 = CARTESIAN_POINT ( 'NONE',  ( -1.265485561299873440, 2.100310642365787128, -27.09942863445322558 ) ) ;
#2842 = DIRECTION ( 'NONE',  ( 0.000000000000000000, 1.000000000000000000, 0.000000000000000000 ) ) ;
#2843 = EDGE_CURVE ( 'NONE', #174, #1477, #3414, .T. ) ;
#2844 = CARTESIAN_POINT ( 'NONE',  ( -2.569769968022913798, 2.046934225413054698, -23.58831582086456891 ) ) ;
#2845 = VERTEX_POINT ( 'NONE', #2157 ) ;
#2846 = CARTESIAN_POINT ( 'NONE',  ( -2.753972716479149874, 2.050271023522931557, -23.52243052234773302 ) ) ;
#2847 = DIRECTION ( 'NONE',  ( 0.000000000000000000, 0.000000000000000000, -1.000000000000000000 ) ) ;
#2848 = CARTESIAN_POINT ( 'NONE',  ( -2.997045466528866164, 2.736803580024616878, -27.83726992770484543 ) ) ;
#2849 = CARTESIAN_POINT ( 'NONE',  ( 2.735106980215870731, 1.946934225413054165, -23.63789122274700105 ) ) ;
#2850 = CARTESIAN_POINT ( 'NONE',  ( 1.314337386373992000, 2.064912815609313945, -27.05645503214892500 ) ) ;
#2851 = CARTESIAN_POINT ( 'NONE',  ( 2.141997774145382394, 1.966934225413054627, -26.73050798782741211 ) ) ;
#2852 = CARTESIAN_POINT ( 'NONE',  ( 3.377442793441932878, 2.549558739717447065, -27.66201311451062494 ) ) ;
#2853 = CARTESIAN_POINT ( 'NONE',  ( -1.830903648771642800, 2.108675649535780572, -27.09935812408337696 ) ) ;
#2854 = CARTESIAN_POINT ( 'NONE',  ( -2.887402709362350439, 2.725042194914954141, -27.83726992770485253 ) ) ;
#2855 = CARTESIAN_POINT ( 'NONE',  ( 2.018296618951353594, 1.942794854970800511, -26.72689787491312430 ) ) ;
#2856 = ORIENTED_EDGE ( 'NONE', *, *, #269, .F. ) ;
#2857 = CARTESIAN_POINT ( 'NONE',  ( -3.675179671474856136, 2.176509646731049408, -27.28591099259100261 ) ) ;
#2858 = CARTESIAN_POINT ( 'NONE',  ( 3.060333085757560134, 2.740132267007775457, -27.83726992770484543 ) ) ;
#2859 = CARTESIAN_POINT ( 'NONE',  ( -2.366319823644346787, 2.556026146857964587, -27.83726992770484898 ) ) ;
#2860 = ORIENTED_EDGE ( 'NONE', *, *, #3861, .T. ) ;
#2861 = CARTESIAN_POINT ( 'NONE',  ( 2.960810684193456055, 1.941790336858363109, -26.72941299763018819 ) ) ;
#2862 = DIRECTION ( 'NONE',  ( 1.000000000000000000, 0.000000000000000000, 0.000000000000000000 ) ) ;
#2863 = CARTESIAN_POINT ( 'NONE',  ( -2.733916800144386094, 1.984427604142264379, -23.52243052234773302 ) ) ;
#2864 = CARTESIAN_POINT ( 'NONE',  ( 0.004497774145414298180, 2.068379306165320397, -27.05645503214892500 ) ) ;
#2865 = CARTESIAN_POINT ( 'NONE',  ( -0.007495401986877593160, 1.963777214363313206, -26.72215398925802177 ) ) ;
#2866 = ORIENTED_EDGE ( 'NONE', *, *, #1708, .T. ) ;
#2867 = DIRECTION ( 'NONE',  ( 3.354088014807555410E-15, 0.000000000000000000, 1.000000000000000000 ) ) ;
#2868 = ADVANCED_FACE ( 'NONE', ( #2578 ), #3513, .F. ) ;
#2869 = CARTESIAN_POINT ( 'NONE',  ( -2.817614583543287754, 2.710575525561959243, -27.83726992770485253 ) ) ;
#2870 = EDGE_CURVE ( 'NONE', #766, #1962, #1266, .T. ) ;
#2871 = CARTESIAN_POINT ( 'NONE',  ( 3.214335706451158181, 1.946934225413054831, -26.73636043563830356 ) ) ;
#2872 = DIRECTION ( 'NONE',  ( 0.000000000000000000, 0.000000000000000000, 1.000000000000000000 ) ) ;
#2873 = CARTESIAN_POINT ( 'NONE',  ( 1.946333847131945349, 2.139093777413610287, -27.09942863445322558 ) ) ;
#2874 = CARTESIAN_POINT ( 'NONE',  ( -2.036449043488982813, 2.299367257665659636, -27.47251112480919488 ) ) ;
#2875 = CARTESIAN_POINT ( 'NONE',  ( -2.468521687933409758, 1.959124803712605445, -26.71820525699473592 ) ) ;
#2876 = CARTESIAN_POINT ( 'NONE',  ( 2.292119443886123875, 2.252020467492908296, -27.28687563442075259 ) ) ;
#2877 = ORIENTED_EDGE ( 'NONE', *, *, #378, .T. ) ;
#2878 = CARTESIAN_POINT ( 'NONE',  ( -3.291211515059426329, 1.942543112098543023, -26.72879660324923989 ) ) ;
#2879 = CARTESIAN_POINT ( 'NONE',  ( 3.275388286891336431, 2.724860411371632374, -27.83726992770484898 ) ) ;
#2880 = CARTESIAN_POINT ( 'NONE',  ( -2.569769968022913798, 2.046934225413054698, -23.58831582086456891 ) ) ;
#2881 = CARTESIAN_POINT ( 'NONE',  ( -1.298675180936901263, -1.951533724615070575, -27.83726992770483832 ) ) ;
#2882 = CARTESIAN_POINT ( 'NONE',  ( 1.464374407042693615, 2.380401001920835480, -27.83726992770484898 ) ) ;
#2883 = FILL_AREA_STYLE_COLOUR ( '', #3968 ) ;
#2884 = CIRCLE ( 'NONE', #1030, 0.09842519685039161081 ) ;
#2885 = DIRECTION ( 'NONE',  ( 1.000000000000000000, 0.000000000000000000, -3.354088014807555410E-15 ) ) ;
#2886 = ORIENTED_EDGE ( 'NONE', *, *, #505, .T. ) ;
#2887 = CARTESIAN_POINT ( 'NONE',  ( 3.604497774145382749, 1.896271023522930310, -26.73050798782740500 ) ) ;
#2888 = CARTESIAN_POINT ( 'NONE',  ( -1.893243872068081979, 2.451499664089983543, -27.83726992770484543 ) ) ;
#2889 = DIRECTION ( 'NONE',  ( 7.277325085833640951E-15, 0.000000000000000000, 1.000000000000000000 ) ) ;
#2890 = CARTESIAN_POINT ( 'NONE',  ( 2.505976465822947308, 1.966934225413054627, -23.58831582086456891 ) ) ;
#2891 = CIRCLE ( 'NONE', #967, 0.06250000000000295597 ) ;
#2892 = EDGE_CURVE ( 'NONE', #3764, #174, #4147, .T. ) ;
#2893 = CARTESIAN_POINT ( 'NONE',  ( 2.140196177276126210, 1.960259275365647147, -26.71797698997332660 ) ) ;
#2894 = AXIS2_PLACEMENT_3D ( 'NONE', #2887, #974, #314 ) ;
#2895 = CARTESIAN_POINT ( 'NONE',  ( 3.663069068258752115, 2.406946809328813330, -27.65986896399509476 ) ) ;
#2896 = CARTESIAN_POINT ( 'NONE',  ( -2.328276692832889072, 2.548903349173395672, -27.84579450909757270 ) ) ;
#2897 = CARTESIAN_POINT ( 'NONE',  ( -2.301127281418144932, 1.964536608969619014, -26.72640707754985456 ) ) ;
#2898 = CARTESIAN_POINT ( 'NONE',  ( 2.093689547947407803, 1.942683129728429936, -26.72719685128403455 ) ) ;
#2899 = CARTESIAN_POINT ( 'NONE',  ( -2.639388807627843114, 2.004663988466177660, -23.65789122274700063 ) ) ;
#2900 = ORIENTED_EDGE ( 'NONE', *, *, #3644, .F. ) ;
#2901 = CARTESIAN_POINT ( 'NONE',  ( -3.729823236201287973, 2.334260420980887929, -27.65809126377373417 ) ) ;
#2902 = CARTESIAN_POINT ( 'NONE',  ( 3.316070126689884212, 2.716398823121314532, -27.83726992770484543 ) ) ;
#2903 = FACE_OUTER_BOUND ( 'NONE', #4126, .T. ) ;
#2904 = DIRECTION ( 'NONE',  ( 0.000000000000000000, 0.9999984778135494468, 0.001744812478206600936 ) ) ;
#2905 = B_SPLINE_CURVE_WITH_KNOTS ( 'NONE', 3,
 ( #3844, #3525, #1280, #310, #4223, #2612, #904, #2882, #649, #969, #1941, #945, #3887, #589, #1321, #2256, #1959, #990, #1895, #3272, #330, #670, #2945, #3606, #1978, #2635, #4179, #3, #3925, #262, #1255, #3866, #2571, #2237, #607, #3229, #3567, #1738, #2673, #1675, #3035, #3663, #3624, #2017, #44, #3350, #2968, #370, #733, #4004, #412, #26, #2040, #1094, #3374, #2653, #391, #89, #2410, #2732, #714, #3961, #2086, #1694, #432, #3311, #2989, #1999, #1028, #2344, #3055, #3009, #65, #1378, #1344, #1402, #1421, #3984, #1715, #3646, #1052, #2363, #2714, #110, #1072, #2384, #3682, #456, #3397, #751, #690, #2062, #4023, #3708, #778, #3942, #1009, #2320, #1207, #2527, #2187, #176, #4091, #3417, #1144, #521, #2457, #3754, #1230, #3587, #899, #2922, #2212, #1956, #2252, #4219, #239, #2940, #1296, #2548, #1937, #3522, #3862, #1891, #3564, #562, #585, #1276, #1617, #623, #1553, #3251, #1315, #3269, #2858, #922, #306, #2631, #986, #3543, #3226, #2296, #281, #4155, #259, #1572, #2879, #4173, #1595, #2902, #2591, #2609, #3642, #3603, #2036, #2058, #3328, #1047, #1671, #3939, #388, #1024, #748, #730, #2964, #409, #2359, #1396, #1712, #1691, #3346, #3619, #3979, #2729, #1340, #366, #1376, #3029, #85, #2985, #2669, #4020, #429, #3006, #3679, #2692, #710, #61, #22, #2013, #4001, #3369, #3958, #2337 ),
 .UNSPECIFIED., .F., .F.,
 ( 4, 1, 1, 1, 2, 2, 1, 1, 1, 2, 2, 1, 1, 1, 2, 2, 1, 2, 2, 1, 1, 2, 2, 1, 1, 1, 1, 2, 2, 1, 1, 1, 2, 2, 1, 1, 2, 2, 1, 1, 1, 2, 2, 1, 1, 1, 2, 2, 1, 1, 1, 1, 2, 2, 1, 1, 1, 1, 1, 2, 2, 1, 1, 2, 2, 1, 1, 1, 2, 2, 1, 1, 2, 2, 1, 1, 1, 2, 2, 1, 2, 2, 1, 1, 2, 2, 1, 2, 2, 1, 1, 2, 2, 1, 1, 1, 2, 2, 1, 1, 2, 2, 2, 2, 2, 2, 2, 2, 1, 2, 2, 1, 2, 2, 1, 1, 2, 2, 1, 2, 2, 1, 1, 2, 2, 1, 2, 2, 1, 4 ),
 ( 0.3353149523667124932, 0.3560863601052422500, 0.3664720639745070452, 0.3716649159091394150, 0.3742613418764555999, 0.3768577678437717848, 0.4184005833208306324, 0.4287862871900954276, 0.4339791391247277419, 0.4365755650920438713, 0.4391719910593600562, 0.4599433987978892580, 0.4807148065364184597, 0.4911005104056830328, 0.4962933623403154026, 0.5014862142749477725, 0.5430290297520071752, 0.5534147336212720258, 0.5638004374905367655, 0.5741861413598016162, 0.5767825673271177456, 0.5780807803107756992, 0.5787298868026047316, 0.5793789932944336529, 0.5845718452290651346, 0.5897646971636967272, 0.5923611231310124126, 0.5936593361146702552, 0.5943084426064992876, 0.5949575490983283199, 0.6053432529675931706, 0.6079396789349093000, 0.6092378919185673647, 0.6098869984103962860, 0.6105361049022253184, 0.6157289568368564669, 0.6170271698205145317, 0.6176762763123433420, 0.6183253828041721523, 0.6209218087714882817, 0.6235182347388043000, 0.6248164477224623647, 0.6254655542142913971, 0.6261146607061204294, 0.6313075126407534654, 0.6326057256244117522, 0.6327680022473689547, 0.6329302788703261573, 0.6332548321162407845, 0.6339039386080698169, 0.6365003645753861683, 0.6390967905427025197, 0.6403950035263605844, 0.6407195567722749896, 0.6410441100181895058, 0.6416932165100184271, 0.6468860684446510190, 0.6520789203792836108, 0.6546753463465999623, 0.6559735593302581380, 0.6572717723139163137, 0.6676574761831823857, 0.6702539021504991812, 0.6715521151341573569, 0.6728503281178155326, 0.6780431800524491237, 0.6832360319870828258, 0.6858324579543998434, 0.6871306709380582411, 0.6884288839217167499, 0.6988145877909851533, 0.7014110137583022819, 0.7027092267419607907, 0.7040074397256195216, 0.7092002916602553331, 0.7143931435948910336, 0.7169895695622090503, 0.7182877825458680032, 0.7195859955295270671, 0.7299716993988007996, 0.7325681253661195935, 0.7351645513334381654, 0.7403574032680755312, 0.7455502552027128971, 0.7481466811700316910, 0.7507431071373504849, 0.7611288110066268819, 0.7637252369739460089, 0.7663216629412650249, 0.7715145148759032789, 0.7767073668105416440, 0.7793037927778607710, 0.7819002187451797869, 0.7922859226144562950, 0.8026716264837328030, 0.8078644784183709460, 0.8104609043856899619, 0.8130573303530089779, 0.8338287380915603286, 0.8390215900261979165, 0.8416180159935168215, 0.8442144419608358374, 0.8546001458301126785, 0.8597929977647512656, 0.8649858496993899637, 0.8753715535686673599, 0.8857572574379446451, 0.8909501093725831211, 0.8961429613072215972, 0.9013358132418600732, 0.9065286651764986603, 0.9169143690457755014, 0.9195107950130947394, 0.9221072209804140885, 0.9273000729150524535, 0.9324929248496907075, 0.9350893508170099455, 0.9376857767843290725, 0.9480714806536058026, 0.9506679066209252627, 0.9532643325882447227, 0.9584571845228836429, 0.9636500364575224520, 0.9662464624248419121, 0.9688428883921613721, 0.9792285922614399896, 0.9818250182287600047, 0.9844214441960799089, 0.9896142961307199393, 1.000000000000000000 ),
 .UNSPECIFIED. ) ;
#2906 = CARTESIAN_POINT ( 'NONE',  ( 2.575595305427877069, 1.966934225413054627, -23.65789122274700063 ) ) ;
#2907 = CARTESIAN_POINT ( 'NONE',  ( 0.4541017526684580363, 1.962602461502781503, -26.71797698997332660 ) ) ;
#2908 = ORIENTED_EDGE ( 'NONE', *, *, #2211, .F. ) ;
#2909 = DIRECTION ( 'NONE',  ( -0.000000000000000000, 1.000000000000000000, -0.000000000000000000 ) ) ;
#2910 = CARTESIAN_POINT ( 'NONE',  ( -2.382040614879357587, 2.585333106200524700, -27.83726992770485609 ) ) ;
#2911 = CARTESIAN_POINT ( 'NONE',  ( 2.505976465822947308, 2.046934225413054698, -23.52581582086456535 ) ) ;
#2912 = CARTESIAN_POINT ( 'NONE',  ( 1.876903186760536801, 1.946934225413053721, -26.73483598139716477 ) ) ;
#2913 = CARTESIAN_POINT ( 'NONE',  ( 2.591300350372839123, 1.964164344906541126, -26.72633098854271338 ) ) ;
#2914 = CARTESIAN_POINT ( 'NONE',  ( -0.4688204994105681367, 2.221994064193500318, -27.46834928107902840 ) ) ;
#2915 = CARTESIAN_POINT ( 'NONE',  ( 3.453926530610554213, 2.270289016181995301, -27.28818083914748982 ) ) ;
#2916 = CARTESIAN_POINT ( 'NONE',  ( -1.481636385959667734, 1.943653380473881809, -26.72561438813213286 ) ) ;
#2917 = CARTESIAN_POINT ( 'NONE',  ( 1.942904260000154038, 1.942904187719869613, -26.72660508962288617 ) ) ;
#2918 = CARTESIAN_POINT ( 'NONE',  ( -2.569769968022913798, 1.966934225413054627, -26.23205580265396009 ) ) ;
#2919 = EDGE_LOOP ( 'NONE', ( #1954, #3745 ) ) ;
#2920 = CARTESIAN_POINT ( 'NONE',  ( -3.554673490026696303, 2.349024288980308572, -27.47442732867116888 ) ) ;
#2921 = EDGE_CURVE ( 'NONE', #3069, #187, #1029, .T. ) ;
#2922 = CARTESIAN_POINT ( 'NONE',  ( 2.793671492371759157, 2.703542851237554778, -27.83726992770484543 ) ) ;
#2923 = ADVANCED_FACE ( 'NONE', ( #316 ), #3913, .T. ) ;
#2924 = CARTESIAN_POINT ( 'NONE',  ( -2.468027478425339982, 2.590542583162307011, -27.83726992770484543 ) ) ;
#2925 = CARTESIAN_POINT ( 'NONE',  ( -2.732952213162780364, 1.946934225413054831, -24.69346378130998687 ) ) ;
#2926 = LINE ( 'NONE', #2990, #3302 ) ;
#2927 = CARTESIAN_POINT ( 'NONE',  ( 1.240894424182910072, 1.962403875541643972, -26.71797698997332660 ) ) ;
#2928 = ORIENTED_EDGE ( 'NONE', *, *, #454, .F. ) ;
#2929 = CARTESIAN_POINT ( 'NONE',  ( 2.546269190649801839, 2.512672182655167230, -27.66035484327276706 ) ) ;
#2930 = CARTESIAN_POINT ( 'NONE',  ( -3.751171006669476782, 1.896271023522930310, -27.83726992770484898 ) ) ;
#2931 = CARTESIAN_POINT ( 'NONE',  ( -1.912967676732250766, 2.455769566743224885, -27.83726992770485964 ) ) ;
#2932 = DIRECTION ( 'NONE',  ( 0.000000000000000000, 0.000000000000000000, 1.000000000000000000 ) ) ;
#2933 = DIRECTION ( 'NONE',  ( 0.000000000000000000, -1.000000000000000000, 0.000000000000000000 ) ) ;
#2934 = CARTESIAN_POINT ( 'NONE',  ( 2.985747774145382394, 1.966934225413054627, -26.73050798782740500 ) ) ;
#2935 = CARTESIAN_POINT ( 'NONE',  ( -0.07050222585461768388, 1.966934225413054627, -26.73050798782740500 ) ) ;
#2936 = CARTESIAN_POINT ( 'NONE',  ( 3.684138968266492675, 2.176404583277565585, -27.28566157022960326 ) ) ;
#2937 = CARTESIAN_POINT ( 'NONE',  ( -0.5770682125457583522, 1.943902096337201124, -26.72493530218395819 ) ) ;
#2938 = VERTEX_POINT ( 'NONE', #2911 ) ;
#2939 = CARTESIAN_POINT ( 'NONE',  ( -3.208295574497080249, 2.583655323574130414, -27.66235913655491885 ) ) ;
#2940 = CARTESIAN_POINT ( 'NONE',  ( 2.859880865212796941, 2.717122208864576560, -27.83726992770484898 ) ) ;
#2941 = CARTESIAN_POINT ( 'NONE',  ( -3.552604885350067132, 2.596075804895598083, -27.83726992770484898 ) ) ;
#2942 = ADVANCED_FACE ( 'NONE', ( #3237, #1306 ), #4024, .F. ) ;
#2943 = EDGE_CURVE ( 'NONE', #3740, #2616, #1379, .T. ) ;
#2944 = CARTESIAN_POINT ( 'NONE',  ( 2.737434240861588819, 1.984561876812535930, -23.59938576399151344 ) ) ;
#2945 = CARTESIAN_POINT ( 'NONE',  ( 2.002198144470985319, 2.473643967795958076, -27.83726992770485964 ) ) ;
#2946 = CARTESIAN_POINT ( 'NONE',  ( -3.774517198282984154, 1.998937690189595662, -27.83726992770484898 ) ) ;
#2947 = CARTESIAN_POINT ( 'NONE',  ( 1.620347357800323573, 2.115685061088557362, -27.09942863445322558 ) ) ;
#2948 = ORIENTED_EDGE ( 'NONE', *, *, #2179, .F. ) ;
#2949 = CARTESIAN_POINT ( 'NONE',  ( 2.359646887801516435, 2.363903479597067037, -27.47340236539136171 ) ) ;
#2950 = FACE_OUTER_BOUND ( 'NONE', #1659, .T. ) ;
#2951 = CARTESIAN_POINT ( 'NONE',  ( -2.439342888306842649, 2.603917034530836894, -27.83726992770483832 ) ) ;
#2952 = PLANE ( 'NONE',  #554 ) ;
#2953 = DIRECTION ( 'NONE',  ( 0.000000000000000000, -1.000000000000000000, 0.000000000000000000 ) ) ;
#2954 = AXIS2_PLACEMENT_3D ( 'NONE', #740, #2485, #3194 ) ;
#2955 = CARTESIAN_POINT ( 'NONE',  ( 2.996543737697083376, 2.737178382860260051, -27.83726992770485253 ) ) ;
#2956 = CARTESIAN_POINT ( 'NONE',  ( -0.9665268024847673001, 2.344828155321335039, -27.83726992770483122 ) ) ;
#2957 = CARTESIAN_POINT ( 'NONE',  ( 3.451148847620469251, 1.942667022337445371, -26.72716876105892680 ) ) ;
#2958 = CIRCLE ( 'NONE', #3238, 0.06250000000000295597 ) ;
#2959 = AXIS2_PLACEMENT_3D ( 'NONE', #82, #3726, #2847 ) ;
#2960 = CARTESIAN_POINT ( 'NONE',  ( -0.1624679809771799044, 1.943767695777541604, -26.72530430861131734 ) ) ;
#2961 = EDGE_LOOP ( 'NONE', ( #3901, #3705, #1778, #146, #2596 ) ) ;
#2962 = CIRCLE ( 'NONE', #2959, 0.06250000000000295597 ) ;
#2963 = CARTESIAN_POINT ( 'NONE',  ( -3.447120553074267235, 2.655709722324814059, -27.84839676664505248 ) ) ;
#2964 = CARTESIAN_POINT ( 'NONE',  ( 3.534350735226032381, 2.637272050287511771, -27.83726992770485253 ) ) ;
#2965 = CARTESIAN_POINT ( 'NONE',  ( 0.1733503440993650613, 2.011312738515568022, -26.91135315751716917 ) ) ;
#2966 = VECTOR ( 'NONE', #801, 39.37007874015748143 ) ;
#2967 = DIRECTION ( 'NONE',  ( 1.000000000000000000, 0.000000000000000000, 0.000000000000000000 ) ) ;
#2968 = CARTESIAN_POINT ( 'NONE',  ( 2.360911417558096304, 2.575606293334537167, -27.83726992770485253 ) ) ;
#2969 = EDGE_CURVE ( 'NONE', #200, #2983, #4048, .T. ) ;
#2970 = FACE_OUTER_BOUND ( 'NONE', #2676, .T. ) ;
#2971 = CARTESIAN_POINT ( 'NONE',  ( 1.306964441022224976, 2.233687060815983561, -27.46834928107904616 ) ) ;
#2972 = VERTEX_POINT ( 'NONE', #2620 ) ;
#2973 = PLANE ( 'NONE',  #80 ) ;
#2974 = CARTESIAN_POINT ( 'NONE',  ( -2.471268156548908745, 2.614234146905687783, -27.83726992770484543 ) ) ;
#2975 = CARTESIAN_POINT ( 'NONE',  ( -2.695502225854617961, 1.966934225413054627, -26.73050798782740500 ) ) ;
#2976 = EDGE_CURVE ( 'NONE', #2717, #3266, #1415, .T. ) ;
#2977 = EDGE_CURVE ( 'NONE', #2810, #2717, #2364, .T. ) ;
#2978 = CARTESIAN_POINT ( 'NONE',  ( 1.327670729227666158, 1.896271023522930310, -27.83726992770484898 ) ) ;
#2979 = CARTESIAN_POINT ( 'NONE',  ( 3.098247774145382660, 1.966934225413054627, -26.73050798782740500 ) ) ;
#2980 = CARTESIAN_POINT ( 'NONE',  ( -1.083002225854617695, 1.966934225413054627, -26.73050798782740500 ) ) ;
#2981 = CARTESIAN_POINT ( 'NONE',  ( 3.634013564023292009, 2.429722309948304293, -27.66034139035264872 ) ) ;
#2982 = CARTESIAN_POINT ( 'NONE',  ( -0.4263056848582225111, 1.943861922294167099, -26.72504500107586622 ) ) ;
#2983 = VERTEX_POINT ( 'NONE', #1739 ) ;
#2984 = CARTESIAN_POINT ( 'NONE',  ( -3.128596570036227487, 2.592217608649719285, -27.66235689918127960 ) ) ;
#2985 = CARTESIAN_POINT ( 'NONE',  ( 3.672161658120973726, 2.548046515117203370, -27.83726992770484543 ) ) ;
#2986 = CARTESIAN_POINT ( 'NONE',  ( 0.06085280045127310078, 2.360018138804229171, -27.84422354843275116 ) ) ;
#2987 = CARTESIAN_POINT ( 'NONE',  ( 3.224377746923641208, 2.189070849687699827, -27.10232823579674388 ) ) ;
#2988 = CARTESIAN_POINT ( 'NONE',  ( 3.760341610619233332, 2.420017909175882220, -27.83726992770484898 ) ) ;
#2989 = CARTESIAN_POINT ( 'NONE',  ( 2.449730087177235394, 2.604367912706054611, -27.83726992770484898 ) ) ;
#2990 = CARTESIAN_POINT ( 'NONE',  ( 1.327670729227666158, -1.951533724615070575, -27.05645503214892500 ) ) ;
#2991 = CARTESIAN_POINT ( 'NONE',  ( 1.354097701146941501, 1.965377300842993558, -26.72633098854271338 ) ) ;
#2992 = EDGE_LOOP ( 'NONE', ( #4047, #2771, #2795, #2886 ) ) ;
#2993 = CARTESIAN_POINT ( 'NONE',  ( 3.469899291635837546, 2.273227467163099647, -27.30052141911617980 ) ) ;
#2994 = CARTESIAN_POINT ( 'NONE',  ( -3.068118570869499795, 2.740882575835996260, -27.83726992770484898 ) ) ;
#2995 = CARTESIAN_POINT ( 'NONE',  ( -2.444769968022910689, 2.004651643197893574, -23.65081582086457246 ) ) ;
#2996 = CARTESIAN_POINT ( 'NONE',  ( 2.478825346138976649, 1.964282785569926748, -26.72633098854271338 ) ) ;
#2997 = ADVANCED_FACE ( 'NONE', ( #3577 ), #954, .F. ) ;
#2998 = EDGE_CURVE ( 'NONE', #2506, #766, #2287, .T. ) ;
#2999 = LINE ( 'NONE', #3720, #360 ) ;
#3000 = CARTESIAN_POINT ( 'NONE',  ( -3.663167374569427981, 2.548045389961663076, -27.83726992770484898 ) ) ;
#3001 = CARTESIAN_POINT ( 'NONE',  ( -0.1739313285727944469, 2.349996839921283609, -27.84408705810893281 ) ) ;
#3002 = EDGE_LOOP ( 'NONE', ( #3765, #3937, #3592, #2768, #1383, #4153, #2685, #3445 ) ) ;
#3004 = VERTEX_POINT ( 'NONE', #2715 ) ;
#3003 = B_SPLINE_CURVE_WITH_KNOTS ( 'NONE', 3,
 ( #466, #1390, #403, #1748 ),
 .UNSPECIFIED., .F., .F.,
 ( 4, 4 ),
 ( 0.8695852570496449552, 1.000000000000000000 ),
 .UNSPECIFIED. ) ;
#3005 = CARTESIAN_POINT ( 'NONE',  ( -3.485908074275283486, 2.637649264832999663, -27.84819259056525098 ) ) ;
#3006 = CARTESIAN_POINT ( 'NONE',  ( 3.707215391289937934, 2.516933508533230057, -27.83726992770484898 ) ) ;
#3007 = CARTESIAN_POINT ( 'NONE',  ( 0.05838646860438500424, 1.943527334550719354, -26.72495087799430991 ) ) ;
#3008 = FACE_OUTER_BOUND ( 'NONE', #1472, .T. ) ;
#3009 = CARTESIAN_POINT ( 'NONE',  ( 2.464722298629305808, 2.609220455238696612, -27.83726992770485609 ) ) ;
#3010 = CARTESIAN_POINT ( 'NONE',  ( -2.569769968022913798, 1.946934225413054831, -23.58831582086456891 ) ) ;
#3011 = B_SPLINE_CURVE_WITH_KNOTS ( 'NONE', 3,
 ( #2319, #3662, #3983, #713 ),
 .UNSPECIFIED., .F., .F.,
 ( 4, 4 ),
 ( 0.000000000000000000, 0.003448312156400709042 ),
 .UNSPECIFIED. ) ;
#3012 = CARTESIAN_POINT ( 'NONE',  ( 1.735489370315394408, 2.122884157791830262, -27.09942863445322558 ) ) ;
#3013 = ORIENTED_EDGE ( 'NONE', *, *, #3442, .F. ) ;
#3014 = CARTESIAN_POINT ( 'NONE',  ( 2.805780003225999408, 2.071372185698798774, -26.91590018825296937 ) ) ;
#3015 = PLANE ( 'NONE',  #3507 ) ;
#3016 = CARTESIAN_POINT ( 'NONE',  ( 2.941265909796531464, 2.706767199912458288, -27.83726992770484898 ) ) ;
#3017 = CARTESIAN_POINT ( 'NONE',  ( -1.962596018474928927, 1.960962273261309674, -26.71820525699473592 ) ) ;
#3018 = CARTESIAN_POINT ( 'NONE',  ( -3.279093283574818773, 2.050271023522930225, -26.86445495552626284 ) ) ;
#3019 = CARTESIAN_POINT ( 'NONE',  ( -3.320312761741276208, 2.114119124104040459, -27.00663532611497430 ) ) ;
#3020 = CARTESIAN_POINT ( 'NONE',  ( -3.723674261057825952, 2.491093417843614155, -27.83726992770484898 ) ) ;
#3021 = CARTESIAN_POINT ( 'NONE',  ( 0.02715615886945201701, 2.084931561938185851, -27.09848859209657235 ) ) ;
#3022 = ORIENTED_EDGE ( 'NONE', *, *, #2837, .T. ) ;
#3023 = ADVANCED_FACE ( 'NONE', ( #3056 ), #636, .T. ) ;
#3024 = AXIS2_PLACEMENT_3D ( 'NONE', #2370, #1407, #2390 ) ;
#3025 = VECTOR ( 'NONE', #4187, 39.37007874015748143 ) ;
#3026 = ORIENTED_EDGE ( 'NONE', *, *, #1003, .F. ) ;
#3027 = CARTESIAN_POINT ( 'NONE',  ( 2.726250207994452168, 1.896271023522930532, -24.45916124603417785 ) ) ;
#3028 = CARTESIAN_POINT ( 'NONE',  ( -3.177890055771048772, 2.065765331513643055, -26.91610808010144851 ) ) ;
#3029 = CARTESIAN_POINT ( 'NONE',  ( 3.661496984884589967, 2.556575479075962942, -27.83726992770483477 ) ) ;
#3030 = CARTESIAN_POINT ( 'NONE',  ( -3.353720981341289153, 2.070271023522930687, -27.08934797916074899 ) ) ;
#3031 =( GEOMETRIC_REPRESENTATION_CONTEXT ( 3 ) GLOBAL_UNCERTAINTY_ASSIGNED_CONTEXT ( ( #802 ) ) GLOBAL_UNIT_ASSIGNED_CONTEXT ( ( #1559, #3484, #2170 ) ) REPRESENTATION_CONTEXT ( 'NONE', 'WORKASPACE' ) );
#3032 = CARTESIAN_POINT ( 'NONE',  ( 3.147136311437765510, 2.196343351912159125, -27.10248518003400164 ) ) ;
#3033 = VECTOR ( 'NONE', #347, 39.37007874015748143 ) ;
#3034 = CARTESIAN_POINT ( 'NONE',  ( -3.073005031996915992, 2.070271023522930243, -26.49399093562022856 ) ) ;
#3035 = CARTESIAN_POINT ( 'NONE',  ( 2.302270540532091125, 2.556943000775093733, -27.83726992770484898 ) ) ;
#3036 = DIRECTION ( 'NONE',  ( 0.000000000000000000, 0.000000000000000000, -1.000000000000000000 ) ) ;
#3037 = DIRECTION ( 'NONE',  ( 0.000000000000000000, 1.000000000000000000, -3.475471168776155271E-14 ) ) ;
#3038 = ORIENTED_EDGE ( 'NONE', *, *, #1612, .T. ) ;
#3039 = FACE_OUTER_BOUND ( 'NONE', #2750, .T. ) ;
#3040 = CARTESIAN_POINT ( 'NONE',  ( -2.726111431925105855, 1.946934225413054165, -23.63789122274700105 ) ) ;
#3041 = CARTESIAN_POINT ( 'NONE',  ( -1.887648655086708427, 1.961193064713755874, -26.71820525699473592 ) ) ;
#3042 = CARTESIAN_POINT ( 'NONE',  ( 3.760210318874972479, 2.070271023522930243, -27.83726992770484898 ) ) ;
#3043 = CARTESIAN_POINT ( 'NONE',  ( 3.171509455163374458, 1.961449564133746826, -26.72215398925802177 ) ) ;
#3044 = CARTESIAN_POINT ( 'NONE',  ( 0.02849107458250445604, 1.965380052367359687, -26.72640707754985456 ) ) ;
#3045 = CARTESIAN_POINT ( 'NONE',  ( -3.550336968499566037, 2.623829889818966254, -27.83726992770485253 ) ) ;
#3046 = CARTESIAN_POINT ( 'NONE',  ( 3.296953887781342907, 2.070271023522930243, -26.93405856436785939 ) ) ;
#3047 = ORIENTED_EDGE ( 'NONE', *, *, #2335, .T. ) ;
#3048 = CARTESIAN_POINT ( 'NONE',  ( 3.180021710878273566, 1.896271023522930532, -26.65482874391953061 ) ) ;
#3049 = CARTESIAN_POINT ( 'NONE',  ( -2.537286597477981243, 2.512721876073706895, -27.66043597000734167 ) ) ;
#3050 = CARTESIAN_POINT ( 'NONE',  ( 2.616109622815161462, 2.004499306459961883, -23.56350758118322375 ) ) ;
#3051 = CARTESIAN_POINT ( 'NONE',  ( 0.02048995657745292590, 2.083562395870906414, -27.09810063840450667 ) ) ;
#3052 = ADVANCED_FACE ( 'NONE', ( #90 ), #1403, .T. ) ;
#3053 = EDGE_CURVE ( 'NONE', #3998, #3760, #3595, .T. ) ;
#3054 = LINE ( 'NONE', #2166, #1653 ) ;
#3055 = CARTESIAN_POINT ( 'NONE',  ( 2.456982702172077371, 2.606716736917786381, -27.83726992770484898 ) ) ;
#3056 = FACE_OUTER_BOUND ( 'NONE', #2102, .T. ) ;
#3057 = PLANE ( 'NONE',  #560 ) ;
#3058 = B_SPLINE_SURFACE_WITH_KNOTS ( 'NONE', 3, 3, ( 
 ( #1068, #2380, #2316, #1973, #1993, #1090, #1418 ),
 ( #3307, #666, #3288, #343, #2430, #2499, #1466 ),
 ( #1819, #2788, #2121, #3411, #1776, #2142, #3702 ),
 ( #3139, #214, #1485, #4109, #1755, #3454, #1159 ),
 ( #516, #3432, #834, #3728, #4086, #1528, #127 ),
 ( #172, #193, #1504, #3095, #152, #773, #3476 ),
 ( #2808, #2769, #2832, #538, #1183, #813, #3796 ),
 ( #2473, #857, #4068, #495, #450, #2163, #793 ),
 ( #1839, #2748, #472, #1117, #3768, #2404, #3158 ),
 ( #2099, #1799, #4133, #1138, #2082, #3392, #3072 ),
 ( #1437, #2451, #3748, #4044, #3119, #873, #2994 ),
 ( #4192, #1350, #3319, #1246, #254, #236, #3495 ),
 ( #4151, #2564, #1864, #2975, #1549, #3559, #2854 ),
 ( #275, #618, #2183, #1015, #1984, #3184, #2584 ),
 ( #2875, #1568, #1587, #2205, #4169, #556, #3856 ),
 ( #3297, #1663, #3949, #1226, #2544, #3815, #356 ),
 ( #2326, #915, #2897, #3517, #3835, #2228, #893 ),
 ( #581, #3877, #1886, #34, #1268, #3220, #3203 ),
 ( #377, #2659, #2247, #3538, #599, #1909, #1203 ),
 ( #937, #3630, #701, #1682, #2004, #2523, #136 ),
 ( #96, #757, #3652, #2720, #463, #1451, #2047 ),
 ( #2392, #721, #2759, #3992, #3381, #4057, #397 ),
 ( #3017, #1745, #50, #2440, #71, #1059, #3688 ),
 ( #3041, #3061, #1786, #482, #2371, #2024, #3669 ),
 ( #1125, #3716, #3966, #1365, #3084, #2738, #2090 ),
 ( #4030, #803, #2110, #2679, #3356, #439, #117 ),
 ( #1700, #417, #3337, #1102, #784, #1724, #1408 ),
 ( #4012, #2070, #1428, #1514, #3483, #4097, #2150 ),
 ( #1850, #3107, #3784, #3170, #1212, #226, #843 ),
 ( #3526, #244, #3462, #1193, #2841, #590, #2508 ),
 ( #3823, #880, #999, #2980, #2266, #4211, #4189 ),
 ( #4232, #1645, #1309, #1264, #3244, #3535, #2956 ),
 ( #934, #2225, #2308, #298, #3874, #17, #3896 ),
 ( #2581, #1289, #1608, #2624, #912, #2914, #1629 ),
 ( #1335, #597, #2645, #361, #678, #1907, #3581 ),
 ( #37, #1987, #641, #2935, #2663, #3218, #273 ),
 ( #1389, #1108, #443, #120, #2422, #2682, #3970 ),
 ( #3384, #99, #3674, #724, #3340, #3693, #1018 ),
 ( #3065, #1768, #3044, #1431, #3322, #763, #2722 ),
 ( #2074, #742, #2396, #1041, #1411, #3088, #1685 ) ),
 .UNSPECIFIED., .F., .F., .F.,
 ( 4, 1, 1, 1, 1, 1, 1, 1, 1, 1, 1, 1, 1, 1, 1, 1, 1, 1, 1, 1, 1, 1, 1, 1, 1, 1, 1, 1, 1, 1, 1, 1, 1, 1, 3, 4 ),
 ( 4, 3, 4 ),
 ( 0.7569782697445489594, 0.7645726988150320924, 0.7721671278855150033, 0.7797615569559979143, 0.7873559860264800481, 0.7911532005617220031, 0.7949504150969629590, 0.7987476296322049141, 0.8025448441674459810, 0.8063420587026880471, 0.8101392732379290029, 0.8177337023084119139, 0.8253281313788950468, 0.8329225604493769586, 0.8405169895198600916, 0.8443142040551020466, 0.8481114185903430025, 0.8519086331255849576, 0.8557058476608259134, 0.8595030621960670913, 0.8633002767313090464, 0.8670974912665500023, 0.8708947058017919574, 0.8784891348722739801, 0.8860835639427570021, 0.8936779930132399130, 0.9012724220837230460, 0.9088668511542059569, 0.9164612802246890899, 0.9240557092951720009, 0.9392445674361370456, 0.9544334255771029785, 0.9696222837180690224, 0.9848111418590339561, 1.000000000000000000, 1.002430217302553883 ),
 ( -0.01111596847469419926, 0.000000000000000000, 1.000000000000000000 ),
 .UNSPECIFIED. ) ;
#3059 = ORIENTED_EDGE ( 'NONE', *, *, #1373, .T. ) ;
#3060 = CARTESIAN_POINT ( 'NONE',  ( 3.546343782703110570, 2.341202907797060639, -27.45027175552608156 ) ) ;
#3061 = CARTESIAN_POINT ( 'NONE',  ( -1.888183178676011709, 1.963106784946855310, -26.72230616727229702 ) ) ;
#3062 = CARTESIAN_POINT ( 'NONE',  ( -0.2255646803026768732, 2.083660618447287671, -27.05645503214892145 ) ) ;
#3063 = CARTESIAN_POINT ( 'NONE',  ( 3.377691830629264036, 1.962217469118082036, -26.72215398925802177 ) ) ;
#3064 = EDGE_LOOP ( 'NONE', ( #3921, #1531, #2745, #2031 ) ) ;
#3065 = CARTESIAN_POINT ( 'NONE',  ( 0.02847767545674906656, 1.962271706275969363, -26.71820525699473592 ) ) ;
#3066 = CARTESIAN_POINT ( 'NONE',  ( -3.757876988339348578, 2.448984444091387935, -27.83726992770484898 ) ) ;
#3067 = DIRECTION ( 'NONE',  ( 0.000000000000000000, 0.000000000000000000, -1.000000000000000000 ) ) ;
#3068 = ORIENTED_EDGE ( 'NONE', *, *, #2510, .F. ) ;
#3069 = VERTEX_POINT ( 'NONE', #3279 ) ;
#3070 = DIRECTION ( 'NONE',  ( 0.000000000000000000, -1.000000000000000000, 0.000000000000000000 ) ) ;
#3071 = CARTESIAN_POINT ( 'NONE',  ( -2.941265532138219729, 2.334178766314400910, -27.28930696139306278 ) ) ;
#3072 = CARTESIAN_POINT ( 'NONE',  ( -3.128738385194448579, 2.740352433552111666, -27.83726992770485253 ) ) ;
#3073 = CARTESIAN_POINT ( 'NONE',  ( 0.8875526975732597190, 1.943721724580641075, -26.72445712121282924 ) ) ;
#3074 = EDGE_LOOP ( 'NONE', ( #2784, #2482, #1136, #20 ) ) ;
#3075 = CARTESIAN_POINT ( 'NONE',  ( -0.5304753883802791892, 1.946934225413055053, -26.73371620823315453 ) ) ;
#3076 = CARTESIAN_POINT ( 'NONE',  ( 3.288088831865583206, 2.050271023522930225, -26.86445495552626284 ) ) ;
#3077 = CARTESIAN_POINT ( 'NONE',  ( -2.531710415632016709, 1.984629061719719534, -23.63789122274700105 ) ) ;
#3078 = ADVANCED_FACE ( 'NONE', ( #111 ), #2952, .T. ) ;
#3079 = VERTEX_POINT ( 'NONE', #2412 ) ;
#3080 = CARTESIAN_POINT ( 'NONE',  ( 2.847716107478088787, 1.941774216725338675, -26.72945764817004388 ) ) ;
#3081 = CARTESIAN_POINT ( 'NONE',  ( 3.367056611963652024, 1.896271023522929644, -27.18559163194254324 ) ) ;
#3082 = CARTESIAN_POINT ( 'NONE',  ( 2.373083159731939951, 2.555296813119532384, -27.83726992770485253 ) ) ;
#3083 = UNCERTAINTY_MEASURE_WITH_UNIT (LENGTH_MEASURE( 1.000000000000000082E-05 ), #2027, 'distance_accuracy_value', 'NONE');
#3084 = CARTESIAN_POINT ( 'NONE',  ( -1.841544870034286907, 2.131197941286569808, -27.09942863445321493 ) ) ;
#3085 = CYLINDRICAL_SURFACE ( 'NONE', #2334, 0.06250000000000295597 ) ;
#3086 = CARTESIAN_POINT ( 'NONE',  ( 3.489465972846957253, 1.960731966087932543, -26.71797698997332660 ) ) ;
#3087 = VERTEX_POINT ( 'NONE', #1923 ) ;
#3088 = CARTESIAN_POINT ( 'NONE',  ( 0.04230586569214044024, 2.247358720059712489, -27.46834928107903551 ) ) ;
#3089 = CARTESIAN_POINT ( 'NONE',  ( -3.307072513551665427, 2.716399350578311722, -27.83726992770484543 ) ) ;
#3090 = CARTESIAN_POINT ( 'NONE',  ( 2.505976465822947308, 2.046934225413054698, -26.29455580265396364 ) ) ;
#3091 = CARTESIAN_POINT ( 'NONE',  ( -1.298675180936893270, 2.064713622259401138, -27.05645503214891789 ) ) ;
#3092 = ORIENTED_EDGE ( 'NONE', *, *, #663, .F. ) ;
#3093 = LINE ( 'NONE', #3409, #1862 ) ;
#3094 = CARTESIAN_POINT ( 'NONE',  ( -2.720782661249527390, 2.069462593475366763, -26.91616610752709704 ) ) ;
#3095 = CARTESIAN_POINT ( 'NONE',  ( -3.164252225854617961, 1.966934225413054627, -26.73050798782740500 ) ) ;
#3096 = CARTESIAN_POINT ( 'NONE',  ( 0.2091485740089753520, 1.943602498234515918, -26.72475818724011987 ) ) ;
#3097 = VERTEX_POINT ( 'NONE', #294 ) ;
#3098 = AXIS2_PLACEMENT_3D ( 'NONE', #1221, #4229, #2932 ) ;
#3099 = FACE_OUTER_BOUND ( 'NONE', #2260, .T. ) ;
#3100 = DIRECTION ( 'NONE',  ( 0.000000000000000000, -1.000000000000000000, 0.000000000000000000 ) ) ;
#3101 = AXIS2_PLACEMENT_3D ( 'NONE', #753, #1423, #4025 ) ;
#3102 = FACE_OUTER_BOUND ( 'NONE', #3421, .T. ) ;
#3103 = AXIS2_PLACEMENT_3D ( 'NONE', #1698, #3354, #699 ) ;
#3104 = ORIENTED_EDGE ( 'NONE', *, *, #1078, .F. ) ;
#3105 = CARTESIAN_POINT ( 'NONE',  ( 0.004497774145382284726, 2.089759520807885629, -27.05645503214892500 ) ) ;
#3106 = EDGE_CURVE ( 'NONE', #1622, #3657, #1605, .T. ) ;
#3107 = CARTESIAN_POINT ( 'NONE',  ( -1.344716655445224118, 1.963877098726777737, -26.72230616727229702 ) ) ;
#3108 = DIRECTION ( 'NONE',  ( 0.000000000000000000, -3.475471168776155271E-14, -1.000000000000000000 ) ) ;
#3109 = ORIENTED_EDGE ( 'NONE', *, *, #1758, .T. ) ;
#3110 = CARTESIAN_POINT ( 'NONE',  ( -3.672773253865293519, 2.418324033892569780, -27.70015737682269830 ) ) ;
#3111 = EDGE_CURVE ( 'NONE', #2628, #815, #1822, .T. ) ;
#3112 = CARTESIAN_POINT ( 'NONE',  ( -2.648942879793984240, 2.668740540137416684, -27.83726992770485253 ) ) ;
#3113 = EDGE_CURVE ( 'NONE', #364, #2845, #2687, .T. ) ;
#3114 = CARTESIAN_POINT ( 'NONE',  ( 3.590358580158043544, 2.070271023522930243, -27.54425107702835263 ) ) ;
#3115 = ORIENTED_EDGE ( 'NONE', *, *, #1269, .F. ) ;
#3116 = ORIENTED_EDGE ( 'NONE', *, *, #2870, .F. ) ;
#3117 = CARTESIAN_POINT ( 'NONE',  ( 3.220481525523671174, 2.450871376164579729, -27.47567967208231465 ) ) ;
#3118 = CARTESIAN_POINT ( 'NONE',  ( -3.088914348186230452, 2.593326019545262984, -27.66230838503972222 ) ) ;
#3119 = CARTESIAN_POINT ( 'NONE',  ( -2.932207674192913505, 2.224917008887368208, -27.09942863445322558 ) ) ;
#3120 = CARTESIAN_POINT ( 'NONE',  ( 0.2187981831151087075, 2.212569352373109144, -27.47095680323923972 ) ) ;
#3121 = ORIENTED_EDGE ( 'NONE', *, *, #3136, .T. ) ;
#3122 = FACE_OUTER_BOUND ( 'NONE', #304, .T. ) ;
#3123 = CARTESIAN_POINT ( 'NONE',  ( 3.783512746573753027, 2.174548412108150419, -27.83726992770484898 ) ) ;
#3124 = CARTESIAN_POINT ( 'NONE',  ( -3.595502225854618317, 1.946934225413054831, -23.65789122274700063 ) ) ;
#3125 = ORIENTED_EDGE ( 'NONE', *, *, #3620, .T. ) ;
#3126 = CARTESIAN_POINT ( 'NONE',  ( 3.766387192703515741, 1.896271023522929644, -27.84760024254213917 ) ) ;
#3127 = CARTESIAN_POINT ( 'NONE',  ( 3.690810417009219080, 2.502645665015306609, -27.83726992770485609 ) ) ;
#3128 = CARTESIAN_POINT ( 'NONE',  ( -3.544271344420338199, 2.344328085386990779, -27.42028528693686340 ) ) ;
#3129 = CARTESIAN_POINT ( 'NONE',  ( -0.01949540198687759601, 1.965351215968618392, -26.72633098854271338 ) ) ;
#3130 = ORIENTED_EDGE ( 'NONE', *, *, #2127, .T. ) ;
#3131 = CARTESIAN_POINT ( 'NONE',  ( -2.579166433815074377, 2.050271023522931557, -25.85562229806822998 ) ) ;
#3132 = CARTESIAN_POINT ( 'NONE',  ( -2.710016048580239367, 2.685377179124626590, -27.83726992770484898 ) ) ;
#3133 = CARTESIAN_POINT ( 'NONE',  ( 2.930694044720302482, 1.946934225413054831, -25.85763997308267292 ) ) ;
#3134 = VERTEX_POINT ( 'NONE', #3458 ) ;
#3135 = ADVANCED_FACE ( 'NONE', ( #1121 ), #818, .F. ) ;
#3136 = EDGE_CURVE ( 'NONE', #728, #2786, #191, .T. ) ;
#3137 = CARTESIAN_POINT ( 'NONE',  ( 1.972123149535425890, 1.962879054218411135, -26.72215398925802177 ) ) ;
#3138 = CARTESIAN_POINT ( 'NONE',  ( -2.446819313241248128, 2.170468530119276984, -27.10160478600616329 ) ) ;
#3139 = CARTESIAN_POINT ( 'NONE',  ( -3.367842653170283196, 1.959987974046037973, -26.71820525699473592 ) ) ;
#3140 = CARTESIAN_POINT ( 'NONE',  ( 1.490577460613447425, 1.943462741593463994, -26.72511221157866146 ) ) ;
#3141 = VERTEX_POINT ( 'NONE', #131 ) ;
#3142 = CARTESIAN_POINT ( 'NONE',  ( 2.420948241666295075, 1.984629061719719534, -23.63789122274700105 ) ) ;
#3143 = DIRECTION ( 'NONE',  ( 0.000000000000000000, -1.000000000000000000, 0.000000000000000000 ) ) ;
#3144 = DIRECTION ( 'NONE',  ( 0.000000000000000000, -0.001744812478206600936, 0.9999984778135494468 ) ) ;
#3145 = ORIENTED_EDGE ( 'NONE', *, *, #2691, .F. ) ;
#3146 = DIRECTION ( 'NONE',  ( 0.000000000000000000, -1.000000000000000000, 0.000000000000000000 ) ) ;
#3147 = CARTESIAN_POINT ( 'NONE',  ( 3.464691096109303814, 2.644786712160867470, -27.83726992770485253 ) ) ;
#3148 = PRESENTATION_STYLE_ASSIGNMENT (( #245 ) ) ;
#3149 = CARTESIAN_POINT ( 'NONE',  ( -0.03149199005300751947, 1.965346712049052424, -26.72633098854271338 ) ) ;
#3150 = ORIENTED_EDGE ( 'NONE', *, *, #1868, .T. ) ;
#3151 = CARTESIAN_POINT ( 'NONE',  ( 1.327670729227666158, 1.896271023522930310, -27.05645503214892500 ) ) ;
#3152 = CARTESIAN_POINT ( 'NONE',  ( -2.883785085613984389, 2.722837740857929401, -27.83726992770484898 ) ) ;
#3153 = CARTESIAN_POINT ( 'NONE',  ( -3.595502225854618317, 1.896271023522930310, -23.52243052234773302 ) ) ;
#3154 = LINE ( 'NONE', #3812, #4113 ) ;
#3155 = CARTESIAN_POINT ( 'NONE',  ( 2.141397241855630185, 1.964709242063918504, -26.72633098854271338 ) ) ;
#3156 = CARTESIAN_POINT ( 'NONE',  ( 3.301105844558506863, 2.306459329989038576, -27.28884060506673848 ) ) ;
#3157 = CARTESIAN_POINT ( 'NONE',  ( -1.228239905698446321, 2.139401060945482769, -27.28442385835241879 ) ) ;
#3158 = CARTESIAN_POINT ( 'NONE',  ( -3.189630438460169248, 2.736214102235579926, -27.83726992770483832 ) ) ;
#3159 = EDGE_CURVE ( 'NONE', #1477, #1772, #703, .T. ) ;
#3160 = CARTESIAN_POINT ( 'NONE',  ( 2.070991374121763151, 2.388458306456894942, -27.65875378008227514 ) ) ;
#3161 = ORIENTED_EDGE ( 'NONE', *, *, #379, .F. ) ;
#3162 = B_SPLINE_CURVE_WITH_KNOTS ( 'NONE', 3,
 ( #396, #3355, #376, #1680, #720, #2325, #3668, #3401, #2678 ),
 .UNSPECIFIED., .F., .F.,
 ( 4, 2, 2, 1, 4 ),
 ( 0.000000000000000000, 0.4999999999999995559, 0.6249999999999998890, 0.7500000000000002220, 1.000000000000000000 ),
 .UNSPECIFIED. ) ;
#3163 = CARTESIAN_POINT ( 'NONE',  ( -3.717002269640113266, 2.473049969211329913, -27.84552949241204445 ) ) ;
#3164 = CARTESIAN_POINT ( 'NONE',  ( -1.345502225854617429, 1.966934225413054627, -26.73050798782740500 ) ) ;
#3165 = AXIS2_PLACEMENT_3D ( 'NONE', #2063, #1717, #1626 ) ;
#3166 = ORIENTED_EDGE ( 'NONE', *, *, #2391, .T. ) ;
#3167 = CARTESIAN_POINT ( 'NONE',  ( 2.939559994524458375, 2.589683905621630977, -27.66191735090624704 ) ) ;
#3168 = CARTESIAN_POINT ( 'NONE',  ( 3.759041316583467740, 2.431026654618142491, -27.79526423971416449 ) ) ;
#3169 = CARTESIAN_POINT ( 'NONE',  ( 3.536838406162761572, 2.609593998376225965, -27.83726992770485609 ) ) ;
#3170 = CARTESIAN_POINT ( 'NONE',  ( -1.345502225854617429, 1.966934225413054627, -26.73050798782740500 ) ) ;
#3171 = DIRECTION ( 'NONE',  ( 0.000000000000000000, 0.000000000000000000, -1.000000000000000000 ) ) ;
#3172 = AXIS2_PLACEMENT_3D ( 'NONE', #991, #2300, #2106 ) ;
#3173 = CARTESIAN_POINT ( 'NONE',  ( 0.08138120283992218706, 2.103466870120015209, -27.09942863445322558 ) ) ;
#3174 = ORIENTED_EDGE ( 'NONE', *, *, #1656, .T. ) ;
#3175 = DIRECTION ( 'NONE',  ( 0.000000000000000000, 0.000000000000000000, -1.000000000000000000 ) ) ;
#3176 = FACE_OUTER_BOUND ( 'NONE', #29, .T. ) ;
#3177 = CARTESIAN_POINT ( 'NONE',  ( -3.127557001509505774, 2.739803278265266595, -27.83726992770484898 ) ) ;
#3178 = VECTOR ( 'NONE', #654, 39.37007874015748143 ) ;
#3179 = CARTESIAN_POINT ( 'NONE',  ( 2.505976465822947308, 2.046934225413054698, -23.52581582086456535 ) ) ;
#3180 = PLANE ( 'NONE',  #284 ) ;
#3181 = CARTESIAN_POINT ( 'NONE',  ( 2.558604732877752586, 2.639322378218670107, -27.83726992770483832 ) ) ;
#3182 = CARTESIAN_POINT ( 'NONE',  ( 3.224676197127846144, 1.942079042105376407, -26.72870288690259954 ) ) ;
#3183 = CARTESIAN_POINT ( 'NONE',  ( -1.926066144070091024, 2.439669319424766947, -27.84479686203767201 ) ) ;
#3184 = CARTESIAN_POINT ( 'NONE',  ( -2.706197626404830192, 2.456216621562489877, -27.46834928107902840 ) ) ;
#3185 = CARTESIAN_POINT ( 'NONE',  ( 2.253314791203557377, 2.245564658647167366, -27.28672534880151801 ) ) ;
#3186 = B_SPLINE_CURVE_WITH_KNOTS ( 'NONE', 3,
 ( #3926, #3647, #2345, #5 ),
 .UNSPECIFIED., .F., .F.,
 ( 4, 4 ),
 ( 0.000000000000000000, 0.004239872311082549909 ),
 .UNSPECIFIED. ) ;
#3187 = ORIENTED_EDGE ( 'NONE', *, *, #2391, .F. ) ;
#3188 = CARTESIAN_POINT ( 'NONE',  ( -3.514888249395076159, 2.035232250115899699, -26.91413447738215936 ) ) ;
#3189 = CARTESIAN_POINT ( 'NONE',  ( -2.933402775436812160, 2.706894377604883939, -27.83726992770485609 ) ) ;
#3190 = EDGE_CURVE ( 'NONE', #2231, #3609, #4137, .T. ) ;
#3191 = ORIENTED_EDGE ( 'NONE', *, *, #346, .F. ) ;
#3192 = DIRECTION ( 'NONE',  ( 0.000000000000000000, 0.000000000000000000, -1.000000000000000000 ) ) ;
#3193 = CARTESIAN_POINT ( 'NONE',  ( 2.420948241666295075, 1.946934225413054831, -23.63789122274700105 ) ) ;
#3194 = DIRECTION ( 'NONE',  ( 0.000000000000000000, 0.000000000000000000, -1.000000000000000000 ) ) ;
#3195 = FACE_OUTER_BOUND ( 'NONE', #1129, .T. ) ;
#3196 = VERTEX_POINT ( 'NONE', #3418 ) ;
#3197 = DIRECTION ( 'NONE',  ( 0.000000000000000000, 1.000000000000000000, 0.000000000000000000 ) ) ;
#3198 = CARTESIAN_POINT ( 'NONE',  ( -2.613500718938379652, 2.658494627879389061, -27.83726992770484898 ) ) ;
#3199 = DIRECTION ( 'NONE',  ( 0.000000000000000000, 0.9999984778135494468, 0.001744812478206600936 ) ) ;
#3200 = DIRECTION ( 'NONE',  ( 0.000000000000000000, -1.000000000000000000, 0.000000000000000000 ) ) ;
#3201 = CARTESIAN_POINT ( 'NONE',  ( 1.972685461840405940, 1.964906639815733103, -26.72633098854271338 ) ) ;
#3202 = CARTESIAN_POINT ( 'NONE',  ( -2.073977364184746097, 2.037681055545070841, -26.91390852073416795 ) ) ;
#3203 = CARTESIAN_POINT ( 'NONE',  ( -2.411011780129712623, 2.594726017087790826, -27.83726992770484898 ) ) ;
#3204 = CARTESIAN_POINT ( 'NONE',  ( 2.235258233358473845, 2.045611169517291383, -26.91410128987394401 ) ) ;
#3205 = ORIENTED_EDGE ( 'NONE', *, *, #1922, .F. ) ;
#3206 = CARTESIAN_POINT ( 'NONE',  ( -3.596256902341623984, 2.575882802438607566, -27.84739624040913242 ) ) ;
#3207 = DIRECTION ( 'NONE',  ( 0.000000000000000000, 0.000000000000000000, 1.000000000000000000 ) ) ;
#3208 = CARTESIAN_POINT ( 'NONE',  ( -3.595502225854618317, 2.004427634586039897, -23.52243052234773302 ) ) ;
#3209 = ADVANCED_FACE ( 'NONE', ( #2478 ), #1208, .F. ) ;
#3210 = PLANE ( 'NONE',  #77 ) ;
#3211 = EDGE_LOOP ( 'NONE', ( #3467, #2432, #3059, #2357 ) ) ;
#3212 = CARTESIAN_POINT ( 'NONE',  ( 2.577554129632784186, 2.064787346771889798, -26.91544414958300280 ) ) ;
#3213 = LINE ( 'NONE', #3891, #1726 ) ;
#3214 = CARTESIAN_POINT ( 'NONE',  ( -2.433522376146434407, 2.602030656603638636, -27.83726992770485253 ) ) ;
#3215 = PLANE ( 'NONE',  #1939 ) ;
#3216 = CARTESIAN_POINT ( 'NONE',  ( -2.496649199329020519, 2.004427634586039897, -23.52243052234773302 ) ) ;
#3217 = CARTESIAN_POINT ( 'NONE',  ( 2.085159637036614999, 1.964778571135192609, -26.72633098854271338 ) ) ;
#3218 = CARTESIAN_POINT ( 'NONE',  ( -0.07426908324369753400, 2.239999514826976235, -27.46834928107903551 ) ) ;
#3219 = CARTESIAN_POINT ( 'NONE',  ( -1.878531564115287100, 2.274130747537873809, -27.47209021095951798 ) ) ;
#3220 = CARTESIAN_POINT ( 'NONE',  ( -2.355841928704681010, 2.385462086529545278, -27.46834928107903551 ) ) ;
#3221 = CARTESIAN_POINT ( 'NONE',  ( 1.867514580124231216, 1.943004887019770255, -26.72633462086096756 ) ) ;
#3222 = FACE_OUTER_BOUND ( 'NONE', #2067, .T. ) ;
#3223 = VERTEX_POINT ( 'NONE', #3076 ) ;
#3224 = ORIENTED_EDGE ( 'NONE', *, *, #820, .T. ) ;
#3225 = CARTESIAN_POINT ( 'NONE',  ( -3.586565809841041119, 2.025701996163514540, -26.91337947400793951 ) ) ;
#3226 = CARTESIAN_POINT ( 'NONE',  ( 3.167593830836713309, 2.738543701230713889, -27.83726992770485253 ) ) ;
#3227 = CARTESIAN_POINT ( 'NONE',  ( -3.456966767802478913, 2.642957016440828699, -27.83726992770487740 ) ) ;
#3228 = FACE_OUTER_BOUND ( 'NONE', #2992, .T. ) ;
#3229 = CARTESIAN_POINT ( 'NONE',  ( 2.265051796509368831, 2.545378543117252423, -27.83726992770484543 ) ) ;
#3230 = DIRECTION ( 'NONE',  ( -1.000000000000000000, 7.588466649067219103E-18, 3.354088014807555410E-15 ) ) ;
#3231 = B_SPLINE_CURVE_WITH_KNOTS ( 'NONE', 3,
 ( #158, #4051, #1740, #1122 ),
 .UNSPECIFIED., .F., .F.,
 ( 4, 4 ),
 ( 0.2923132071465485149, 1.000000000000000000 ),
 .UNSPECIFIED. ) ;
#3232 = AXIS2_PLACEMENT_3D ( 'NONE', #1947, #1053, #613 ) ;
#3233 = CARTESIAN_POINT ( 'NONE',  ( 0.9036936200008532927, 1.962655628733826818, -26.71797698997332660 ) ) ;
#3234 = EDGE_CURVE ( 'NONE', #529, #2587, #839, .T. ) ;
#3235 = VERTEX_POINT ( 'NONE', #1596 ) ;
#3236 = CARTESIAN_POINT ( 'NONE',  ( -1.726615537257550237, 2.419339200425640879, -27.83726992770484898 ) ) ;
#3237 = FACE_BOUND ( 'NONE', #1161, .T. ) ;
#3238 = AXIS2_PLACEMENT_3D ( 'NONE', #2353, #3654, #402 ) ;
#3239 = CARTESIAN_POINT ( 'NONE',  ( 2.505976465822947308, 2.046934225413054698, -23.58831582086456891 ) ) ;
#3240 = VECTOR ( 'NONE', #2435, 39.37007874015748143 ) ;
#3241 = CARTESIAN_POINT ( 'NONE',  ( 3.009158490776193240, 2.482899786579365387, -27.46834928107901774 ) ) ;
#3242 = EDGE_CURVE ( 'NONE', #3609, #2231, #828, .T. ) ;
#3243 = VECTOR ( 'NONE', #2468, 39.37007874015748143 ) ;
#3244 = CARTESIAN_POINT ( 'NONE',  ( -0.9191770847313341930, 2.092898868715814320, -27.09942863445321493 ) ) ;
#3245 = CARTESIAN_POINT ( 'NONE',  ( 3.523806158217059004, 2.035024921305571333, -26.91371582750162972 ) ) ;
#3246 = CARTESIAN_POINT ( 'NONE',  ( -2.141573548092728263, 2.407412074977508532, -27.65905595118436011 ) ) ;
#3247 = CARTESIAN_POINT ( 'NONE',  ( 1.991228892871031553, 2.371673167078316435, -27.65854924903325340 ) ) ;
#3248 = CARTESIAN_POINT ( 'NONE',  ( 3.783512746573752583, 1.896271023522930310, -27.83726992770484898 ) ) ;
#3249 = ORIENTED_EDGE ( 'NONE', *, *, #2427, .T. ) ;
#3250 = CARTESIAN_POINT ( 'NONE',  ( -3.522745761886290961, 2.489358663397605032, -27.66136651545376779 ) ) ;
#3251 = CARTESIAN_POINT ( 'NONE',  ( 3.012630563712419995, 2.737311358341108392, -27.83726992770484898 ) ) ;
#3252 = DIRECTION ( 'NONE',  ( 0.000000000000000000, -1.000000000000000000, 0.000000000000000000 ) ) ;
#3253 = CARTESIAN_POINT ( 'NONE',  ( -2.710145610101482028, 1.946934225413055275, -23.90205213435705645 ) ) ;
#3254 = DIRECTION ( 'NONE',  ( 0.000000000000000000, 1.000000000000000000, -3.475471168776155271E-14 ) ) ;
#3255 = CARTESIAN_POINT ( 'NONE',  ( 0.9044977741453824605, 1.966934225413054627, -26.73050798782740500 ) ) ;
#3256 = VERTEX_POINT ( 'NONE', #3839 ) ;
#3257 = CARTESIAN_POINT ( 'NONE',  ( -3.108943919392296529, 1.896271023522929866, -26.48544271299247654 ) ) ;
#3258 = CARTESIAN_POINT ( 'NONE',  ( -2.207638602548577467, 2.530821826681139086, -27.83726992770485253 ) ) ;
#3259 = CARTESIAN_POINT ( 'NONE',  ( 2.505976465822947308, 2.046934225413054698, -26.23205580265396009 ) ) ;
#3260 = LINE ( 'NONE', #657, #1318 ) ;
#3261 = CARTESIAN_POINT ( 'NONE',  ( 2.704497774145382394, 1.966934225413054627, -26.73050798782741211 ) ) ;
#3262 = CARTESIAN_POINT ( 'NONE',  ( 3.450867895386325213, 2.043831819627739854, -26.91436549737395367 ) ) ;
#3263 = VERTEX_POINT ( 'NONE', #1232 ) ;
#3264 = ADVANCED_FACE ( 'NONE', ( #877 ), #943, .T. ) ;
#3265 = EDGE_CURVE ( 'NONE', #180, #3266, #2569, .T. ) ;
#3266 = VERTEX_POINT ( 'NONE', #1573 ) ;
#3267 = ORIENTED_EDGE ( 'NONE', *, *, #1140, .F. ) ;
#3268 = CARTESIAN_POINT ( 'NONE',  ( -3.408080366992756627, 2.405737523528659327, -27.47532040177251034 ) ) ;
#3269 = CARTESIAN_POINT ( 'NONE',  ( 3.033066648859764403, 2.738731405578049394, -27.83726992770484898 ) ) ;
#3270 = CYLINDRICAL_SURFACE ( 'NONE', #3309, 9.267824232792628791 ) ;
#3271 = CARTESIAN_POINT ( 'NONE',  ( 3.322259254862238720, 2.097902958762319692, -26.94262416234484192 ) ) ;
#3272 = CARTESIAN_POINT ( 'NONE',  ( 1.921964683380452898, 2.455769913935617943, -27.83726992770485253 ) ) ;
#3273 = CARTESIAN_POINT ( 'NONE',  ( 2.588161982105838366, 1.896271023522930310, -25.85562229806822998 ) ) ;
#3274 = CARTESIAN_POINT ( 'NONE',  ( 0.2293680237117292076, 1.963942536613759282, -26.72215398925802177 ) ) ;
#3275 = ORIENTED_EDGE ( 'NONE', *, *, #3885, .T. ) ;
#3276 = CARTESIAN_POINT ( 'NONE',  ( -2.943722752550819610, 1.896271023522930532, -25.94858033519841456 ) ) ;
#3277 = B_SPLINE_CURVE_WITH_KNOTS ( 'NONE', 3,
 ( #2930, #2284, #1259, #2241, #4206, #952, #634, #1945, #3257, #3593, #3276, #11, #1722, #3317, #2022, #354, #674, #3628, #2045, #719 ),
 .UNSPECIFIED., .F., .F.,
 ( 4, 2, 2, 2, 2, 2, 2, 2, 2, 4 ),
 ( 0.4705635469839488660, 0.4777404246853005354, 0.4849173023866522048, 0.4992710577893555435, 0.5136248131920588822, 0.5279785685947622209, 0.5566860794001687873, 0.5638629571015206787, 0.5710398348028724591, 0.5853935902055761309 ),
 .UNSPECIFIED. ) ;
#3278 = CARTESIAN_POINT ( 'NONE',  ( -2.324376044660780849, 2.566770762707544673, -27.83726992770485964 ) ) ;
#3279 = CARTESIAN_POINT ( 'NONE',  ( -2.569769968022913798, 1.966934225413054627, -23.68674101771496154 ) ) ;
#3280 = CARTESIAN_POINT ( 'NONE',  ( 3.207184821666285934, 1.966934225413054627, -26.73050798782740500 ) ) ;
#3281 = CARTESIAN_POINT ( 'NONE',  ( 3.187173725664114610, 2.474426296724365759, -27.46834928107902840 ) ) ;
#3282 = CARTESIAN_POINT ( 'NONE',  ( 3.492745132985155099, 2.379746309532265958, -27.47478223151522769 ) ) ;
#3283 = CARTESIAN_POINT ( 'NONE',  ( -0.2858174344840919701, 2.142502418385579865, -27.28457353047483736 ) ) ;
#3284 = VERTEX_POINT ( 'NONE', #2253 ) ;
#3285 = VERTEX_POINT ( 'NONE', #4220 ) ;
#3286 = ADVANCED_FACE ( 'NONE', ( #2903 ), #4174, .T. ) ;
#3287 = CARTESIAN_POINT ( 'NONE',  ( -3.366172156443894448, 2.683582807204021314, -27.84865719060076472 ) ) ;
#3288 = CARTESIAN_POINT ( 'NONE',  ( -3.557271063197114280, 1.965126224388015208, -26.72640707754985456 ) ) ;
#3289 = CARTESIAN_POINT ( 'NONE',  ( 0.1365535865950874284, 2.080093173261295281, -27.09794880172313469 ) ) ;
#3290 = CARTESIAN_POINT ( 'NONE',  ( 3.222942301643118235, 2.318904980834532115, -27.28902573498884010 ) ) ;
#3291 = CARTESIAN_POINT ( 'NONE',  ( -2.731807345829604827, 1.896271023522929866, -25.05207063902089004 ) ) ;
#3292 = LINE ( 'NONE', #3590, #1032 ) ;
#3293 = CARTESIAN_POINT ( 'NONE',  ( 0.4894751560856107075, 2.349523982769356145, -27.83726992770484898 ) ) ;
#3294 = ORIENTED_EDGE ( 'NONE', *, *, #896, .F. ) ;
#3295 = LINE ( 'NONE', #2324, #631 ) ;
#3296 = CARTESIAN_POINT ( 'NONE',  ( -2.424293537676078358, 2.599037165928989701, -27.83726992770484898 ) ) ;
#3297 = CARTESIAN_POINT ( 'NONE',  ( -2.374830751817964547, 1.959459978904272370, -26.71820525699473592 ) ) ;
#3298 = CARTESIAN_POINT ( 'NONE',  ( 2.742912348435150527, 1.984427604142264379, -23.52243052234773302 ) ) ;
#3299 = VECTOR ( 'NONE', #1499, 39.37007874015748143 ) ;
#3300 = CARTESIAN_POINT ( 'NONE',  ( 2.776791219106563346, 2.700857818326180215, -27.83726992770483832 ) ) ;
#3301 = CARTESIAN_POINT ( 'NONE',  ( 3.487649659245812828, 2.039603744173408284, -26.91406701274165414 ) ) ;
#3302 = VECTOR ( 'NONE', #1676, 39.37007874015748143 ) ;
#3303 = CARTESIAN_POINT ( 'NONE',  ( -0.4318004745776872766, 2.008671407009604337, -26.91151332282261421 ) ) ;
#3304 = ORIENTED_EDGE ( 'NONE', *, *, #6, .T. ) ;
#3305 = AXIS2_PLACEMENT_3D ( 'NONE', #1977, #369, #88 ) ;
#3306 = CARTESIAN_POINT ( 'NONE',  ( -3.174862400680126040, 2.323777684160940105, -27.28933214021613196 ) ) ;
#3307 = CARTESIAN_POINT ( 'NONE',  ( -3.555808737882114379, 1.961510222337937037, -26.71820525699473592 ) ) ;
#3308 = CARTESIAN_POINT ( 'NONE',  ( -3.663940463074856879, 2.070271023522930243, -27.69216233330764965 ) ) ;
#3309 = AXIS2_PLACEMENT_3D ( 'NONE', #260, #3819, #62 ) ;
#3310 = CARTESIAN_POINT ( 'NONE',  ( -2.496649199329020519, 1.984427604142264379, -23.52243052234773302 ) ) ;
#3311 = CARTESIAN_POINT ( 'NONE',  ( 2.449479960863840677, 2.604286877323426008, -27.83726992770485253 ) ) ;
#3312 = CARTESIAN_POINT ( 'NONE',  ( -1.298675180936899043, 2.180183850495201359, -27.31627013737670140 ) ) ;
#3313 = EDGE_CURVE ( 'NONE', #602, #2717, #3358, .T. ) ;
#3314 = EDGE_CURVE ( 'NONE', #3657, #1294, #3500, .T. ) ;
#3315 = CARTESIAN_POINT ( 'NONE',  ( 0.6790977224693438563, 1.964095623232431365, -26.72215398925802177 ) ) ;
#3316 = ORIENTED_EDGE ( 'NONE', *, *, #401, .T. ) ;
#3317 = CARTESIAN_POINT ( 'NONE',  ( -2.724140611575704973, 1.896271023522930976, -24.55640100025095407 ) ) ;
#3318 = CARTESIAN_POINT ( 'NONE',  ( 2.505976465822947308, 1.946934225413054831, -23.58831582086456891 ) ) ;
#3319 = CARTESIAN_POINT ( 'NONE',  ( -2.788517480504381751, 1.964080222480685034, -26.72640707754985456 ) ) ;
#3320 = CARTESIAN_POINT ( 'NONE',  ( 2.198247774145382305, 1.966934225413054627, -26.73050798782741211 ) ) ;
#3321 = CARTESIAN_POINT ( 'NONE',  ( 2.538887914776165822, 2.201114514837763103, -27.09942863445322558 ) ) ;
#3322 = CARTESIAN_POINT ( 'NONE',  ( 0.02910047132763496705, 2.106748677858937935, -27.09942863445322558 ) ) ;
#3323 = CARTESIAN_POINT ( 'NONE',  ( 3.592758549118639344, 2.118410015582716799, -27.10014080302260808 ) ) ;
#3324 = CARTESIAN_POINT ( 'NONE',  ( -0.2098047858266976207, 2.212628988313582123, -27.47112223554216115 ) ) ;
#3325 = ORIENTED_EDGE ( 'NONE', *, *, #1735, .F. ) ;
#3326 = ORIENTED_EDGE ( 'NONE', *, *, #1399, .T. ) ;
#3327 = CARTESIAN_POINT ( 'NONE',  ( -3.284935595228080540, 2.705431277118040878, -27.84882710668126293 ) ) ;
#3328 = CARTESIAN_POINT ( 'NONE',  ( 3.431989097289481983, 2.681841529720564665, -27.83726992770483832 ) ) ;
#3329 = B_SPLINE_SURFACE_WITH_KNOTS ( 'NONE', 3, 3, ( 
 ( #499, #2526, #1870, #2857, #1936, #2901, #219 ),
 ( #3882, #3225, #2590, #1295, #280, #1616, #4218 ),
 ( #561, #3860, #3542, #920, #876, #1552, #3163 ),
 ( #1274, #3188, #1845, #3563, #4154, #3499, #604 ),
 ( #1251, #1206, #3838, #1229, #2232, #541, #2186 ),
 ( #1594, #1913, #1532, #4199, #2920, #942, #2835 ),
 ( #2547, #258, #4136, #3818, #898, #2251, #3206 ),
 ( #622, #2210, #3521, #584, #1890, #3250, #1571 ),
 ( #2878, #4172, #305, #2608, #2568, #3903, #963 ),
 ( #2275, #3345, #645, #1690, #3268, #408, #3005 ),
 ( #709, #1650, #1005, #3659, #1375, #2690, #2963 ),
 ( #387, #3957, #3586, #2668, #1711, #3978, #324 ),
 ( #2012, #3028, #83, #1339, #3938, #1022, #3287 ),
 ( #1971, #2315, #729, #1046, #2358, #2035, #2295 ),
 ( #1955, #1395, #2336, #3306, #342, #21, #3327 ),
 ( #2708, #2630, #3618, #4000, #1067, #2939, #1635 ),
 ( #4236, #1314, #365, #3922, #3602, #3641, #985 ),
 ( #2649, #1357, #665, #683, #1670, #2984, #41 ),
 ( #2057, #812, #2747, #192, #3453, #3118, #792 ),
 ( #2450, #3747, #171, #3071, #471, #428, #2472 ),
 ( #3701, #449, #833, #3678, #1775, #1503, #1733 ),
 ( #2081, #3094, #2807, #1116, #1137, #4108, #2379 ),
 ( #105, #772, #1754, #3767, #494, #3368, #747 ),
 ( #2120, #1484, #3138, #3431, #1818, #3049, #2141 ),
 ( #1465, #1798, #4067, #2728, #3390, #1417, #2787 ),
 ( #2403, #4019, #3410, #1089, #151, #2429, #4085 ),
 ( #1158, #126, #1436, #4043, #3727, #2204, #2896 ),
 ( #1182, #3876, #2522, #3494, #936, #2498, #580 ),
 ( #537, #1225, #253, #1245, #2563, #300, #4132 ),
 ( #2227, #3202, #3516, #1548, #1610, #2583, #4150 ),
 ( #2246, #3475, #4168, #3855, #1267, #3246, #2543 ),
 ( #3558, #1202, #1567, #914, #2874, #1527, #872 ),
 ( #3537, #1908, #3814, #3795, #4191, #2182, #555 ),
 ( #598, #1863, #2853, #617, #3219, #274, #3183 ),
 ( #2916, #3834, #1885, #1838, #1586, #1930, #856 ),
 ( #2162, #235, #892, #3157, #213, #2831, #3954 ),
 ( #3615, #1020, #320, #1631, #1311, #4234, #56 ),
 ( #340, #19, #4213, #2665, #2684, #3935, #1668 ),
 ( #2937, #1001, #3973, #1291, #1989, #1043, #2627 ),
 ( #2982, #3303, #3920, #1969, #3342, #1371, #2331 ),
 ( #982, #2292, #2603, #1337, #660, #3637, #680 ),
 ( #1647, #363, #1952, #3283, #3600, #39, #3898 ),
 ( #1355, #707, #2009, #959, #3324, #2355, #383 ),
 ( #2960, #1687, #3656, #726, #2647, #2310, #3001 ),
 ( #2030, #404, #1706, #2270, #3583, #3429, #1480 ),
 ( #101, #1391, #2447, #3406, #2743, #4016, #2399 ),
 ( #78, #2783, #2054, #445, #167, #143, #2376 ),
 ( #1770, #788, #1085, #765, #2138, #4081, #1133 ),
 ( #3695, #2076, #3021, #122, #3386, #3744, #3722 ) ),
 .UNSPECIFIED., .F., .F., .F.,
 ( 4, 3, 3, 3, 3, 3, 3, 3, 3, 3, 3, 3, 3, 3, 3, 3, 4 ),
 ( 4, 3, 4 ),
 ( 0.7569782697445489594, 0.7646181257158000122, 0.7722579816870511760, 0.7798978376583022287, 0.7875376936295532815, 0.7951775496008043342, 0.8028174055720553870, 0.8180971175145574925, 0.8486565413995617035, 0.8562963973708127563, 0.8639362533420638091, 0.8792159652845659146, 0.9403348130545743366, 0.9708942369395785477, 0.9861739488820806532, 0.9938138048533317059, 1.001453660824582759 ),
 ( -0.01086837717381454807, 0.4945633076108975623, 0.9999949923956096276 ),
 .UNSPECIFIED. ) ;
#3330 = LINE ( 'NONE', #3349, #497 ) ;
#3331 = CARTESIAN_POINT ( 'NONE',  ( -3.595502225854618317, 2.004427634586039897, -23.52243052234773302 ) ) ;
#3332 = CARTESIAN_POINT ( 'NONE',  ( 1.804497774145382483, 1.966934225413054627, -26.73050798782741211 ) ) ;
#3333 = ORIENTED_EDGE ( 'NONE', *, *, #2762, .F. ) ;
#3334 = CARTESIAN_POINT ( 'NONE',  ( 2.671797337088762880, 2.433377257466000199, -27.47471004736431510 ) ) ;
#3335 = CARTESIAN_POINT ( 'NONE',  ( -1.435475950238953580, 2.378137465026247899, -27.83726992770484898 ) ) ;
#3336 = EDGE_CURVE ( 'NONE', #341, #1742, #212, .T. ) ;
#3337 = CARTESIAN_POINT ( 'NONE',  ( -1.570048143212251501, 1.965280715823296331, -26.72640707754985456 ) ) ;
#3338 = LINE ( 'NONE', #996, #3773 ) ;
#3339 = CARTESIAN_POINT ( 'NONE',  ( 3.459249984323870653, 2.175230739694768989, -27.09942863445321493 ) ) ;
#3340 = CARTESIAN_POINT ( 'NONE',  ( 0.01679912273650866969, 2.106350882981493200, -27.09942863445322558 ) ) ;
#3341 = CARTESIAN_POINT ( 'NONE',  ( -3.698220918271935886, 2.516932571979803246, -27.83726992770485253 ) ) ;
#3342 = CARTESIAN_POINT ( 'NONE',  ( -0.4483143911591332409, 2.203107064528293524, -27.47091488960038674 ) ) ;
#3343 = ORIENTED_EDGE ( 'NONE', *, *, #3724, .F. ) ;
#3344 = ORIENTED_EDGE ( 'NONE', *, *, #2641, .F. ) ;
#3345 = CARTESIAN_POINT ( 'NONE',  ( -3.292028308097603162, 2.058161611559967685, -26.91568371802138770 ) ) ;
#3346 = CARTESIAN_POINT ( 'NONE',  ( 3.596197426474048164, 2.602258702547826097, -27.83726992770485253 ) ) ;
#3347 = CARTESIAN_POINT ( 'NONE',  ( 2.505976465822947308, 2.004433541306125388, -23.52581582086456535 ) ) ;
#3348 = CARTESIAN_POINT ( 'NONE',  ( 3.072376395039597696, 2.070170362524097918, -26.91591979497423992 ) ) ;
#3349 = CARTESIAN_POINT ( 'NONE',  ( -3.595502225854618317, 1.966934225413054627, -23.65789122274700063 ) ) ;
#3350 = CARTESIAN_POINT ( 'NONE',  ( 2.358178858252583776, 2.574727339877717291, -27.83726992770483832 ) ) ;
#3351 = CARTESIAN_POINT ( 'NONE',  ( 2.505976465822947308, 1.966934225413054627, -23.58831582086456891 ) ) ;
#3352 = DIRECTION ( 'NONE',  ( 0.000000000000000000, -0.000000000000000000, -1.000000000000000000 ) ) ;
#3353 = VERTEX_POINT ( 'NONE', #2528 ) ;
#3354 = DIRECTION ( 'NONE',  ( 0.000000000000000000, -1.000000000000000000, 0.000000000000000000 ) ) ;
#3355 = CARTESIAN_POINT ( 'NONE',  ( 0.004497748499390792805, 1.967176332454684706, -26.78786853068207208 ) ) ;
#3356 = CARTESIAN_POINT ( 'NONE',  ( -1.726493829999381724, 2.122884159788597014, -27.09942863445322558 ) ) ;
#3357 = CARTESIAN_POINT ( 'NONE',  ( -3.643196792307735521, 2.408148821647100757, -27.60561700769283533 ) ) ;
#3358 = B_SPLINE_CURVE_WITH_KNOTS ( 'NONE', 3,
 ( #1636, #900, #1618, #3565, #282, #3544, #1252, #2941, #964, #3864, #3227, #646, #563, #1278, #624, #2610, #1, #923, #2233, #1554, #3189, #4200, #1938, #2924, #2859, #2214, #2188, #1297, #2276, #3523 ),
 .UNSPECIFIED., .F., .F.,
 ( 4, 2, 2, 2, 2, 2, 2, 2, 2, 2, 2, 2, 2, 2, 4 ),
 ( 2.501853776554200299E-17, 0.002033703110566514264, 0.004067406221133003374, 0.006101109331699493786, 0.008134812442265980728, 0.01016851555283247027, 0.01220221866339896155, 0.01626962488453189901, 0.01830332799509834865, 0.02033703110566479830, 0.02440443732679769065, 0.03253924976906352740, 0.04067406221132936067, 0.04880887465359519395, 0.06507849953812686050 ),
 .UNSPECIFIED. ) ;
#3359 = DIRECTION ( 'NONE',  ( 0.000000000000000000, -1.000000000000000000, 0.000000000000000000 ) ) ;
#3360 = DIRECTION ( 'NONE',  ( -1.000000000000000000, 7.588466649067399370E-18, -1.214154663850783899E-16 ) ) ;
#3361 = CYLINDRICAL_SURFACE ( 'NONE', #3975, 0.06250000000000295597 ) ;
#3362 = PRODUCT ( 'rear diffuser', 'rear diffuser', '', ( #2151 ) ) ;
#3363 = ORIENTED_EDGE ( 'NONE', *, *, #948, .F. ) ;
#3364 = ADVANCED_FACE ( 'NONE', ( #1957 ), #3270, .F. ) ;
#3365 = AXIS2_PLACEMENT_3D ( 'NONE', #2844, #1899, #882 ) ;
#3366 = STYLED_ITEM ( 'NONE', ( #3148 ), #685 ) ;
#3367 = CARTESIAN_POINT ( 'NONE',  ( -2.753972716479149874, 2.028271023522929095, -23.52243052234773302 ) ) ;
#3368 = CARTESIAN_POINT ( 'NONE',  ( -2.694194975059490460, 2.556336701203191897, -27.66119054850155834 ) ) ;
#3369 = CARTESIAN_POINT ( 'NONE',  ( 3.766871238981804648, 2.448986598008482396, -27.83726992770484543 ) ) ;
#3370 = CARTESIAN_POINT ( 'NONE',  ( 0.09607723890419370139, 1.943547063789379692, -26.72490018469016704 ) ) ;
#3371 = VECTOR ( 'NONE', #1960, 39.37007874015748143 ) ;
#3372 = VECTOR ( 'NONE', #1199, 39.37007874015748143 ) ;
#3373 = DIRECTION ( 'NONE',  ( 0.000000000000000000, 0.9999984778135494468, 0.001744812478206600936 ) ) ;
#3374 = CARTESIAN_POINT ( 'NONE',  ( 2.392268760416861095, 2.585732276224486537, -27.83726992770484543 ) ) ;
#3375 = DIRECTION ( 'NONE',  ( 0.000000000000000000, 1.000000000000000000, 0.000000000000000000 ) ) ;
#3376 = PLANE ( 'NONE',  #832 ) ;
#3377 = ORIENTED_EDGE ( 'NONE', *, *, #1843, .F. ) ;
#3378 = CARTESIAN_POINT ( 'NONE',  ( 2.795250310210789291, 2.323849760543287069, -27.28870502703685474 ) ) ;
#3379 = DIRECTION ( 'NONE',  ( 0.000000000000000000, -3.475471168776155271E-14, -1.000000000000000000 ) ) ;
#3380 = CARTESIAN_POINT ( 'NONE',  ( -1.676334745232612722, 2.410977232894257138, -27.83726992770484898 ) ) ;
#3381 = CARTESIAN_POINT ( 'NONE',  ( -2.071322533503042962, 2.151511996050952558, -27.09942863445322558 ) ) ;
#3382 = DIRECTION ( 'NONE',  ( 0.000000000000000000, 0.000000000000000000, 1.000000000000000000 ) ) ;
#3383 = CARTESIAN_POINT ( 'NONE',  ( 3.491153840379241036, 1.964866805638013858, -26.72633098854271338 ) ) ;
#3384 = CARTESIAN_POINT ( 'NONE',  ( 0.01648772480106567434, 1.962284971901920638, -26.71820525699473592 ) ) ;
#3385 = CARTESIAN_POINT ( 'NONE',  ( -3.673678917537951616, 2.539326324458518247, -27.83726992770484543 ) ) ;
#3386 = CARTESIAN_POINT ( 'NONE',  ( 0.02828363722646009062, 2.226206033340978774, -27.47140709232282418 ) ) ;
#3387 = ORIENTED_EDGE ( 'NONE', *, *, #4008, .F. ) ;
#3388 = ORIENTED_EDGE ( 'NONE', *, *, #3159, .F. ) ;
#3389 = CARTESIAN_POINT ( 'NONE',  ( 2.544036018213844397, 2.046934225413053365, -23.63789122274700105 ) ) ;
#3390 = CARTESIAN_POINT ( 'NONE',  ( -2.350676756768696585, 2.363997000312926033, -27.47356762066492664 ) ) ;
#3391 = EDGE_CURVE ( 'NONE', #940, #950, #2338, .T. ) ;
#3392 = CARTESIAN_POINT ( 'NONE',  ( -3.059326332081169220, 2.482546364172427023, -27.46834928107903551 ) ) ;
#3393 = EDGE_CURVE ( 'NONE', #2648, #2588, #4121, .T. ) ;
#3394 = CARTESIAN_POINT ( 'NONE',  ( 0.6012198940533119984, 2.070979561731849383, -27.09753715039312993 ) ) ;
#3395 = ORIENTED_EDGE ( 'NONE', *, *, #2785, .T. ) ;
#3396 = FACE_OUTER_BOUND ( 'NONE', #559, .T. ) ;
#3397 = CARTESIAN_POINT ( 'NONE',  ( 2.595550656103036147, 2.650422234840065006, -27.83726992770484543 ) ) ;
#3398 = CARTESIAN_POINT ( 'NONE',  ( -0.8955022258546176950, 1.966934225413054627, -26.73050798782740500 ) ) ;
#3399 = DIRECTION ( 'NONE',  ( 1.000000000000000000, 0.000000000000000000, 0.000000000000000000 ) ) ;
#3400 = CARTESIAN_POINT ( 'NONE',  ( 0.2345602325594551285, 2.083660618595999381, -27.05645503214892500 ) ) ;
#3401 = CARTESIAN_POINT ( 'NONE',  ( 0.004497774145360118429, 2.058196264205437220, -27.02942859598419290 ) ) ;
#3402 = CARTESIAN_POINT ( 'NONE',  ( 1.327670729227666158, 1.896271023522930310, -26.73050798782740500 ) ) ;
#3403 = CARTESIAN_POINT ( 'NONE',  ( 3.266997774145382838, 1.966934225413054627, -26.73050798782740500 ) ) ;
#3404 = PLANE ( 'NONE',  #965 ) ;
#3405 = CARTESIAN_POINT ( 'NONE',  ( -3.547276702030714102, 2.625512970748612673, -27.83726992770484543 ) ) ;
#3406 = CARTESIAN_POINT ( 'NONE',  ( -0.08977996161121315488, 2.150152646555903324, -27.28479399250644732 ) ) ;
#3407 = CARTESIAN_POINT ( 'NONE',  ( 3.295858504717181781, 2.070271023522929354, -26.93391889064928435 ) ) ;
#3408 = ORIENTED_EDGE ( 'NONE', *, *, #1558, .T. ) ;
#3409 = CARTESIAN_POINT ( 'NONE',  ( 2.575595305427877069, 2.046934225413052477, -23.65789122274700063 ) ) ;
#3410 = CARTESIAN_POINT ( 'NONE',  ( -2.254767927504488512, 2.148970925574468005, -27.10083490474750789 ) ) ;
#3411 = CARTESIAN_POINT ( 'NONE',  ( -3.483002225854618050, 1.966934225413054627, -26.73050798782740500 ) ) ;
#3412 = CARTESIAN_POINT ( 'NONE',  ( 0.6316009605380540348, 2.325478067718301567, -27.84374379922889275 ) ) ;
#3413 = ORIENTED_EDGE ( 'NONE', *, *, #2206, .F. ) ;
#3414 = B_SPLINE_CURVE_WITH_KNOTS ( 'NONE', 2,
 ( #1564, #931, #2827 ),
 .UNSPECIFIED., .F., .F.,
 ( 3, 3 ),
 ( 0.02909281740894201565, 0.7273412416760935972 ),
 .UNSPECIFIED. ) ;
#3415 = ADVANCED_FACE ( 'NONE', ( #987 ), #2710, .F. ) ;
#3416 = DIRECTION ( 'NONE',  ( 0.000000000000000000, -1.000000000000000000, 0.000000000000000000 ) ) ;
#3417 = CARTESIAN_POINT ( 'NONE',  ( 2.719012798025460587, 2.685377497092424459, -27.83726992770485253 ) ) ;
#3418 = CARTESIAN_POINT ( 'NONE',  ( 3.296953887781342907, 2.070271023522930243, -26.93405856436785939 ) ) ;
#3419 = FACE_OUTER_BOUND ( 'NONE', #745, .T. ) ;
#3420 = EDGE_CURVE ( 'NONE', #2033, #1294, #2751, .T. ) ;
#3421 = EDGE_LOOP ( 'NONE', ( #405, #4171, #592, #3820 ) ) ;
#3422 = CARTESIAN_POINT ( 'NONE',  ( 0.4388634618508906460, 2.056203350687049181, -27.05645503214891789 ) ) ;
#3423 = DIRECTION ( 'NONE',  ( -1.000000000000000000, 0.000000000000000000, 7.277325085833640951E-15 ) ) ;
#3424 = LINE ( 'NONE', #3402, #1992 ) ;
#3425 = CARTESIAN_POINT ( 'NONE',  ( 3.566997774145382216, 1.966934225413054627, -26.73050798782740500 ) ) ;
#3426 = ORIENTED_EDGE ( 'NONE', *, *, #1458, .F. ) ;
#3427 = DIRECTION ( 'NONE',  ( 1.000000000000000000, 0.000000000000000000, 0.000000000000000000 ) ) ;
#3428 = CARTESIAN_POINT ( 'NONE',  ( -3.239343763825501377, 2.729302471814614162, -27.83726992770485253 ) ) ;
#3429 = CARTESIAN_POINT ( 'NONE',  ( -0.1317931179107746098, 2.284936482492760490, -27.65766969935638286 ) ) ;
#3430 = CARTESIAN_POINT ( 'NONE',  ( 1.327670729227666158, 2.345188228256591678, -27.83726992770484898 ) ) ;
#3431 = CARTESIAN_POINT ( 'NONE',  ( -2.476989876385325307, 2.284534156235586977, -27.28789105537566684 ) ) ;
#3432 = CARTESIAN_POINT ( 'NONE',  ( -3.256234086068432898, 1.961838757669357225, -26.72230616727229702 ) ) ;
#3433 = CARTESIAN_POINT ( 'NONE',  ( 0.2982431070587444055, 2.208675461135198859, -27.47087385770904433 ) ) ;
#3434 = ORIENTED_EDGE ( 'NONE', *, *, #2921, .F. ) ;
#3435 = AXIS2_PLACEMENT_3D ( 'NONE', #442, #1808, #847 ) ;
#3436 = CARTESIAN_POINT ( 'NONE',  ( -2.189252225854617873, 1.966934225413054627, -26.73050798782740500 ) ) ;
#3437 = AXIS2_PLACEMENT_3D ( 'NONE', #2618, #3849, #929 ) ;
#3438 = CARTESIAN_POINT ( 'NONE',  ( 2.762968264769913862, 2.004427634586039897, -23.52243052234773302 ) ) ;
#3439 = VECTOR ( 'NONE', #2862, 39.37007874015748143 ) ;
#3440 = ORIENTED_EDGE ( 'NONE', *, *, #2155, .F. ) ;
#3441 = CARTESIAN_POINT ( 'NONE',  ( 0.08116181225707480573, 2.087562909122298471, -27.05645503214893921 ) ) ;
#3442 = EDGE_CURVE ( 'NONE', #3712, #3141, #67, .T. ) ;
#3443 = ADVANCED_FACE ( 'NONE', ( #1736 ), #384, .F. ) ;
#3444 = CARTESIAN_POINT ( 'NONE',  ( -3.423185325173762728, 2.230676555781097914, -27.17898868227206322 ) ) ;
#3445 = ORIENTED_EDGE ( 'NONE', *, *, #769, .T. ) ;
#3446 = CARTESIAN_POINT ( 'NONE',  ( -3.728849616548277179, 2.425186570587343216, -27.79856007378212368 ) ) ;
#3447 = CARTESIAN_POINT ( 'NONE',  ( -2.759731056948222072, 2.697749783579880045, -27.83726992770484543 ) ) ;
#3448 = CARTESIAN_POINT ( 'NONE',  ( 3.362716531218160387, 2.070271023522930243, -27.08934798258023235 ) ) ;
#3449 = ORIENTED_EDGE ( 'NONE', *, *, #3857, .F. ) ;
#3450 = EDGE_LOOP ( 'NONE', ( #1425, #1462 ) ) ;
#3451 = CARTESIAN_POINT ( 'NONE',  ( 2.310111235094441717, 1.964492123300821902, -26.72633098854271338 ) ) ;
#3452 = CARTESIAN_POINT ( 'NONE',  ( 3.378298254643226084, 2.289701039602513699, -27.28854813087464137 ) ) ;
#3453 = CARTESIAN_POINT ( 'NONE',  ( -3.053968254118710757, 2.463087712827702447, -27.47583395331469092 ) ) ;
#3454 = CARTESIAN_POINT ( 'NONE',  ( -3.530006857435704859, 2.383527188520117690, -27.46834928107903551 ) ) ;
#3455 = CARTESIAN_POINT ( 'NONE',  ( 1.189063110163487202, 1.943673991393642053, -26.72457868090961597 ) ) ;
#3456 = VERTEX_POINT ( 'NONE', #1667 ) ;
#3457 = CARTESIAN_POINT ( 'NONE',  ( -2.694769968022916906, 2.004651643197893574, -23.65081582086457246 ) ) ;
#3458 = CARTESIAN_POINT ( 'NONE',  ( 2.505976465822947308, 2.046934225413054698, -23.65081582086457246 ) ) ;
#3459 = CARTESIAN_POINT ( 'NONE',  ( 2.756581245972672622, 2.004585159808636163, -23.61271242070730025 ) ) ;
#3460 = CARTESIAN_POINT ( 'NONE',  ( -1.298675180936901263, 1.896271023522930310, -27.83726992770483832 ) ) ;
#3461 = CARTESIAN_POINT ( 'NONE',  ( 3.311843621181814079, 2.692640771608480144, -27.83726992770485609 ) ) ;
#3462 = CARTESIAN_POINT ( 'NONE',  ( -1.232641142121857936, 1.965451617366940518, -26.72640707754985456 ) ) ;
#3463 = DIRECTION ( 'NONE',  ( 1.000000000000000000, 0.000000000000000000, 0.000000000000000000 ) ) ;
#3464 = CARTESIAN_POINT ( 'NONE',  ( 0.004497774145382181510, 2.383990813486034810, -27.83726992770484898 ) ) ;
#3465 = PRODUCT_RELATED_PRODUCT_CATEGORY ( 'part', '', ( #3362 ) ) ;
#3466 = EDGE_CURVE ( 'NONE', #229, #3263, #956, .T. ) ;
#3467 = ORIENTED_EDGE ( 'NONE', *, *, #325, .F. ) ;
#3468 = DIRECTION ( 'NONE',  ( 1.000000000000000000, 0.000000000000000000, 0.000000000000000000 ) ) ;
#3469 = CARTESIAN_POINT ( 'NONE',  ( -2.682612608080462646, 2.678135597624246689, -27.83726992770483832 ) ) ;
#3470 = DIRECTION ( 'NONE',  ( 0.000000000000000000, -1.000000000000000000, 0.000000000000000000 ) ) ;
#3471 = CARTESIAN_POINT ( 'NONE',  ( 0.5394708115567714568, 1.946934225413055053, -26.73371620833487938 ) ) ;
#3472 = ORIENTED_EDGE ( 'NONE', *, *, #400, .T. ) ;
#3473 = CARTESIAN_POINT ( 'NONE',  ( 2.140796709565878864, 1.962484258714783047, -26.72215398925802177 ) ) ;
#3474 = CARTESIAN_POINT ( 'NONE',  ( 3.455421208230992747, 2.393573322724447117, -27.47498842984247247 ) ) ;
#3475 = CARTESIAN_POINT ( 'NONE',  ( -2.035861469897140008, 2.035834602810908223, -26.91376606780579905 ) ) ;
#3476 = CARTESIAN_POINT ( 'NONE',  ( -3.394550808400314423, 2.693557721540537297, -27.83726992770483832 ) ) ;
#3477 = CARTESIAN_POINT ( 'NONE',  ( 0.1829269126924173428, 2.349997928016616999, -27.84409005392326009 ) ) ;
#3478 = ORIENTED_EDGE ( 'NONE', *, *, #3956, .T. ) ;
#3479 = CARTESIAN_POINT ( 'NONE',  ( -2.569769968022913798, 2.004651643197893574, -23.65081582086457246 ) ) ;
#3480 = CARTESIAN_POINT ( 'NONE',  ( -1.683002225854617784, 1.966934225413054627, -26.73050798782740500 ) ) ;
#3481 = CARTESIAN_POINT ( 'NONE',  ( 3.296953887781342907, 2.070271023522930243, -26.93405856436785939 ) ) ;
#3482 = CARTESIAN_POINT ( 'NONE',  ( 3.414934487670165275, 2.663850908959032981, -27.83726992770485964 ) ) ;
#3483 = CARTESIAN_POINT ( 'NONE',  ( -1.496130027643161053, 2.109554129710557113, -27.09942863445321493 ) ) ;
#3484 =( NAMED_UNIT ( * ) PLANE_ANGLE_UNIT ( ) SI_UNIT ( $, .RADIAN. ) );
#3485 = CARTESIAN_POINT ( 'NONE',  ( 2.432855697129053585, 2.004427634586039897, -23.52243052234773302 ) ) ;
#3486 = VERTEX_POINT ( 'NONE', #319 ) ;
#3487 = CARTESIAN_POINT ( 'NONE',  ( -3.597877213042494304, 2.383873372442993688, -27.56430199856702146 ) ) ;
#3488 = PLANE ( 'NONE',  #3636 ) ;
#3489 = CARTESIAN_POINT ( 'NONE',  ( -2.784678298590129497, 2.703543351896858127, -27.83726992770485253 ) ) ;
#3490 = PLANE ( 'NONE',  #3918 ) ;
#3491 = CARTESIAN_POINT ( 'NONE',  ( -3.595502225854618317, 2.004663988466177660, -23.65789122274700063 ) ) ;
#3492 = CARTESIAN_POINT ( 'NONE',  ( 2.306473266323968652, 2.372609481132629927, -27.46834928107902840 ) ) ;
#3493 = CARTESIAN_POINT ( 'NONE',  ( 3.494480431317055213, 2.506572148758453356, -27.66151225986840956 ) ) ;
#3494 = CARTESIAN_POINT ( 'NONE',  ( -2.205496545813443010, 2.239458995977434252, -27.28683221657301061 ) ) ;
#3495 = CARTESIAN_POINT ( 'NONE',  ( -2.987546783429794850, 2.737178295158286812, -27.83726992770483122 ) ) ;
#3496 = CARTESIAN_POINT ( 'NONE',  ( 1.968567753666505382, 2.031942064025536787, -26.91306332426963266 ) ) ;
#3497 = EDGE_CURVE ( 'NONE', #1172, #728, #3003, .T. ) ;
#3498 = ORIENTED_EDGE ( 'NONE', *, *, #2367, .T. ) ;
#3499 = CARTESIAN_POINT ( 'NONE',  ( -3.654088939449055662, 2.406987464830754764, -27.65995003838762045 ) ) ;
#3500 = LINE ( 'NONE', #605, #1991 ) ;
#3501 = VECTOR ( 'NONE', #2462, 39.37007874015748143 ) ;
#3502 = VERTEX_POINT ( 'NONE', #725 ) ;
#3503 = VECTOR ( 'NONE', #1394, 39.37007874015748143 ) ;
#3504 = PLANE ( 'NONE',  #154 ) ;
#3505 = CARTESIAN_POINT ( 'NONE',  ( 3.628557888898508832, 2.553348874067116192, -27.83726992770484898 ) ) ;
#3506 = DIRECTION ( 'NONE',  ( 0.000000000000000000, -1.000000000000000000, 0.000000000000000000 ) ) ;
#3507 = AXIS2_PLACEMENT_3D ( 'NONE', #2736, #3379, #395 ) ;
#3508 = CARTESIAN_POINT ( 'NONE',  ( -0.03331031740137602171, 2.247358720059712489, -27.46834928107903551 ) ) ;
#3509 = ORIENTED_EDGE ( 'NONE', *, *, #2211, .T. ) ;
#3510 = CARTESIAN_POINT ( 'NONE',  ( -3.595502225854618317, 1.984427604142264379, -23.52243052234773302 ) ) ;
#3511 = CARTESIAN_POINT ( 'NONE',  ( -2.527417031304655559, 2.632139741382748532, -27.83726992770485253 ) ) ;
#3512 = AXIS2_PLACEMENT_3D ( 'NONE', #1440, #455, #130 ) ;
#3513 = PLANE ( 'NONE',  #489 ) ;
#3514 = DIRECTION ( 'NONE',  ( 0.000000000000000000, -1.000000000000000000, 0.000000000000000000 ) ) ;
#3515 = CARTESIAN_POINT ( 'NONE',  ( 2.028346977036295851, 1.962754566577998183, -26.72215398925802177 ) ) ;
#3516 = CARTESIAN_POINT ( 'NONE',  ( -2.100864720893082183, 2.132427673033100657, -27.10024272045691518 ) ) ;
#3517 = CARTESIAN_POINT ( 'NONE',  ( -2.301752225854618139, 1.966934225413054627, -26.73050798782740500 ) ) ;
#3518 = CARTESIAN_POINT ( 'NONE',  ( 1.816002160347139238, 2.025793288422186755, -26.91256430489084295 ) ) ;
#3519 = EDGE_LOOP ( 'NONE', ( #718, #993, #4089, #1990 ) ) ;
#3520 = ADVANCED_FACE ( 'NONE', ( #764 ), #2704, .T. ) ;
#3521 = CARTESIAN_POINT ( 'NONE',  ( -3.406181710553716435, 2.161027521223871428, -27.10191349137190997 ) ) ;
#3522 = CARTESIAN_POINT ( 'NONE',  ( 2.896012800015316024, 2.723364905980973472, -27.83726992770484898 ) ) ;
#3523 = CARTESIAN_POINT ( 'NONE',  ( -1.318675180936901281, 2.345188227821477955, -27.83726992770484898 ) ) ;
#3524 = DIRECTION ( 'NONE',  ( 1.000000000000000000, 0.000000000000000000, 0.000000000000000000 ) ) ;
#3525 = CARTESIAN_POINT ( 'NONE',  ( 1.334639523632278779, 2.367027026873487205, -27.83726992770484543 ) ) ;
#3526 = CARTESIAN_POINT ( 'NONE',  ( -1.231918974656334376, 1.962486401274711856, -26.71820525699473592 ) ) ;
#3527 = FACE_OUTER_BOUND ( 'NONE', #2117, .T. ) ;
#3528 = EDGE_LOOP ( 'NONE', ( #2799, #1900, #566 ) ) ;
#3529 = CARTESIAN_POINT ( 'NONE',  ( 11.78001469834810599, 2.070271023522930243, -23.15234489679908947 ) ) ;
#3530 = B_SPLINE_CURVE_WITH_KNOTS ( 'NONE', 3,
 ( #2978, #2600, #1665, #722 ),
 .UNSPECIFIED., .F., .F.,
 ( 4, 4 ),
 ( 0.3162259784607940327, 0.3190037562385720227 ),
 .UNSPECIFIED. ) ;
#3531 = CARTESIAN_POINT ( 'NONE',  ( -2.360880201196575712, 2.578492362627220036, -27.83726992770484898 ) ) ;
#3532 = LINE ( 'NONE', #1520, #1530 ) ;
#3533 = LINE ( 'NONE', #3852, #1524 ) ;
#3534 = CARTESIAN_POINT ( 'NONE',  ( 2.443366760389508396, 2.191063609681592528, -27.09942863445321493 ) ) ;
#3535 = CARTESIAN_POINT ( 'NONE',  ( -0.9428519436080508020, 2.218863512018574902, -27.46834928107901774 ) ) ;
#3536 = CARTESIAN_POINT ( 'NONE',  ( 3.456116668061414821, 2.655711648878051889, -27.84839976281846319 ) ) ;
#3537 = CARTESIAN_POINT ( 'NONE',  ( -1.858585769454946357, 1.943235559541554025, -26.72683669134216089 ) ) ;
#3538 = CARTESIAN_POINT ( 'NONE',  ( -2.189252225854617873, 1.966934225413054627, -26.73050798782740500 ) ) ;
#3539 = CARTESIAN_POINT ( 'NONE',  ( 2.159105127521294687, 2.041461655543685527, -26.91379210076248896 ) ) ;
#3540 = DIRECTION ( 'NONE',  ( 0.000000000000000000, -1.000000000000000000, 0.000000000000000000 ) ) ;
#3541 = ORIENTED_EDGE ( 'NONE', *, *, #975, .F. ) ;
#3542 = CARTESIAN_POINT ( 'NONE',  ( -3.583821859655372588, 2.118567930808844313, -27.10047480936911413 ) ) ;
#3543 = CARTESIAN_POINT ( 'NONE',  ( 3.136553757519151109, 2.739803224275798144, -27.83726992770484898 ) ) ;
#3544 = CARTESIAN_POINT ( 'NONE',  ( -3.620067047351168465, 2.552998739348215640, -27.83726992770483832 ) ) ;
#3545 = EDGE_CURVE ( 'NONE', #2470, #200, #444, .T. ) ;
#3546 = CARTESIAN_POINT ( 'NONE',  ( 3.357828053443699279, 2.143854518217005456, -27.02106179483016390 ) ) ;
#3547 = CARTESIAN_POINT ( 'NONE',  ( -3.258484066821925040, 2.030293480523334360, -26.86794468710662898 ) ) ;
#3548 = CARTESIAN_POINT ( 'NONE',  ( -3.774517198282988595, 1.896271023522930310, -27.83726992770484898 ) ) ;
#3549 = EDGE_CURVE ( 'NONE', #2699, #2656, #1935, .T. ) ;
#3550 = CARTESIAN_POINT ( 'NONE',  ( 0.004497774145382328961, 1.963786222202444920, -26.72215398925802177 ) ) ;
#3551 = VERTEX_POINT ( 'NONE', #783 ) ;
#3552 = CARTESIAN_POINT ( 'NONE',  ( 2.505976465822947308, 2.004651643197893574, -23.65081582086457246 ) ) ;
#3553 = CARTESIAN_POINT ( 'NONE',  ( -2.470001833737048624, 2.613826252034383568, -27.83726992770485253 ) ) ;
#3554 = CARTESIAN_POINT ( 'NONE',  ( 1.307670729227665918, 2.364737762996838910, -27.83726992770484898 ) ) ;
#3555 = PLANE ( 'NONE',  #1784 ) ;
#3556 = CARTESIAN_POINT ( 'NONE',  ( 2.703049287425319580, 1.961211917519556369, -26.72215398925802177 ) ) ;
#3557 = CARTESIAN_POINT ( 'NONE',  ( 3.767360013837274035, 2.413349445330960741, -27.84389968727085929 ) ) ;
#3558 = CARTESIAN_POINT ( 'NONE',  ( -1.933977812144252351, 1.943143927140553950, -26.72710713842244346 ) ) ;
#3559 = CARTESIAN_POINT ( 'NONE',  ( -2.823435881526440649, 2.472339538414321414, -27.46834928107904616 ) ) ;
#3560 = CARTESIAN_POINT ( 'NONE',  ( 2.121019651532438210, 2.039423495626556448, -26.91363917478247458 ) ) ;
#3561 = FACE_OUTER_BOUND ( 'NONE', #1065, .T. ) ;
#3562 = EDGE_LOOP ( 'NONE', ( #2529, #3440, #196, #3395 ) ) ;
#3563 = CARTESIAN_POINT ( 'NONE',  ( -3.584250305433944295, 2.220756036061026339, -27.28726419337935027 ) ) ;
#3564 = CARTESIAN_POINT ( 'NONE',  ( 2.946057556819045686, 2.730594882081051278, -27.83726992770484898 ) ) ;
#3565 = CARTESIAN_POINT ( 'NONE',  ( -3.682569423202265657, 2.501915075775721142, -27.83726992770484543 ) ) ;
#3566 = CARTESIAN_POINT ( 'NONE',  ( -2.723881372678912616, 1.946934225413054387, -24.56160988850480820 ) ) ;
#3567 = CARTESIAN_POINT ( 'NONE',  ( 2.281710250703145704, 2.550519712547674178, -27.83726992770485253 ) ) ;
#3568 = CARTESIAN_POINT ( 'NONE',  ( 1.307670729227665918, 1.896271023522930310, -27.05645503214892500 ) ) ;
#3569 = AXIS2_PLACEMENT_3D ( 'NONE', #2840, #2531, #3737 ) ;
#3570 = VECTOR ( 'NONE', #2418, 39.37007874015748143 ) ;
#3571 = CARTESIAN_POINT ( 'NONE',  ( 0.6794977741453824827, 1.966934225413054627, -26.73050798782740500 ) ) ;
#3572 = ORIENTED_EDGE ( 'NONE', *, *, #2977, .F. ) ;
#3573 = B_SPLINE_CURVE_WITH_KNOTS ( 'NONE', 3,
 ( #1802, #3774, #2433, #4071, #4022, #1823, #3075, #817 ),
 .UNSPECIFIED., .F., .F.,
 ( 4, 2, 2, 4 ),
 ( 0.000000000000000000, 0.02038247935529287000, 0.04076495871058575388, 0.08152991742117154939 ),
 .UNSPECIFIED. ) ;
#3574 = EDGE_CURVE ( 'NONE', #2607, #3760, #625, .T. ) ;
#3575 = CARTESIAN_POINT ( 'NONE',  ( -2.272716045533972995, 2.550520121774275228, -27.83726992770484543 ) ) ;
#3576 = EDGE_CURVE ( 'NONE', #3256, #3486, #2417, .T. ) ;
#3577 = FACE_OUTER_BOUND ( 'NONE', #1763, .T. ) ;
#3578 = CARTESIAN_POINT ( 'NONE',  ( -3.774517198282988595, 2.050271023522930225, -27.83726992770484898 ) ) ;
#3579 = VECTOR ( 'NONE', #2249, 39.37007874015748143 ) ;
#3580 = CARTESIAN_POINT ( 'NONE',  ( 2.768464346913591001, 2.219636869629141973, -27.09942863445322558 ) ) ;
#3581 = CARTESIAN_POINT ( 'NONE',  ( -0.2376919258475661267, 2.363281826779964234, -27.83726992770484898 ) ) ;
#3582 = CARTESIAN_POINT ( 'NONE',  ( 3.528190255856217483, 2.364340107212713260, -27.47452211157097324 ) ) ;
#3583 = CARTESIAN_POINT ( 'NONE',  ( -0.1303755829249321485, 2.216693400382550916, -27.47120840315144008 ) ) ;
#3584 = CARTESIAN_POINT ( 'NONE',  ( 2.071278147247975543, 2.128515304748217485, -27.09977295333390757 ) ) ;
#3585 = ORIENTED_EDGE ( 'NONE', *, *, #1140, .T. ) ;
#3586 = CARTESIAN_POINT ( 'NONE',  ( -3.254053923563259509, 2.185145740579189866, -27.10256700687802933 ) ) ;
#3587 = CARTESIAN_POINT ( 'NONE',  ( 2.776766000004350143, 2.699634091750293674, -27.83726992770484543 ) ) ;
#3588 = DIRECTION ( 'NONE',  ( 0.000000000000000000, 0.000000000000000000, -1.000000000000000000 ) ) ;
#3589 = CARTESIAN_POINT ( 'NONE',  ( -1.298675180936897267, 2.085996039768850174, -27.05645503214891789 ) ) ;
#3590 = CARTESIAN_POINT ( 'NONE',  ( -2.569769968022913798, 2.046934225413054698, -26.29455580265396364 ) ) ;
#3591 = CARTESIAN_POINT ( 'NONE',  ( 1.425168214441130621, 2.241955397305212205, -27.46834928107903551 ) ) ;
#3592 = ORIENTED_EDGE ( 'NONE', *, *, #1612, .F. ) ;
#3593 = CARTESIAN_POINT ( 'NONE',  ( -2.994144564810734543, 1.896271023522929866, -26.12938867263190090 ) ) ;
#3594 = CARTESIAN_POINT ( 'NONE',  ( -2.289986960055600651, 2.555911466570734536, -27.83726992770484543 ) ) ;
#3595 = LINE ( 'NONE', #3683, #2407 ) ;
#3596 = CARTESIAN_POINT ( 'NONE',  ( 2.929497774145382483, 1.966934225413054627, -26.73050798782740500 ) ) ;
#3597 = EDGE_CURVE ( 'NONE', #3256, #3004, #3991, .T. ) ;
#3598 = CARTESIAN_POINT ( 'NONE',  ( 3.127666497232485021, 2.479787491829496204, -27.46834928107903551 ) ) ;
#3599 = CARTESIAN_POINT ( 'NONE',  ( -2.461065750519512374, 2.004595749130297033, -23.61878144283642555 ) ) ;
#3600 = CARTESIAN_POINT ( 'NONE',  ( -0.2892506106343515349, 2.208734224955573477, -27.47103929148041246 ) ) ;
#3601 = VERTEX_POINT ( 'NONE', #700 ) ;
#3602 = CARTESIAN_POINT ( 'NONE',  ( -3.132605229251361756, 2.459710907145708614, -27.47588408717277630 ) ) ;
#3603 = CARTESIAN_POINT ( 'NONE',  ( 3.370692992192696025, 2.702194415268351690, -27.83726992770484543 ) ) ;
#3604 = CARTESIAN_POINT ( 'NONE',  ( 0.05877529602041626361, 2.012931809964633612, -26.91150036996465289 ) ) ;
#3605 = CARTESIAN_POINT ( 'NONE',  ( -2.733916800144386539, 2.070271023522930243, -23.52243052234772591 ) ) ;
#3606 = CARTESIAN_POINT ( 'NONE',  ( 2.068795824189166854, 2.489891307673224308, -27.83726992770484898 ) ) ;
#3607 = CARTESIAN_POINT ( 'NONE',  ( -2.642890736716807076, 2.004427634586039897, -23.52243052234773302 ) ) ;
#3608 = CARTESIAN_POINT ( 'NONE',  ( 0.6971644426014713680, 2.092289639744394414, -27.09942863445321493 ) ) ;
#3609 = VERTEX_POINT ( 'NONE', #3715 ) ;
#3610 = CARTESIAN_POINT ( 'NONE',  ( -3.279093283574818773, 2.050271023522930225, -26.86445495552626284 ) ) ;
#3611 = CARTESIAN_POINT ( 'NONE',  ( -2.393055081813753926, 2.588901944637866492, -27.83726992770485253 ) ) ;
#3612 = CARTESIAN_POINT ( 'NONE',  ( 2.505976465822947308, 2.046934225413054698, -26.16955580265395653 ) ) ;
#3613 = CARTESIAN_POINT ( 'NONE',  ( 2.998909873571807605, 2.224740292100795713, -27.09942863445322558 ) ) ;
#3614 = CARTESIAN_POINT ( 'NONE',  ( 3.533692084096563324, 2.619590526302204569, -27.84799140980568666 ) ) ;
#3615 = CARTESIAN_POINT ( 'NONE',  ( -0.8785890051940433709, 1.943893736554306750, -26.72495940021623539 ) ) ;
#3616 = ORIENTED_EDGE ( 'NONE', *, *, #1920, .F. ) ;
#3617 = VERTEX_POINT ( 'NONE', #738 ) ;
#3618 = CARTESIAN_POINT ( 'NONE',  ( -3.099645017169836425, 2.198748925527846065, -27.10285404338982573 ) ) ;
#3619 = CARTESIAN_POINT ( 'NONE',  ( 3.605032953601939205, 2.596621719832614694, -27.83726992770484543 ) ) ;
#3620 = EDGE_CURVE ( 'NONE', #2153, #681, #2622, .T. ) ;
#3621 = CARTESIAN_POINT ( 'NONE',  ( 0.1006041788054849312, 2.287750364791000468, -27.65763501247029765 ) ) ;
#3622 = CARTESIAN_POINT ( 'NONE',  ( 3.260110173667640332, 2.444596612878995767, -27.47562800104869396 ) ) ;
#3623 = DIRECTION ( 'NONE',  ( 1.000000000000000000, 0.000000000000000000, 0.000000000000000000 ) ) ;
#3624 = CARTESIAN_POINT ( 'NONE',  ( 2.316412360565460293, 2.561387363520138294, -27.83726992770483832 ) ) ;
#3625 = CARTESIAN_POINT ( 'NONE',  ( -1.298675180936893270, 1.896271023522930310, -26.73050798782737303 ) ) ;
#3626 = CARTESIAN_POINT ( 'NONE',  ( 0.9518474059051730274, 2.218863508608621693, -27.46834928107904616 ) ) ;
#3627 = EDGE_LOOP ( 'NONE', ( #883, #2294, #3541, #3121, #2282, #1414, #2706, #2118 ) ) ;
#3628 = CARTESIAN_POINT ( 'NONE',  ( -2.712347762041511512, 1.896271023522930310, -23.89819991368177909 ) ) ;
#3629 = CARTESIAN_POINT ( 'NONE',  ( -2.607829520413810886, 2.046934225413053365, -23.63789122274700105 ) ) ;
#3630 = CARTESIAN_POINT ( 'NONE',  ( -2.131823040415507631, 1.962565320216747233, -26.72230616727229702 ) ) ;
#3631 = CARTESIAN_POINT ( 'NONE',  ( 2.985747774145382394, 1.966934225413054627, -26.73050798782740500 ) ) ;
#3632 = AXIS2_PLACEMENT_3D ( 'NONE', #307, #1892, #586 ) ;
#3633 = VECTOR ( 'NONE', #2139, 39.37007874015748143 ) ;
#3634 = CARTESIAN_POINT ( 'NONE',  ( 3.321222615240721154, 2.715912162547263531, -27.83726992770485253 ) ) ;
#3635 = LINE ( 'NONE', #1082, #3775 ) ;
#3636 = AXIS2_PLACEMENT_3D ( 'NONE', #1773, #2080, #2378 ) ;
#3637 = CARTESIAN_POINT ( 'NONE',  ( -0.3732346959467010561, 2.270940369618115628, -27.65743514400331549 ) ) ;
#3638 = ORIENTED_EDGE ( 'NONE', *, *, #2127, .F. ) ;
#3639 = CIRCLE ( 'NONE', #2137, 0.09842519685039161081 ) ;
#3640 = ORIENTED_EDGE ( 'NONE', *, *, #478, .F. ) ;
#3641 = CARTESIAN_POINT ( 'NONE',  ( -3.168380851982954383, 2.589106612832345888, -27.66237627443803859 ) ) ;
#3642 = CARTESIAN_POINT ( 'NONE',  ( 3.357113494509445406, 2.706074038417958239, -27.83726992770485253 ) ) ;
#3643 = CARTESIAN_POINT ( 'NONE',  ( -2.642890736716807076, 2.046934225413054698, -23.52243052234773302 ) ) ;
#3644 = EDGE_CURVE ( 'NONE', #697, #3285, #3162, .T. ) ;
#3645 = LINE ( 'NONE', #732, #288 ) ;
#3646 = CARTESIAN_POINT ( 'NONE',  ( 2.505085185453708174, 2.622205186662103227, -27.83726992770485253 ) ) ;
#3647 = CARTESIAN_POINT ( 'NONE',  ( -3.242172144449609661, 1.995160127331968569, -26.77510189293237630 ) ) ;
#3648 = CARTESIAN_POINT ( 'NONE',  ( 1.803455164241469344, 1.963214566742965461, -26.72215398925802177 ) ) ;
#3649 = VERTEX_POINT ( 'NONE', #1723 ) ;
#3650 = CARTESIAN_POINT ( 'NONE',  ( 3.329301099445555412, 2.114109343811203079, -27.00661915137183655 ) ) ;
#3651 = CARTESIAN_POINT ( 'NONE',  ( -3.595502225854618317, 1.946934225413054831, -23.63789122274700105 ) ) ;
#3652 = CARTESIAN_POINT ( 'NONE',  ( -2.076174802277948928, 1.964817838921854687, -26.72640707754985456 ) ) ;
#3653 = CARTESIAN_POINT ( 'NONE',  ( 1.898247774145382483, 1.966934225413054627, -26.73050798782741211 ) ) ;
#3654 = DIRECTION ( 'NONE',  ( 0.000000000000000000, -1.000000000000000000, 0.000000000000000000 ) ) ;
#3655 = CARTESIAN_POINT ( 'NONE',  ( -3.327611664408264502, 2.711438951071254433, -27.83726992770484543 ) ) ;
#3656 = CARTESIAN_POINT ( 'NONE',  ( -0.1662603072780680091, 2.079166039852823555, -27.09823635285246013 ) ) ;
#3657 = VERTEX_POINT ( 'NONE', #3040 ) ;
#3658 = ORIENTED_EDGE ( 'NONE', *, *, #2711, .T. ) ;
#3659 = CARTESIAN_POINT ( 'NONE',  ( -3.331148220949023742, 2.298903070044658214, -27.28896286049726427 ) ) ;
#3660 = CARTESIAN_POINT ( 'NONE',  ( 2.614680683326348731, 2.004595749130297477, -23.61878144283642555 ) ) ;
#3661 = CARTESIAN_POINT ( 'NONE',  ( 2.930701243888834906, 2.050271023522930225, -25.76773626154726315 ) ) ;
#3662 = CARTESIAN_POINT ( 'NONE',  ( -2.750591622736938024, 2.004506375423768638, -23.56755899251506747 ) ) ;
#3663 = CARTESIAN_POINT ( 'NONE',  ( 2.303752545710163080, 2.557408484905821844, -27.83726992770485253 ) ) ;
#3664 = DIRECTION ( 'NONE',  ( 0.000000000000000000, 1.000000000000000000, 0.000000000000000000 ) ) ;
#3665 = CARTESIAN_POINT ( 'NONE',  ( -3.205340157898905584, 1.946934225413054165, -26.73636043497679893 ) ) ;
#3666 = ORIENTED_EDGE ( 'NONE', *, *, #453, .F. ) ;
#3667 = DIRECTION ( 'NONE',  ( -0.000000000000000000, 1.000000000000000000, -0.000000000000000000 ) ) ;
#3668 = CARTESIAN_POINT ( 'NONE',  ( 0.004497774079698323851, 2.042970457914887294, -26.98901892208491304 ) ) ;
#3669 = CARTESIAN_POINT ( 'NONE',  ( -2.033510530613377831, 2.483412903125126192, -27.83726992770487030 ) ) ;
#3670 = EDGE_CURVE ( 'NONE', #1327, #2273, #603, .T. ) ;
#3671 = DIRECTION ( 'NONE',  ( 0.000000000000000000, 0.000000000000000000, -1.000000000000000000 ) ) ;
#3672 = LENGTH_MEASURE_WITH_UNIT ( LENGTH_MEASURE( 0.02539999999999999897 ), #2073 );
#3673 = B_SPLINE_CURVE_WITH_KNOTS ( 'NONE', 2,
 ( #1031, #3273, #2280 ),
 .UNSPECIFIED., .F., .F.,
 ( 3, 3 ),
 ( 0.000000000000000000, 0.9999999977205890067 ),
 .UNSPECIFIED. ) ;
#3674 = CARTESIAN_POINT ( 'NONE',  ( 0.01649442436394338990, 1.965384474242676482, -26.72640707754985456 ) ) ;
#3675 = CARTESIAN_POINT ( 'NONE',  ( -3.509253436534839121, 2.645254706640882247, -27.83726992770485253 ) ) ;
#3676 = ORIENTED_EDGE ( 'NONE', *, *, #3809, .T. ) ;
#3677 = CARTESIAN_POINT ( 'NONE',  ( 3.115328133507370811, 1.896271023522929644, -26.47809818761242795 ) ) ;
#3678 = CARTESIAN_POINT ( 'NONE',  ( -2.863728655702038051, 2.330696388354303927, -27.28916025442117999 ) ) ;
#3679 = CARTESIAN_POINT ( 'NONE',  ( 3.709516526317715002, 2.514711391522889361, -27.83726992770484543 ) ) ;
#3680 = CARTESIAN_POINT ( 'NONE',  ( -3.286862954641181389, 2.070271023522930243, -26.93391888649903620 ) ) ;
#3681 = CARTESIAN_POINT ( 'NONE',  ( -2.642890736716807076, 2.004427634586039897, -23.52243052234773302 ) ) ;
#3682 = CARTESIAN_POINT ( 'NONE',  ( 2.573563412284195273, 2.643736298915029259, -27.83726992770483832 ) ) ;
#3683 = CARTESIAN_POINT ( 'NONE',  ( -3.595502225854618317, 1.946934225413054831, -23.63789122274700105 ) ) ;
#3684 = CARTESIAN_POINT ( 'NONE',  ( -2.569769968022913798, 2.046934225413054698, -26.23205580265396009 ) ) ;
#3685 = ORIENTED_EDGE ( 'NONE', *, *, #1577, .T. ) ;
#3686 = CARTESIAN_POINT ( 'NONE',  ( 3.670745936479180571, 2.414619967958187452, -27.68047222366162785 ) ) ;
#3687 = DIRECTION ( 'NONE',  ( -0.000000000000000000, 1.000000000000000000, -0.000000000000000000 ) ) ;
#3688 = CARTESIAN_POINT ( 'NONE',  ( -2.113245755609696630, 2.504175057405368943, -27.83726992770483122 ) ) ;
#3689 = CARTESIAN_POINT ( 'NONE',  ( -3.609159978666735658, 2.390237115032202375, -27.54311611923435876 ) ) ;
#3690 = CARTESIAN_POINT ( 'NONE',  ( 3.539002194502362642, 2.383527253976482907, -27.46834928107901774 ) ) ;
#3691 = EDGE_CURVE ( 'NONE', #2144, #2079, #504, .T. ) ;
#3692 = EDGE_CURVE ( 'NONE', #2368, #1012, #890, .T. ) ;
#3693 = CARTESIAN_POINT ( 'NONE',  ( 0.01710047132763504313, 2.245767540549931773, -27.46834928107903551 ) ) ;
#3694 = CARTESIAN_POINT ( 'NONE',  ( -3.693452685506923405, 2.521459427881090676, -27.83726992770485253 ) ) ;
#3695 = CARTESIAN_POINT ( 'NONE',  ( 0.02599370070458304274, 1.943674885443489986, -26.72556340312924661 ) ) ;
#3696 = AXIS2_PLACEMENT_3D ( 'NONE', #3661, #2037, #686 ) ;
#3697 = CARTESIAN_POINT ( 'NONE',  ( 2.505976465822947308, 2.046934225413054698, -26.13363060580356745 ) ) ;
#3698 = ORIENTED_EDGE ( 'NONE', *, *, #3466, .F. ) ;
#3699 = AXIS2_PLACEMENT_3D ( 'NONE', #227, #881, #3785 ) ;
#3700 = CARTESIAN_POINT ( 'NONE',  ( 3.403788455480002195, 1.896271023522930754, -27.17427403184879964 ) ) ;
#3701 = CARTESIAN_POINT ( 'NONE',  ( -2.763409583448753981, 1.942154231311455925, -26.72989371782651702 ) ) ;
#3702 = CARTESIAN_POINT ( 'NONE',  ( -3.706615633920373742, 2.514729805439653632, -27.83726992770484898 ) ) ;
#3703 = CARTESIAN_POINT ( 'NONE',  ( 0.4462871035047670798, 2.073366428212787049, -27.09764704073787556 ) ) ;
#3704 = CIRCLE ( 'NONE', #1381, 0.09842519685039161081 ) ;
#3705 = ORIENTED_EDGE ( 'NONE', *, *, #3691, .F. ) ;
#3706 = AXIS2_PLACEMENT_3D ( 'NONE', #4028, #4010, #737 ) ;
#3707 = LINE ( 'NONE', #2104, #2203 ) ;
#3708 = CARTESIAN_POINT ( 'NONE',  ( 2.638868894550142397, 2.663278308549897666, -27.83726992770485253 ) ) ;
#3709 = DIRECTION ( 'NONE',  ( 0.000000000000000000, -1.000000000000000000, 0.000000000000000000 ) ) ;
#3710 = CARTESIAN_POINT ( 'NONE',  ( 3.783512746573752583, 1.896271023522930310, -27.83726992770484898 ) ) ;
#3711 =( BOUNDED_CURVE ( )  B_SPLINE_CURVE ( 3, ( #1543, #4145, #791, #3828 ),
 .UNSPECIFIED., .F., .F. ) 
 B_SPLINE_CURVE_WITH_KNOTS ( ( 4, 4 ),
 ( 0.8374027013074091252, 2.098656680095885907 ),
 .UNSPECIFIED. ) 
 CURVE ( )  GEOMETRIC_REPRESENTATION_ITEM ( )  RATIONAL_B_SPLINE_CURVE ( ( 1.000000000000000000, 0.8717719746648719958, 0.8717719746648719958, 1.000000000000000000 ) ) 
 REPRESENTATION_ITEM ( '' )  );
#3712 = VERTEX_POINT ( 'NONE', #4123 ) ;
#3713 = CARTESIAN_POINT ( 'NONE',  ( 2.608986343520145912, 2.187629334020270822, -27.10187744980673585 ) ) ;
#3714 = CARTESIAN_POINT ( 'NONE',  ( 2.467916913432050663, 1.984629061719719534, -23.63789122274700105 ) ) ;
#3715 = CARTESIAN_POINT ( 'NONE',  ( 2.544036018213844397, 1.946934225413054831, -23.63789122274700105 ) ) ;
#3716 = CARTESIAN_POINT ( 'NONE',  ( -1.794478608692231969, 1.963282324838682369, -26.72230616727229702 ) ) ;
#3717 = CARTESIAN_POINT ( 'NONE',  ( 3.233528345426610606, 1.966934225413054627, -26.73050798782740500 ) ) ;
#3718 = CARTESIAN_POINT ( 'NONE',  ( 3.698549542966437453, 2.292232201771147615, -27.46834928107903551 ) ) ;
#3719 = EDGE_LOOP ( 'NONE', ( #3333, #2464, #984, #3013 ) ) ;
#3720 = CARTESIAN_POINT ( 'NONE',  ( -3.595502225854618317, 1.966934225413054627, -23.65789122274700063 ) ) ;
#3721 = CARTESIAN_POINT ( 'NONE',  ( 2.505976465822947308, 2.046934225413054698, -23.68674101771496154 ) ) ;
#3722 = CARTESIAN_POINT ( 'NONE',  ( 0.02937719977033301580, 2.367495593206235593, -27.84431992734403494 ) ) ;
#3723 = CARTESIAN_POINT ( 'NONE',  ( -1.312008504722675939, 2.065116119015904417, -27.05645503214891789 ) ) ;
#3724 = EDGE_CURVE ( 'NONE', #123, #1622, #2505, .T. ) ;
#3725 = ORIENTED_EDGE ( 'NONE', *, *, #59, .T. ) ;
#3726 = DIRECTION ( 'NONE',  ( 0.000000000000000000, -1.000000000000000000, 0.000000000000000000 ) ) ;
#3727 = CARTESIAN_POINT ( 'NONE',  ( -2.272382510221327312, 2.346715927441730187, -27.47326841996045133 ) ) ;
#3728 = CARTESIAN_POINT ( 'NONE',  ( -3.258002225854618406, 1.966934225413054627, -26.73050798782740500 ) ) ;
#3729 = CARTESIAN_POINT ( 'NONE',  ( 0.7756651849308430213, 2.196627598628989819, -27.47059508884569468 ) ) ;
#3730 = EDGE_CURVE ( 'NONE', #3097, #2607, #1716, .T. ) ;
#3731 = ORIENTED_EDGE ( 'NONE', *, *, #3391, .F. ) ;
#3732 = DIRECTION ( 'NONE',  ( 0.000000000000000000, -1.000000000000000000, 0.000000000000000000 ) ) ;
#3733 = CARTESIAN_POINT ( 'NONE',  ( -1.083002225854617695, 1.966934225413054627, -26.73050798782740500 ) ) ;
#3734 = DIRECTION ( 'NONE',  ( 0.000000000000000000, -1.000000000000000000, 0.000000000000000000 ) ) ;
#3735 = ORIENTED_EDGE ( 'NONE', *, *, #84, .F. ) ;
#3736 = CARTESIAN_POINT ( 'NONE',  ( -2.569769968022913798, 2.046934225413054698, -23.58831582086456891 ) ) ;
#3737 = DIRECTION ( 'NONE',  ( 0.000000000000000000, 0.000000000000000000, -1.000000000000000000 ) ) ;
#3738 = CARTESIAN_POINT ( 'NONE',  ( -3.713567435442391318, 2.431268012957535696, -27.73171447370094000 ) ) ;
#3739 = CARTESIAN_POINT ( 'NONE',  ( 3.566535634818555955, 2.149532734119992128, -27.09942863445322558 ) ) ;
#3740 = VERTEX_POINT ( 'NONE', #2109 ) ;
#3741 = ORIENTED_EDGE ( 'NONE', *, *, #816, .F. ) ;
#3742 = CARTESIAN_POINT ( 'NONE',  ( -3.595502225854618317, 1.896271023522930310, -23.52243052234773302 ) ) ;
#3743 = CARTESIAN_POINT ( 'NONE',  ( -3.249231703842014873, 2.727737085167970754, -27.83726992770484898 ) ) ;
#3744 = CARTESIAN_POINT ( 'NONE',  ( 0.02883586760869965085, 2.296848712648428936, -27.65786429748069253 ) ) ;
#3745 = ORIENTED_EDGE ( 'NONE', *, *, #895, .T. ) ;
#3746 = ORIENTED_EDGE ( 'NONE', *, *, #2976, .T. ) ;
#3747 = CARTESIAN_POINT ( 'NONE',  ( -2.872969712257484876, 2.072812068926232598, -26.91640658911381223 ) ) ;
#3748 = CARTESIAN_POINT ( 'NONE',  ( -2.863496835233204418, 1.964066496924940175, -26.72640707754985456 ) ) ;
#3749 = CARTESIAN_POINT ( 'NONE',  ( 1.205123445917112734, 2.008884611245001839, -26.91111073980453128 ) ) ;
#3750 = ORIENTED_EDGE ( 'NONE', *, *, #975, .T. ) ;
#3751 = ADVANCED_FACE ( 'NONE', ( #182 ), #3822, .F. ) ;
#3752 = EDGE_CURVE ( 'NONE', #1167, #2588, #1322, .T. ) ;
#3753 = PLANE ( 'NONE',  #1597 ) ;
#3754 = CARTESIAN_POINT ( 'NONE',  ( 2.768726146557481727, 2.697749653853684038, -27.83726992770485253 ) ) ;
#3755 = CARTESIAN_POINT ( 'NONE',  ( 2.505976465822947308, 2.046934225413054698, -26.23205580265396009 ) ) ;
#3756 = CARTESIAN_POINT ( 'NONE',  ( -3.595502225854618317, 2.004663988466178548, -23.63789122274700105 ) ) ;
#3757 = ORIENTED_EDGE ( 'NONE', *, *, #508, .T. ) ;
#3758 = CARTESIAN_POINT ( 'NONE',  ( 0.8732469459916946120, 2.051733477215023527, -27.05645503214892500 ) ) ;
#3759 = CARTESIAN_POINT ( 'NONE',  ( 3.288088831865583206, 2.050271023522930225, -26.86445495552626284 ) ) ;
#3760 = VERTEX_POINT ( 'NONE', #3193 ) ;
#3761 = CARTESIAN_POINT ( 'NONE',  ( -2.484741743866261121, 1.946934225413054831, -23.63789122274700105 ) ) ;
#3762 = CARTESIAN_POINT ( 'NONE',  ( -2.641062957606108874, 2.666496009027233605, -27.83726992770485253 ) ) ;
#3763 = CARTESIAN_POINT ( 'NONE',  ( 3.435105306362677968, 2.070271023522930687, -27.24257398592665069 ) ) ;
#3764 = VERTEX_POINT ( 'NONE', #2279 ) ;
#3765 = ORIENTED_EDGE ( 'NONE', *, *, #816, .T. ) ;
#3766 = CARTESIAN_POINT ( 'NONE',  ( 3.300937363577552741, 2.057901994979735694, -26.91526531151567880 ) ) ;
#3767 = CARTESIAN_POINT ( 'NONE',  ( -2.631438781769322333, 2.310667767860441035, -27.28854322090237972 ) ) ;
#3768 = CARTESIAN_POINT ( 'NONE',  ( -3.047711630056468834, 2.223360851020563356, -27.09942863445321493 ) ) ;
#3769 = CARTESIAN_POINT ( 'NONE',  ( 0.7367974912781459773, 1.943745591174140586, -26.72439634136443587 ) ) ;
#3770 = B_SPLINE_SURFACE_WITH_KNOTS ( 'NONE', 3, 3, ( 
 ( #264, #1830, #3149, #2798, #2554, #3508, #1540 ),
 ( #2512, #1560, #3129, #1576, #2217, #3867, #571 ),
 ( #1171, #2865, #4182, #1257, #2573, #4142, #927 ),
 ( #2239, #3550, #3786, #4125, #1809, #4100, #3464 ),
 ( #3806, #204, #1516, #2171, #3173, #228, #1214 ),
 ( #1346, #3274, #2655, #672, #1980, #3944, #1303 ),
 ( #2907, #696, #1943, #3927, #1011, #1361, #3293 ),
 ( #46, #3315, #632, #3571, #3608, #1282, #2675 ),
 ( #3233, #351, #2322, #3255, #1917, #3626, #312 ),
 ( #1658, #2281, #1326, #2595, #3909, #1621, #992 ),
 ( #2927, #3963, #332, #1639, #3889, #2971, #2637 ),
 ( #972, #28, #2991, #373, #2615, #3591, #2301 ),
 ( #651, #289, #1961, #2001, #1677, #1033, #2346 ),
 ( #4225, #1600, #610, #4203, #2947, #8, #949 ),
 ( #2259, #3987, #1382, #1055, #3012, #2698, #717 ),
 ( #68, #3648, #2020, #3332, #393, #1696, #3833 ),
 ( #1180, #210, #1223, #1883, #2873, #2829, #4131 ),
 ( #272, #3137, #3201, #3813, #1263, #1583, #4165 ),
 ( #1242, #3515, #578, #2561, #1201, #1547, #1501 ),
 ( #536, #2541, #3217, #3793, #1525, #2160, #889 ),
 ( #2893, #3473, #3155, #2851, #3873, #2180, #2202 ),
 ( #252, #234, #871, #2580, #596, #3492, #4149 ),
 ( #2805, #1566, #1906, #514, #3853, #933, #4107 ),
 ( #2520, #911, #3451, #552, #2224, #1817, #189 ),
 ( #2496, #1836, #1861, #4188, #3534, #854, #3181 ),
 ( #677, #36, #2996, #1986, #3321, #1684, #704 ),
 ( #957, #998, #2913, #53, #1950, #615, #3300 ),
 ( #2265, #3556, #1017, #3261, #3580, #2307, #3917 ),
 ( #4210, #1308, #638, #2644, #2244, #3895, #2955 ),
 ( #3931, #1926, #1333, #380, #2662, #3241, #2623 ),
 ( #1368, #2006, #4231, #980, #3613, #318, #2288 ),
 ( #2601, #1288, #1628, #2934, #2328, #3598, #658 ),
 ( #297, #359, #2681, #1967, #1666, #3281, #338 ),
 ( #1644, #3969, #16, #2979, #1352, #3951, #3634 ),
 ( #1607, #3043, #162, #2442, #2092, #741, #3994 ),
 ( #1040, #2394, #1727, #3403, #1747, #1476, #2112 ),
 ( #1127, #3063, #1081, #119, #3339, #3690, #1454 ),
 ( #3086, #98, #3383, #399, #3739, #2373, #1430 ),
 ( #1388, #421, #2351, #3425, #723, #3718, #1410 ),
 ( #484, #1767, #760, #140, #1106, #2420, #2761 ) ),
 .UNSPECIFIED., .F., .F., .F.,
 ( 4, 3, 1, 1, 1, 1, 1, 1, 1, 1, 1, 1, 1, 1, 1, 1, 1, 1, 1, 1, 1, 1, 1, 1, 1, 1, 1, 1, 1, 1, 1, 1, 1, 1, 1, 4 ),
 ( 4, 3, 4 ),
 ( -0.002430074537229389830, 0.000000000000000000, 0.01518796585768369956, 0.03037593171536739911, 0.04556389757305109867, 0.06075186343073479822, 0.07593982928841849778, 0.08353381221726030592, 0.09112779514610221121, 0.09872177807494399160, 0.1063157610037859940, 0.1139097439326275940, 0.1215037268614695964, 0.1290977097903114046, 0.1328947012547324058, 0.1366916927191532127, 0.1404886841835742139, 0.1442856756479949931, 0.1480826671124160221, 0.1518796585768369956, 0.1556766500412579968, 0.1594736415056790257, 0.1670676244345205008, 0.1746616073633625033, 0.1822555902922045057, 0.1898495732210460085, 0.1936465646854669820, 0.1974435561498880110, 0.2012405476143090122, 0.2050375390787299856, 0.2088345305431510146, 0.2126315220075714885, 0.2202255049364134909, 0.2278194878652554933, 0.2354134707940975235, 0.2430074537229389986 ),
 ( -0.01132221609957768070, 0.000000000000000000, 1.000000000000000000 ),
 .UNSPECIFIED. ) ;
#3771 = ORIENTED_EDGE ( 'NONE', *, *, #138, .F. ) ;
#3772 = AXIS2_PLACEMENT_3D ( 'NONE', #2041, #1095, #2263 ) ;
#3773 = VECTOR ( 'NONE', #2933, 39.37007874015748143 ) ;
#3774 = CARTESIAN_POINT ( 'NONE',  ( -2.937852521252815485, 1.946934225413055053, -26.73714286690992026 ) ) ;
#3775 = VECTOR ( 'NONE', #75, 39.37007874015748143 ) ;
#3776 = CARTESIAN_POINT ( 'NONE',  ( -2.695502225854617961, 1.966934225413054627, -26.73050798782740500 ) ) ;
#3777 = CIRCLE ( 'NONE', #1526, 0.06250000000000295597 ) ;
#3778 = CARTESIAN_POINT ( 'NONE',  ( -3.595502225854618317, 1.896271023522930310, -23.52243052234773302 ) ) ;
#3779 = EDGE_CURVE ( 'NONE', #3649, #2628, #2905, .T. ) ;
#3780 = VECTOR ( 'NONE', #2705, 39.37007874015748143 ) ;
#3781 = ORIENTED_EDGE ( 'NONE', *, *, #108, .F. ) ;
#3782 = CARTESIAN_POINT ( 'NONE',  ( 2.740802894120368816, 1.896271023522929866, -25.05207063902089004 ) ) ;
#3783 = CARTESIAN_POINT ( 'NONE',  ( 3.258981932678278515, 2.703139439236568631, -27.83726992770485253 ) ) ;
#3784 = CARTESIAN_POINT ( 'NONE',  ( -1.345109440649920884, 1.965405662069916515, -26.72640707754985456 ) ) ;
#3785 = DIRECTION ( 'NONE',  ( 0.000000000000000000, 0.000000000000000000, -1.000000000000000000 ) ) ;
#3786 = CARTESIAN_POINT ( 'NONE',  ( 0.004497774145382328961, 1.965360223807749440, -26.72633098854271338 ) ) ;
#3787 = ORIENTED_EDGE ( 'NONE', *, *, #2103, .F. ) ;
#3788 = CARTESIAN_POINT ( 'NONE',  ( -3.694896407515155357, 2.423664956432168172, -27.73932935241290565 ) ) ;
#3789 = CARTESIAN_POINT ( 'NONE',  ( -2.629875396111428287, 2.663278916628472714, -27.83726992770485253 ) ) ;
#3790 = CARTESIAN_POINT ( 'NONE',  ( 2.899879818133082932, 1.946934225413054831, -25.72914329686739876 ) ) ;
#3791 = LINE ( 'NONE', #1523, #74 ) ;
#3792 = EDGE_LOOP ( 'NONE', ( #3326, #2606, #2735, #2555 ) ) ;
#3793 = CARTESIAN_POINT ( 'NONE',  ( 2.085747774145382483, 1.966934225413054627, -26.73050798782741211 ) ) ;
#3794 = CARTESIAN_POINT ( 'NONE',  ( 3.337386121207779333, 2.559933439261790067, -27.66210975946516371 ) ) ;
#3795 = CARTESIAN_POINT ( 'NONE',  ( -1.932835182284079467, 2.200253492024720536, -27.28593659831810569 ) ) ;
#3796 = CARTESIAN_POINT ( 'NONE',  ( -3.312227219348299556, 2.715912119430312188, -27.83726992770483832 ) ) ;
#3797 = CARTESIAN_POINT ( 'NONE',  ( 0.2879469198692133358, 2.009892817012548960, -26.91122287854041062 ) ) ;
#3798 = VERTEX_POINT ( 'NONE', #2650 ) ;
#3799 = CARTESIAN_POINT ( 'NONE',  ( 2.735106980215870731, 1.946934225413054165, -23.63789122274700105 ) ) ;
#3800 = CARTESIAN_POINT ( 'NONE',  ( -3.224532797135846618, 1.966934225413054627, -26.73050798782740500 ) ) ;
#3801 = DIRECTION ( 'NONE',  ( 0.000000000000000000, 0.000000000000000000, 1.000000000000000000 ) ) ;
#3802 = DIRECTION ( 'NONE',  ( 0.000000000000000000, 0.000000000000000000, -1.000000000000000000 ) ) ;
#3803 = FACE_OUTER_BOUND ( 'NONE', #1209, .T. ) ;
#3804 = SHAPE_DEFINITION_REPRESENTATION ( #4036, #1925 ) ;
#3805 = EDGE_LOOP ( 'NONE', ( #789, #811, #708, #2834 ) ) ;
#3806 = CARTESIAN_POINT ( 'NONE',  ( 0.07943380038531910881, 1.962296669088997136, -26.71797698997332660 ) ) ;
#3807 = ORIENTED_EDGE ( 'NONE', *, *, #2509, .T. ) ;
#3808 = CARTESIAN_POINT ( 'NONE',  ( 2.730493710835818710, 1.896271023522928756, -23.71046751482487736 ) ) ;
#3809 = EDGE_CURVE ( 'NONE', #3079, #1113, #2686, .T. ) ;
#3810 = CARTESIAN_POINT ( 'NONE',  ( -2.937063063345712877, 2.730595049189522339, -27.83726992770485253 ) ) ;
#3811 = LINE ( 'NONE', #186, #1313 ) ;
#3812 = CARTESIAN_POINT ( 'NONE',  ( -3.595502225854618317, 1.896271023522930310, -23.52243052234773302 ) ) ;
#3813 = CARTESIAN_POINT ( 'NONE',  ( 1.973247774145382216, 1.966934225413054627, -26.73050798782741211 ) ) ;
#3814 = CARTESIAN_POINT ( 'NONE',  ( -1.908114311521824868, 2.114542680724500023, -27.09958370152714480 ) ) ;
#3815 = CARTESIAN_POINT ( 'NONE',  ( -2.491990290267791508, 2.415193053890137609, -27.46834928107902840 ) ) ;
#3816 = CARTESIAN_POINT ( 'NONE',  ( 2.169086151653594641, 1.942566031138504901, -26.72750765355615243 ) ) ;
#3817 = ORIENTED_EDGE ( 'NONE', *, *, #4167, .T. ) ;
#3818 = CARTESIAN_POINT ( 'NONE',  ( -3.481009653284754979, 2.258868951082972920, -27.28818020286768586 ) ) ;
#3819 = DIRECTION ( 'NONE',  ( 0.000000000000000000, -1.000000000000000000, 0.000000000000000000 ) ) ;
#3820 = ORIENTED_EDGE ( 'NONE', *, *, #864, .F. ) ;
#3821 = CARTESIAN_POINT ( 'NONE',  ( -1.298675180936893270, 2.064713622259401138, -27.05645503214891789 ) ) ;
#3822 = PLANE ( 'NONE',  #1443 ) ;
#3823 = CARTESIAN_POINT ( 'NONE',  ( -1.082048088532783003, 1.962628938354026520, -26.71820525699473592 ) ) ;
#3824 = SURFACE_SIDE_STYLE ('',( #203 ) ) ;
#3825 = PLANE ( 'NONE',  #419 ) ;
#3826 = ORIENTED_EDGE ( 'NONE', *, *, #1456, .F. ) ;
#3827 = CARTESIAN_POINT ( 'NONE',  ( -3.723136045556449503, 2.425532656007312937, -27.78865664684047587 ) ) ;
#3828 = CARTESIAN_POINT ( 'NONE',  ( -2.484741743866261121, 1.984629061719719534, -23.63789122274700105 ) ) ;
#3829 = CARTESIAN_POINT ( 'NONE',  ( -2.564570828378250233, 2.643737217378418602, -27.83726992770485253 ) ) ;
#3830 = CARTESIAN_POINT ( 'NONE',  ( -2.753972716479149874, 1.896271023522930310, -23.52243052234773302 ) ) ;
#3831 = DIRECTION ( 'NONE',  ( 0.000000000000000000, -1.000000000000000000, 0.000000000000000000 ) ) ;
#3832 = ADVANCED_FACE ( 'NONE', ( #106 ), #3058, .T. ) ;
#3833 = CARTESIAN_POINT ( 'NONE',  ( 1.942625755639217244, 2.459725385382330654, -27.83726992770483122 ) ) ;
#3834 = CARTESIAN_POINT ( 'NONE',  ( -1.501858038389977335, 2.014423644830895643, -26.91203595438673801 ) ) ;
#3835 = CARTESIAN_POINT ( 'NONE',  ( -2.357972647664180688, 2.182625413175418583, -27.09942863445322558 ) ) ;
#3836 = CARTESIAN_POINT ( 'NONE',  ( 1.917065565882958955, 2.114389247595945154, -27.09925002777494996 ) ) ;
#3837 = ORIENTED_EDGE ( 'NONE', *, *, #794, .T. ) ;
#3838 = CARTESIAN_POINT ( 'NONE',  ( -3.515098696406371737, 2.137050592383633152, -27.10114963413816014 ) ) ;
#3839 = CARTESIAN_POINT ( 'NONE',  ( -2.607829520413810886, 1.946934225413054831, -23.63789122274700105 ) ) ;
#3840 = AXIS2_PLACEMENT_3D ( 'NONE', #2329, #3359, #141 ) ;
#3841 = VECTOR ( 'NONE', #1948, 39.37007874015748143 ) ;
#3842 = CIRCLE ( 'NONE', #628, 0.09842519685039161081 ) ;
#3843 = DIRECTION ( 'NONE',  ( 0.000000000000000000, -1.000000000000000000, 0.000000000000000000 ) ) ;
#3844 = CARTESIAN_POINT ( 'NONE',  ( 1.307670729227665918, 2.364737762996838910, -27.83726992770484898 ) ) ;
#3845 = CARTESIAN_POINT ( 'NONE',  ( -2.569769968022913798, 2.046934225413054698, -23.58831582086456891 ) ) ;
#3846 = AXIS2_PLACEMENT_3D ( 'NONE', #1143, #3416, #197 ) ;
#3847 = FACE_OUTER_BOUND ( 'NONE', #4038, .T. ) ;
#3848 = EDGE_LOOP ( 'NONE', ( #1372, #1215, #546, #853, #4094, #133, #1826, #831, #3868, #2436, #4106 ) ) ;
#3849 = DIRECTION ( 'NONE',  ( 1.000000000000000000, 0.000000000000000000, 0.000000000000000000 ) ) ;
#3850 = CARTESIAN_POINT ( 'NONE',  ( -3.107961999418877852, 2.740376709992321747, -27.83726992770483477 ) ) ;
#3851 = DIRECTION ( 'NONE',  ( 1.000000000000000000, 0.000000000000000000, 0.000000000000000000 ) ) ;
#3852 = CARTESIAN_POINT ( 'NONE',  ( -2.484741743866261121, 2.046934225413053365, -23.63789122274700105 ) ) ;
#3853 = CARTESIAN_POINT ( 'NONE',  ( 2.309667683827901996, 2.176198168159849011, -27.09942863445322558 ) ) ;
#3854 =( BOUNDED_CURVE ( )  B_SPLINE_CURVE ( 3, ( #1761, #2365, #1054, #414, #2042, #2774, #3077 ),
 .UNSPECIFIED., .F., .F. ) 
 B_SPLINE_CURVE_WITH_KNOTS ( ( 4, 3, 4 ),
 ( 3.796332411500820125, 6.283185307179586232, 8.770038202858351895 ),
 .UNSPECIFIED. ) 
 CURVE ( )  GEOMETRIC_REPRESENTATION_ITEM ( )  RATIONAL_B_SPLINE_CURVE ( ( 1.000000000000000000, 0.5477024697318408908, 0.5477024697318408908, 1.000000000000000000, 0.5477024697318410018, 0.5477024697318410018, 1.000000000000000000 ) ) 
 REPRESENTATION_ITEM ( '' )  );
#3855 = CARTESIAN_POINT ( 'NONE',  ( -2.088757985470934830, 2.221576038629688998, -27.28642900633192525 ) ) ;
#3856 = CARTESIAN_POINT ( 'NONE',  ( -2.648672749252425351, 2.669475053792286889, -27.83726992770485253 ) ) ;
#3857 = EDGE_CURVE ( 'NONE', #661, #529, #1176, .T. ) ;
#3858 = CARTESIAN_POINT ( 'NONE',  ( 2.337272703315165234, 2.548904976668084910, -27.84579750090998473 ) ) ;
#3859 = ORIENTED_EDGE ( 'NONE', *, *, #3336, .F. ) ;
#3860 = CARTESIAN_POINT ( 'NONE',  ( -3.551040802684710673, 2.030642949437317935, -26.91378332721140509 ) ) ;
#3861 = EDGE_CURVE ( 'NONE', #174, #187, #2999, .T. ) ;
#3862 = CARTESIAN_POINT ( 'NONE',  ( 2.912911536467932549, 2.726062299585230608, -27.83726992770484898 ) ) ;
#3863 = ADVANCED_FACE ( 'NONE', ( #1728 ), #2741, .T. ) ;
#3864 = CARTESIAN_POINT ( 'NONE',  ( -3.481441816254612576, 2.632283875016037111, -27.83726992770485964 ) ) ;
#3865 = LINE ( 'NONE', #1051, #4046 ) ;
#3866 = CARTESIAN_POINT ( 'NONE',  ( 2.242225703715101215, 2.538461190243153531, -27.83726992770484543 ) ) ;
#3867 = CARTESIAN_POINT ( 'NONE',  ( -0.02070762021912326070, 2.246563130304821243, -27.46834928107903551 ) ) ;
#3868 = ORIENTED_EDGE ( 'NONE', *, *, #2398, .T. ) ;
#3869 = DIRECTION ( 'NONE',  ( -7.588466649067393207E-18, -1.000000000000000000, -5.059390552176238870E-17 ) ) ;
#3870 = CARTESIAN_POINT ( 'NONE',  ( -2.440980291057383234, 2.604447528181235150, -27.83726992770483832 ) ) ;
#3871 = CARTESIAN_POINT ( 'NONE',  ( 2.723477024516039346, 1.946934225413054831, -24.69017435294826512 ) ) ;
#3872 = DIRECTION ( 'NONE',  ( 1.000000000000000000, 0.000000000000000000, 0.000000000000000000 ) ) ;
#3873 = CARTESIAN_POINT ( 'NONE',  ( 2.195037946181547461, 2.163449053390834820, -27.09942863445323269 ) ) ;
#3874 = CARTESIAN_POINT ( 'NONE',  ( -0.6881688736491216041, 2.092289639147066893, -27.09942863445322558 ) ) ;
#3875 = CARTESIAN_POINT ( 'NONE',  ( 3.749286257460538341, 2.443915327221656941, -27.84482946848911311 ) ) ;
#3876 = CARTESIAN_POINT ( 'NONE',  ( -2.150171661756712371, 2.041683279886836733, -26.91420987604702475 ) ) ;
#3877 = CARTESIAN_POINT ( 'NONE',  ( -2.244275693196228438, 1.962281882903102126, -26.72230616727229702 ) ) ;
#3878 = CARTESIAN_POINT ( 'NONE',  ( 1.887506018850761302, 2.274057325654971873, -27.47192487358783097 ) ) ;
#3879 = CARTESIAN_POINT ( 'NONE',  ( 3.604497774145382749, 1.896271023522930310, -27.05645503214893566 ) ) ;
#3880 = ORIENTED_EDGE ( 'NONE', *, *, #52, .F. ) ;
#3881 = ORIENTED_EDGE ( 'NONE', *, *, #1974, .T. ) ;
#3882 = CARTESIAN_POINT ( 'NONE',  ( -3.555793403608728642, 1.943316128697275991, -26.72653264589122557 ) ) ;
#3883 = DIRECTION ( 'NONE',  ( 0.000000000000000000, -1.000000000000000000, 0.000000000000000000 ) ) ;
#3884 = EDGE_CURVE ( 'NONE', #3004, #837, #3635, .T. ) ;
#3885 = EDGE_CURVE ( 'NONE', #1622, #313, #4033, .T. ) ;
#3886 = DIRECTION ( 'NONE',  ( 0.000000000000000000, -1.000000000000000000, 0.000000000000000000 ) ) ;
#3887 = CARTESIAN_POINT ( 'NONE',  ( 1.695205933514759122, 2.412596722336860289, -27.83726992770485609 ) ) ;
#3888 = CARTESIAN_POINT ( 'NONE',  ( -2.642890736716807076, 1.984427604142264379, -23.52243052234773302 ) ) ;
#3889 = CARTESIAN_POINT ( 'NONE',  ( 1.274481107583803619, 2.100310643114518871, -27.09942863445322558 ) ) ;
#3890 = ORIENTED_EDGE ( 'NONE', *, *, #2366, .T. ) ;
#3891 = CARTESIAN_POINT ( 'NONE',  ( 2.436357626218017991, 2.046934225413052477, -23.65789122274700063 ) ) ;
#3892 = CARTESIAN_POINT ( 'NONE',  ( -2.343761869180385204, 2.572984942039155509, -27.83726992770485253 ) ) ;
#3893 = CARTESIAN_POINT ( 'NONE',  ( -1.318675180936893510, 2.065323568709457991, -27.05645503214891789 ) ) ;
#3894 = CARTESIAN_POINT ( 'NONE',  ( 0.9044977741453824605, 1.966934225413054627, -26.73050798782740500 ) ) ;
#3895 = CARTESIAN_POINT ( 'NONE',  ( 2.930445083179851196, 2.480430330377858983, -27.46834928107904616 ) ) ;
#3896 = CARTESIAN_POINT ( 'NONE',  ( -0.7235021692381256031, 2.343000466615093202, -27.83726992770486675 ) ) ;
#3897 = CARTESIAN_POINT ( 'NONE',  ( 3.558393745867937330, 2.127643133171258416, -27.10047819587470386 ) ) ;
#3898 = CARTESIAN_POINT ( 'NONE',  ( -0.2961401776736416469, 2.341204786391534398, -27.84396788802289535 ) ) ;
#3899 = CARTESIAN_POINT ( 'NONE',  ( 2.148329954462066649, 2.136228861742608398, -27.10005059456139875 ) ) ;
#3900 = DIRECTION ( 'NONE',  ( 0.000000000000000000, 0.000000000000000000, 1.000000000000000000 ) ) ;
#3901 = ORIENTED_EDGE ( 'NONE', *, *, #767, .T. ) ;
#3902 = VERTEX_POINT ( 'NONE', #786 ) ;
#3903 = CARTESIAN_POINT ( 'NONE',  ( -3.485501696033224128, 2.506621435235042661, -27.66159344754742477 ) ) ;
#3904 = CARTESIAN_POINT ( 'NONE',  ( 2.505976465822947308, 2.046934225413054698, -26.23205580265396009 ) ) ;
#3905 = CARTESIAN_POINT ( 'NONE',  ( 3.432668035851788257, 2.230128486437503721, -27.17929670411455945 ) ) ;
#3906 = CARTESIAN_POINT ( 'NONE',  ( -3.286862954641181389, 2.070271023522930243, -26.93391888649903620 ) ) ;
#3907 = ADVANCED_FACE ( 'NONE', ( #2094 ), #3404, .T. ) ;
#3908 = DIRECTION ( 'NONE',  ( 0.000000000000000000, -1.000000000000000000, 0.000000000000000000 ) ) ;
#3909 = CARTESIAN_POINT ( 'NONE',  ( 1.120609463423272389, 2.096036402545861765, -27.09942863445321493 ) ) ;
#3910 = ORIENTED_EDGE ( 'NONE', *, *, #2921, .T. ) ;
#3911 = PLANE ( 'NONE',  #3437 ) ;
#3912 = CARTESIAN_POINT ( 'NONE',  ( -2.440483301907182767, 2.604286517551470226, -27.83726992770484898 ) ) ;
#3913 = PLANE ( 'NONE',  #3232 ) ;
#3914 = EDGE_CURVE ( 'NONE', #3284, #878, #7, .T. ) ;
#3915 = CARTESIAN_POINT ( 'NONE',  ( 2.591997774145382127, 1.966934225413054627, -26.73050798782740500 ) ) ;
#3916 = VECTOR ( 'NONE', #1695, 39.37007874015748143 ) ;
#3917 = CARTESIAN_POINT ( 'NONE',  ( 2.896397492450011768, 2.725042158061315334, -27.83726992770483832 ) ) ;
#3918 = AXIS2_PLACEMENT_3D ( 'NONE', #1261, #3199, #1175 ) ;
#3919 = CARTESIAN_POINT ( 'NONE',  ( -2.459636811030700088, 2.004499306459961883, -23.56350758118322375 ) ) ;
#3920 = CARTESIAN_POINT ( 'NONE',  ( -0.4373014121475861105, 2.073482473020863193, -27.09798090878364363 ) ) ;
#3921 = ORIENTED_EDGE ( 'NONE', *, *, #716, .F. ) ;
#3922 = CARTESIAN_POINT ( 'NONE',  ( -3.096844466000516327, 2.330318824843414571, -27.28938651433327323 ) ) ;
#3923 = CARTESIAN_POINT ( 'NONE',  ( 0.09877429360021278137, 2.150060518048375169, -27.28454434756974223 ) ) ;
#3924 = LINE ( 'NONE', #2362, #1325 ) ;
#3925 = CARTESIAN_POINT ( 'NONE',  ( 2.216631778547663689, 2.530821135444692338, -27.83726992770485609 ) ) ;
#3926 = CARTESIAN_POINT ( 'NONE',  ( -3.224532797135846618, 1.966934225413054627, -26.73050798782740500 ) ) ;
#3927 = CARTESIAN_POINT ( 'NONE',  ( 0.4544977741453823938, 1.966934225413054627, -26.73050798782740500 ) ) ;
#3928 = ORIENTED_EDGE ( 'NONE', *, *, #3393, .F. ) ;
#3929 = CARTESIAN_POINT ( 'NONE',  ( -2.351913461065398447, 2.575605518727853482, -27.83726992770485253 ) ) ;
#3930 = CARTESIAN_POINT ( 'NONE',  ( -2.444769968022910689, 2.004433541306125832, -23.52581582086456535 ) ) ;
#3931 = CARTESIAN_POINT ( 'NONE',  ( 2.870939558389468793, 1.958171415037857521, -26.71797698997332660 ) ) ;
#3932 = EDGE_CURVE ( 'NONE', #3134, #2938, #2958, .T. ) ;
#3933 = EDGE_CURVE ( 'NONE', #4111, #602, #441, .T. ) ;
#3934 = CARTESIAN_POINT ( 'NONE',  ( 3.337833503945521585, 1.942332813072421338, -26.72805261025282419 ) ) ;
#3935 = CARTESIAN_POINT ( 'NONE',  ( -0.7763911976350641453, 2.259874795591741314, -27.65722620436640966 ) ) ;
#3936 = B_SPLINE_SURFACE_WITH_KNOTS ( 'NONE', 3, 1, ( 
 ( #1828, #1512 ),
 ( #1124, #2438 ),
 ( #1100, #3782 ),
 ( #822, #4122 ),
 ( #2777, #3081 ),
 ( #2416, #3126 ) ),
 .UNSPECIFIED., .F., .F., .F.,
 ( 4, 2, 4 ),
 ( 2, 2 ),
 ( 0.000000000000000000, 0.5000000000000000000, 1.000000000000000000 ),
 ( 0.000000000000000000, 1.000000000000000000 ),
 .UNSPECIFIED. ) ;
#3937 = ORIENTED_EDGE ( 'NONE', *, *, #1135, .F. ) ;
#3938 = CARTESIAN_POINT ( 'NONE',  ( -3.290708711967192723, 2.436402978912441064, -27.47570355740068138 ) ) ;
#3939 = CARTESIAN_POINT ( 'NONE',  ( 3.465643999451624602, 2.668785486973639376, -27.83726992770485609 ) ) ;
#3940 = CARTESIAN_POINT ( 'NONE',  ( 0.09968399326844781805, 2.218903208601894494, -27.47109053685370128 ) ) ;
#3941 = CARTESIAN_POINT ( 'NONE',  ( 2.432855697129054473, 2.046934225413054698, -23.52243052234773302 ) ) ;
#3942 = CARTESIAN_POINT ( 'NONE',  ( 2.654795161580339791, 2.667846732957216194, -27.83726992770485253 ) ) ;
#3943 = CARTESIAN_POINT ( 'NONE',  ( -2.531710415632016709, 1.984629061719719534, -23.63789122274700105 ) ) ;
#3944 = CARTESIAN_POINT ( 'NONE',  ( 0.2409575831184851136, 2.231165959994283021, -27.46834928107902840 ) ) ;
#3945 = EDGE_LOOP ( 'NONE', ( #4160, #491 ) ) ;
#3946 = CARTESIAN_POINT ( 'NONE',  ( 2.906124540606257245, 2.460100920564405325, -27.47541495890402530 ) ) ;
#3947 = CARTESIAN_POINT ( 'NONE',  ( 3.526831841822623215, 2.325202113913066082, -27.41267563436871413 ) ) ;
#3948 = CARTESIAN_POINT ( 'NONE',  ( -2.151734528278371972, 2.514832706408980378, -27.83726992770484543 ) ) ;
#3949 = CARTESIAN_POINT ( 'NONE',  ( -2.376111734509066764, 1.964442809910127208, -26.72640707754985456 ) ) ;
#3950 = CARTESIAN_POINT ( 'NONE',  ( 1.579497774145382616, 1.966934225413054627, -26.73050798782740500 ) ) ;
#3951 = CARTESIAN_POINT ( 'NONE',  ( 3.246897668208942100, 2.466252850169194044, -27.46834928107904616 ) ) ;
#3952 = DIRECTION ( 'NONE',  ( 0.000000000000000000, 0.000000000000000000, 1.000000000000000000 ) ) ;
#3953 = CARTESIAN_POINT ( 'NONE',  ( 3.605252985988890213, 2.575884529797537681, -27.84739923278868190 ) ) ;
#3954 = CARTESIAN_POINT ( 'NONE',  ( -1.276312863535407738, 2.334966201206256198, -27.84376601808356000 ) ) ;
#3955 = ORIENTED_EDGE ( 'NONE', *, *, #3576, .F. ) ;
#3956 = EDGE_CURVE ( 'NONE', #2273, #524, #1216, .T. ) ;
#3957 = CARTESIAN_POINT ( 'NONE',  ( -3.216034262947197409, 2.063707438241968450, -26.91600060264194383 ) ) ;
#3958 = CARTESIAN_POINT ( 'NONE',  ( 3.777218621952314503, 2.433527506213953640, -27.83726992770484898 ) ) ;
#3959 = CARTESIAN_POINT ( 'NONE',  ( 2.630976465822950860, 2.004433541306125832, -23.52581582086456535 ) ) ;
#3960 = FACE_OUTER_BOUND ( 'NONE', #2134, .T. ) ;
#3961 = CARTESIAN_POINT ( 'NONE',  ( 2.423544077656468509, 2.595875001448819663, -27.83726992770484898 ) ) ;
#3962 = DIRECTION ( 'NONE',  ( 0.000000000000000000, -1.000000000000000000, 0.000000000000000000 ) ) ;
#3963 = CARTESIAN_POINT ( 'NONE',  ( 1.241262207503732728, 1.963913992165447375, -26.72215398925802177 ) ) ;
#3964 = ORIENTED_EDGE ( 'NONE', *, *, #2711, .F. ) ;
#3965 = CARTESIAN_POINT ( 'NONE',  ( -2.642890736716807076, 1.984427604142264379, -23.52243052234773302 ) ) ;
#3966 = CARTESIAN_POINT ( 'NONE',  ( -1.794990417273424788, 1.965108275125868831, -26.72640707754985456 ) ) ;
#3967 = CARTESIAN_POINT ( 'NONE',  ( -2.654798192179566474, 1.984629061719719534, -23.63789122274700105 ) ) ;
#3968 = COLOUR_RGB ( '',0.7921568627450980005, 0.8196078431372548767, 0.9333333333333333481 ) ;
#3969 = CARTESIAN_POINT ( 'NONE',  ( 3.096564727921615301, 1.961280832041021549, -26.72215398925802177 ) ) ;
#3970 = CARTESIAN_POINT ( 'NONE',  ( 0.004497774145382390544, 2.383990813486034366, -27.83726992770484898 ) ) ;
#3971 = CARTESIAN_POINT ( 'NONE',  ( -3.596039496452205775, 2.596620458303457113, -27.83726992770485609 ) ) ;
#3972 = VECTOR ( 'NONE', #2605, 39.37007874015748143 ) ;
#3973 = CARTESIAN_POINT ( 'NONE',  ( -0.5922379316871141386, 2.071093429416951182, -27.09787101910754714 ) ) ;
#3974 = ORIENTED_EDGE ( 'NONE', *, *, #3545, .F. ) ;
#3975 = AXIS2_PLACEMENT_3D ( 'NONE', #1064, #1433, #3067 ) ;
#3976 = ORIENTED_EDGE ( 'NONE', *, *, #2312, .T. ) ;
#3977 = ADVANCED_FACE ( 'NONE', ( #573 ), #179, .F. ) ;
#3978 = CARTESIAN_POINT ( 'NONE',  ( -3.368464543736158667, 2.549611480070407055, -27.66209432857629480 ) ) ;
#3979 = CARTESIAN_POINT ( 'NONE',  ( 3.610879823974565639, 2.592835808277735854, -27.83726992770484898 ) ) ;
#3980 = CARTESIAN_POINT ( 'NONE',  ( 0.1393698758863575471, 2.216632854339939396, -27.47104297241886783 ) ) ;
#3981 = EDGE_CURVE ( 'NONE', #180, #2810, #2465, .T. ) ;
#3982 = CARTESIAN_POINT ( 'NONE',  ( 3.070015243561795781, 2.200695065159269603, -27.10255501496667563 ) ) ;
#3983 = CARTESIAN_POINT ( 'NONE',  ( -2.747585697681908190, 2.004585159808636163, -23.61271242070730025 ) ) ;
#3984 = CARTESIAN_POINT ( 'NONE',  ( 2.481635468519802323, 2.614675894475079421, -27.83726992770483832 ) ) ;
#3985 = DIRECTION ( 'NONE',  ( 0.000000000000000000, -1.000000000000000000, 0.000000000000000000 ) ) ;
#3986 = CARTESIAN_POINT ( 'NONE',  ( 2.505976465822947308, 2.046934225413054698, -26.23205580265396009 ) ) ;
#3987 = CARTESIAN_POINT ( 'NONE',  ( 1.691012931644677586, 1.963402827742840362, -26.72215398925802177 ) ) ;
#3988 = ORIENTED_EDGE ( 'NONE', *, *, #58, .T. ) ;
#3989 = CARTESIAN_POINT ( 'NONE',  ( 2.828015472767092753, 2.451193032864936949, -27.47517998839078857 ) ) ;
#3990 = CARTESIAN_POINT ( 'NONE',  ( 3.737749298124404262, 2.425197189872704051, -27.79839428744797303 ) ) ;
#3991 = LINE ( 'NONE', #3629, #2553 ) ;
#3992 = CARTESIAN_POINT ( 'NONE',  ( -2.020502225854617695, 1.966934225413054627, -26.73050798782740500 ) ) ;
#3993 = CARTESIAN_POINT ( 'NONE',  ( -0.4558032518526985433, 2.079608863354815540, -27.05645503214891789 ) ) ;
#3994 = CARTESIAN_POINT ( 'NONE',  ( 3.403545310429933135, 2.693558045927206379, -27.83726992770484898 ) ) ;
#3995 = CARTESIAN_POINT ( 'NONE',  ( -3.406451754084635741, 2.216408921008708344, -27.18958965753987300 ) ) ;
#3996 = CARTESIAN_POINT ( 'NONE',  ( -3.774517198282988595, 2.423103189278592584, -27.83726992770484898 ) ) ;
#3997 = FACE_OUTER_BOUND ( 'NONE', #1669, .T. ) ;
#3998 = VERTEX_POINT ( 'NONE', #3761 ) ;
#3999 = CARTESIAN_POINT ( 'NONE',  ( 3.233528345426610606, 1.966934225413054627, -26.73050798782740500 ) ) ;
#4000 = CARTESIAN_POINT ( 'NONE',  ( -3.135853433340321406, 2.327048254502177560, -27.28935932727470259 ) ) ;
#4001 = CARTESIAN_POINT ( 'NONE',  ( 3.755164561953769464, 2.464179614390237916, -27.83726992770484898 ) ) ;
#4002 = CARTESIAN_POINT ( 'NONE',  ( -0.01699657059620161836, 1.943484638257228836, -26.72506111225427006 ) ) ;
#4003 = CARTESIAN_POINT ( 'NONE',  ( -2.639388807627843114, 2.004663988466177660, -23.65789122274700063 ) ) ;
#4004 = CARTESIAN_POINT ( 'NONE',  ( 2.369873550519192573, 2.578491651545035346, -27.83726992770485253 ) ) ;
#4005 = CARTESIAN_POINT ( 'NONE',  ( -2.569769968022913798, 2.046934225413054698, -23.58831582086456891 ) ) ;
#4006 = PLANE ( 'NONE',  #2629 ) ;
#4007 = EDGE_CURVE ( 'NONE', #2666, #2983, #2764, .T. ) ;
#4008 = EDGE_CURVE ( 'NONE', #4070, #3798, #921, .T. ) ;
#4009 = ORIENTED_EDGE ( 'NONE', *, *, #2289, .T. ) ;
#4010 = DIRECTION ( 'NONE',  ( 0.000000000000000000, -1.000000000000000000, 0.000000000000000000 ) ) ;
#4011 = CARTESIAN_POINT ( 'NONE',  ( -1.455375635132106549, 2.380400635875220772, -27.83726992770484543 ) ) ;
#4012 = CARTESIAN_POINT ( 'NONE',  ( -1.456730743526547078, 1.962178150332949844, -26.71820525699473592 ) ) ;
#4013 = CARTESIAN_POINT ( 'NONE',  ( -2.654798192179566474, 2.046934225413053365, -23.63789122274700105 ) ) ;
#4014 = CARTESIAN_POINT ( 'NONE',  ( -11.77101915005734156, 2.806271023522929120, -23.15234489679908947 ) ) ;
#4015 = CARTESIAN_POINT ( 'NONE',  ( -3.456652048174967184, 2.668783958490591246, -27.83726992770485253 ) ) ;
#4016 = CARTESIAN_POINT ( 'NONE',  ( -0.09160903364281465511, 2.287780340669891554, -27.65771622889240078 ) ) ;
#4017 = CARTESIAN_POINT ( 'NONE',  ( 0.004497774145382315084, 2.007875990544664813, -26.83915700260124382 ) ) ;
#4018 = ORIENTED_EDGE ( 'NONE', *, *, #3113, .T. ) ;
#4019 = CARTESIAN_POINT ( 'NONE',  ( -2.226326452138753798, 2.045842362644648915, -26.91451905156022306 ) ) ;
#4020 = CARTESIAN_POINT ( 'NONE',  ( 3.695201426067625583, 2.528221015605594868, -27.83726992770484543 ) ) ;
#4021 = CARTESIAN_POINT ( 'NONE',  ( 1.571411318347316177, 2.226733718402584383, -27.47112768180559428 ) ) ;
#4022 = CARTESIAN_POINT ( 'NONE',  ( -1.867907995820975442, 1.946934225413067043, -26.73483598223693747 ) ) ;
#4023 = CARTESIAN_POINT ( 'NONE',  ( 2.622493765342319261, 2.658493895499220994, -27.83726992770484898 ) ) ;
#4024 = PLANE ( 'NONE',  #3165 ) ;
#4025 = DIRECTION ( 'NONE',  ( 0.000000000000000000, 0.000000000000000000, -1.000000000000000000 ) ) ;
#4026 = B_SPLINE_CURVE_WITH_KNOTS ( 'NONE', 3,
 ( #2515, #548, #3808, #1416, #125, #2707, #3027, #1732, #150, #1435, #4042, #1464, #746, #3677, #3048, #427, #1855, #3700, #771, #448, #1710, #2746 ),
 .UNSPECIFIED., .F., .F.,
 ( 4, 2, 2, 2, 2, 2, 2, 2, 2, 2, 4 ),
 ( 0.4754713967455971857, 0.4826543973275065902, 0.4898373979094159947, 0.5042033990732348592, 0.5329354014008724771, 0.5401184019827820482, 0.5473014025646917302, 0.5616674037285108723, 0.5688504043104204433, 0.5760334048923300143, 0.5903994060561491564 ),
 .UNSPECIFIED. ) ;
#4027 = ORIENTED_EDGE ( 'NONE', *, *, #4029, .F. ) ;
#4028 = CARTESIAN_POINT ( 'NONE',  ( 11.78001469834810599, 2.806271023522929120, -23.15234489679908947 ) ) ;
#4029 = EDGE_CURVE ( 'NONE', #1012, #2368, #2816, .T. ) ;
#4030 = CARTESIAN_POINT ( 'NONE',  ( -1.681551871952854160, 1.961733621750607615, -26.71820525699473592 ) ) ;
#4031 = DIRECTION ( 'NONE',  ( 0.000000000000000000, 1.000000000000000000, 0.000000000000000000 ) ) ;
#4032 = ORIENTED_EDGE ( 'NONE', *, *, #3857, .T. ) ;
#4033 = LINE ( 'NONE', #54, #1858 ) ;
#4034 = CARTESIAN_POINT ( 'NONE',  ( -3.429666692684928631, 2.679356623967715567, -27.83726992770485609 ) ) ;
#4035 = LINE ( 'NONE', #1111, #3243 ) ;
#4036 = PRODUCT_DEFINITION_SHAPE ( 'NONE', 'NONE',  #1448 ) ;
#4037 = AXIS2_PLACEMENT_3D ( 'NONE', #422, #1370, #3360 ) ;
#4038 = EDGE_LOOP ( 'NONE', ( #776, #621, #3781, #1087 ) ) ;
#4039 = AXIS2_PLACEMENT_3D ( 'NONE', #3845, #4098, #4180 ) ;
#4040 = ORIENTED_EDGE ( 'NONE', *, *, #844, .F. ) ;
#4041 = AXIS2_PLACEMENT_3D ( 'NONE', #1603, #2867, #1879 ) ;
#4042 = CARTESIAN_POINT ( 'NONE',  ( 2.951879392230888577, 1.896271023522930754, -25.93787488674847097 ) ) ;
#4043 = CARTESIAN_POINT ( 'NONE',  ( -2.244356760735652490, 2.245699902960595740, -27.28697476823949941 ) ) ;
#4044 = CARTESIAN_POINT ( 'NONE',  ( -2.864252225854618139, 1.966934225413054627, -26.73050798782740500 ) ) ;
#4045 = CARTESIAN_POINT ( 'NONE',  ( 0.6164060298000487714, 2.198228675649229302, -27.47064073264364481 ) ) ;
#4046 = VECTOR ( 'NONE', #2652, 39.37007874015748143 ) ;
#4047 = ORIENTED_EDGE ( 'NONE', *, *, #2025, .F. ) ;
#4048 = CIRCLE ( 'NONE', #1243, 0.09842519685039161081 ) ;
#4049 = CARTESIAN_POINT ( 'NONE',  ( -11.77101915005734156, 2.070271023522930243, -23.15234489679908947 ) ) ;
#4050 = DIRECTION ( 'NONE',  ( 0.000000000000000000, 0.000000000000000000, -1.000000000000000000 ) ) ;
#4051 = CARTESIAN_POINT ( 'NONE',  ( -3.774517198282984154, 2.174548412108149975, -27.83726992770484898 ) ) ;
#4052 = EDGE_LOOP ( 'NONE', ( #3426, #3955 ) ) ;
#4053 = CARTESIAN_POINT ( 'NONE',  ( 3.018530470922748510, 2.595485902477804085, -27.66213014212301502 ) ) ;
#4054 = CARTESIAN_POINT ( 'NONE',  ( -1.312008514270229131, 1.896271023522929200, -27.83726992770484898 ) ) ;
#4055 = DIRECTION ( 'NONE',  ( 0.000000000000000000, -1.000000000000000000, 0.000000000000000000 ) ) ;
#4056 = PRODUCT_DEFINITION_CONTEXT ( 'detailed design', #1521, 'design' ) ;
#4057 = CARTESIAN_POINT ( 'NONE',  ( -2.122142841151464676, 2.336089766688850933, -27.46834928107904616 ) ) ;
#4058 = CARTESIAN_POINT ( 'NONE',  ( -3.774517198282988595, 2.423103189278592584, -27.83726992770484898 ) ) ;
#4059 =( NAMED_UNIT ( * ) PLANE_ANGLE_UNIT ( ) SI_UNIT ( $, .RADIAN. ) );
#4060 = ORIENTED_EDGE ( 'NONE', *, *, #4007, .F. ) ;
#4061 = ORIENTED_EDGE ( 'NONE', *, *, #3724, .T. ) ;
#4062 = LINE ( 'NONE', #2154, #1719 ) ;
#4063 = CARTESIAN_POINT ( 'NONE',  ( -3.652502472455112947, 2.556574736139244131, -27.83726992770484898 ) ) ;
#4064 = DIRECTION ( 'NONE',  ( -0.000000000000000000, 1.000000000000000000, -0.000000000000000000 ) ) ;
#4065 = VERTEX_POINT ( 'NONE', #866 ) ;
#4066 = EDGE_CURVE ( 'NONE', #3902, #1327, #4062, .T. ) ;
#4067 = CARTESIAN_POINT ( 'NONE',  ( -2.293178204651840524, 2.153270446483429801, -27.10098888099923897 ) ) ;
#4068 = CARTESIAN_POINT ( 'NONE',  ( -3.032195340808744088, 1.964113592324813196, -26.72640707754985456 ) ) ;
#4069 = CARTESIAN_POINT ( 'NONE',  ( 0.4407836905426927854, 2.008526092795099860, -26.91109523780444590 ) ) ;
#4070 = VERTEX_POINT ( 'NONE', #547 ) ;
#4071 = CARTESIAN_POINT ( 'NONE',  ( -2.135393967674519278, 1.946934225413058384, -26.73555779564161483 ) ) ;
#4072 = CARTESIAN_POINT ( 'NONE',  ( 0.004497774145382328961, 1.966934225413054627, -26.73050798782740500 ) ) ;
#4073 = DIRECTION ( 'NONE',  ( 0.000000000000000000, -1.000000000000000000, 0.000000000000000000 ) ) ;
#4074 = EDGE_LOOP ( 'NONE', ( #183, #2194, #2908, #1517 ) ) ;
#4075 = CARTESIAN_POINT ( 'NONE',  ( 3.027974752441253692, 2.332675206265032219, -27.28910902166397179 ) ) ;
#4076 = FACE_OUTER_BOUND ( 'NONE', #790, .T. ) ;
#4077 = CARTESIAN_POINT ( 'NONE',  ( -2.569769968022913798, 2.046934225413054698, -23.65081582086457246 ) ) ;
#4078 = ORIENTED_EDGE ( 'NONE', *, *, #1398, .T. ) ;
#4079 = CARTESIAN_POINT ( 'NONE',  ( -3.745781700561324978, 2.422085495092233032, -27.82774483135431609 ) ) ;
#4080 = CARTESIAN_POINT ( 'NONE',  ( -2.586554160634128241, 2.650421953014766796, -27.83726992770485253 ) ) ;
#4081 = CARTESIAN_POINT ( 'NONE',  ( -0.01125011784794223944, 2.293709558245342173, -27.65781221795504408 ) ) ;
#4082 = LINE ( 'NONE', #1751, #3633 ) ;
#4083 = VERTEX_POINT ( 'NONE', #3151 ) ;
#4084 = CARTESIAN_POINT ( 'NONE',  ( 3.415738438117704501, 2.671140409873231203, -27.84855197078714184 ) ) ;
#4085 = CARTESIAN_POINT ( 'NONE',  ( -2.368184997801774827, 2.561879299808626165, -27.84593167733838115 ) ) ;
#4086 = CARTESIAN_POINT ( 'NONE',  ( -3.337533748016204616, 2.196130077996553798, -27.09942863445322558 ) ) ;
#4087 = ADVANCED_FACE ( 'NONE', ( #1130 ), #2114, .F. ) ;
#4088 = CARTESIAN_POINT ( 'NONE',  ( 0.7853824442434806929, 2.259847267830406015, -27.65714498491960427 ) ) ;
#4089 = ORIENTED_EDGE ( 'NONE', *, *, #2892, .F. ) ;
#4090 = CARTESIAN_POINT ( 'NONE',  ( 3.233528345426610606, 1.966934225413054627, -26.73050798782740500 ) ) ;
#4091 = CARTESIAN_POINT ( 'NONE',  ( 2.717310053242990797, 2.684933902855953125, -27.83726992770485253 ) ) ;
#4092 = CARTESIAN_POINT ( 'NONE',  ( -0.4455022258546176839, 1.966934225413054627, -26.73050798782740500 ) ) ;
#4093 = CARTESIAN_POINT ( 'NONE',  ( 2.579097234516840587, 2.046934225413054698, -23.52243052234773302 ) ) ;
#4094 = ORIENTED_EDGE ( 'NONE', *, *, #1049, .T. ) ;
#4095 = CARTESIAN_POINT ( 'NONE',  ( 2.923112491955000447, 1.941784963480688297, -26.72942788114347223 ) ) ;
#4096 = CARTESIAN_POINT ( 'NONE',  ( -1.318675180936901281, 1.896271023522930310, -27.83726992770484898 ) ) ;
#4097 = CARTESIAN_POINT ( 'NONE',  ( -1.534257829431700415, 2.252174034008060044, -27.46834928107902840 ) ) ;
#4098 = DIRECTION ( 'NONE',  ( 0.000000000000000000, -1.000000000000000000, 0.000000000000000000 ) ) ;
#4099 = APPLICATION_PROTOCOL_DEFINITION ( 'draft international standard', 'automotive_design', 1998, #1521 ) ;
#4100 = CARTESIAN_POINT ( 'NONE',  ( 0.004497774145382233552, 2.244971950795041415, -27.46834928107903551 ) ) ;
#4101 = ORIENTED_EDGE ( 'NONE', *, *, #3393, .T. ) ;
#4102 = CARTESIAN_POINT ( 'NONE',  ( 2.505976465822947308, 1.966934225413054627, -26.23205580265396009 ) ) ;
#4103 = CARTESIAN_POINT ( 'NONE',  ( -2.645798759848162263, 2.667846496542644719, -27.83726992770485609 ) ) ;
#4104 = LINE ( 'NONE', #3153, #691 ) ;
#4105 = ORIENTED_EDGE ( 'NONE', *, *, #1135, .T. ) ;
#4106 = ORIENTED_EDGE ( 'NONE', *, *, #2870, .T. ) ;
#4107 = CARTESIAN_POINT ( 'NONE',  ( 2.420007503192933562, 2.594726053653439557, -27.83726992770485253 ) ) ;
#4108 = CARTESIAN_POINT ( 'NONE',  ( -2.851784224194777284, 2.578605770514685869, -27.66172921286689501 ) ) ;
#4109 = CARTESIAN_POINT ( 'NONE',  ( -3.370502225854618228, 1.966934225413054627, -26.73050798782740500 ) ) ;
#4110 = CARTESIAN_POINT ( 'NONE',  ( 0.6240021480685489230, 2.261853333339522543, -27.65719234416989636 ) ) ;
#4111 = VERTEX_POINT ( 'NONE', #230 ) ;
#4112 = VECTOR ( 'NONE', #3470, 39.37007874015748143 ) ;
#4113 = VECTOR ( 'NONE', #3872, 39.37007874015748143 ) ;
#4114 = PLANE ( 'NONE',  #358 ) ;
#4115 = CARTESIAN_POINT ( 'NONE',  ( -2.470502225854617873, 1.966934225413054627, -26.73050798782740500 ) ) ;
#4116 = AXIS2_PLACEMENT_3D ( 'NONE', #3756, #1380, #3037 ) ;
#4117 = CARTESIAN_POINT ( 'NONE',  ( 2.762968264769913862, 1.896271023522930310, -23.52243052234773302 ) ) ;
#4118 = ADVANCED_FACE ( 'NONE', ( #2445 ), #1542, .T. ) ;
#4119 = AXIS2_PLACEMENT_3D ( 'NONE', #2222, #1581, #532 ) ;
#4120 = ORIENTED_EDGE ( 'NONE', *, *, #3981, .T. ) ;
#4121 = B_SPLINE_CURVE_WITH_KNOTS ( 'NONE', 3,
 ( #1397, #3308, #1672, #711, #3030, #3680 ),
 .UNSPECIFIED., .F., .F.,
 ( 4, 2, 4 ),
 ( 0.04292652597969856543, 0.05583093108439447089, 0.06873533618909037635 ),
 .UNSPECIFIED. ) ;
#4122 = CARTESIAN_POINT ( 'NONE',  ( 3.082000580287678204, 1.896271023522929644, -26.49399093562022500 ) ) ;
#4123 = CARTESIAN_POINT ( 'NONE',  ( 2.505976465822947308, 2.004433541306125388, -23.52581582086456535 ) ) ;
#4124 = LENGTH_MEASURE_WITH_UNIT ( LENGTH_MEASURE( 0.02539999999999999897 ), #527 );
#4125 = CARTESIAN_POINT ( 'NONE',  ( 0.004497774145382328961, 1.966934225413054627, -26.73050798782740500 ) ) ;
#4126 = EDGE_LOOP ( 'NONE', ( #3880, #1248, #2638, #1304 ) ) ;
#4127 = CARTESIAN_POINT ( 'NONE',  ( -3.537398358466858017, 2.341243441486732024, -27.45036810509940040 ) ) ;
#4128 = CARTESIAN_POINT ( 'NONE',  ( -2.705130040387465407, 2.684101097795185797, -27.83726992770485253 ) ) ;
#4129 = CARTESIAN_POINT ( 'NONE',  ( -3.595502225854618317, 1.984427665029768972, -23.52246541859729589 ) ) ;
#4130 = FACE_OUTER_BOUND ( 'NONE', #290, .T. ) ;
#4131 = CARTESIAN_POINT ( 'NONE',  ( 2.042505993105074857, 2.483412881414721607, -27.83726992770486675 ) ) ;
#4132 = CARTESIAN_POINT ( 'NONE',  ( -2.248247670938792186, 2.523810720780714334, -27.84555188117066038 ) ) ;
#4133 = CARTESIAN_POINT ( 'NONE',  ( -2.919730643660448877, 1.964068461273245081, -26.72640707754985456 ) ) ;
#4134 = CARTESIAN_POINT ( 'NONE',  ( 2.230081319539974238, 2.426861484115542922, -27.65919795756869348 ) ) ;
#4135 = VERTEX_POINT ( 'NONE', #1792 ) ;
#4136 = CARTESIAN_POINT ( 'NONE',  ( -3.442790487027545865, 2.153304020652655026, -27.10167292920245430 ) ) ;
#4137 = LINE ( 'NONE', #2105, #754 ) ;
#4138 = CARTESIAN_POINT ( 'NONE',  ( 3.553345601980092194, 2.344387550410882870, -27.42043573759213260 ) ) ;
#4139 = CARTESIAN_POINT ( 'NONE',  ( -2.726111431925105855, 1.984629061719719534, -23.63789122274700105 ) ) ;
#4140 = ADVANCED_FACE ( 'NONE', ( #3527 ), #3825, .T. ) ;
#4141 = CARTESIAN_POINT ( 'NONE',  ( -0.4298679135587258338, 2.056203350683809550, -27.05645503214892500 ) ) ;
#4142 = CARTESIAN_POINT ( 'NONE',  ( -0.008104923036870504902, 2.245767540549931773, -27.46834928107903551 ) ) ;
#4143 = EDGE_LOOP ( 'NONE', ( #3807, #4204 ) ) ;
#4144 = DIRECTION ( 'NONE',  ( -7.277325085833640951E-15, 5.059390552176238870E-17, -1.000000000000000000 ) ) ;
#4145 = CARTESIAN_POINT ( 'NONE',  ( -2.466940092772065718, 1.984485133727287076, -23.55540225894992545 ) ) ;
#4146 = CARTESIAN_POINT ( 'NONE',  ( -2.591402582582932101, 2.651885604744299130, -27.83726992770484898 ) ) ;
#4147 = LINE ( 'NONE', #1881, #4112 ) ;
#4148 = CARTESIAN_POINT ( 'NONE',  ( -2.569769968022913798, 2.046934225413054698, -23.58831582086456891 ) ) ;
#4149 = CARTESIAN_POINT ( 'NONE',  ( 2.360586012413264267, 2.575447108992417800, -27.83726992770483832 ) ) ;
#4150 = CARTESIAN_POINT ( 'NONE',  ( -2.208104991487289670, 2.511752253098233467, -27.84545097319819007 ) ) ;
#4151 = CARTESIAN_POINT ( 'NONE',  ( -2.693369066129669420, 1.958507121123657102, -26.71820525699473592 ) ) ;
#4152 = CARTESIAN_POINT ( 'NONE',  ( 1.994210107184290592, 2.121029945282896900, -27.09950064261598257 ) ) ;
#4153 = ORIENTED_EDGE ( 'NONE', *, *, #739, .T. ) ;
#4154 = CARTESIAN_POINT ( 'NONE',  ( -3.619040332837015761, 2.313702810525813724, -27.47371616500506519 ) ) ;
#4155 = CARTESIAN_POINT ( 'NONE',  ( 3.248338785957658903, 2.729302477220266088, -27.83726992770484898 ) ) ;
#4156 = CARTESIAN_POINT ( 'NONE',  ( -11.77101915005734156, 2.050271023522930225, -23.15234489679908947 ) ) ;
#4157 = LINE ( 'NONE', #2881, #1039 ) ;
#4158 = DIRECTION ( 'NONE',  ( 0.000000000000000000, -3.475471168776155271E-14, -1.000000000000000000 ) ) ;
#4159 = ADVANCED_FACE ( 'NONE', ( #3847 ), #3210, .T. ) ;
#4160 = ORIENTED_EDGE ( 'NONE', *, *, #1141, .F. ) ;
#4161 = FACE_OUTER_BOUND ( 'NONE', #1847, .T. ) ;
#4162 = CARTESIAN_POINT ( 'NONE',  ( -2.718491193815169904, 2.687575321058368605, -27.83726992770485253 ) ) ;
#4163 = CARTESIAN_POINT ( 'NONE',  ( 1.307670729227665918, 2.180183815059344443, -27.31627003746305959 ) ) ;
#4164 = CARTESIAN_POINT ( 'NONE',  ( 1.327670729227666158, 2.065323568904305240, -27.05645503214892500 ) ) ;
#4165 = CARTESIAN_POINT ( 'NONE',  ( 2.122241301569650407, 2.504175056931192245, -27.83726992770483832 ) ) ;
#4166 = EDGE_CURVE ( 'NONE', #1507, #2084, #2101, .T. ) ;
#4167 = EDGE_CURVE ( 'NONE', #386, #2032, #626, .T. ) ;
#4168 = CARTESIAN_POINT ( 'NONE',  ( -2.062329951829151131, 2.128681589053917023, -27.10010657801752743 ) ) ;
#4169 = CARTESIAN_POINT ( 'NONE',  ( -2.529892400320551182, 2.201114501539465973, -27.09942863445322558 ) ) ;
#4170 = CARTESIAN_POINT ( 'NONE',  ( 2.320526270600863139, 2.355254710395643158, -27.47324993832518203 ) ) ;
#4171 = ORIENTED_EDGE ( 'NONE', *, *, #4066, .T. ) ;
#4172 = CARTESIAN_POINT ( 'NONE',  ( -3.329905842938749139, 2.055167728862663967, -26.91550717089772249 ) ) ;
#4173 = CARTESIAN_POINT ( 'NONE',  ( 3.289035572181949973, 2.722258859885098303, -27.83726992770485609 ) ) ;
#4174 = CYLINDRICAL_SURFACE ( 'NONE', #2208, 0.09842519685039161081 ) ;
#4175 = AXIS2_PLACEMENT_3D ( 'NONE', #1975, #87, #344 ) ;
#4176 = VECTOR ( 'NONE', #1126, 39.37007874015748143 ) ;
#4177 = VECTOR ( 'NONE', #3734, 39.37007874015748143 ) ;
#4178 = DIRECTION ( 'NONE',  ( 0.000000000000000000, 1.000000000000000000, 0.000000000000000000 ) ) ;
#4179 = CARTESIAN_POINT ( 'NONE',  ( 2.173694366434796077, 2.518466103928445055, -27.83726992770484898 ) ) ;
#4180 = DIRECTION ( 'NONE',  ( 0.000000000000000000, 0.000000000000000000, -1.000000000000000000 ) ) ;
#4181 = CIRCLE ( 'NONE', #1387, 0.06250000000000295597 ) ;
#4182 = CARTESIAN_POINT ( 'NONE',  ( -0.007498813920747631791, 1.965355719888183916, -26.72633098854271338 ) ) ;
#4183 = ORIENTED_EDGE ( 'NONE', *, *, #1972, .T. ) ;
#4184 = LINE ( 'NONE', #3510, #3178 ) ;
#4185 = CARTESIAN_POINT ( 'NONE',  ( -2.455729036593190973, 2.609221194461226023, -27.83726992770485253 ) ) ;
#4186 = CARTESIAN_POINT ( 'NONE',  ( 1.307670729227665918, 2.085996040120311257, -27.05645503214892500 ) ) ;
#4187 = DIRECTION ( 'NONE',  ( -0.000000000000000000, 1.000000000000000000, -0.000000000000000000 ) ) ;
#4188 = CARTESIAN_POINT ( 'NONE',  ( 2.385747774145382305, 1.966934225413054627, -26.73050798782740500 ) ) ;
#4189 = CARTESIAN_POINT ( 'NONE',  ( -1.168837061029663449, 2.354240744753127945, -27.83726992770486675 ) ) ;
#4190 = CARTESIAN_POINT ( 'NONE',  ( 3.566607510566160322, 2.470099577872014951, -27.66099224466625728 ) ) ;
#4191 = CARTESIAN_POINT ( 'NONE',  ( -1.957556053046333844, 2.285964303324941049, -27.47228949510906659 ) ) ;
#4192 = CARTESIAN_POINT ( 'NONE',  ( -2.787047989803908887, 1.958372216615946293, -26.71820525699473592 ) ) ;
#4193 = CARTESIAN_POINT ( 'NONE',  ( 2.175595400251735700, 2.233088468622349776, -27.28644022935704427 ) ) ;
#4194 = ADVANCED_FACE ( 'NONE', ( #528 ), #591, .F. ) ;
#4195 = CARTESIAN_POINT ( 'NONE',  ( 1.327670729227666158, 2.345188228256591678, -27.83726992770484898 ) ) ;
#4196 = ADVANCED_FACE ( 'NONE', ( #3195 ), #2488, .T. ) ;
#4197 = EDGE_LOOP ( 'NONE', ( #2218, #69 ) ) ;
#4198 = ORIENTED_EDGE ( 'NONE', *, *, #217, .T. ) ;
#4199 = CARTESIAN_POINT ( 'NONE',  ( -3.517036376764036021, 2.247302404530873599, -27.28792984785208375 ) ) ;
#4200 = CARTESIAN_POINT ( 'NONE',  ( -2.776421102326699142, 2.681000460788902195, -27.83726992770485253 ) ) ;
#4201 = CARTESIAN_POINT ( 'NONE',  ( -3.595502225854618317, 2.004663988466177660, -23.65789122274700063 ) ) ;
#4202 = CYLINDRICAL_SURFACE ( 'NONE', #695, 9.267824232792628791 ) ;
#4203 = CARTESIAN_POINT ( 'NONE',  ( 1.579497774145382616, 1.966934225413054627, -26.73050798782740500 ) ) ;
#4204 = ORIENTED_EDGE ( 'NONE', *, *, #371, .T. ) ;
#4205 = CARTESIAN_POINT ( 'NONE',  ( 2.395288283849291933, 1.942210357981681401, -26.72843623971163041 ) ) ;
#4206 = CARTESIAN_POINT ( 'NONE',  ( -3.520490107636324417, 1.896271023522929200, -27.42704336732268189 ) ) ;
#4207 = CARTESIAN_POINT ( 'NONE',  ( -1.932628737157478627, 2.460088792976962146, -27.83726992770484543 ) ) ;
#4208 = CARTESIAN_POINT ( 'NONE',  ( -2.726111431925105855, 1.984629061719719534, -23.63789122274700105 ) ) ;
#4209 = CARTESIAN_POINT ( 'NONE',  ( 2.946847886067413214, 1.946934225413054165, -26.73714287370483689 ) ) ;
#4210 = CARTESIAN_POINT ( 'NONE',  ( 2.796002624394378522, 1.958213354613000501, -26.71797698997332660 ) ) ;
#4211 = CARTESIAN_POINT ( 'NONE',  ( -1.140225449304649308, 2.225138571639770024, -27.46834928107904616 ) ) ;
#4212 = CARTESIAN_POINT ( 'NONE',  ( 3.671158579188017690, 2.527531248544893305, -27.84664716407692353 ) ) ;
#4213 = CARTESIAN_POINT ( 'NONE',  ( -0.7472529258375906203, 2.070300488706226183, -27.09782938957134490 ) ) ;
#4214 = CARTESIAN_POINT ( 'NONE',  ( 1.611753884716230933, 2.368417094314991811, -27.84412946122017374 ) ) ;
#4215 = LINE ( 'NONE', #4093, #3972 ) ;
#4216 = ORIENTED_EDGE ( 'NONE', *, *, #246, .F. ) ;
#4217 = ADVANCED_FACE ( 'NONE', ( #863 ), #3770, .T. ) ;
#4218 = CARTESIAN_POINT ( 'NONE',  ( -3.740290214080494113, 2.443913959319327311, -27.84482648607244215 ) ) ;
#4219 = CARTESIAN_POINT ( 'NONE',  ( 2.836320501416084383, 2.712544141393927521, -27.83726992770484898 ) ) ;
#4220 = CARTESIAN_POINT ( 'NONE',  ( 0.004497774145414298180, 2.068379306165320397, -27.05645503214892500 ) ) ;
#4221 = CARTESIAN_POINT ( 'NONE',  ( 3.066854480329581190, 2.332010913989873480, -27.28913486701458524 ) ) ;
#4222 = CARTESIAN_POINT ( 'NONE',  ( 3.698564265862457123, 2.426205739028127972, -27.68922958202626106 ) ) ;
#4223 = CARTESIAN_POINT ( 'NONE',  ( 1.444473885995764428, 2.378137752001996841, -27.83726992770485253 ) ) ;
#4224 = PLANE ( 'NONE',  #3172 ) ;
#4225 = CARTESIAN_POINT ( 'NONE',  ( 1.578110250704224837, 1.961881658093522551, -26.71797698997332660 ) ) ;
#4226 = ORIENTED_EDGE ( 'NONE', *, *, #2843, .F. ) ;
#4227 = CARTESIAN_POINT ( 'NONE',  ( 3.496230754280123865, 2.050271023522930225, -27.36101501074801590 ) ) ;
#4228 = CARTESIAN_POINT ( 'NONE',  ( -2.381530998043711378, 2.585168084571789926, -27.83726992770485253 ) ) ;
#4229 = DIRECTION ( 'NONE',  ( 0.000000000000000000, 1.000000000000000000, 0.000000000000000000 ) ) ;
#4230 = CARTESIAN_POINT ( 'NONE',  ( -2.569769968022913798, 1.966934225413054627, -26.29455580265396364 ) ) ;
#4231 = CARTESIAN_POINT ( 'NONE',  ( 2.928711875355752614, 1.964015289414234200, -26.72633098854271338 ) ) ;
#4232 = CARTESIAN_POINT ( 'NONE',  ( -0.8947127188998698077, 1.962733568401415774, -26.71820525699473592 ) ) ;
#4233 = CARTESIAN_POINT ( 'NONE',  ( -2.496649199329020519, 2.004427634586039897, -23.52243052234773302 ) ) ;
#4234 = CARTESIAN_POINT ( 'NONE',  ( -0.9376932235245422076, 2.263175155262682203, -27.65725703315959549 ) ) ;
#4235 = VERTEX_POINT ( 'NONE', #1703 ) ;
#4236 = CARTESIAN_POINT ( 'NONE',  ( -2.989608350355523747, 1.942154707403054070, -26.72987643626968790 ) ) ;
ENDSEC;
END-ISO-10303-21;
